MULTIPOLYGON (((7.565625000000011 4.560937499999994, 7.53076171875 4.655175781249994, 7.517382812500017 4.645458984374997, 7.509472656250011 4.594921874999997, 7.459863281250023 4.555224609374989, 7.284375000000011 4.547656249999989, 7.206738281250011 4.612060546875, 7.143847656250017 4.68408203125, 7.076562500000023 4.7161621093749915, 7.0869140625 4.685839843749989, 7.164160156250006 4.6155761718749915, 7.154687500000023 4.514404296875, 7.013378906250011 4.3973144531249915, 6.923242187500023 4.390673828124989, 6.867871093750011 4.441113281249997, 6.839160156250017 4.523486328124989, 6.82470703125 4.645263671875, 6.78759765625 4.7247070312499915, 6.767675781250006 4.7247070312499915, 6.792187500000011 4.5926269531249915, 6.793066406250006 4.469140624999994, 6.8603515625 4.373339843749989, 6.757031250000011 4.343554687499989, 6.633007812500011 4.340234374999994, 6.617285156250006 4.375781249999989, 6.6015625 4.4551757812499915, 6.579980468750023 4.475976562499994, 6.554589843750023 4.3414062499999915, 6.462109375000011 4.333154296874994, 6.2998046875 4.303857421874994, 6.263671875 4.3094238281249915, 6.255957031250006 4.33447265625, 6.275292968750023 4.3716796874999915, 6.27099609375 4.43212890625, 6.214648437500017 4.385498046875, 6.20556640625 4.292285156249989, 6.17333984375 4.277392578124989, 6.076562500000023 4.2906249999999915, 5.970703125 4.338574218749997, 5.798632812500017 4.455957031249994, 5.587792968750023 4.647216796875, 5.553613281250023 4.733203124999989, 5.493261718750006 4.838769531249994, 5.448144531250023 4.945849609374989, 5.38330078125 5.1290039062499915, 5.403222656250023 5.142285156249997, 5.4521484375 5.1265624999999915, 5.475976562500023 5.153857421874989, 5.388281250000006 5.173779296874997, 5.370019531250023 5.195019531249997, 5.367968750000017 5.3377441406249915, 5.439257812500017 5.3653320312499915, 5.500878906250023 5.378613281249997, 5.531835937500006 5.4263671874999915, 5.549707031250023 5.4742187499999915, 5.385839843750006 5.401757812499994, 5.232421875 5.483789062499994, 5.19921875 5.5335449218749915, 5.2158203125 5.571679687499994, 5.393847656250017 5.574511718749989, 5.456640625000006 5.611718749999994, 5.418066406250006 5.624707031249997, 5.350292968750011 5.623291015625, 5.325292968750006 5.64794921875, 5.327343750000011 5.70751953125, 5.305371093750011 5.6943359375, 5.276269531250023 5.641552734374997, 5.1728515625 5.602734374999997, 5.112402343750006 5.641552734374997, 5.106250000000017 5.7281249999999915, 5.093066406250017 5.76708984375, 5.042089843750006 5.797509765624994, 4.861035156250011 6.026318359374997, 4.633593750000017 6.217187499999994, 4.431347656250011 6.348583984374997, 4.125878906250023 6.411376953125, 3.486621093750017 6.408935546875, 3.4507812500000057 6.427050781249989, 3.4899414062500114 6.457275390625, 3.5460937500000114 6.477441406249994, 3.7516601562500114 6.5838378906249915, 3.7169921875000114 6.597949218749989, 3.5033203125000227 6.5313476562499915, 3.43017578125 6.5249999999999915, 3.3355468750000057 6.396923828124997, 2.7724609375 6.375732421875, 2.286914062500017 6.328076171874997, 1.818164062500017 6.260644531249994, 1.3106445312500057 6.146874999999994, 1.1055664062500057 6.0513671874999915, 1.05029296875 5.9939941406249915, 0.94970703125 5.810253906249997, 0.748828125000017 5.7601074218749915, 0.2596679687500227 5.75732421875, -0.1265136718749886 5.568164062499989, -0.3487304687499773 5.500781249999989, -0.4854492187499773 5.394238281249997, -0.66943359375 5.318554687499997, -0.7977050781249773 5.226708984374994, -1.0643066406249773 5.182666015624989, -1.501660156249983 5.037988281249994, -1.6384765624999886 4.980859374999994, -1.77685546875 4.88037109375, -2.0018554687499943 4.762451171875, -2.0901855468749773 4.764062499999994, -2.2664062499999886 4.874072265624989, -2.39892578125 4.929345703124994, -2.7230468749999943 5.013720703124989, -2.9649902343749943 5.046289062499994, -3.0818847656249773 5.082470703124997, -3.2463867187499886 5.114062499999989, -3.2148925781249886 5.147216796875, -3.0867187499999886 5.128320312499994, -3.0191406249999773 5.130810546874997, -3.02587890625 5.150537109374994, -3.06396484375 5.15771484375, -3.168701171875 5.203027343749994, -3.1514160156249886 5.348291015624994, -3.199951171875 5.3544921875, -3.2375976562499886 5.335400390624997, -3.31201171875 5.160791015624994, -3.3475585937499943 5.130664062499989, -3.87060546875 5.220703125, -3.9841796874999886 5.293164062499997, -4.120166015624989 5.309716796874994, -4.357275390624977 5.301416015624994, -4.552832031249977 5.2798828124999915, -4.60888671875 5.235888671874989, -4.115185546874983 5.261621093749994, -4.062060546874989 5.256640624999989, -4.037207031249977 5.230126953124994, -4.661523437499994 5.172558593749997, -4.899707031249989 5.138330078124994, -4.970117187499994 5.147753906249989, -5.023681640625 5.20361328125, -5.282373046874994 5.210253906249989, -5.33544921875 5.1919921874999915, -5.367529296874977 5.150781249999994, -5.104882812499994 5.162158203124989, -5.061816406249989 5.130664062499989, -5.564746093749989 5.0894531249999915, -5.913769531249983 5.010937499999997, -6.548437499999977 4.761767578124989, -6.845166015624983 4.6714843749999915, -6.922900390624989 4.638330078124994, -7.057958984374977 4.544726562499989, -7.231396484374983 4.485986328124994, -7.426074218749989 4.376025390624989, -7.544970703124989 4.351318359375, -7.660009765624977 4.3667968749999915, -7.998242187499983 4.508691406249994, -8.259033203125 4.589990234374994, -9.132177734374977 5.054638671874997, -9.374755859375 5.2410644531249915, -9.654394531249977 5.518701171874994, -10.2763671875 6.07763671875, -10.418164062499983 6.1673339843749915, -10.597070312499994 6.2109375, -10.707617187499977 6.258496093749997, -10.785595703124983 6.3101562499999915, -10.849023437499994 6.465087890625, -11.004541015624994 6.557373046875, -11.291601562499977 6.688232421875, -11.547509765624994 6.946972656249997, -11.733447265624989 7.088574218749997, -11.92919921875 7.183544921874997, -12.346630859374983 7.341796875, -12.485644531249989 7.386279296874989, -12.480664062499983 7.4424804687499915, -12.432714843749977 7.5450195312499915, -12.510449218749983 7.665722656249997, -12.480273437499989 7.7532714843749915, -12.510449218749983 7.753369140624997, -12.570214843749994 7.700585937499994, -12.697607421874977 7.715869140624989, -12.781933593749983 7.7911132812499915, -12.850878906249989 7.8187011718749915, -12.880957031249977 7.856640624999997, -12.925146484374977 8.05517578125, -12.956933593749994 8.145312499999989, -13.020800781249989 8.200927734375, -13.148974609374989 8.214599609375, -13.201757812499977 8.335839843749994, -13.272753906249989 8.429736328124989, -13.26123046875 8.487597656249989, -13.203320312499983 8.484277343749994, -13.157958984375 8.442285156249994, -13.085009765624989 8.424755859374997, -12.994238281249977 8.526464843749991, -12.912939453124977 8.58154296875, -12.894091796874989 8.629785156249994, -12.904003906249983 8.65625, -12.953369140625 8.615136718749994, -13.088232421874977 8.625732421875, -13.121630859374989 8.588769531249994, -13.181835937499983 8.576904296875, -13.228417968749994 8.695898437499991, -13.226171874999977 8.765966796874991, -13.206933593749994 8.843115234374991, -13.071044921875 8.856347656249994, -13.059472656249994 8.881152343749989, -13.153710937499994 8.897705078125, -13.271630859374994 8.987402343749991, -13.302636718749994 9.078369140625, -13.269482421874983 9.170556640624994, -13.2958984375 9.218505859375, -13.396093749999977 9.314306640624991, -13.405566406249989 9.360644531249989, -13.436279296875 9.420312499999994, -13.568261718749994 9.543408203124997, -13.691357421874983 9.535791015624994, -13.657128906249994 9.639111328124997, -13.65869140625 9.7763671875, -13.700488281249989 9.851269531249997, -13.689794921874977 9.927783203124989, -13.712646484375 9.922949218749991, -13.753710937499989 9.870263671874994, -13.820117187499989 9.88720703125, -13.954638671874989 9.968701171874997, -14.021874999999994 10.0478515625, -14.029931640624994 10.115136718749994, -14.045019531249977 10.141259765624994, -14.086279296874977 10.127246093749989, -14.17041015625 10.128613281249997, -14.426904296874994 10.248339843749989, -14.609570312499983 10.549853515624989, -14.613623046874977 10.617822265624994, -14.58740234375 10.734912109374989, -14.593505859375 10.766699218749991, -14.677343749999977 10.68896484375, -14.693359375 10.741015624999989, -14.757373046874989 10.862060546875, -14.775927734374989 10.931640625, -14.837451171874989 10.962548828124994, -14.88671875 10.968066406249989, -14.9248046875 10.944921874999991, -14.974999999999994 10.803417968749997, -15.012402343749983 10.804345703124994, -15.051220703124983 10.834570312499991, -15.043017578124989 10.940136718749997, -15.09375 11.011035156249989, -15.054589843749994 11.141943359374991, -15.096777343749977 11.140039062499994, -15.181054687499994 11.034228515624989, -15.222119140624983 11.030908203124994, -15.216699218749994 11.15625, -15.263378906249983 11.160888671875, -15.317480468749977 11.152001953124994, -15.393115234374989 11.217236328124997, -15.400585937499983 11.266210937499991, -15.39453125 11.33447265625, -15.348437499999989 11.378076171874994, -15.354687499999983 11.396337890624991, -15.399169921875 11.401464843749991, -15.448974609375 11.389746093749991, -15.4794921875 11.410302734374994, -15.429101562499994 11.498876953124991, -15.252587890624994 11.573291015624989, -15.072656249999994 11.597802734374994, -15.122412109374977 11.661572265624997, -15.230371093749994 11.686767578125, -15.316699218749989 11.669189453125, -15.359667968749989 11.622900390624991, -15.412988281249994 11.615234375, -15.501904296874983 11.723779296874994, -15.500244140625 11.778369140624989, -15.467187499999994 11.842822265624989, -15.415722656249983 11.871777343749997, -15.210839843749994 11.870947265624991, -15.133105468749989 11.907324218749991, -15.101708984374994 11.913964843749994, -15.071972656249983 11.947021484375, -15.078271484374994 11.968994140625, -15.111523437499983 11.970263671874989, -15.188085937499977 11.927294921874989, -15.434765624999983 11.943554687499997, -15.513476562499989 11.917578124999991, -15.650683593749989 11.818359375, -15.819384765624989 11.763476562499989, -15.941748046874977 11.78662109375, -15.902734374999994 11.919677734375, -15.920214843749989 11.937792968749989, -15.958789062499989 11.959619140624994, -16.138427734375 11.917285156249989, -16.274316406249994 11.978124999999991, -16.328076171874983 12.051611328124991, -16.31884765625 12.143749999999997, -16.254736328124977 12.2060546875, -16.244580078124983 12.237109374999989, -16.31230468749999 12.243017578124991, -16.43681640624999 12.204150390624989, -16.711816406249994 12.354833984374991, -16.745849609375 12.399707031249989, -16.784863281249983 12.472509765624991, -16.76030273437499 12.525781249999994, -16.677636718749994 12.56005859375, -16.55322265625 12.604882812499994, -16.48808593749999 12.581835937499989, -16.449951171875 12.580712890624994, -16.44287109375 12.609472656249991, -16.455029296874983 12.624804687499989, -16.548828125 12.663818359375, -16.59765625 12.715283203124997, -16.637841796874994 12.685156249999991, -16.672558593749983 12.622021484374997, -16.701416015625 12.603173828124994, -16.743896484375 12.58544921875, -16.767968749999994 12.62841796875, -16.778417968749977 12.670166015625, -16.758984374999983 12.702343749999997, -16.768945312499994 12.88330078125, -16.75737304687499 12.979785156249989, -16.76933593749999 13.148486328124989, -16.824804687499977 13.341064453125, -16.750390624999994 13.425390624999991, -16.669335937499994 13.474999999999994, -16.61479492187499 13.435302734375, -16.598339843749983 13.356835937499994, -16.55644531249999 13.30322265625, -16.41337890624999 13.269726562499997, -16.271679687499983 13.293798828124991, -16.18505859375 13.28271484375, -16.187890624999994 13.326171875, -16.158398437499983 13.384033203125, -15.804492187499989 13.425390624999991, -15.61767578125 13.460107421874994, -15.471289062499977 13.458642578124994, -15.427490234375 13.468359374999991, -15.438134765624994 13.483203125000003, -15.569531249999983 13.499853515624991, -15.849902343749989 13.4599609375, -16.135449218749983 13.4482421875, -16.351806640625 13.343359374999991, -16.440527343749977 13.353173828124994, -16.53007812499999 13.457958984374997, -16.587792968749994 13.689550781249991, -16.647851562499994 13.77099609375, -16.74541015624999 13.840429687499991, -16.766943359374977 13.904931640624994, -16.73388671875 13.961181640625, -16.639599609374983 14.007470703124994, -16.618115234374983 14.04052734375, -16.66748046875 14.035595703124997, -16.742138671874983 14.005810546874997, -16.791748046875 14.004150390625, -16.797753906249994 14.09326171875, -16.880517578124994 14.208349609374991, -16.973828124999983 14.403222656249994, -17.07939453124999 14.483056640624994, -17.168066406249977 14.640625, -17.260644531249994 14.701074218749994, -17.345800781249977 14.729296875000003, -17.41845703125 14.723486328124991, -17.445019531249983 14.651611328125, -17.53564453125 14.755126953125, -17.411816406249983 14.792187499999997, -17.147167968749983 14.922021484374994, -16.843408203124994 15.293994140625003, -16.570751953124983 15.734423828125003, -16.535253906249977 15.83837890625, -16.535742187499977 16.286816406249997, -16.481298828124977 16.454248046874994, -16.463623046875 16.601513671874997, -16.3466796875 16.926416015624994, -16.207470703124983 17.192578124999997, -16.07890624999999 17.545849609374997, -16.03032226562499 17.887939453125, -16.046728515624977 18.22314453125, -16.0849609375 18.521191406249997, -16.150097656249983 18.718164062499994, -16.213085937499983 19.003320312499994, -16.305908203125 19.15380859375, -16.476171874999977 19.285058593749994, -16.51445312499999 19.361962890624994, -16.474804687499983 19.390625, -16.371289062499983 19.41025390624999, -16.305273437499977 19.512646484374997, -16.44487304687499 19.47314453125, -16.283398437499983 19.787158203125003, -16.23320312499999 20.0009765625, -16.241162109374983 20.141259765624994, -16.21044921875 20.227929687499994, -16.333740234375 20.41586914062499, -16.429785156249977 20.65234375, -16.479199218749983 20.68979492187499, -16.530419921874994 20.709521484375003, -16.534912109375 20.654003906249997, -16.562695312499983 20.604150390624994, -16.622509765624983 20.634179687499994, -16.728369140624977 20.80615234375, -16.876074218749977 21.086132812499997, -16.927929687499983 21.114794921875003, -16.971142578124983 21.076464843750003, -16.998242187499983 21.039697265624994, -17.048046874999983 20.80615234375, -17.098779296874994 20.856884765624997, -17.009619140624977 21.377099609374994, -16.930859374999983 21.89999999999999, -16.79326171874999 22.159716796875003, -16.683984374999994 22.274365234374997, -16.514404296875 22.33349609375, -16.358740234374977 22.594531250000003, -16.304296874999977 22.83481445312499, -16.201855468749983 22.945361328125003, -16.16972656249999 23.031933593749997, -16.21025390624999 23.097900390625, -16.113671874999994 23.2275390625, -15.996728515624994 23.425488281249997, -15.942626953125 23.552636718749994, -15.805957031249989 23.74951171875, -15.789257812499983 23.792871093749994, -15.801660156249994 23.842236328124997, -15.855175781249983 23.800341796875003, -15.912548828124983 23.727587890625003, -15.980712890625 23.670312499999994, -15.899316406249994 23.844433593749997, -15.777783203124983 23.952929687500003, -15.586328124999994 24.07275390625, -15.188623046874994 24.478808593750003, -15.038867187499989 24.548828125, -14.904296875 24.719775390625003, -14.856054687499977 24.87158203125, -14.842919921874994 25.220117187499994, -14.794921875 25.40415039062499, -14.7649277385687 25.453140813462785, -2.417807515161351 25.05863169986683, -0.8678998032016725 24.735502981788258, 0.6227066044924631 24.286196172871037, 2.0387290343461486 23.719160803312732, 3.366979456811251 23.043824392819353, 4.59640415676695 22.27030018426392, 5.718022468465881 21.40911764474752, 6.724788544569824 20.470986886433742, 7.611401922318883 19.466603757919746, 8.374091123202692 18.406498325809622, 9.010390851888591 17.300926160793665, 9.518928694750654 16.15979940003987, 9.899232469452663 14.992652949033005, 10.151565140757778 13.808640281488188, 10.276790793430314 12.61655292425367, 10.27627261136217 11.42485770474858, 10.15180207488532 10.241746046886721, 9.905557499147998 9.075189919529654, 9.54008941182988 7.932999398751151, 9.058329930163481 6.822877164482118, 8.46362309039839 5.752465603685005, 7.759772884698659 4.729382547357731, 7.6044066597915325 4.543377357150295, 7.565625000000011 4.560937499999994)), ((7.30078125 4.418164062499997, 7.203906250000017 4.387646484374997, 7.140429687500017 4.3951171874999915, 7.227343750000017 4.52734375, 7.271386718750023 4.498925781249994, 7.327929687500017 4.487207031249994, 7.30078125 4.418164062499997)), ((-12.607177734375 7.474511718749994, -12.951611328124983 7.570849609374989, -12.854394531249994 7.622021484374997, -12.615234375 7.63720703125, -12.544189453125 7.607373046874997, -12.512499999999989 7.582421874999994, -12.500634765624994 7.535107421874997, -12.526074218749983 7.436328124999989, -12.540624999999977 7.4102539062499915, -12.607177734375 7.474511718749994)), ((-15.482470703124989 11.63232421875, -15.484423828124989 11.567529296874994, -15.553417968749983 11.537011718749994, -15.562792968749989 11.513769531249991, -15.61962890625 11.533496093749989, -15.536572265624983 11.617626953124997, -15.482470703124989 11.63232421875)), ((-15.767480468749994 11.182275390624994, -15.77978515625 11.194531249999997, -15.754687499999989 11.268701171874994, -15.717480468749983 11.3017578125, -15.671923828124989 11.296484374999991, -15.658349609374994 11.286474609374991, -15.667187499999983 11.257861328124989, -15.687109374999977 11.234326171874997, -15.725146484374989 11.215478515624994, -15.725146484374989 11.174511718749997, -15.767480468749994 11.182275390624994)), ((-15.950634765624983 11.087109374999997, -15.963476562499977 11.095312499999991, -15.946484374999983 11.179736328124989, -15.937695312499983 11.192773437499994, -15.9052734375 11.148339843749994, -15.895898437499994 11.082470703124997, -15.905175781249994 11.054736328124989, -15.963964843749977 11.058984374999994, -15.950634765624983 11.087109374999997)), ((-16.01933593749999 11.527294921874997, -15.964550781249983 11.598291015624994, -15.915332031249989 11.589111328125, -15.901806640624983 11.4658203125, -15.94873046875 11.434423828124991, -15.997216796874994 11.449169921874997, -16.023193359375 11.477148437499991, -16.01933593749999 11.527294921874997)), ((-15.986425781249977 11.882031249999997, -16.038330078125 11.759716796874997, -16.102441406249994 11.773193359375, -16.147363281249994 11.845996093749989, -16.152441406249977 11.876806640624991, -16.021874999999994 11.886669921874997, -15.986425781249977 11.882031249999997)), ((-16.072216796874983 11.084082031249991, -16.114501953125 11.059423828124991, -16.194531249999983 11.044580078124994, -16.23100585937499 11.09423828125, -16.236425781249977 11.113427734374994, -16.175878906249977 11.130810546874997, -16.14404296875 11.166845703124991, -16.10478515624999 11.191015624999991, -16.067333984374983 11.197216796874997, -16.05278320312499 11.117529296874991, -16.072216796874983 11.084082031249991)), ((-16.393261718749983 19.849267578124994, -16.343652343749994 19.8662109375, -16.37333984374999 19.706445312499994, -16.43754882812499 19.609277343749994, -16.465966796874994 19.646386718749994, -16.477001953124983 19.710351562499994, -16.393261718749983 19.849267578124994)), ((-22.917724609375 16.237255859374997, -22.834326171874977 16.218994140625, -22.802636718749994 16.225537109374997, -22.749414062499994 16.22153320312499, -22.692626953125 16.16904296874999, -22.681884765625 16.11328125, -22.710107421874994 16.043359374999994, -22.820507812499983 15.986035156249997, -22.88408203124999 15.992724609375003, -22.95927734374999 16.045117187499997, -22.916113281249977 16.1484375, -22.917724609375 16.237255859374997)), ((-22.990917968749983 16.808837890625, -22.93291015624999 16.841015624999997, -22.904736328124983 16.84375, -22.903906249999977 16.732128906249997, -22.888330078124994 16.659082031249994, -22.920263671874977 16.60791015625, -22.959423828124983 16.683056640624997, -22.980615234374994 16.700878906249997, -22.990917968749983 16.808837890625)), ((-23.24248046874999 15.240527343750003, -23.247167968749977 15.256982421874994, -23.21025390624999 15.323535156250003, -23.13774414062499 15.317724609374991, -23.119335937499983 15.268408203124991, -23.115869140624994 15.166650390624994, -23.18212890625 15.136767578125003, -23.2099609375 15.133105468750003, -23.251806640624977 15.178124999999994, -23.24248046874999 15.240527343750003)), ((-23.535253906249977 15.139257812499991, -23.444238281249994 15.007958984374994, -23.50468749999999 14.916113281249991, -23.63720703125 14.923486328124994, -23.70537109374999 14.961328124999994, -23.785009765624977 15.076904296875, -23.78251953124999 15.166113281249991, -23.754492187499977 15.243554687499994, -23.759374999999977 15.310791015625, -23.74809570312499 15.328515624999994, -23.707226562499983 15.31689453125, -23.700634765624983 15.271630859374994, -23.579980468749994 15.160888671875, -23.535253906249977 15.139257812499991)), ((-24.08769531249999 16.622509765624997, -24.04638671875 16.593066406250003, -24.03271484375 16.572021484375, -24.094140624999994 16.56103515625, -24.243066406249994 16.599414062500003, -24.282812499999977 16.575927734375, -24.322363281249977 16.493115234374997, -24.398095703124994 16.618408203125, -24.392919921874977 16.664453124999994, -24.376708984375 16.677783203125003, -24.271093749999977 16.64487304687499, -24.08769531249999 16.622509765624997)), ((-24.440527343749977 14.834814453124991, -24.4921875 14.874218749999997, -24.51708984375 14.931249999999991, -24.49687499999999 14.980273437500003, -24.391992187499994 15.038281249999997, -24.329492187499994 15.019482421874997, -24.295800781249994 14.929541015624991, -24.308251953124994 14.856298828124991, -24.386132812499994 14.818212890624991, -24.440527343749977 14.834814453124991)), ((-25.07011718749999 16.87070312499999, -24.99101562499999 16.913232421874994, -24.936474609374983 16.922119140625, -24.89189453124999 16.846484375000003, -24.887060546874977 16.818115234375, -24.969140624999994 16.794189453125, -25.019970703124983 16.79721679687499, -25.09306640624999 16.83251953125, -25.07011718749999 16.87070312499999)), ((-25.267236328124994 16.925927734374994, -25.308300781249983 16.935839843750003, -25.321923828124994 17.015380859375, -25.341552734375 17.06772460937499, -25.337109374999983 17.091015624999997, -25.113476562499983 17.193652343750003, -25.03466796875 17.176464843749997, -24.979687499999983 17.0947265625, -25.01708984375 17.04931640625, -25.169824218749994 16.946484374999997, -25.267236328124994 16.925927734374994)), ((-87.424755859375 19.58334960937499, -87.434716796875 19.501708984375, -87.482666015625 19.443749999999994, -87.512890625 19.425585937500003, -87.56699218749999 19.415722656249997, -87.62753906249999 19.382714843749994, -87.65869140625 19.352343750000003, -87.65576171875 19.257861328125003, -87.6220703125 19.25048828125, -87.55078125 19.320947265624994, -87.50947265625 19.31748046874999, -87.50107421874999 19.287792968749997, -87.59355468749999 19.04638671875, -87.65302734375 18.798535156249997, -87.733544921875 18.655029296875, -87.76181640624999 18.44614257812499, -87.85322265625 18.268994140624997, -87.881982421875 18.273876953124997, -87.95966796875 18.440869140624997, -88.0390625 18.48388671875, -88.05644531249999 18.524462890625003, -88.0111328125 18.726855468750003, -88.03173828125 18.838916015625003, -88.07377929687499 18.83447265625, -88.12675781249999 18.77304687499999, -88.19677734375 18.719677734374997, -88.1953125 18.642626953125003, -88.27573242187499 18.514550781249994, -88.349267578125 18.358837890624997, -88.295654296875 18.34409179687499, -88.247265625 18.354687499999997, -88.1302734375 18.350732421874994, -88.08525390624999 18.226123046875003, -88.09721679687499 18.121630859375003, -88.207470703125 17.846093749999994, -88.221435546875 17.751367187499994, -88.271728515625 17.60986328125, -88.20346679687499 17.5166015625, -88.26718749999999 17.392578125, -88.288818359375 17.312695312499997, -88.29399414062499 17.192138671875, -88.26181640624999 16.963037109374994, -88.313427734375 16.632763671874997, -88.404541015625 16.48862304687499, -88.4611328125 16.433789062499997, -88.56230468749999 16.290429687499994, -88.69516601562499 16.24765624999999, -88.8791015625 16.016650390625003, -88.91171874999999 15.956005859374997, -88.89404296875 15.890625, -88.839990234375 15.868994140624991, -88.79833984375 15.862499999999997, -88.708642578125 15.806542968749994, -88.60336914062499 15.76416015625, -88.53623046874999 15.849609375, -88.59799804687499 15.927343749999991, -88.5939453125 15.950292968749991, -88.22832031249999 15.72900390625, -88.131103515625 15.701025390624991, -88.05458984375 15.764843749999997, -88.010400390625 15.786181640625003, -87.874951171875 15.879345703124997, -87.70185546875 15.91064453125, -87.6181640625 15.909863281249997, -87.54497070312499 15.832373046874991, -87.48691406249999 15.790185546874994, -87.37749023437499 15.826464843750003, -87.285888671875 15.834423828124997, -86.9072265625 15.762353515624994, -86.75703125 15.794238281250003, -86.48081054687499 15.801074218750003, -86.356640625 15.783203125, -86.18120117187499 15.885156249999994, -86.0685546875 15.905664062499994, -85.936279296875 15.953417968750003, -85.95390624999999 16.002246093750003, -85.98564453124999 16.024169921875, -85.78398437499999 16.002832031249994, -85.48369140624999 15.899511718749991, -85.16367187499999 15.918164062499997, -85.0482421875 15.973974609374991, -84.97373046874999 15.989892578124994, -84.64609374999999 15.883593750000003, -84.55966796874999 15.802001953125, -84.49228515624999 15.7939453125, -84.44003906249999 15.812597656249991, -84.4259765625 15.829492187499994, -84.490380859375 15.847265624999991, -84.51962890624999 15.872753906249997, -84.26142578125 15.822607421874991, -83.77548828124999 15.436865234374991, -83.765283203125 15.405468749999997, -83.972802734375 15.519628906249991, -84.082763671875 15.510888671874994, -84.111328125 15.492431640625, -84.09506835937499 15.400927734375003, -84.04794921874999 15.397607421874994, -84.01318359375 15.414404296874991, -83.92744140625 15.39404296875, -83.80166015625 15.289257812499997, -83.76044921875 15.220361328124994, -83.71591796874999 15.21923828125, -83.67216796874999 15.2607421875, -83.58964843749999 15.265771484374994, -83.53593749999999 15.219384765624994, -83.49794921875 15.222119140624997, -83.55107421874999 15.293994140625003, -83.67612304687499 15.365429687499997, -83.64638671875 15.368408203125, -83.36918945312499 15.239990234375, -83.29086914062499 15.078906250000003, -83.15751953124999 14.993066406249994, -83.18535156249999 14.956396484374991, -83.21591796874999 14.932373046875, -83.27988281249999 14.812792968750003, -83.302001953125 14.802099609374991, -83.30634765625 14.890527343749994, -83.344384765625 14.902099609375, -83.38901367187499 14.870654296875003, -83.413720703125 14.825341796874994, -83.37485351562499 14.76611328125, -83.34072265625 14.765283203124994, -83.29921875 14.7490234375, -83.187744140625 14.340087890625, -83.21171874999999 14.267138671875003, -83.28081054687499 14.153613281250003, -83.34658203125 14.056982421874991, -83.4123046875 13.996484374999994, -83.49374999999999 13.738818359375003, -83.567333984375 13.3203125, -83.51445312499999 12.943945312499991, -83.5412109375 12.596289062499991, -83.51796875 12.514111328124997, -83.5109375 12.411816406249997, -83.56523437499999 12.393408203124991, -83.5958984375 12.396484375, -83.627197265625 12.459326171874991, -83.623681640625 12.514550781249994, -83.5912109375 12.579345703125, -83.578076171875 12.667138671874994, -83.59335937499999 12.713085937499997, -83.62534179687499 12.612890624999991, -83.681640625 12.568115234375, -83.71835937499999 12.552636718749994, -83.75424804687499 12.501953125, -83.7162109375 12.40673828125, -83.66733398437499 12.337060546874994, -83.65126953125 12.287060546874997, -83.66923828124999 12.2275390625, -83.680419921875 12.024316406249994, -83.697705078125 12.029980468749997, -83.715576171875 12.057421874999989, -83.76718749999999 12.059277343749997, -83.76933593749999 11.931640625, -83.81318359375 11.896386718749994, -83.82890624999999 11.861035156249997, -83.79296875 11.836181640625, -83.753369140625 11.8212890625, -83.70458984375 11.824560546874991, -83.664306640625 11.723876953125, -83.6517578125 11.642041015624997, -83.74497070312499 11.566503906249991, -83.776611328125 11.503955078124989, -83.82939453124999 11.428173828124997, -83.85908203125 11.353662109374994, -83.86787109375 11.300048828125, -83.83183593749999 11.130517578124994, -83.76791992187499 11.01025390625, -83.7140625 10.933837890625, -83.6419921875 10.917236328125, -83.61728515624999 10.877490234374989, -83.58818359374999 10.814990234374989, -83.57529296874999 10.734716796874991, -83.4482421875 10.465917968749991, -83.346826171875 10.315380859374997, -83.12460937499999 10.041601562499991, -83.028515625 9.991259765624989, -82.86630859374999 9.770947265624997, -82.810302734375 9.734570312499997, -82.77841796874999 9.669531249999991, -82.61015624999999 9.616015624999989, -82.50034179687499 9.523242187499989, -82.37080078125 9.428564453124991, -82.36318359375 9.381933593749991, -82.375390625 9.337255859374991, -82.33974609375 9.209179687499997, -82.2724609375 9.190624999999997, -82.20488281249999 9.215429687499991, -82.188134765625 9.191748046874991, -82.20068359375 9.168115234374994, -82.23544921874999 9.141650390624989, -82.24418945312499 9.031494140625, -82.13330078125 8.980078124999991, -82.077880859375 8.934863281249989, -81.89414062499999 8.956103515624989, -81.826416015625 8.944091796875, -81.780224609375 8.957226562499997, -81.831494140625 9.045605468749997, -81.900146484375 9.111035156249997, -81.894482421875 9.140429687499989, -81.84238281249999 9.118701171874989, -81.80258789062499 9.074121093749994, -81.71220703124999 9.018945312499994, -81.54560546875 8.827001953124991, -81.35478515624999 8.780566406249989, -81.203759765625 8.786718749999991, -81.06308593749999 8.812646484374994, -80.83867187499999 8.88720703125, -80.67646484375 9.021874999999994, -80.546875 9.081933593749994, -80.127099609375 9.209912109374997, -79.977978515625 9.343701171874997, -79.85507812499999 9.378076171874994, -79.723095703125 9.479296874999989, -79.65224609375 9.558203124999991, -79.577294921875 9.597851562499997, -79.35546875 9.569238281249994, -79.21162109375 9.531933593749997, -79.112255859375 9.536767578124994, -79.01669921874999 9.510449218749997, -78.975 9.452978515624991, -78.931640625 9.428466796875, -78.696923828125 9.434765624999997, -78.504345703125 9.406298828124989, -78.082763671875 9.236279296874997, -77.830810546875 9.068115234375, -77.697216796875 8.889453124999989, -77.344140625 8.63671875, -77.26157226562499 8.493701171874989, -77.130126953125 8.400585937499997, -76.99228515624999 8.250341796874991, -76.93583984374999 8.146826171874991, -76.89096679687499 8.127978515624989, -76.85185546874999 8.090478515624994, -76.869091796875 8.062695312499997, -76.91220703124999 8.033398437499997, -76.92465820312499 7.973193359374989, -76.896630859375 7.939453125, -76.86689453125 7.91796875, -76.786572265625 7.931591796874997, -76.742333984375 8.002148437499997, -76.77207031249999 8.310546875, -76.818603515625 8.464697265624991, -76.872216796875 8.512744140624989, -76.92045898437499 8.57373046875, -76.88798828124999 8.619873046875, -76.80224609375 8.640673828124989, -76.68935546875 8.694726562499994, -76.27685546875 8.989111328124991, -76.135498046875 9.265625, -76.02724609375 9.365771484374989, -75.905029296875 9.430908203125, -75.75556640625 9.415624999999991, -75.63935546875 9.450439453125, -75.60361328124999 9.538476562499994, -75.63535156249999 9.657812499999991, -75.68002929687499 9.729785156249989, -75.637109375 9.834277343749989, -75.59267578125 9.992724609374989, -75.5958984375 10.125830078124991, -75.53857421875 10.205175781249991, -75.55839843749999 10.236425781249991, -75.64218749999999 10.172167968749989, -75.70834960937499 10.143408203124991, -75.6708984375 10.196337890624989, -75.5537109375 10.327734374999991, -75.49277343749999 10.527636718749989, -75.44599609375 10.610888671874989, -75.28061523437499 10.727197265624994, -75.24794921875 10.783251953124989, -75.123046875 10.870410156249989, -74.92158203125 11.057568359374997, -74.84458007812499 11.109716796874991, -74.454248046875 10.989062499999989, -74.330224609375 10.996679687499991, -74.35239257812499 10.974658203124989, -74.4095703125 10.967187499999994, -74.49228515624999 10.934472656249994, -74.516259765625 10.862499999999997, -74.46025390624999 10.787060546874997, -74.40087890625 10.765234374999991, -74.35019531249999 10.813720703125, -74.299951171875 10.952246093749991, -74.219140625 11.105322265624991, -74.2001953125 11.265722656249991, -74.14291992187499 11.320849609374989, -74.05913085937499 11.340624999999989, -73.79570312499999 11.275683593749989, -73.676904296875 11.271484375, -73.31337890625 11.295751953124991, -72.721826171875 11.712158203125, -72.44707031249999 11.801708984374997, -72.27499999999999 11.889257812499991, -72.165234375 12.060205078124994, -72.1357421875 12.188574218749991, -72.055078125 12.238427734374994, -71.9701171875 12.23828125, -71.93124999999999 12.26953125, -71.919140625 12.30908203125, -71.71455078125 12.419970703124989, -71.59746093749999 12.434374999999989, -71.49399414062499 12.432275390624994, -71.262109375 12.335302734374991, -71.155029296875 12.164160156249991, -71.13730468749999 12.046337890624997, -71.2841796875 11.918310546874991, -71.34941406249999 11.81494140625, -71.41455078125 11.755175781249989, -71.48837890624999 11.71875, -71.86865234375 11.627343749999994, -71.95693359375 11.569921874999991, -71.9572265625 11.482812499999994, -71.94697265625 11.414453124999994, -71.835107421875 11.190332031249994, -71.791455078125 11.135058593749989, -71.6416015625 11.013525390624991, -71.67568359375 10.996728515624994, -71.730908203125 10.994677734374989, -71.6904296875 10.835498046874989, -71.59843749999999 10.726220703124994, -71.59433593749999 10.657373046874994, -71.66484374999999 10.443749999999994, -71.79350585937499 10.315966796874989, -71.884765625 10.167236328125, -71.955712890625 10.108056640624994, -72.11284179687499 9.815576171874994, -71.99326171874999 9.641503906249994, -71.97626953125 9.55322265625, -71.873046875 9.427636718749994, -71.8056640625 9.386425781249997, -71.7607421875 9.335742187499989, -71.78134765624999 9.25, -71.74013671875 9.133886718749991, -71.68671875 9.072509765625, -71.61953125 9.047949218749991, -71.53662109375 9.048291015624997, -71.29794921874999 9.125634765624994, -71.24140625 9.160449218749989, -71.20537109374999 9.222460937499989, -71.08583984375 9.348242187499991, -71.07841796874999 9.510791015624989, -71.052685546875 9.705810546875, -71.08173828125 9.833203124999997, -71.2072265625 10.014599609374997, -71.26220703125 10.143603515624989, -71.38662109375 10.263769531249991, -71.46279296875 10.46923828125, -71.49423828124999 10.533203125, -71.51787109374999 10.621826171875, -71.54462890625 10.778710937499994, -71.4611328125 10.835644531249997, -71.46953124999999 10.964160156249989, -71.26435546875 10.99951171875, -70.8205078125 11.208447265624997, -70.54560546875 11.261376953124994, -70.23251953124999 11.372998046874997, -70.15996093749999 11.428076171874991, -70.097119140625 11.519775390625, -70.04853515625 11.530322265624989, -69.88535156249999 11.4443359375, -69.80478515624999 11.474218749999991, -69.772900390625 11.541308593749989, -69.817333984375 11.672070312499997, -69.91093749999999 11.672119140625, -70.192578125 11.624609374999991, -70.2201171875 11.680859374999997, -70.22001953124999 11.730078124999991, -70.2865234375 11.886035156249989, -70.202783203125 12.098388671875, -70.122021484375 12.136621093749994, -70.00395507812499 12.177880859374994, -69.91435546874999 12.114599609374991, -69.860107421875 12.05419921875, -69.83061523437499 11.99560546875, -69.810546875 11.836865234374997, -69.76240234375 11.676025390625, -69.7119140625 11.564208984375, -69.631591796875 11.479931640624997, -69.56982421875 11.485449218749991, -69.52573242187499 11.49951171875, -69.232568359375 11.518457031249994, -69.05458984375 11.461035156249991, -68.82797851562499 11.431738281249991, -68.6162109375 11.309374999999989, -68.3986328125 11.160986328124991, -68.3431640625 11.052832031249991, -68.32480468749999 10.949316406249991, -68.27207031249999 10.880029296874994, -68.32470703125 10.808740234374994, -68.2962890625 10.689355468749994, -68.23408203125 10.569140624999989, -68.13994140624999 10.492724609374989, -67.87163085937499 10.472070312499994, -67.58134765624999 10.523730468749989, -67.13330078125 10.570410156249991, -66.98906249999999 10.610644531249989, -66.247216796875 10.632226562499994, -66.105859375 10.574609374999994, -66.090478515625 10.472949218749989, -65.8517578125 10.257763671874997, -65.65585937499999 10.228466796874997, -65.48935546874999 10.159423828125, -65.3173828125 10.122363281249989, -65.1291015625 10.070068359375, -65.02329101562499 10.07666015625, -64.94404296875 10.095019531249989, -64.85048828125 10.098095703124997, -64.18833007812499 10.457812499999989, -63.83369140625 10.448535156249989, -63.779052734375 10.471923828125, -63.731884765625 10.50341796875, -63.862695312499994 10.558154296874989, -64.15791015625 10.579248046874994, -64.247509765625 10.542578124999991, -64.29819335937499 10.635156249999994, -64.20195312499999 10.632666015624991, -63.873437499999994 10.663769531249997, -63.49677734375 10.643261718749997, -63.189892578125 10.709179687499997, -63.03549804687499 10.720117187499994, -62.946728515625 10.707080078124989, -62.70234375 10.749804687499989, -62.24228515624999 10.699560546874991, -61.87949218749999 10.741015624999989, -61.92138671875 10.681445312499989, -62.040429687499994 10.645361328124991, -62.23291015625 10.633984374999997, -62.37998046874999 10.546875, -62.6935546875 10.56298828125, -62.91357421875 10.531494140625, -62.84296875 10.507226562499994, -62.843017578125 10.417919921874997, -62.812939453125 10.39990234375, -62.78125 10.399218749999989, -62.706298828125 10.333056640624989, -62.68583984374999 10.289794921875, -62.66162109375 10.198583984374991, -62.69467773437499 10.10009765625, -62.74057617187499 10.05615234375, -62.65117187499999 10.070654296874991, -62.600488281249994 10.116943359375, -62.60791015625 10.163427734374991, -62.600488281249994 10.21728515625, -62.55034179687499 10.200439453125, -62.51513671875 10.176123046874991, -62.40092773437499 9.918408203124997, -62.32041015624999 9.783056640624991, -62.280664062499994 9.79296875, -62.256738281249994 9.818896484374989, -62.221142578125 9.882568359375, -62.1904296875 9.842187499999994, -62.15336914062499 9.82177734375, -62.170312499999994 9.879492187499991, -62.1474609375 9.953417968749989, -62.15532226562499 9.979248046875, -62.11962890625 9.98486328125, -62.077099609375 9.975048828124997, -62.016503906249994 9.954687499999991, -61.908593749999994 9.869921874999989, -61.83725585937499 9.782080078124991, -61.83115234374999 9.733056640624994, -61.80537109375 9.705517578124997, -61.758740234375 9.676513671875, -61.73593749999999 9.631201171874991, -61.73173828124999 9.702490234374991, -61.759179687499994 9.754443359374989, -61.76591796874999 9.813818359374991, -61.625390624999994 9.816455078124989, -61.5888671875 9.89453125, -61.51230468749999 9.847509765624991, -61.30937499999999 9.633056640625, -61.23442382812499 9.597607421874997, -61.01337890625 9.556445312499989, -60.87407226562499 9.453320312499997, -60.79248046875 9.360742187499994, -60.840966796874994 9.263671875, -60.97104492187499 9.215185546874991, -61.02314453125 9.154589843749989, -61.05307617187499 9.095117187499994, -61.05356445312499 9.035253906249991, -61.09296875 8.965771484374997, -61.12236328124999 8.843359374999991, -61.17587890624999 8.725390624999989, -61.247265625 8.600341796875, -61.61870117187499 8.597460937499989, -61.442578125 8.508691406249994, -61.30400390624999 8.410400390625, -61.193749999999994 8.487597656249989, -61.03598632812499 8.493115234374997, -60.865234375 8.578808593749997, -60.8009765625 8.592138671874991, -60.48149414062499 8.547265624999994, -60.4044921875 8.610253906249994, -60.340234374999994 8.628759765624991, -60.16748046875 8.616992187499989, -59.980615234374994 8.532617187499994, -59.83652343749999 8.373828124999989, -59.756738281249994 8.339501953124994, -59.73994140625 8.338720703124991, -59.73930664062499 8.379980468749991, -59.66611328124999 8.362597656249989, -59.47690429687499 8.254003906249991, -59.20024414062499 8.074609374999994, -58.81157226562499 7.735595703125, -58.701074218749994 7.606640624999997, -58.626611328124994 7.5458984375, -58.51108398437499 7.3980468749999915, -58.477294921875 7.3257812499999915, -58.48056640624999 7.038134765624989, -58.582910156249994 6.843652343749994, -58.60791015625 6.697314453124989, -58.6134765625 6.5025390624999915, -58.67294921874999 6.390771484374994, -58.593994140625 6.4515136718749915, -58.569482421874994 6.627246093749989, -58.50229492187499 6.7339843749999915, -58.414990234375 6.8511718749999915, -58.29843749999999 6.879296874999994, -58.1728515625 6.829394531249989, -58.07177734375 6.820605468749989, -57.982568359374994 6.785888671875, -57.792871093749994 6.598535156249994, -57.607568359374994 6.450390624999997, -57.54013671874999 6.33154296875, -57.343652343749994 6.272119140624994, -57.2275390625 6.178417968749997, -57.19023437499999 6.097314453124994, -57.167236328125 5.885009765625, -57.2052734375 5.564599609374994, -57.18212890625 5.5289062499999915, -57.1408203125 5.643798828125, -57.13603515624999 5.737207031249994, -57.056640625 5.938671874999997, -56.96982421874999 5.992871093749997, -56.466015625 5.937744140625, -56.235595703125 5.8853515624999915, -55.93955078124999 5.795458984374989, -55.897607421874994 5.6993164062499915, -55.8955078125 5.795458984374989, -55.909912109375 5.892626953124989, -55.82817382812499 5.961669921875, -55.648339843749994 5.985888671874989, -55.379296874999994 5.95263671875, -55.14829101562499 5.993457031249989, -54.83369140625 5.988330078124989, -54.35615234375 5.909863281249997, -54.142333984375 5.856347656249994, -54.05419921875 5.807910156249989, -54.03740234374999 5.720507812499989, -54.04594726562499 5.60888671875, -54.080468749999994 5.502246093749989, -54.15595703125 5.3589843749999915, -54.08530273437499 5.411816406249997, -53.98959960937499 5.676025390625, -53.919921875 5.768994140624997, -53.84716796875 5.7822265625, -53.45444335937499 5.5634765625, -53.27036132812499 5.543261718749989, -52.899316406249994 5.425048828125, -52.76499023437499 5.273486328124989, -52.45395507812499 5.0213378906249915, -52.29052734375 4.942187499999989, -52.28891601562499 4.876123046874994, -52.324609374999994 4.770898437499994, -52.219970703125 4.86279296875, -52.05810546875 4.7173828124999915, -52.01230468749999 4.64599609375, -51.9619140625 4.514404296875, -51.979345703125006 4.429882812499997, -52.001708984375 4.38623046875, -52.0029296875 4.352294921875, -51.92768554687498 4.4361328124999915, -51.919580078124994 4.524316406249994, -51.880273437499994 4.633740234374997, -51.827539062499994 4.635693359374997, -51.78564453125 4.570507812499997, -51.698632812499994 4.286816406249997, -51.66582031249999 4.228808593749989, -51.65327148437498 4.1387695312499915, -51.658105468749994 4.0984863281249915, -51.65253906249998 4.061279296875, -51.55781249999998 4.233789062499994, -51.54707031249998 4.3108886718749915, -51.461523437500006 4.313769531249989, -51.32709960937498 4.224755859374994, -51.21992187499998 4.0936035156249915, -51.076269531250006 3.6716796874999886, -51.052392578124994 3.2818359374999915, -50.994140625 3.0775390624999943, -50.82719726562499 2.65185546875, -50.816503906250006 2.5730468749999886, -50.789697265624994 2.477783203125, -50.736962890624994 2.3767578124999886, -50.67875976562499 2.2103515624999943, -50.67656249999999 2.179443359375, -50.71440429687499 2.134033203125, -50.658935546875 2.1309570312499915, -50.60869140624999 2.1041015624999915, -50.57587890624998 1.9985839843749886, -50.534423828125 1.92724609375, -50.458886718749994 1.82958984375, -50.304296875000006 1.7976562499999886, -50.187597656250006 1.7859863281249915, -50.0546875 1.730712890625, -49.957128906250006 1.6598632812499972, -49.881591796875 1.419921875, -49.90625 1.26904296875, -49.89887695312498 1.1629882812499943, -49.93793945312498 1.1214355468749915, -50.047216796875006 1.0519531249999972, -50.07099609374998 1.0150878906249972, -50.29443359375 0.8357421874999886, -50.34326171875 0.7510253906249886, -50.462988281250006 0.6373046874999915, -50.58154296875 0.4205078124999915, -50.75507812499998 0.2225585937499943, -50.81635742187498 0.1725585937499972, -50.91015625 0.1609863281249915, -50.96708984374999 0.1302734374999943, -51.101953124999994 -0.03125, -51.28291015624998 -0.085205078125, -51.299560546875 -0.1788085937500057, -51.404150390625006 -0.3926757812500057, -51.49628906249998 -0.5094726562500114, -51.555029296875006 -0.5491210937500028, -51.70263671875 -0.7623046875000057, -51.721533203125006 -0.85546875, -51.720605468749994 -1.0184570312500085, -51.81914062499999 -1.1177734375000057, -51.921630859375 -1.1808593750000114, -51.934472656249994 -1.3203125, -51.980810546875006 -1.3679687500000028, -52.020458984375 -1.3990234375000057, -52.229248046875 -1.3625000000000114, -52.55341796875 -1.5140625000000085, -52.66416015624999 -1.5517578125, -52.310302734375 -1.5595703125, -52.196679687499994 -1.64013671875, -51.94755859374999 -1.5867187500000028, -51.64628906249999 -1.3943359375000028, -51.53120117187498 -1.3541015625000057, -51.29736328125 -1.2235351562500085, -51.20234374999998 -1.1365234375000028, -51.028955078124994 -1.0321289062500085, -50.992041015625006 -0.986328125, -50.894921874999994 -0.9375976562500057, -50.84228515625 -0.9996093750000057, -50.83818359374999 -1.0388671875000028, -50.917871093749994 -1.115234375, -50.89716796874998 -1.1644531250000085, -50.844580078125006 -1.2262695312500114, -50.81865234374999 -1.3762695312500028, -50.7861328125 -1.4899414062500114, -50.678955078125 -1.6438476562500028, -50.67529296875 -1.6947265625000085, -50.690039062500006 -1.76171875, -50.638769531250006 -1.8170898437500114, -50.585595703124994 -1.8499023437500028, -50.403222656249994 -2.0155273437500085, -50.26044921874998 -1.9229492187500057, -50.172705078125006 -1.8961914062500114, -50.116601562499994 -1.8575195312500057, -49.99921874999998 -1.8318359375000028, -49.902978515624994 -1.87060546875, -49.71953124999999 -1.9263671875000057, -49.31367187499998 -1.7317382812500028, -49.39863281249998 -1.9715820312500085, -49.46015624999998 -2.1915039062500057, -49.506982421874994 -2.2802734375, -49.553369140624994 -2.5199218750000085, -49.59931640624998 -2.5838867187500085, -49.63652343749999 -2.6569335937500114, -49.57587890624998 -2.6314453125000057, -49.52392578125 -2.5968750000000114, -49.45751953125 -2.5045898437500114, -49.40766601562498 -2.3443359375000057, -49.211035156250006 -1.91650390625, -49.15478515625 -1.8785156250000057, -48.991308593750006 -1.8297851562500114, -48.71000976562499 -1.4876953125000085, -48.599999999999994 -1.48876953125, -48.52958984374999 -1.5674804687500057, -48.46293945312499 -1.6139648437500114, -48.44584960937499 -1.5204101562500085, -48.34980468749998 -1.4821289062500114, -48.45146484374999 -1.4358398437500028, -48.46806640624999 -1.3938476562500028, -48.47773437499998 -1.3238281250000057, -48.408593749999994 -1.2291992187500114, -48.449804687500006 -1.1455078125, -48.306494140625006 -1.0398437500000028, -48.31757812499998 -0.9605468750000057, -48.201757812500006 -0.8279296875000028, -48.12846679687499 -0.7952148437500028, -48.115087890625006 -0.7375000000000114, -48.06884765625 -0.7136718750000028, -48.032568359375006 -0.705078125, -47.9609375 -0.7696289062500057, -47.883398437500006 -0.693359375, -47.80766601562499 -0.6634765625000085, -47.77373046874999 -0.6767578125, -47.73149414062499 -0.71044921875, -47.687109375000006 -0.7248046875000114, -47.65107421874998 -0.71875, -47.55732421874998 -0.669921875, -47.470703125 -0.74853515625, -47.41865234374998 -0.7659179687500028, -47.43291015624999 -0.7218750000000114, -47.460351562499994 -0.6809570312500028, -47.439062500000006 -0.6476562500000114, -47.398095703124994 -0.6266601562500114, -47.26860351562499 -0.6454101562500085, -47.200537109375006 -0.6804687500000028, -47.12690429687498 -0.7454101562500028, -47.02460937499998 -0.7501953125000114, -46.9443359375 -0.7433593750000114, -46.893652343750006 -0.7798828125000057, -46.81123046874998 -0.7796875000000085, -46.769921874999994 -0.8365234375000057, -46.644433593749994 -0.9164062500000085, -46.61723632812499 -0.9706054687500085, -46.421728515625006 -1.0300781250000028, -46.32084960937499 -1.0391601562500057, -46.219140624999994 -1.03125, -46.214990234374994 -1.0998046875000114, -46.140380859375 -1.1183593750000114, -46.04462890624998 -1.10302734375, -45.972265625000006 -1.1874023437500085, -45.77880859375 -1.2507812500000028, -45.644775390625 -1.3478515625000114, -45.55693359374999 -1.3306640625000057, -45.458593750000006 -1.3562500000000028, -45.35302734375 -1.5673828125, -45.32915039062499 -1.71728515625, -45.282128906249994 -1.6965820312500028, -45.23857421874999 -1.6294921875000057, -45.18208007812498 -1.5070312500000114, -45.07636718749998 -1.4664062500000057, -45.025781249999994 -1.5134765625000028, -44.919775390625006 -1.5888671875, -44.828369140625 -1.6716796875000028, -44.78984374999999 -1.7248046875000114, -44.72114257812498 -1.7334960937500057, -44.77851562499998 -1.798828125, -44.720947265625 -1.7922851562500028, -44.651269531249994 -1.7458007812500114, -44.591650390625006 -1.841796875, -44.546777343749994 -1.9462890625, -44.53779296874998 -2.052734375, -44.58002929687498 -2.1138671875000057, -44.617285156250006 -2.152148437500003, -44.65864257812498 -2.2275390625, -44.70751953125 -2.2411132812500085, -44.75634765625 -2.2655273437500085, -44.70063476562498 -2.3204101562500057, -44.66240234374999 -2.3732421875000114, -44.579003906249994 -2.23046875, -44.520361328125006 -2.1903320312500085, -44.435449218749994 -2.1680664062500057, -44.39130859374998 -2.2696289062500057, -44.3818359375 -2.365527343750003, -44.520117187500006 -2.4054687500000114, -44.520654296874994 -2.481250000000003, -44.56090528504093 -2.523069208484084, -58.183741094309966 -2.953750224991529, -68.55054974018046 -4.65846220072188, -69.23489863662087 -5.138644696687209, -70.51798010724814 -5.864307476740783, -71.8644025775886 -6.461906247196213, -73.26062935353848 -6.926399399551298, -74.69256496873899 -7.254209061892965, -76.14576860659945 -7.44325490670923, -77.60568849760152 -7.492956886452277, -79.05790401186276 -7.404205693717449, -79.61272510201277 -7.316973921536769, -79.61772460937499 -7.295605468750011, -79.761962890625 -7.066503906250006, -79.9046875 -6.901660156250003, -79.99497070312499 -6.7689453125000085, -80.11025390625 -6.649609375000011, -80.81162109374999 -6.2822265625, -81.05844726562499 -6.12939453125, -81.142041015625 -6.056738281250006, -81.18051757812499 -5.9423828125, -81.164306640625 -5.875292968750003, -81.09184570312499 -5.8124023437500085, -80.991650390625 -5.860937500000006, -80.9306640625 -5.8408203125, -80.88271484375 -5.758984375000011, -80.88193359374999 -5.635058593750003, -80.943115234375 -5.475390625000003, -81.16767578125 -5.167089843750006, -81.15073242187499 -5.101855468750003, -81.10849609374999 -5.02783203125, -81.195068359375 -4.879492187500006, -81.28940429687499 -4.7607421875, -81.33662109375 -4.669531250000006, -81.283203125 -4.322265625, -81.23203124999999 -4.2342773437500085, -80.89194335937499 -3.881640625000003, -80.798583984375 -3.7310546875000057, -80.652734375 -3.63818359375, -80.503662109375 -3.49609375, -80.303125 -3.374804687500003, -80.15986328125 -3.3243164062500057, -80.100341796875 -3.2740234375000057, -80.02666015624999 -3.2281250000000057, -79.963330078125 -3.15771484375, -79.92158203125 -3.090136718750003, -79.822705078125 -2.7769531250000057, -79.7298828125 -2.5791015625, -79.7455078125 -2.484667968750003, -79.822412109375 -2.3565429687500057, -79.83974609375 -2.1678710937500085, -79.83261718749999 -2.1105468750000114, -79.84213867187499 -2.0673828125, -79.89340820312499 -2.1457031250000114, -79.880322265625 -2.423632812500003, -79.92558593749999 -2.5485351562500114, -79.989013671875 -2.5787109375000057, -80.03017578125 -2.5567382812500057, -80.00664062499999 -2.353808593750003, -80.05307617187499 -2.3907226562500057, -80.1271484375 -2.5284179687500057, -80.24863281249999 -2.6305664062500114, -80.2552734375 -2.6646484375000057, -80.28471679687499 -2.7067382812500114, -80.378564453125 -2.66796875, -80.45009765625 -2.6259765625, -80.68486328124999 -2.3968750000000085, -80.8390625 -2.3490234375000085, -80.93217773437499 -2.2691406250000057, -80.951611328125 -2.2354492187500057, -80.96279296875 -2.189257812500003, -80.867626953125 -2.1412109375000057, -80.77036132812499 -2.07666015625, -80.76059570312499 -1.9345703125, -80.763134765625 -1.8229492187500114, -80.83500976562499 -1.6324218750000057, -80.801416015625 -1.3833984375000057, -80.82001953125 -1.2858398437500114, -80.90239257812499 -1.0789062500000028, -80.84140624999999 -0.9747070312500057, -80.623681640625 -0.8987304687500028, -80.55390625 -0.8479492187500028, -80.505078125 -0.6837890625000114, -80.45546875 -0.58544921875, -80.3583984375 -0.6250976562500057, -80.282373046875 -0.6205078125000085, -80.384765625 -0.583984375, -80.46831054687499 -0.43603515625, -80.48227539062499 -0.3682617187500057, -80.3212890625 -0.1658203125000028, -80.23701171875 -0.1130859375000028, -80.13339843749999 -0.0060546875000114, -80.046142578125 0.1553710937499915, -80.02499999999999 0.41015625, -80.06103515625 0.59228515625, -80.08828125 0.7847656249999915, -80.03593749999999 0.8345703124999915, -79.903515625 0.8602050781249915, -79.795849609375 0.9222656249999943, -79.7412109375 0.9797851562499886, -79.61318359375 0.9711425781249972, -79.46538085937499 1.06005859375, -79.22905273437499 1.1045898437499915, -78.899658203125 1.2062499999999972, -78.82705078125 1.2959472656249886, -78.85966796874999 1.4553710937499886, -78.88847656249999 1.5240722656249943, -79.02543945312499 1.6236816406249943, -78.957666015625 1.752197265625, -78.79296875 1.8487304687499915, -78.576904296875 1.7737792968749915, -78.550439453125 1.9236328124999886, -78.62861328125 2.0562499999999915, -78.61704101562499 2.3067871093749943, -78.59169921875 2.356640624999997, -78.53471679687499 2.4236816406249915, -78.46044921875 2.4700683593749915, -78.41689453125 2.4834960937499915, -78.34287109374999 2.4605468749999915, -78.296142578125 2.510498046875, -78.12001953125 2.4881835937499943, -78.066650390625 2.5091308593749915, -78.03017578125 2.5430664062499915, -77.98720703125 2.5689941406249943, -77.932275390625 2.6292480468749915, -77.90078125 2.6988281249999915, -77.87451171875 2.7258789062499886, -77.81357421874999 2.7163574218749886, -77.80795898437499 2.7463867187499886, -77.77666015624999 2.787304687499997, -77.67001953124999 2.878857421874997, -77.67109375 2.9193359374999943, -77.70097656249999 3.007568359375, -77.69365234374999 3.0399414062499943, -77.63203125 3.0511718749999943, -77.55913085937499 3.0759765624999886, -77.520263671875 3.1602539062499915, -77.47221679687499 3.2337890624999943, -77.417138671875 3.341796875, -77.35654296874999 3.348583984374997, -77.3244140625 3.4747558593749943, -77.24277343749999 3.5853515624999943, -77.076806640625 3.913281249999997, -77.12685546875 3.9060546874999886, -77.16660156249999 3.862255859374997, -77.21201171874999 3.867431640625, -77.26352539062499 3.8932128906249943, -77.24838867187499 4.040966796874997, -77.27802734375 4.058496093749994, -77.35820312499999 3.9447265624999943, -77.42729492187499 4.060449218749994, -77.433544921875 4.1309570312499915, -77.4044921875 4.2007812499999915, -77.40874023437499 4.247753906249997, -77.520703125 4.212792968749994, -77.51552734375 4.256298828124997, -77.44584960937499 4.301025390625, -77.4142578125 4.347607421874997, -77.353515625 4.3982910156249915, -77.3283203125 4.474999999999994, -77.313671875 4.5938476562499915, -77.286328125 4.721728515624989, -77.30654296875 4.78466796875, -77.33945312499999 4.838525390624994, -77.36674804687499 5.076562499999994, -77.35917968749999 5.2151855468749915, -77.373291015625 5.323974609375, -77.4017578125 5.416162109374994, -77.534423828125 5.537109375, -77.324609375 5.6756347656249915, -77.249267578125 5.780175781249994, -77.344677734375 5.995361328125, -77.46943359375 6.1767578125, -77.473046875 6.28564453125, -77.440087890625 6.271728515625, -77.39824218749999 6.2749999999999915, -77.35986328125 6.5044921874999915, -77.368798828125 6.575585937499994, -77.4388671875 6.690332031249994, -77.52597656249999 6.693115234375, -77.60214843749999 6.837304687499994, -77.64584960937499 6.86962890625, -77.68095703124999 6.960400390624997, -77.8037109375 7.137255859374989, -77.92978515624999 7.25634765625, -78.1701171875 7.5437988281249915, -78.37822265624999 7.89990234375, -78.42158203125 8.060986328124997, -78.367626953125 8.070556640625, -78.3154296875 8.066943359374989, -78.287353515625 8.091796875, -78.2548828125 8.138623046874997, -78.281201171875 8.24755859375, -78.18002929687499 8.330273437499997, -78.14189453124999 8.386083984374991, -78.11386718749999 8.379589843749997, -78.04775390625 8.284765624999991, -77.833642578125 8.151171874999989, -77.76054687499999 8.133251953124997, -77.8529296875 8.216210937499994, -78.01249999999999 8.325390624999997, -78.05717773437499 8.397119140624994, -78.09946289062499 8.496972656249994, -78.16181640625 8.453710937499991, -78.19077148437499 8.417333984374991, -78.223046875 8.396630859374994, -78.251123046875 8.421435546874989, -78.256103515625 8.453710937499991, -78.35014648437499 8.460009765624989, -78.39921874999999 8.505664062499989, -78.387890625 8.443408203124989, -78.369384765625 8.404931640624994, -78.379296875 8.358593749999997, -78.40986328125 8.355322265624991, -78.46943359375 8.446679687499994, -78.5140625 8.628173828125, -78.62089843749999 8.713720703124991, -78.66982421875 8.7421875, -78.710205078125 8.7529296875, -78.769677734375 8.811083984374989, -78.84824218749999 8.842187499999994, -78.95517578124999 8.932519531249994, -79.086376953125 8.997167968749991, -79.24667968749999 9.020068359374989, -79.44150390624999 9.006005859374994, -79.507080078125 8.970068359374991, -79.57236328124999 8.903271484374997, -79.687451171875 8.850976562499994, -79.758544921875 8.711572265624994, -79.81591796875 8.639208984374989, -79.750439453125 8.595507812499989, -80.12578124999999 8.349658203124989, -80.20009765625 8.31396484375, -80.36870117187499 8.288769531249997, -80.458984375 8.2138671875, -80.46586914062499 8.139941406249989, -80.45810546874999 8.077050781249994, -80.409130859375 8.028564453125, -80.36557617187499 7.997998046874997, -80.2609375 7.8516601562499915, -80.0751953125 7.667041015624989, -80.0400390625 7.599804687499997, -80.01123046875 7.500048828124989, -80.06728515625 7.4532226562499915, -80.110595703125 7.4334472656249915, -80.2873046875 7.4256347656249915, -80.34824218749999 7.385693359374997, -80.37294921875 7.324658203124997, -80.4388671875 7.274951171874989, -80.66669921875 7.2256835937499915, -80.84555664062499 7.2200683593749915, -80.90122070312499 7.277148437499989, -80.91464843749999 7.4375, -81.035107421875 7.711132812499997, -81.0638671875 7.8997558593749915, -81.0939453125 7.8763183593749915, -81.15781249999999 7.854394531249994, -81.17939453125 7.807519531249994, -81.195458984375 7.668408203124997, -81.21904296874999 7.6209472656249915, -81.26840820312499 7.62548828125, -81.369580078125 7.67529296875, -81.504150390625 7.72119140625, -81.67568359375 8.015917968749989, -81.72763671874999 8.137548828124991, -81.86025390625 8.165429687499994, -81.973291015625 8.215087890625, -82.09672851562499 8.222753906249991, -82.15986328125 8.19482421875, -82.22431640625 8.230371093749994, -82.23544921874999 8.31103515625, -82.36484374999999 8.274853515624997, -82.53095703125 8.287402343749989, -82.67954101562499 8.321972656249997, -82.78115234375 8.303515624999989, -82.86611328125 8.246337890625, -82.85434570312499 8.099511718749994, -82.879345703125 8.070654296874991, -82.947265625 8.181738281249991, -83.041455078125 8.287744140624994, -83.12333984374999 8.353076171874989, -83.12958984375 8.505468749999991, -83.16240234374999 8.588183593749989, -83.285791015625 8.664355468749989, -83.39140624999999 8.717724609374997, -83.4697265625 8.706835937499989, -83.42177734375 8.619238281249991, -83.29775390625 8.506884765624989, -83.28955078125 8.463818359374997, -83.29150390625 8.406005859375, -83.37680664062499 8.414892578124991, -83.45205078125 8.4384765625, -83.54374999999999 8.445849609374989, -83.604736328125 8.480322265624991, -83.73408203125 8.614453124999997, -83.64218749999999 8.728906249999994, -83.613720703125 8.804052734374991, -83.616162109375 8.959814453124991, -83.63725585937499 9.035351562499997, -83.73691406249999 9.150292968749994, -83.89555664062499 9.276416015624989, -84.11787109375 9.379443359374989, -84.22236328125 9.462499999999991, -84.482666015625 9.526171874999989, -84.58159179687499 9.568359375, -84.65888671875 9.646679687499997, -84.67045898437499 9.702880859375, -84.64306640625 9.789404296874991, -84.71494140624999 9.8994140625, -85.025048828125 10.11572265625, -85.1984375 10.1953125, -85.23564453124999 10.242089843749994, -85.26318359375 10.256640624999989, -85.2365234375 10.107373046874997, -85.16074218749999 10.017431640624991, -84.96279296875 9.933447265624991, -84.908349609375 9.884570312499989, -84.88642578125 9.820947265624994, -85.00126953124999 9.699267578124989, -85.059716796875 9.668310546874991, -85.07705078125 9.601953124999994, -85.114501953125 9.581787109375, -85.31455078124999 9.810937499999994, -85.62485351562499 9.902441406249991, -85.68100585937499 9.958593749999991, -85.79648437499999 10.132861328124989, -85.84965820312499 10.292041015624989, -85.83061523437499 10.398144531249997, -85.703125 10.5634765625, -85.663330078125 10.635449218749997, -85.67143554687499 10.679785156249991, -85.667236328125 10.745019531249994, -85.71484375 10.790576171874989, -85.83286132812499 10.849951171874991, -85.90800781249999 10.897558593749991, -85.88740234375 10.921289062499994, -85.75224609374999 10.985253906249994, -85.74521484374999 11.088574218749997, -85.828515625 11.19873046875, -85.9611328125 11.331347656249989, -86.468896484375 11.73828125, -86.655517578125 11.981542968749991, -86.755615234375 12.156640624999994, -86.8509765625 12.247753906249997, -87.1251953125 12.434130859374989, -87.188427734375 12.508349609374989, -87.46015625 12.757568359375, -87.66752929687499 12.903564453125, -87.670166015625 12.965673828124991, -87.58505859374999 13.043310546874991, -87.54331054687499 13.039697265624994, -87.49794921875 12.984179687499989, -87.42436523437499 12.921142578125, -87.3896484375 12.920654296875, -87.33857421875 12.949951171875, -87.33251953125 13.084716796875, -87.41279296875 13.12744140625, -87.49838867187499 13.27490234375, -87.48515624999999 13.310595703125003, -87.48911132812499 13.352929687499994, -87.60224609375 13.385595703124991, -87.70834960937499 13.360058593749997, -87.76938476562499 13.376660156249997, -87.814208984375 13.399169921875, -87.83837890625 13.385791015625003, -87.820703125 13.28515625, -87.930859375 13.1806640625, -88.0234375 13.168749999999989, -88.1806640625 13.164013671874997, -88.417138671875 13.213525390624994, -88.591552734375 13.281054687500003, -88.68564453124999 13.281494140625, -88.65585937499999 13.259179687499994, -88.58154296875 13.244970703124991, -88.48388671875 13.197167968749994, -88.51201171874999 13.183935546874991, -88.86704101562499 13.283251953125003, -89.27763671874999 13.478076171875003, -89.52324218749999 13.509130859374991, -89.80419921875 13.560107421875003, -89.970458984375 13.683154296875003, -90.47910156249999 13.900927734375003, -90.60693359375 13.929003906250003, -91.14604492187499 13.925585937500003, -91.25657341789476 13.956455517452323, -90.8828110254524 14.903048563439635, -90.23436522622923 16.159232294202123, -89.45529324984159 17.353918009585446, -88.54917320797415 18.475086564852543, -87.52108990440307 19.51083909484045, -87.424755859375 19.58334960937499)), ((-44.228613281250006 -2.4712890625000057, -44.17939453124998 -2.47119140625, -44.105566406250006 -2.493457031250003, -44.10460889761334 -2.508643563580379, -44.282124424450856 -2.5142556526207698, -44.228613281250006 -2.4712890625000057)), ((-43.43461914062499 -2.4136718750000057, -43.38007812499998 -2.3760742187500057, -43.22968749999998 -2.386035156250003, -42.926433258045876 -2.4713959677657122, -43.45186826917935 -2.4880074051985552, -43.43461914062499 -2.4136718750000057)), ((-45.020849609375006 -1.3723632812500028, -45.01123046875 -1.3447265625, -44.99560546875 -1.3475585937500085, -44.978662109374994 -1.2672851562500114, -44.888281250000006 -1.27685546875, -44.88310546874999 -1.31787109375, -44.947119140625006 -1.3660156250000028, -44.967871093750006 -1.3908203125000114, -45.020849609375006 -1.3723632812500028)), ((-48.42802734374999 -0.4415039062500057, -48.463964843750006 -0.5347656250000057, -48.497460937499994 -0.6649414062500085, -48.523339843749994 -0.69140625, -48.566650390625 -0.6844726562500085, -48.539697265624994 -0.8009765625000114, -48.54951171874998 -0.8475585937500085, -48.570947265624994 -0.8928710937500028, -48.70458984375 -1.1066406250000114, -48.728515625 -1.1317382812500085, -48.78984374999999 -1.17333984375, -48.839697265625006 -1.2265625, -48.829003906249994 -1.2765625000000114, -48.804052734375006 -1.3269531250000028, -48.833593750000006 -1.3900390625000085, -48.92890624999998 -1.4823242187500085, -48.985937500000006 -1.5046875000000028, -49.038476562499994 -1.5140625000000085, -49.08686523437498 -1.5050781250000114, -49.172705078125006 -1.41259765625, -49.18168945312499 -1.4849609375000057, -49.20478515624998 -1.5589843750000085, -49.233984375000006 -1.5995117187500085, -49.344824218750006 -1.59521484375, -49.406591796875006 -1.5555664062500085, -49.50664062499999 -1.5116210937500085, -49.52568359374999 -1.6304687500000057, -49.587890625 -1.71240234375, -49.65058593749998 -1.7380859375000028, -49.748779296875 -1.75537109375, -49.80512695312498 -1.7902343750000114, -49.91132812499998 -1.7629882812500028, -50.00996093749998 -1.70849609375, -50.06572265624999 -1.7038085937500114, -50.109277343749994 -1.7478515625000028, -50.33842773437499 -1.7559570312500057, -50.443457031250006 -1.8006835937500085, -50.50761718749999 -1.7879882812500085, -50.60205078125 -1.69775390625, -50.6171875 -1.6376953125, -50.67338867187499 -1.5160156250000085, -50.72382812499998 -1.3714843750000085, -50.759765625 -1.240234375, -50.7294921875 -1.1267578125000028, -50.668310546875006 -1.1305664062500114, -50.59589843749998 -1.1474609375, -50.58051757812498 -1.1394531250000028, -50.57695312499999 -1.1031250000000057, -50.592919921874994 -1.0729492187500114, -50.709619140624994 -1.0777343750000057, -50.783300781250006 -1.0103515625000057, -50.79609374999998 -0.90625, -50.78095703124998 -0.6898437500000085, -50.771386718749994 -0.6454101562500085, -50.71992187499998 -0.5833984375000085, -50.70307617187498 -0.5285156250000114, -50.7158203125 -0.47021484375, -50.693701171875006 -0.3644531250000114, -50.6455078125 -0.2728515625000085, -50.461572265624994 -0.1574218750000114, -50.24824218749998 -0.1164062500000114, -49.628662109375 -0.2291992187500114, -49.53520507812499 -0.2335937500000114, -49.40288085937499 -0.2146484375000028, -49.31425781249999 -0.1678710937500085, -49.215087890625 -0.15869140625, -49.11699218749999 -0.16357421875, -48.78657226562498 -0.2155273437500114, -48.588037109374994 -0.2316406250000114, -48.444482421874994 -0.2718750000000085, -48.392675781250006 -0.29736328125, -48.37968749999999 -0.3528320312500028, -48.42802734374999 -0.4415039062500057)), ((-49.830078125 -0.0938964843750085, -49.80268554687498 -0.0518554687500057, -49.712304687499994 0.01513671875, -49.602197265624994 0.0626953124999972, -49.50346679687499 0.0836914062499972, -49.400488281250006 0.0572265624999915, -49.372314453125 0.0010742187499915, -49.380859375 -0.0554687500000028, -49.44389648437499 -0.1124023437500057, -49.708837890625006 -0.1437500000000114, -49.830078125 -0.0938964843750085)), ((-49.73823242187498 0.2681640624999915, -49.697265625 0.2159667968749943, -49.838964843750006 0.0068847656249886, -49.917089843750006 -0.023193359375, -50.00249023437499 -0.029296875, -50.113134765625006 0.0330078124999886, -50.28559570312498 0.028564453125, -50.339453125000006 0.0433593749999943, -50.345117187499994 0.1344726562499972, -50.27265624999998 0.2317382812499886, -50.12797851562499 0.2265136718749972, -49.879003906250006 0.3045410156249915, -49.73823242187498 0.2681640624999915)), ((-50.28154296874999 0.3908203124999972, -50.28168945312498 0.5165039062499943, -50.25117187499998 0.58544921875, -50.11279296875 0.604736328125, -50.0986328125 0.625, -50.058837890625 0.6380371093749915, -50.03681640624998 0.5948242187499915, -50.0400390625 0.5228027343749915, -50.152929687500006 0.3930175781249972, -50.261328125000006 0.3591796874999886, -50.28154296874999 0.3908203124999972)), ((-50.50898437499998 2.029541015625, -50.49101562499999 2.128613281249997, -50.41874999999999 2.1614746093749915, -50.362646484375006 2.1544433593749943, -50.34199218749998 2.1417480468749943, -50.292089843750006 1.9795898437499915, -50.298974609374994 1.9385253906249886, -50.398779296875006 1.8928710937499886, -50.45610351562499 1.9104980468749915, -50.50898437499998 2.029541015625)), ((-50.350976562499994 0.5817382812499972, -50.332275390625 0.259033203125, -50.426123046875006 0.1392578124999915, -50.443945312500006 -0.0076660156250057, -50.623925781249994 0.0543945312499972, -50.610449218750006 0.2047851562499972, -50.526220703125006 0.2469238281249915, -50.451562499999994 0.326904296875, -50.42607421874999 0.4249511718749943, -50.424560546875 0.5582519531249943, -50.37275390624998 0.5908691406249886, -50.350976562499994 0.5817382812499972)), ((-50.65288085937499 -0.1316406250000028, -50.926367187500006 -0.3273437500000114, -51.01899414062498 -0.2630859375000085, -51.0380859375 -0.2258789062500028, -51.022363281249994 -0.1883789062500085, -51.025732421875006 -0.17236328125, -50.99506835937498 -0.1052734375000028, -50.842187499999994 -0.0501953125000085, -50.765283203124994 -0.0408691406250057, -50.6669921875 -0.0580078125000085, -50.65058593749998 -0.1058593750000085, -50.65288085937499 -0.1316406250000028)), ((-51.6376953125 -1.3418945312500057, -51.83251953125 -1.4337890625000114, -51.938378906249994 -1.45263671875, -51.80205078124999 -1.2025390625000085, -51.680029296875006 -1.0861328125000114, -51.67827148437499 -0.8550781250000057, -51.546044921874994 -0.6496093750000114, -51.424462890624994 -0.56591796875, -51.254003906250006 -0.5414062500000085, -51.160742187500006 -0.6666992187500114, -51.27631835937498 -1.0217773437500028, -51.31010742187499 -1.0238281250000085, -51.46513671874999 -1.2111328125000114, -51.6376953125 -1.3418945312500057)), ((-59.6466796875 13.303124999999994, -59.59160156249999 13.317675781250003, -59.48789062499999 13.196826171874989, -59.427636718749994 13.152783203124997, -59.493310546874994 13.081982421874997, -59.521874999999994 13.062207031249997, -59.611328125 13.102099609374989, -59.6427734375 13.150292968749994, -59.6466796875 13.303124999999994)), ((-60.56279296874999 11.323535156249989, -60.52548828124999 11.325390624999997, -60.54648437499999 11.263720703124989, -60.756298828125 11.178515624999989, -60.81064453124999 11.168603515624994, -60.80429687499999 11.208398437499994, -60.708935546875 11.277246093749994, -60.56279296874999 11.323535156249989)), ((-60.939453125 9.13232421875, -60.90727539062499 9.1787109375, -60.844873046874994 9.191796874999994, -60.82138671874999 9.207666015624994, -60.78159179687499 9.218359374999991, -60.75888671874999 9.216455078124994, -60.73583984375 9.203320312499997, -60.79038085937499 9.177197265624997, -60.821191406249994 9.138378906249997, -60.94140625 9.105566406249991, -60.939453125 9.13232421875)), ((-61.180810546874994 14.871923828124991, -61.127392578125 14.875292968750003, -61.027099609375 14.826171875, -60.952539062499994 14.756249999999994, -60.927148437499994 14.755175781250003, -60.91865234375 14.7353515625, -60.93369140624999 14.686181640624994, -60.88916015625 14.64453125, -60.86997070312499 14.613720703124997, -60.82626953124999 14.494482421874991, -60.83662109375 14.437402343749994, -60.86210937499999 14.42626953125, -60.8994140625 14.473779296874994, -61.063720703125 14.467089843750003, -61.0888671875 14.509570312500003, -61.09033203125 14.529687499999994, -61.01132812499999 14.601904296874991, -61.10429687499999 14.621240234374994, -61.14111328125 14.652392578125003, -61.2197265625 14.804394531249997, -61.213330078125 14.848583984374997, -61.180810546874994 14.871923828124991)), ((-61.059960937499994 8.847021484374991, -61.06918945312499 8.947314453124989, -61.05048828125 8.974365234375, -60.91582031249999 9.0703125, -60.89458007812499 9.053369140624994, -60.89990234375 9.031884765624994, -60.84916992187499 8.995703124999991, -60.86142578124999 8.949609374999994, -60.916406249999994 8.899267578124991, -61.059960937499994 8.847021484374991)), ((-61.073144531249994 13.865576171874991, -61.06357421874999 13.915576171875003, -60.99667968749999 14.010937499999997, -60.944580078125 14.072851562499991, -60.908105468749994 14.093359374999991, -60.88676757812499 14.011132812499994, -60.89521484375 13.821972656249997, -60.951416015625 13.717578125000003, -61.06064453124999 13.783105468749994, -61.073144531249994 13.865576171874991)), ((-61.540917968749994 10.664453124999994, -61.63530273437499 10.699365234374994, -61.65117187499999 10.718066406249989, -61.59184570312499 10.747949218749994, -61.46484375 10.764453124999989, -61.370019531249994 10.796826171874997, -61.173730468749994 10.803320312499991, -61.078515624999994 10.831933593749994, -60.917626953124994 10.840234374999994, -61.03374023437499 10.669873046874997, -61.01933593749999 10.55810546875, -61.037499999999994 10.482275390624991, -61.01640624999999 10.386376953124994, -60.96845703125 10.323388671874994, -60.99960937499999 10.261474609375, -61.012109374999994 10.134326171874989, -61.174267578125 10.078027343749994, -61.5966796875 10.064648437499997, -61.7716796875 10.085058593749991, -61.90610351562499 10.069140624999989, -61.66147460937499 10.191699218749989, -61.632714843749994 10.243408203125, -61.52885742187499 10.253124999999997, -61.49931640624999 10.2685546875, -61.464746093749994 10.538964843749994, -61.478271484375 10.603369140624991, -61.49882812499999 10.638867187499997, -61.540917968749994 10.664453124999994)), ((-61.277294921875 13.209570312499991, -61.268457031249994 13.287695312499991, -61.224072265625 13.330664062499991, -61.18212890625 13.35595703125, -61.13896484374999 13.358740234374991, -61.1240234375 13.294042968749991, -61.134521484375 13.202880859375, -61.17451171875 13.158105468749994, -61.20390624999999 13.142285156249997, -61.277294921875 13.209570312499991)), ((-61.172607421875 16.256103515625, -61.44482421875 16.219287109375003, -61.52216796875 16.22802734375, -61.539990234375 16.299609375000003, -61.50058593749999 16.36020507812499, -61.52890624999999 16.433789062499997, -61.510644531249994 16.477685546874994, -61.47119140625 16.506640625000003, -61.4064453125 16.468310546875003, -61.396142578124994 16.41342773437499, -61.35546875 16.363183593749994, -61.172607421875 16.256103515625)), ((-61.31840820312499 15.954882812500003, -61.275292968749994 15.996240234374994, -61.25 16.006298828124997, -61.212353515625 15.959912109374997, -61.20341796874999 15.921240234374991, -61.23046875 15.889941406250003, -61.28623046874999 15.886035156250003, -61.3107421875 15.894677734374994, -61.31840820312499 15.954882812500003)), ((-61.41572265625 15.399853515624997, -61.48115234375 15.525146484375, -61.469921875 15.603466796874997, -61.45810546874999 15.633105468750003, -61.32001953125 15.585058593749991, -61.277246093749994 15.526708984374991, -61.25107421874999 15.373144531249991, -61.281689453125 15.2490234375, -61.375390624999994 15.227294921875, -61.41572265625 15.399853515624997)), ((-61.58955078125 16.00693359374999, -61.67045898437499 15.962060546874994, -61.71025390624999 15.975927734374991, -61.759423828124994 16.062060546875003, -61.794091796874994 16.300976562499997, -61.748046875 16.355273437500003, -61.641503906249994 16.325976562500003, -61.59702148437499 16.292187499999997, -61.55234374999999 16.270898437499994, -61.57504882812499 16.22714843749999, -61.563867187499994 16.047753906249994, -61.58955078125 16.00693359374999)), ((-61.7150390625 12.18505859375, -61.66044921874999 12.2373046875, -61.60678710937499 12.223388671875, -61.627099609374994 12.05419921875, -61.71542968749999 12.012646484374997, -61.78208007812499 12.008203124999994, -61.75595703124999 12.045703124999989, -61.749658203124994 12.108544921874994, -61.7150390625 12.18505859375)), ((-61.74814453124999 16.99716796874999, -61.85966796874999 17.013330078124994, -61.88203125 17.063134765624994, -61.887109374999994 17.09814453125, -61.817285156249994 17.1689453125, -61.73857421874999 17.138476562500003, -61.708203125 17.10507812499999, -61.68603515625 17.098437500000003, -61.694970703124994 17.04892578124999, -61.716064453125 17.037011718749994, -61.74814453124999 16.99716796874999)), ((-61.86874999999999 17.685449218749994, -61.866162109375 17.704296874999997, -61.852441406249994 17.714062499999997, -61.81992187499999 17.69687499999999, -61.776757812499994 17.690478515625003, -61.74960937499999 17.661328124999997, -61.74711914062499 17.574951171875, -61.76201171874999 17.54868164062499, -61.84379882812499 17.596142578124997, -61.86874999999999 17.685449218749994)), ((-62.17578125 16.8095703125, -62.1484375 16.74033203124999, -62.154248046875 16.681201171875003, -62.221630859375 16.699511718750003, -62.223046874999994 16.75156249999999, -62.191357421875 16.804394531249997, -62.17578125 16.8095703125)), ((-62.5322265625 17.121875000000003, -62.582421874999994 17.1005859375, -62.624902343749994 17.129589843749997, -62.61528320312499 17.199121093749994, -62.57470703125 17.20102539062499, -62.5341796875 17.170117187499997, -62.5322265625 17.121875000000003)), ((-62.640527343749994 17.26230468749999, -62.63066406249999 17.239990234375, -62.656494140625 17.224414062500003, -62.70200195312499 17.286035156249994, -62.775537109374994 17.30283203124999, -62.83891601562499 17.339257812499994, -62.83940429687499 17.36533203124999, -62.827050781249994 17.386425781249997, -62.79462890625 17.402587890625, -62.71372070312499 17.353271484375, -62.67578125 17.290917968749994, -62.640527343749994 17.26230468749999)), ((-63.16000976562499 18.17138671875, -63.1533203125 18.20029296874999, -63.026025390624994 18.269726562499997, -62.97958984374999 18.264794921874994, -63.001220703125 18.22177734374999, -63.16000976562499 18.17138671875)), ((-63.12470703125 18.06430664062499, -63.114990234375 18.090722656249994, -63.06308593749999 18.11533203124999, -63.024804687499994 18.113085937500003, -63.009423828124994 18.104296875000003, -63.01230468749999 18.04541015625, -63.02304687499999 18.019189453124994, -63.09042968749999 18.041406249999994, -63.12470703125 18.06430664062499)), ((-64.3486328125 11.051904296874994, -64.21367187499999 11.086132812499997, -64.184814453125 11.04296875, -64.11279296875 11.005664062499989, -64.0283203125 11.001855468749994, -64.00732421875 11.068457031249991, -63.89311523437499 11.167236328125, -63.849365234375 11.131005859374994, -63.817285156249994 11.000341796874991, -63.827099609375 10.975830078125, -63.917626953124994 10.887548828124991, -64.0546875 10.884326171874989, -64.10117187499999 10.901416015624989, -64.160888671875 10.958789062499989, -64.2189453125 10.941601562499997, -64.3625 10.961523437499991, -64.40234375 10.981591796874994, -64.3486328125 11.051904296874994)), ((-64.39521484375 18.464599609375, -64.43803710937499 18.458984375, -64.44375 18.473388671875, -64.42607421874999 18.513085937499994, -64.324658203125 18.517480468749994, -64.39521484375 18.464599609375)), ((-64.59365234375 18.40283203125, -64.671826171875 18.399121093749997, -64.69511718749999 18.411669921875003, -64.65097656249999 18.442529296874994, -64.56914062499999 18.4462890625, -64.545166015625 18.438134765624994, -64.59365234375 18.40283203125)), ((-64.765625 17.794335937499994, -64.6818359375 17.750195312499997, -64.58046875 17.750195312499997, -64.686279296875 17.706103515625003, -64.889111328125 17.701708984375003, -64.884716796875 17.772265625000003, -64.765625 17.794335937499994)), ((-64.77060546874999 18.331591796875003, -64.78769531249999 18.341113281250003, -64.75244140625 18.371972656249994, -64.659814453125 18.35434570312499, -64.7259765625 18.327880859375, -64.77060546874999 18.331591796875003)), ((-64.91997070312499 18.3212890625, -65.0236328125 18.367578124999994, -64.942041015625 18.385205078124997, -64.889111328125 18.374218749999997, -64.84501953124999 18.330078125, -64.91997070312499 18.3212890625)), ((-65.30234374999999 10.973828124999997, -65.2265625 10.930224609374989, -65.21249999999999 10.906445312499997, -65.26640624999999 10.883984374999997, -65.365234375 10.906445312499997, -65.41464843749999 10.937890624999994, -65.383203125 10.973828124999997, -65.30234374999999 10.973828124999997)), ((-65.572216796875 18.13730468749999, -65.47714843749999 18.1650390625, -65.3662109375 18.161083984374997, -65.302685546875 18.14438476562499, -65.294873046875 18.133349609375003, -65.42558593749999 18.105615234374994, -65.50400390624999 18.099511718749994, -65.555078125 18.107666015625, -65.572216796875 18.13730468749999)), ((-65.97080078124999 17.974365234375, -66.135498046875 17.949462890625, -66.24501953125 17.947265625, -66.285888671875 17.949951171875, -66.32578124999999 17.964160156250003, -66.40854492187499 17.950585937499994, -66.51079101562499 17.987011718749997, -66.59843749999999 17.97788085937499, -66.772412109375 17.986572265625, -66.83759765625 17.955078125, -66.89999999999999 17.947900390624994, -67.013330078125 17.96787109374999, -67.14238281249999 17.966699218749994, -67.19687499999999 17.994189453125003, -67.17431640625 18.152539062499997, -67.17246093749999 18.22421874999999, -67.20415039062499 18.283398437499997, -67.23896484375 18.32065429687499, -67.2640625 18.36459960937499, -67.21337890625 18.393603515625003, -67.17177734375 18.435791015625, -67.158642578125 18.499218749999997, -67.05961914062499 18.522167968749997, -66.812890625 18.49252929687499, -66.18857421874999 18.475781249999997, -66.153076171875 18.470654296874997, -66.09848632812499 18.425195312499994, -66.06840820312499 18.428027343750003, -66.09267578125 18.468994140625, -66.07041015624999 18.468994140625, -65.87875976562499 18.44384765625, -65.75556640625 18.401611328125, -65.62880859375 18.381396484375003, -65.620849609375 18.242333984374994, -65.718408203125 18.186669921874994, -65.7822265625 18.128613281249997, -65.834130859375 18.057324218749997, -65.97080078124999 17.974365234375)), ((-68.287255859375 12.171728515624991, -68.30712890625 12.206738281249997, -68.34843749999999 12.228076171874989, -68.37109375 12.257519531249997, -68.36923828124999 12.301953124999997, -68.219482421875 12.231249999999989, -68.205810546875 12.144580078124989, -68.254345703125 12.032080078124991, -68.2822265625 12.082275390625, -68.287255859375 12.171728515624991)), ((-71.08193359375 19.89047851562499, -70.95415039062499 19.913964843749994, -70.83388671875 19.887255859375003, -70.6859375 19.793261718750003, -70.636181640625 19.775634765625, -70.43642578125 19.771240234375, -70.30473632812499 19.676074218750003, -70.19384765625 19.63803710937499, -70.12944335937499 19.636132812499994, -70.0140625 19.67294921874999, -69.95683593749999 19.671875, -69.89121093749999 19.589746093749994, -69.8783203125 19.473291015624994, -69.8234375 19.367138671874997, -69.739404296875 19.299218749999994, -69.324951171875 19.32773437499999, -69.23247070312499 19.27182617187499, -69.26425781249999 19.22568359374999, -69.32275390625 19.201074218749994, -69.5197265625 19.21201171874999, -69.60595703125 19.206494140624997, -69.6232421875 19.16049804687499, -69.62363281249999 19.117822265624994, -69.50834960937499 19.107617187499997, -69.163037109375 19.028466796874994, -68.9013671875 18.988476562499997, -68.684765625 18.90478515625, -68.38139648437499 18.671142578125, -68.33916015624999 18.611523437499997, -68.35927734375 18.5380859375, -68.44482421875 18.417724609375, -68.49321289062499 18.37900390624999, -68.56376953124999 18.35546875, -68.61220703125 18.30624999999999, -68.658837890625 18.22202148437499, -68.68740234375 18.21494140624999, -68.72099609374999 18.218408203124994, -68.778466796875 18.26611328125, -68.81953125 18.339306640624997, -68.9349609375 18.408007812500003, -69.072265625 18.399218750000003, -69.27451171874999 18.439843749999994, -69.39697265625 18.420117187499997, -69.51943359375 18.415673828124994, -69.6447265625 18.43637695312499, -69.770654296875 18.443554687499997, -69.89638671875 18.417724609375, -70.018310546875 18.37363281249999, -70.18310546875 18.251757812500003, -70.479931640625 18.21728515625, -70.5654296875 18.267578125, -70.644677734375 18.336230468750003, -70.75883789062499 18.345605468749994, -70.92431640625 18.29248046875, -71.02783203125 18.273193359375, -71.069970703125 18.25034179687499, -71.0822265625 18.224365234375, -71.08261718749999 18.128369140624997, -71.10600585937499 18.070019531249997, -71.26728515625 17.849609375, -71.35830078125 17.694140625000003, -71.395703125 17.64609374999999, -71.43896484375 17.63559570312499, -71.51835937499999 17.724999999999994, -71.56904296875 17.757373046875003, -71.63173828125 17.773632812499997, -71.65830078124999 17.82114257812499, -71.6572265625 17.888671875, -71.67373046875 17.9541015625, -71.71245117187499 18.00546874999999, -71.768310546875 18.03916015624999, -71.8529296875 18.119140625, -71.94609374999999 18.186083984375003, -72.05986328124999 18.228564453125003, -72.503564453125 18.219921874999997, -72.63330078125 18.176220703124997, -72.7552734375 18.156152343749994, -72.87666015625 18.151757812499994, -73.38515625 18.251171874999997, -73.51484375 18.245361328125, -73.64404296875 18.229052734375003, -73.747314453125 18.190234375000003, -73.82470703125 18.121777343749997, -73.83916015624999 18.05820312499999, -73.8849609375 18.041894531249994, -73.989453125 18.14316406249999, -74.085400390625 18.215136718750003, -74.19462890624999 18.269189453124994, -74.41904296874999 18.34619140625, -74.4599609375 18.39306640625, -74.47812499999999 18.450000000000003, -74.38749999999999 18.624707031249997, -74.28447265624999 18.656689453124997, -74.227734375 18.66269531249999, -74.100341796875 18.64111328125, -73.9759765625 18.60141601562499, -73.8625 18.575439453125, -73.68701171875 18.565332031249994, -73.59160156249999 18.522363281249994, -72.91728515624999 18.455712890624994, -72.78935546874999 18.434814453125, -72.739453125 18.442138671875, -72.69599609375 18.468212890624997, -72.65976562499999 18.515332031249997, -72.61806640625 18.55078125, -72.418115234375 18.55869140624999, -72.37607421874999 18.574462890625, -72.34672851562499 18.623730468749997, -72.34765625 18.674951171874994, -72.465234375 18.743554687499994, -72.64912109375 18.89414062499999, -72.81108398437499 19.071582031250003, -72.7412109375 19.13134765625, -72.76796875 19.240624999999994, -72.74179687499999 19.341845703125003, -72.70322265624999 19.441064453124994, -72.863427734375 19.526074218749997, -73.052734375 19.610742187499994, -73.31552734374999 19.63730468749999, -73.39633789062499 19.65869140625, -73.43837890625 19.722119140624997, -73.400537109375 19.807421875000003, -73.31533203125 19.85458984374999, -73.11777343749999 19.90380859375, -72.87651367187499 19.92807617187499, -72.63701171874999 19.90087890625, -72.429931640625 19.813281250000003, -72.21982421874999 19.74462890625, -71.954296875 19.7216796875, -71.834716796875 19.696728515624997, -71.735107421875 19.735107421875, -71.7060546875 19.795166015625, -71.6673828125 19.8486328125, -71.615966796875 19.87744140625, -71.557763671875 19.89536132812499, -71.44169921874999 19.893994140624997, -71.28134765624999 19.847363281249997, -71.23593749999999 19.84814453125, -71.08193359375 19.89047851562499)), ((-68.9951171875 12.141845703125, -69.15380859375 12.298437499999991, -69.15888671875 12.380273437499994, -69.11845703124999 12.373242187499997, -69.07675781249999 12.342041015625, -69.013134765625 12.231347656249994, -68.827392578125 12.158544921874991, -68.75107421874999 12.059765624999997, -68.80332031249999 12.045458984374989, -68.9951171875 12.141845703125)), ((-69.94218749999999 12.438525390624989, -70.004150390625 12.50048828125, -70.06611328125 12.546972656249991, -70.05087890624999 12.597070312499994, -70.035107421875 12.614111328124991, -69.97314453125 12.567626953125, -69.91181640625 12.48046875, -69.895703125 12.422998046874994, -69.94218749999999 12.438525390624989)), ((-71.84765625 21.843457031249997, -71.80615234375 21.852099609375003, -71.668359375 21.833447265624997, -71.6369140625 21.787548828124997, -71.66142578124999 21.76523437499999, -71.66538085937499 21.751708984375, -71.72177734374999 21.790234374999997, -71.83041992187499 21.79062499999999, -71.84765625 21.843457031249997)), ((-71.96376953125 21.892041015624997, -71.984521484375 21.89340820312499, -72.01904296875 21.918261718750003, -72.01064453125 21.950439453125, -71.93154296875 21.951904296875, -71.899609375 21.862499999999997, -71.87993164062499 21.84042968749999, -71.8974609375 21.829882812500003, -71.95546875 21.864404296874994, -71.96376953125 21.892041015624997)), ((-72.1498046875 21.804492187500003, -72.14433593749999 21.792724609375, -72.18154296875 21.780029296875, -72.190673828125 21.769775390625, -72.30087890624999 21.75522460937499, -72.33544921875 21.758007812499997, -72.34238281249999 21.795312499999994, -72.33281249999999 21.851367187500003, -72.21865234375 21.796289062499994, -72.1498046875 21.804492187500003)), ((-72.623486328125 20.01416015625, -72.6388671875 19.98583984375, -72.73979492187499 20.00341796875, -72.84423828125 20.035449218750003, -72.87841796875 20.02744140624999, -72.89931640625 20.031445312499997, -72.9603515625 20.062255859375, -72.90673828125 20.085839843749994, -72.791015625 20.09189453124999, -72.623486328125 20.01416015625)), ((-73.127392578125 22.455322265625, -72.978955078125 22.414599609375003, -72.94521484375 22.41562499999999, -72.83076171875 22.38559570312499, -72.76259765625 22.344384765624994, -72.747265625 22.327392578125, -72.78388671875 22.29062499999999, -72.88916015625 22.360253906249994, -72.98105468749999 22.36923828124999, -73.11020507812499 22.367578124999994, -73.16191406249999 22.38071289062499, -73.127392578125 22.455322265625)), ((-73.27641601562499 18.954052734374997, -73.17060546875 18.96728515625, -73.06914062499999 18.932031249999994, -72.91923828124999 18.861474609374994, -72.80458984375 18.77768554687499, -72.822216796875 18.70712890624999, -73.07797851562499 18.790917968749994, -73.28525390624999 18.896728515625, -73.27641601562499 18.954052734374997)), ((-72.91611328124999 21.50668945312499, -73.04931640625 21.45761718749999, -73.0626953125 21.515332031249997, -72.994775390625 21.56162109374999, -72.91611328124999 21.50668945312499)), ((-73.523095703125 21.190820312499994, -73.42451171875 21.20175781249999, -73.30156249999999 21.156152343749994, -73.2353515625 21.154492187499997, -73.13730468749999 21.204785156249997, -73.05849609375 21.313378906249994, -73.011669921875 21.299511718749997, -73.02685546875 21.1923828125, -73.058740234375 21.119042968749994, -73.16455078125 20.979150390624994, -73.40078125 20.943896484375003, -73.66103515625 20.937402343749994, -73.68115234375 20.9755859375, -73.68681640624999 21.00913085937499, -73.66782226562499 21.061572265625003, -73.68037109375 21.103320312500003, -73.58505859374999 21.125927734374997, -73.523095703125 21.190820312499994)), ((-73.97548828125 22.682275390624994, -73.95419921874999 22.715527343749997, -73.84995117187499 22.73105468749999, -73.87749023437499 22.68076171874999, -73.83652343749999 22.53842773437499, -73.974609375 22.36118164062499, -74.092919921875 22.30624999999999, -74.20673828125 22.213769531249994, -74.27690429687499 22.18369140624999, -74.26132812499999 22.235546874999997, -74.12675781249999 22.323388671874994, -73.99497070312499 22.44921875, -73.935986328125 22.477734374999997, -73.906396484375 22.52744140624999, -73.91455078125 22.568017578124994, -73.97636718749999 22.635058593750003, -73.97548828125 22.682275390624994)), ((-74.098583984375 22.665429687499994, -74.24223632812499 22.715087890625, -74.274609375 22.711669921875, -74.303125 22.764453125000003, -74.31396484375 22.80356445312499, -74.30703125 22.839599609375, -74.22148437499999 22.811572265625003, -74.17539062499999 22.759912109374994, -74.05751953125 22.72348632812499, -74.03476562499999 22.70556640625, -74.098583984375 22.665429687499994)), ((-80.459228515625 22.974999999999994, -80.364892578125 22.943408203125003, -80.26616210937499 22.934960937499994, -80.167626953125 22.949365234374994, -80.07524414062499 22.942333984374997, -79.959912109375 22.876904296874997, -79.92353515625 22.869140625, -79.820263671875 22.887011718750003, -79.850732421875 22.827197265625003, -79.67666015625 22.743066406249994, -79.54921875 22.577783203124994, -79.456494140625 22.50986328124999, -79.27568359374999 22.407617187499994, -79.1830078125 22.387890624999997, -78.90190429687499 22.39599609375, -78.83544921875 22.390917968750003, -78.77597656249999 22.367333984374994, -78.71923828125 22.358056640624994, -78.686474609375 22.366845703124994, -78.14311523437499 22.109423828125003, -77.97050781249999 21.971972656250003, -77.86503906249999 21.900585937499997, -77.63681640624999 21.79736328125, -77.5451171875 21.774609374999997, -77.49711914062499 21.788330078125, -77.50654296875 21.81103515625, -77.57333984374999 21.868310546874994, -77.583154296875 21.88925781249999, -77.497265625 21.871630859375003, -77.34213867187499 21.755273437499994, -77.29951171875 21.71225585937499, -77.2220703125 21.672412109375003, -77.14414062499999 21.643603515625003, -77.18124999999999 21.59765625, -77.24453125 21.59375, -77.366162109375 21.61264648437499, -77.26958007812499 21.537890625000003, -77.252880859375 21.48349609374999, -77.20791015625 21.47885742187499, -77.14096679687499 21.538623046875003, -77.0986328125 21.589013671874994, -76.92807617187499 21.458984375, -76.836328125 21.39951171874999, -76.859814453125 21.364794921875003, -76.867431640625 21.33041992187499, -76.76499023437499 21.36240234374999, -76.72607421875 21.35888671875, -76.68852539062499 21.34042968749999, -76.647412109375 21.28452148437499, -76.551708984375 21.272119140624994, -76.45517578124999 21.273632812499997, -76.259228515625 21.22739257812499, -76.0736328125 21.133447265624994, -75.89902343749999 21.1142578125, -75.72294921874999 21.111035156249997, -75.633740234375 21.061328125000003, -75.59580078124999 20.994677734375003, -75.63852539062499 20.947460937499997, -75.66293945312499 20.898144531249997, -75.59726562499999 20.837646484375, -75.740234375 20.811962890624997, -75.760400390625 20.775537109374994, -75.75297851562499 20.73618164062499, -75.724560546875 20.714550781249997, -75.6427734375 20.73349609374999, -75.338134765625 20.701611328124997, -75.21328125 20.7138671875, -74.959716796875 20.672656250000003, -74.882568359375 20.650634765625, -74.732080078125 20.573193359374997, -74.66245117187499 20.522119140624994, -74.513134765625 20.384570312500003, -74.38437499999999 20.330468749999994, -74.27280273437499 20.3173828125, -74.23388671875 20.326416015625, -74.16748046875 20.292187499999997, -74.13681640624999 20.23193359375, -74.1537109375 20.16855468749999, -74.25283203125 20.07968749999999, -74.634765625 20.058154296875003, -74.850048828125 20.00229492187499, -74.95512695312499 19.957910156249994, -75.003173828125 19.92856445312499, -75.11640625 19.901416015625003, -75.12412109374999 19.92465820312499, -75.12197265625 19.953906250000003, -75.151611328125 20.008349609375003, -75.17729492187499 19.959374999999994, -75.21943359375 19.923632812500003, -75.290478515625 19.893115234375003, -75.551953125 19.89111328125, -75.6572265625 19.93222656249999, -75.76513671875 19.960400390624997, -76.158447265625 19.98974609375, -76.779736328125 19.940185546875, -76.999462890625 19.892822265625, -77.21196289062499 19.893749999999997, -77.46318359374999 19.861376953125003, -77.715087890625 19.85546875, -77.55375976562499 20.08212890624999, -77.1494140625 20.34726562499999, -77.10380859374999 20.407519531250003, -77.093017578125 20.452929687500003, -77.10791015625 20.491650390624997, -77.18896484375 20.559960937499994, -77.20546875 20.61083984375, -77.22958984374999 20.643749999999997, -77.34755859375 20.67236328125, -77.467041015625 20.689501953125003, -77.592724609375 20.690087890624994, -77.856884765625 20.713623046875, -77.997314453125 20.715380859375003, -78.116357421875 20.761865234374994, -78.3138671875 20.927490234375, -78.40634765624999 20.973876953125, -78.453857421875 21.010986328125, -78.49077148437499 21.0537109375, -78.537255859375 21.296826171874997, -78.5765625 21.413818359375, -78.636474609375 21.515527343749994, -78.727685546875 21.592724609374997, -78.82294921875 21.618945312500003, -79.189208984375 21.55283203124999, -79.2744140625 21.562646484374994, -79.910302734375 21.742578124999994, -80.23134765625 21.87216796874999, -80.310693359375 21.933398437500003, -80.39291992187499 22.033740234375003, -80.48544921874999 22.123437499999994, -80.484814453125 22.087158203125, -80.49907226562499 22.063525390625003, -80.9619140625 22.052880859374994, -81.03564453125 22.07358398437499, -81.08310546874999 22.097949218750003, -81.116650390625 22.134228515624997, -81.14140624999999 22.206933593749994, -81.185498046875 22.267968749999994, -81.222412109375 22.14291992187499, -81.284375 22.109423828125003, -81.35527343749999 22.10410156249999, -81.44111328125 22.183789062499997, -81.81621093749999 22.2001953125, -81.972607421875 22.29086914062499, -82.07773437499999 22.3876953125, -81.973046875 22.421826171874997, -81.757080078125 22.466748046874997, -81.7103515625 22.49667968749999, -81.683251953125 22.534814453124994, -81.70273437499999 22.59189453124999, -81.74565429687499 22.63291015624999, -81.78989257812499 22.657031250000003, -81.838818359375 22.67246093749999, -82.00200862094283 22.680215164482057, -80.85697604550451 23.0218683325163, -80.60494903768868 23.074695852727462, -80.55048828125 23.0166015625, -80.459228515625 22.974999999999994)), ((-74.45048828124999 24.12548828125, -74.429443359375 24.068066406249997, -74.50869140625 23.959716796875, -74.550927734375 23.968945312499997, -74.52690429687499 24.10507812499999, -74.47202148437499 24.126660156249997, -74.45048828124999 24.12548828125)), ((-75.31596679687499 23.668359374999994, -75.21660156249999 23.546777343749994, -75.17529296875 23.438671874999997, -75.1087890625 23.332812500000003, -75.064208984375 23.150195312500003, -74.93710937499999 23.088134765625, -74.84560546875 22.999902343749994, -74.840478515625 22.894335937500003, -74.846875 22.868701171875003, -74.97333984375 23.068554687499997, -75.13212890624999 23.117089843749994, -75.22333984375 23.165332031250003, -75.20439453124999 23.19272460937499, -75.14111328125 23.204638671875003, -75.13056640625 23.26791992187499, -75.15756835937499 23.336376953124997, -75.24125976562499 23.474609375, -75.288232421875 23.568261718749994, -75.309814453125 23.58984375, -75.31596679687499 23.668359374999994)), ((-75.3017578125 24.149169921875, -75.36874999999999 24.159472656250003, -75.50322265624999 24.139062499999994, -75.3064794128584 24.18531099520662, -75.3017578125 24.149169921875)), ((-75.95595703125 23.59228515625, -76.037109375 23.602783203125, -76.01044921875 23.67138671875, -75.9486328125 23.647412109374997, -75.80751953125 23.542529296875003, -75.75424804687499 23.489990234375, -75.66455078125 23.450146484374997, -75.70634765624999 23.444238281249994, -75.781005859375 23.470654296874997, -75.95595703125 23.59228515625)), ((-76.30146484375 17.879833984374997, -76.524609375 17.8662109375, -76.625390625 17.90097656249999, -76.669384765625 17.927636718749994, -76.77431640625 17.9404296875, -76.748291015625 17.964892578125003, -76.79482421875 17.976318359375, -76.85322265625 17.97373046874999, -76.896240234375 17.904101562500003, -76.94414062499999 17.848779296874994, -77.03593749999999 17.85410156249999, -77.0712890625 17.901269531249994, -77.11948242187499 17.880078124999997, -77.1583984375 17.84506835937499, -77.20498046875 17.71494140624999, -77.27988281249999 17.779541015625, -77.36142578124999 17.833691406249997, -77.4638671875 17.85605468749999, -77.67075195312499 17.85971679687499, -77.76816406249999 17.877392578124997, -77.84941406249999 17.987499999999997, -77.881298828125 18.01904296875, -77.96298828124999 18.047558593749997, -78.04448242187499 18.173828125, -78.0736328125 18.191162109375, -78.294091796875 18.218066406250003, -78.339501953125 18.28720703124999, -78.32597656249999 18.349755859374994, -78.25244140625 18.42626953125, -78.21669921875 18.44809570312499, -78.09453124999999 18.44482421875, -77.978173828125 18.467822265625003, -77.92685546874999 18.500683593749997, -77.8734375 18.522216796875, -77.451611328125 18.467041015625, -77.261474609375 18.457421874999994, -77.13955078125 18.42148437499999, -76.908203125 18.390429687500003, -76.79326171874999 18.30429687499999, -76.70073242187499 18.25717773437499, -76.349853515625 18.15185546875, -76.23276367187499 17.97031249999999, -76.21079101562499 17.913525390624997, -76.30146484375 17.879833984374997)), ((-77.71005859374999 21.921337890624997, -77.755029296875 21.965576171875, -77.823193359375 21.987939453124994, -77.89999999999999 22.037158203125003, -77.91855468749999 22.088085937499997, -77.854736328125 22.091943359374994, -77.7744140625 22.082958984374997, -77.63369140625 22.054003906250003, -77.64599609375 21.996484374999994, -77.66899414062499 21.951953125000003, -77.71005859374999 21.921337890624997)), ((-77.87939453125 22.12753906249999, -77.912353515625 22.124707031249997, -78.0119140625 22.166406249999994, -78.041650390625 22.20126953124999, -78.00668945312499 22.247998046874997, -77.99921875 22.298730468749994, -77.98564453124999 22.30209960937499, -77.96958007812499 22.240673828124997, -77.89365234374999 22.214550781249997, -77.84248046875 22.148974609375003, -77.87939453125 22.12753906249999)), ((-78.047509765625 22.268505859374997, -78.10166015624999 22.30576171874999, -78.18002929687499 22.321972656249997, -78.22612304687499 22.37998046874999, -78.27001953125 22.402246093749994, -78.27353515624999 22.423583984375, -78.20097656249999 22.437646484374994, -78.1505859375 22.43149414062499, -78.094140625 22.38720703125, -78.061669921875 22.305908203125, -78.027099609375 22.28515625, -78.047509765625 22.268505859374997)), ((-78.17841796875 2.6463378906249915, -78.137646484375 2.6341796874999943, -78.119140625 2.6036132812499915, -78.113720703125 2.541748046875, -78.1408203125 2.5196777343749943, -78.19248046874999 2.559277343749997, -78.210107421875 2.6091796874999886, -78.17841796875 2.6463378906249915)), ((-78.6955078125 22.533984375000003, -78.630126953125 22.55224609375, -78.49287109375 22.531054687500003, -78.399560546875 22.54746093749999, -78.351220703125 22.538623046875003, -78.28388671875 22.455468749999994, -78.38994140624999 22.445117187500003, -78.424560546875 22.460107421874994, -78.54765624999999 22.464013671874994, -78.67363281249999 22.508837890625003, -78.6955078125 22.533984375000003)), ((-78.918115234375 8.23193359375, -78.96494140624999 8.326269531249991, -78.957421875 8.3505859375, -78.960595703125 8.435839843749989, -78.916015625 8.458251953125, -78.883251953125 8.460253906249989, -78.85615234375 8.4482421875, -78.83916015624999 8.347900390625, -78.85322265625 8.302441406249997, -78.89833984375 8.274267578124991, -78.918115234375 8.23193359375)), ((-78.99169921875 1.293212890625, -78.9232421875 1.3489257812499886, -78.8998046875 1.3597656249999943, -78.90922851562499 1.2527832031249915, -78.96562499999999 1.245361328125, -78.99169921875 1.293212890625)), ((-79.12753906249999 8.251855468749994, -79.09628906249999 8.29541015625, -79.08530273437499 8.295800781249994, -79.0654296875 8.254199218749989, -79.1103515625 8.209814453124991, -79.12753906249999 8.251855468749994)), ((-79.628173828125 22.805224609375003, -79.57915039062499 22.80673828124999, -79.349560546875 22.66391601562499, -79.347900390625 22.6376953125, -79.52275390624999 22.711132812499997, -79.5978515625 22.787646484375003, -79.628173828125 22.805224609375003)), ((-80.01323242187499 -2.8195312500000114, -80.093408203125 -2.8458984375000114, -80.131591796875 -2.97314453125, -80.15068359374999 -3.01171875, -80.24570312499999 -3.00830078125, -80.27294921875 -2.995898437500003, -80.24980468749999 -2.8119140625000085, -80.22368164062499 -2.7531250000000114, -80.145703125 -2.6962890625, -80.08076171875 -2.6688476562500085, -79.997265625 -2.673828125, -79.90903320312499 -2.7255859375, -80.01323242187499 -2.8195312500000114)), ((-81.36953125 19.348876953125, -81.33725585937499 19.329492187499994, -81.29648437499999 19.341357421875003, -81.284814453125 19.362548828125, -81.13046874999999 19.34677734374999, -81.10712890625 19.30517578125, -81.224609375 19.304101562499994, -81.3037109375 19.271874999999994, -81.40478515625 19.27841796874999, -81.419091796875 19.374755859375, -81.391015625 19.384912109374994, -81.36953125 19.348876953125)), ((-81.613427734375 7.380175781249989, -81.603271484375 7.332812499999989, -81.65810546875 7.327539062499994, -81.77011718749999 7.370361328125, -81.85205078125 7.453320312499997, -81.85693359375 7.5076660156249915, -81.812158203125 7.5923828124999915, -81.75229492187499 7.621630859374989, -81.728759765625 7.6211914062499915, -81.67143554687499 7.5234375, -81.71044921875 7.485546874999997, -81.6947265625 7.424999999999997, -81.613427734375 7.380175781249989)), ((-82.321728515625 9.418115234374994, -82.259423828125 9.430273437499991, -82.23349609374999 9.380712890624991, -82.24443359374999 9.334082031249991, -82.321728515625 9.418115234374994)), ((-83.08251953125 21.791406249999994, -83.07773437499999 21.83349609375, -82.9912109375 21.94272460937499, -82.75576171875 21.90952148437499, -82.71455078125 21.890283203124994, -82.6818359375 21.82114257812499, -82.62939453125 21.766894531250003, -82.567822265625 21.621826171875, -82.561767578125 21.571679687499994, -82.65483398437499 21.51865234374999, -82.853173828125 21.443896484375003, -82.959619140625 21.441308593749994, -83.06728515625 21.469384765624994, -83.14150390625 21.531884765624994, -83.1837890625 21.593457031249997, -83.18022460937499 21.623046875, -83.112939453125 21.573681640624997, -83.0548828125 21.54941406249999, -83.0072265625 21.565576171874994, -82.973583984375 21.59228515625, -83.08251953125 21.791406249999994)), ((-85.87822265624999 16.513964843750003, -85.83378906249999 16.510888671874994, -85.84443359375 16.487744140624997, -85.87094726562499 16.46152343749999, -85.947216796875 16.403613281250003, -85.96098632812499 16.4296875, -85.92421875 16.483300781249994, -85.87822265624999 16.513964843750003)), ((-86.337841796875 16.439208984375, -86.255517578125 16.42822265625, -86.419921875 16.378369140624997, -86.5802734375 16.300244140624997, -86.63041992187499 16.3017578125, -86.55693359374999 16.362109375000003, -86.43828124999999 16.413867187500003, -86.337841796875 16.439208984375)), ((-87.90283203125 17.426464843749997, -87.85942382812499 17.462792968749994, -87.83251953125 17.50107421874999, -87.826416015625 17.546289062499994, -87.78862304687499 17.524218750000003, -87.79814453124999 17.47958984374999, -87.8529296875 17.4228515625, -87.92998046874999 17.283007812500003, -87.93486328124999 17.322949218749997, -87.90283203125 17.426464843749997)), ((-87.85893554687499 18.154052734375, -87.84853515625 18.140380859375, -87.9505859375 17.924951171874994, -87.99809570312499 17.90634765624999, -87.95903320312499 17.964013671874994, -87.9533203125 18.00107421874999, -87.89833984375 18.154931640624994, -87.85893554687499 18.154052734375)), ((-89.25937499999999 -0.7284179687500085, -89.294873046875 -0.7859375000000028, -89.358349609375 -0.8260742187500085, -89.418896484375 -0.9110351562500085, -89.53662109375 -0.9523437500000114, -89.60263671874999 -0.9134765625000085, -89.60859375 -0.8885742187500085, -89.54345703125 -0.8268554687500114, -89.479931640625 -0.7933593750000085, -89.42314453124999 -0.7222656250000057, -89.31840820312499 -0.6800781250000085, -89.26743164062499 -0.70458984375, -89.25937499999999 -0.7284179687500085)))