MULTIPOLYGON (((150 45.83450381324405, 149.9541015625 45.8224609375, 149.88339843750003 45.783154296875, 149.6876953125 45.642041015625, 149.53886718750005 45.591357421874996, 149.44707031250005 45.593359375, 149.66591796875002 45.839794921875, 149.79628906250002 45.87607421875, 149.96230468750002 46.021923828125, 150 46.04133457669813, 150 45.83450381324405)), ((148.41464843750003 45.24716796875, 148.26230468750003 45.216845703124996, 148.00527343750002 45.070166015625, 147.91376953125 44.990380859374994, 147.78408203125002 44.95859375, 147.65781250000003 44.9771484375, 147.62187500000005 44.944726562499994, 147.6095703125 44.886572265625, 147.56308593750003 44.835546875, 147.31015625000003 44.677636718749994, 147.20742187500002 44.553564453125, 147.09843750000005 44.53125, 146.8974609375 44.404296875, 146.93349609375002 44.513085937499994, 146.97421875000003 44.565722656249996, 147.14091796875005 44.663330078125, 147.15478515625 44.7662109375, 147.24658203125 44.8560546875, 147.43046875000005 44.945214843749994, 147.5578125 45.062451171875, 147.65791015625 45.093017578125, 147.76943359375002 45.190722656249996, 147.88554687500005 45.225634765624996, 147.87265625000003 45.30029296875, 147.9240234375 45.38330078125, 147.96455078125 45.377734374999996, 148.05605468750002 45.262109374999994, 148.130078125 45.258203124999994, 148.32421875 45.282421875, 148.6123046875 45.484667968749996, 148.70664062500003 45.520654296874994, 148.77265625 45.52646484375, 148.81220703125 45.510009765625, 148.826171875 45.486083984375, 148.825390625 45.455908203125, 148.80302734375005 45.413525390625, 148.837109375 45.362695312499994, 148.79072265625 45.323974609375, 148.59951171875002 45.317626953125, 148.41464843750003 45.24716796875)), ((146.62197265625002 43.81298828125, 146.82460937500002 43.860498046874994, 146.88408203125005 43.829150390624996, 146.89902343750003 43.804150390625, 146.71396484375003 43.743798828124994, 146.68300781250002 43.716357421874996, 146.60859375 43.740478515625, 146.6134765625 43.797021484374994, 146.62197265625002 43.81298828125)), ((145.9404296875 44.27265625, 146.11210937500005 44.500146484374994, 146.20761718750003 44.49765625, 146.35595703125 44.424609374999996, 146.56777343750002 44.4404296875, 146.51621093750003 44.374658203124994, 146.4365234375 44.37568359375, 146.29619140625005 44.28095703125, 146.17294921875003 44.26865234375, 146.1123046875 44.245947265625, 145.9140625 44.1037109375, 145.88730468750003 44.047753906249994, 145.76699218750002 43.940722656249996, 145.58681640625002 43.845117187499994, 145.555859375 43.664599609374996, 145.43925781250005 43.737060546875, 145.42617187500002 43.810351562499996, 145.46171875000005 43.870898437499996, 145.66630859375005 43.999072265624996, 145.74833984375005 44.071533203125, 145.77333984375002 44.12900390625, 145.85195312500002 44.193017578124994, 145.89023437500003 44.248583984374996, 145.9404296875 44.27265625)), ((146.33232421875005 43.619921874999996, 146.28818359375003 43.625390624999994, 146.27382812500002 43.629833984375, 146.31015625000003 43.65185546875, 146.3498046875 43.644140625, 146.35878906250002 43.625390624999994, 146.33232421875005 43.619921874999996)), ((146.03232421875003 43.407128906249994, 146.02802734375 43.420361328125, 146.04892578125003 43.43359375, 146.08857421875 43.449023437499996, 146.10078125 43.440185546875, 146.03232421875003 43.407128906249994)), ((145.9435546875 43.42646484375, 145.89394531250002 43.419824218749994, 145.869140625 43.457861328125, 145.93115234375 43.45703125, 145.9435546875 43.42646484375)), ((145.83544921875 18.136767578125003, 145.7775390625 18.07895507812499, 145.72910156250003 18.056933593750003, 145.7892578125 18.155419921874994, 145.80742187500005 18.172656250000003, 145.83544921875 18.136767578125003)), ((143.42949218750005 42.418896484375, 143.36865234375 42.325146484375, 143.33212890625003 42.220361328124994, 143.313671875 42.084326171875, 143.27871093750002 42.037841796875, 143.2365234375 42.0001953125, 143.11171875000002 42.022216796875, 142.90634765625003 42.118359375, 142.50820312500002 42.257958984374994, 142.087890625 42.471728515624996, 141.85136718750005 42.579052734375, 141.40664062500002 42.546923828124996, 140.98613281250005 42.342138671875, 140.9484375 42.3595703125, 140.78759765625 42.5, 140.70976562500005 42.555615234375, 140.61679687500003 42.571337890624996, 140.48046875 42.559374999999996, 140.38544921875 42.487158203125, 140.3505859375 42.435107421874996, 140.32353515625005 42.37607421875, 140.31523437500005 42.334277343749996, 140.32666015625 42.293359374999994, 140.41660156250003 42.200732421874996, 140.5275390625 42.131787109375, 140.57773437500003 42.11865234375, 140.68427734375 42.123486328125, 140.73378906250002 42.116357421874994, 140.9123046875 41.977783203125, 141.10771484375005 41.848046874999994, 141.15097656250003 41.805078124999994, 141.07871093750003 41.759814453124996, 140.99951171875 41.73740234375, 140.90751953125005 41.74326171875, 140.81640625 41.760400390624994, 140.65986328125 41.815576171874994, 140.59296875 41.7685546875, 140.48916015625002 41.672167968749996, 140.431640625 41.5673828125, 140.3849609375 41.519287109375, 140.27011718750003 41.456005859375, 140.1486328125 41.423242187499994, 140.08515625 41.43408203125, 140.03662109375 41.473779296874994, 140.00917968750002 41.521337890625, 139.9953125 41.576416015625, 140.02128906250005 41.695751953125, 140.0841796875 41.80322265625, 140.1083984375 41.912939453125, 140.0568359375 42.067333984375, 140.02412109375 42.099560546875, 139.89511718750003 42.1900390625, 139.83544921875 42.278076171875, 139.82089843750003 42.387597656249994, 139.86015625000005 42.58173828125, 139.89111328125 42.649218749999996, 140.01503906250002 42.684765625, 140.11464843750002 42.732958984374996, 140.22412109375 42.7955078125, 140.32861328125 42.866845703124994, 140.43222656250003 42.9541015625, 140.48642578125003 43.04990234375, 140.3974609375 43.167333984375, 140.37929687500002 43.237109374999996, 140.39238281250005 43.303124999999994, 140.48691406250003 43.338183593749996, 140.58457031250003 43.31171875, 140.78066406250002 43.214990234374994, 140.81914062500005 43.205468749999994, 140.95380859375 43.200976562499996, 141.13818359375 43.179931640625, 141.24501953125002 43.18505859375, 141.29628906250002 43.199658203125, 141.37412109375003 43.279638671875, 141.4123046875 43.381494140624994, 141.39833984375002 43.512499999999996, 141.39765625 43.642626953124996, 141.44677734375 43.7486328125, 141.60068359375003 43.918994140624996, 141.6447265625 44.019433593749994, 141.66083984375 44.263623046875, 141.71630859375 44.37119140625, 141.7609375 44.48251953125, 141.7822265625 44.716357421874996, 141.71904296875005 44.941064453124994, 141.65576171875 45.051220703125, 141.5830078125 45.15595703125, 141.59375 45.25595703125, 141.6525390625 45.3486328125, 141.65400390625 45.3765625, 141.66796875 45.401269531249994, 141.77812500000005 45.418896484375, 141.82949218750002 45.438769531249996, 141.87871093750005 45.483300781249994, 141.9376953125 45.509521484375, 141.98085937500002 45.48349609375, 142.01640625000005 45.437939453125, 142.17158203125 45.325634765625, 142.416015625 45.125, 142.7041015625 44.819189453125, 142.884765625 44.6701171875, 143.07509765625002 44.534912109375, 143.28857421875 44.396630859374994, 143.5119140625 44.2775390625, 143.65458984375005 44.221337890624994, 143.75908203125005 44.131640624999996, 143.82431640625003 44.116992187499996, 144.00546875000003 44.116650390625, 144.10136718750005 44.1015625, 144.48183593750002 43.949560546875, 144.5966796875 43.930224609374996, 144.71523437500002 43.927978515625, 144.79853515625 43.940234374999996, 144.87187500000005 43.98193359375, 145.1015625 44.166162109374994, 145.3427734375 44.333886718749994, 145.36953125000002 44.327392578125, 145.36962890625 44.281298828124996, 145.35195312500002 44.229785156249996, 145.24521484375003 44.076171875, 145.12636718750002 43.869384765625, 145.10107421875 43.764550781249994, 145.1396484375 43.662499999999994, 145.2140625 43.57822265625, 145.27294921875 43.462890625, 145.3408203125 43.302539062499996, 145.43613281250003 43.2822265625, 145.48789062500003 43.279736328125, 145.58330078125005 43.327783203124994, 145.67363281250005 43.3888671875, 145.75126953125005 43.396289062499996, 145.8330078125 43.3859375, 145.7255859375 43.34345703125, 145.62421875 43.291308593749996, 145.53740234375005 43.192675781249996, 145.505078125 43.174218749999994, 145.34746093750005 43.176708984375, 145.23007812500003 43.135498046875, 145.1271484375 43.0888671875, 145.02880859375 43.031640624999994, 144.92138671875 43.000927734375, 144.80712890625 42.993701171874996, 144.63076171875002 42.946923828124994, 144.51621093750003 42.943603515625, 144.30156250000005 42.984423828124996, 144.197265625 42.9736328125, 143.96933593750003 42.881396484374996, 143.76210937500002 42.74814453125, 143.58095703125002 42.59873046875, 143.42949218750005 42.418896484375)), ((145.786328125 15.256884765625003, 145.82187500000003 15.265380859375, 145.78857421875 15.22265625, 145.78232421875003 15.174609375000003, 145.751953125 15.133154296874991, 145.74921875 15.107226562500003, 145.6982421875 15.113525390625, 145.68427734375 15.125097656249991, 145.71318359375005 15.215283203124997, 145.786328125 15.256884765625003)), ((145.63603515625005 16.351513671874997, 145.6310546875 16.377978515625003, 145.6955078125 16.379638671875, 145.71953125000005 16.359765624999994, 145.712109375 16.339111328125, 145.69023437500005 16.33212890624999, 145.65830078125003 16.33579101562499, 145.63603515625005 16.351513671874997)), ((145.70664062500003 18.790478515624997, 145.70839843750002 18.762500000000003, 145.67812500000002 18.725244140624994, 145.6525390625 18.752636718749997, 145.6455078125 18.806787109374994, 145.69013671875 18.80161132812499, 145.70664062500003 18.790478515624997)), ((145.6573515539243 15, 145.59142265028632 15, 145.58671875000005 15.030810546875003, 145.62480468750005 15.060156249999991, 145.64736328125002 15.059472656249994, 145.6573515539243 15)), ((144.19960937500002 49.549755859375, 144.27207031250003 49.311328124999996, 144.34121093750002 49.180517578125, 144.43173828125003 49.051074218749996, 144.60683593750002 48.935839843749996, 144.685546875 48.871240234374994, 144.70664062500003 48.81953125, 144.71376953125002 48.640283203124994, 144.67265625000005 48.678564453125, 144.62099609375002 48.814843749999994, 144.536328125 48.8935546875, 144.28378906250003 49.069775390625, 144.12548828125 49.208544921874996, 144.04873046875002 49.249169921874994, 144 49.265511381841826, 144 49.97573125000005, 144.04794921875003 49.895751953125, 144.14130859375 49.661474609375, 144.19960937500002 49.549755859375)), ((142.69189453125 46.710839843749994, 142.6357421875 46.716210937499994, 142.57802734375002 46.70078125, 142.47880859375005 46.64423828125, 142.4064453125 46.5546875, 142.35000000000002 46.45869140625, 142.30400390625005 46.357568359374994, 142.20859375000003 46.0888671875, 142.14970703125005 45.999267578125, 142.0771484375 45.917041015624996, 142.015625 45.96162109375, 141.96162109375 46.013476562499996, 141.92998046875005 46.088281249999994, 141.91630859375005 46.170751953125, 141.83037109375005 46.451074218749994, 141.86650390625005 46.694189453125, 141.99811302036497 47.00026956851929, 143.08969979069317 47, 143.1779296875 46.844042968749996, 143.21767578125002 46.794873046875, 143.31865234375005 46.807373046875, 143.38437500000003 46.8056640625, 143.447265625 46.7919921875, 143.48564453125005 46.75205078125, 143.54033203125005 46.575097656249994, 143.57871093750003 46.406054687499996, 143.58066406250003 46.360693359375, 143.50859375000005 46.23017578125, 143.49062500000002 46.174609374999996, 143.48232421875002 46.1158203125, 143.46347656250003 46.069482421874994, 143.431640625 46.028662109375, 143.41865234375 46.222021484375, 143.3703125 46.35849609375, 143.35214843750003 46.476220703124994, 143.28232421875003 46.558984374999994, 143.0478515625 46.592626953125, 142.829296875 46.605273437499996, 142.79550781250003 46.62021484375, 142.74736328125005 46.670654296875, 142.69189453125 46.710839843749994)), ((142.12529296875005 26.726464843749994, 142.16171875000003 26.7099609375, 142.2021484375 26.648779296875, 142.18818359375 26.616503906249996, 142.169921875 26.615673828124997, 142.10712890625 26.721533203125, 142.12529296875005 26.726464843749994)), ((141.00341796875 37.6984375, 141.036328125 37.467236328125, 141.00166015625 37.114648437499994, 140.96835937500003 37.00205078125, 140.89511718750003 36.925732421875, 140.83964843750005 36.89033203125, 140.79179687500005 36.846875, 140.72988281250002 36.731884765625, 140.62734375000002 36.502783203125, 140.61923828125003 36.385595703125, 140.57353515625005 36.231347656249994, 140.59042968750003 36.142431640625, 140.62197265625002 36.059228515624994, 140.75957031250005 35.845703125, 140.8740234375 35.724951171875, 140.63925781250003 35.661279296874994, 140.596875 35.63203125, 140.45742187500002 35.51025390625, 140.41289062500005 35.394775390625, 140.41650390625 35.266992187499994, 140.39296875000002 35.221142578125, 140.3546875 35.181445312499996, 140.31474609375005 35.155029296875, 140.15888671875 35.096484374999996, 140.05917968750003 35.03828125, 139.95976562500005 34.947314453124996, 139.92041015625 34.899609375, 139.8439453125 34.914892578125, 139.79921875000002 34.956933593749994, 139.84326171875 35.00986328125, 139.82968750000003 35.072167968749994, 139.85146484375002 35.232324218749994, 139.82646484375005 35.296679687499996, 139.90615234375002 35.345263671874996, 139.94414062500005 35.422998046874994, 140.08632812500002 35.540429687499994, 140.096875 35.58515625, 140.04365234375 35.633349609374996, 139.9875 35.668212890625, 139.90976562500003 35.668359374999994, 139.83476562500005 35.658056640625, 139.786328125 35.612109374999996, 139.77011718750003 35.549560546875, 139.77392578125 35.520361328125, 139.7677734375 35.49482421875, 139.65000000000003 35.409130859375, 139.66552734375 35.319482421874994, 139.70000000000005 35.273974609374996, 139.74404296875002 35.252392578125, 139.73085937500002 35.221533203125, 139.675 35.149267578125, 139.6359375 35.142138671874996, 139.56406250000003 35.24326171875, 139.47441406250005 35.29853515625, 139.3634765625 35.298095703125, 139.24941406250002 35.27802734375, 139.16269531250003 35.210742187499996, 139.13408203125005 35.1548828125, 139.11582031250003 35.097119140625, 139.12197265625002 34.956494140625, 139.08603515625003 34.839160156249996, 138.9826171875 34.698388671874994, 138.8966796875 34.62841796875, 138.83750000000003 34.61923828125, 138.7951171875 34.651025390624994, 138.76103515625005 34.69921875, 138.80449218750005 34.875732421875, 138.802734375 34.9748046875, 138.90361328125005 35.025244140625, 138.82089843750003 35.095703125, 138.71962890625002 35.124072265624996, 138.5771484375 35.086474609374996, 138.53701171875002 35.044140625, 138.50957031250005 34.987158203125, 138.3486328125 34.847705078124996, 138.25322265625005 34.732666015625, 138.18906250000003 34.596337890624994, 137.97900390625 34.640917968749996, 137.8642578125 34.65087890625, 137.74853515625 34.647412109375, 137.54335937500002 34.664208984374994, 137.31806640625 34.636376953124994, 137.06171875 34.582812499999996, 137.07705078125002 34.621435546875, 137.28779296875 34.703515624999994, 137.29541015625 34.727587890624996, 137.27519531250005 34.772509765624996, 137.22265625 34.774707031249996, 137.09658203125002 34.759033203125, 137.0322265625 34.765917968749996, 137.00595703125003 34.814111328124994, 136.96328125000002 34.834912109375, 136.934765625 34.815185546875, 136.94414062500005 34.721533203125, 136.91289062500005 34.709033203124996, 136.8712890625 34.73310546875, 136.88457031250005 34.805859375, 136.85615234375 34.912499999999994, 136.85292968750002 34.9787109375, 136.89707031250003 35.035546874999994, 136.85185546875005 35.059521484375, 136.80419921875 35.05029296875, 136.74355468750002 35.022998046874996, 136.69003906250003 34.984130859375, 136.57695312500005 34.78955078125, 136.53300781250005 34.678369140624994, 136.61582031250003 34.5890625, 136.84160156250005 34.464208984375, 136.88027343750002 34.43359375, 136.88115234375005 34.38046875, 136.8537109375 34.324072265625, 136.7921875 34.299267578125, 136.54443359375 34.257714843749994, 136.32988281250005 34.17685546875, 136.26787109375005 34.094873046874994, 136.07255859375005 33.778222656249994, 135.9162109375 33.56171875, 135.6953125 33.486962890624994, 135.45283203125 33.553369140624994, 135.39423828125 33.628759765625, 135.34677734375003 33.721972656249996, 135.25664062500005 33.80625, 135.17539062500003 33.898046875, 135.1279296875 34.006982421874994, 135.13535156250003 34.1826171875, 135.10009765625 34.288378906249996, 135.13193359375003 34.316552734374994, 135.265625 34.380810546875, 135.30927734375 34.416796874999996, 135.384765625 34.500439453125, 135.41181640625 34.54697265625, 135.41591796875002 34.617480468749996, 135.35517578125 34.654296875, 135.1982421875 34.6529296875, 135.04169921875 34.631005859374994, 134.9298828125 34.66181640625, 134.78496093750005 34.7470703125, 134.74003906250005 34.765234375, 134.58378906250005 34.77060546875, 134.47226562500003 34.754785156249994, 134.36269531250002 34.723681640624996, 134.24687500000005 34.7138671875, 134.20830078125005 34.697656249999994, 134.07451171875005 34.593115234375, 133.96826171875 34.527294921875, 133.87636718750002 34.49462890625, 133.6779296875 34.485888671874996, 133.57861328125 34.464697265625, 133.47441406250005 34.430126953125, 133.4453125 34.433154296874996, 133.33564453125 34.3853515625, 133.20976562500005 34.343994140625, 133.14238281250005 34.30244140625, 133.01894531250002 34.32958984375, 132.774609375 34.255224609375, 132.65654296875005 34.24609375, 132.53447265625005 34.287060546875, 132.42128906250002 34.353369140625, 132.31259765625003 34.324951171875, 132.23808593750005 34.227001953125, 132.20195312500005 34.032031249999996, 132.159375 33.944238281249994, 132.146484375 33.838769531249994, 132.09023437500002 33.85546875, 131.76318359375 34.045263671875, 131.74052734375005 34.052050781249996, 131.47617187500003 34.019384765625, 131.40791015625 34.00361328125, 131.32275390625 33.965185546875, 131.2326171875 33.947998046875, 131.150390625 33.975634765624996, 131.07187500000003 34.020654296874994, 130.99638671875005 34.007275390625, 130.91884765625002 33.975732421874994, 130.88925781250003 34.26181640625, 130.904296875 34.299560546875, 131.00419921875005 34.392578125, 131.13222656250002 34.407373046874994, 131.26181640625003 34.393457031249994, 131.35439453125002 34.41318359375, 131.43251953125002 34.46982421875, 131.51503906250002 34.550146484375, 131.60800781250003 34.615478515625, 131.85605468750003 34.726318359375, 132.06474609375005 34.9, 132.158203125 34.96650390625, 132.25957031250005 35.022314453125, 132.4140625 35.156298828124996, 132.61904296875002 35.3068359375, 132.69765625000002 35.418310546875, 132.74658203125 35.449023437499996, 132.92294921875003 35.511279296874996, 133.15693359375 35.558837890625, 133.26718750000003 35.556542968749994, 133.37646484375 35.458837890625, 133.43535156250005 35.472216796874996, 133.49492187500005 35.497460937499994, 133.6154296875 35.51142578125, 133.73935546875003 35.495263671874994, 133.86025390625002 35.494873046875, 133.98125000000005 35.507226562499994, 134.2140625 35.5392578125, 134.33652343750003 35.577929687499996, 134.4560546875 35.6279296875, 134.88222656250002 35.663232421874994, 135.17431640625 35.7470703125, 135.22050781250005 35.741113281249994, 135.26542968750005 35.72177734375, 135.26875 35.65966796875, 135.23203125000003 35.59189453125, 135.2677734375 35.55087890625, 135.32695312500005 35.525537109374994, 135.60185546875005 35.517724609374994, 135.68027343750003 35.503125, 135.79501953125003 35.54951171875, 135.90312500000005 35.606884765625, 136.01621093750003 35.682519531249994, 136.09531250000003 35.767626953124996, 136.02226562500005 35.87412109375, 136.00625000000002 35.990576171875, 136.06748046875003 36.116845703124994, 136.15625 36.22333984375, 136.26181640625003 36.2876953125, 136.35898437500003 36.361767578125, 136.555859375 36.57197265625, 136.69814453125002 36.742041015625, 136.74931640625005 36.951025390625, 136.71923828125 37.198388671874994, 136.84345703125 37.382128906249996, 136.96230468750002 37.413671875, 137.19863281250002 37.497460937499994, 137.32265625000002 37.5220703125, 137.34121093750002 37.48544921875, 137.33750000000003 37.437451171875, 137.15205078125 37.283154296875, 137.04580078125002 37.2197265625, 136.9240234375 37.17197265625, 136.89990234375 37.11767578125, 136.99443359375005 37.026757812499994, 137.0185546875 36.959619140624994, 137.01669921875003 36.837207031249996, 137.12373046875 36.774072265624994, 137.2462890625 36.753173828125, 137.29765625000005 36.753759765625, 137.34257812500005 36.770361328125, 137.51406250000002 36.951562499999994, 137.91318359375003 37.064599609374994, 138.1095703125 37.15107421875, 138.21806640625005 37.173388671874996, 138.31992187500003 37.218408203124994, 138.54833984375 37.392138671874996, 138.6328125 37.47216796875, 138.70937500000002 37.56064453125, 138.77060546875003 37.663427734375, 138.81884765625 37.774707031249996, 138.88505859375005 37.8439453125, 139.24716796875003 38.009082031249996, 139.36386718750003 38.099023437499994, 139.40097656250003 38.142578125, 139.44580078125 38.26875, 139.4767578125 38.399804687499994, 139.52080078125005 38.5025390625, 139.58017578125003 38.598876953125, 139.65976562500003 38.697021484375, 139.74912109375003 38.788134765624996, 139.801953125 38.881591796875, 139.87861328125 39.104931640625, 139.9123046875 39.228564453124996, 139.93857421875003 39.27314453125, 139.97714843750003 39.31064453125, 140.01083984375003 39.358056640624994, 140.03652343750002 39.4111328125, 140.06474609375005 39.624414062499994, 140.0546875 39.749267578125, 139.99472656250003 39.855078125, 139.94521484375002 39.885107421875, 139.81035156250005 39.877734374999996, 139.74150390625005 39.920849609375, 139.75546875000003 39.958935546875, 139.82568359375 39.966015625, 139.87363281250003 39.985693359375, 139.90800781250005 40.021728515625, 139.97246093750005 40.136962890625, 140.01113281250002 40.2603515625, 140.01445312500005 40.314892578125, 139.9640625 40.414306640625, 139.92392578125003 40.53388671875, 139.9228515625 40.598437499999996, 139.96669921875002 40.672753906249994, 140.029296875 40.733154296875, 140.08535156250002 40.747363281249996, 140.14609375000003 40.7515625, 140.20126953125003 40.77490234375, 140.25234375000002 40.8087890625, 140.28125 40.846093749999994, 140.34355468750005 41.005664062499996, 140.31523437500005 41.160888671875, 140.34443359375 41.2033203125, 140.3859375 41.229785156249996, 140.44130859375002 41.20966796875, 140.56416015625 41.211816406249994, 140.62763671875 41.19541015625, 140.6396484375 41.155615234375, 140.67939453125 40.89326171875, 140.70244140625005 40.857812499999994, 140.74863281250003 40.830322265625, 140.80078125 40.834326171875, 140.84580078125003 40.875146484374994, 140.876171875 40.929541015625, 140.93603515625 40.940771484375, 141.11855468750002 40.882275390625, 141.18320312500003 40.9240234375, 141.22539062500005 40.9884765625, 141.26210937500002 41.102685546874994, 141.24423828125003 41.205615234374996, 141.200390625 41.243603515625, 141.15507812500005 41.236718749999994, 141.11503906250005 41.20849609375, 141.07041015625003 41.19306640625, 140.80058593750005 41.138818359374994, 140.80185546875003 41.253662109375, 140.8595703125 41.425439453124994, 140.89150390625002 41.479785156249996, 140.93691406250002 41.50556640625, 141.10585937500002 41.455859374999996, 141.26875 41.353808593749996, 141.45546875000002 41.404736328125, 141.419921875 41.251171875, 141.40000000000003 41.096337890624994, 141.41367187500003 40.83935546875, 141.43046875000005 40.72333984375, 141.46279296875002 40.611132812499996, 141.54228515625005 40.530712890625, 141.64628906250005 40.4736328125, 141.7970703125 40.291162109374994, 141.8779296875 40.067236328125, 141.93505859375 39.95849609375, 141.97783203125005 39.84443359375, 141.99082031250003 39.792236328125, 141.99189453125 39.739892578124994, 141.97910156250003 39.668359374999994, 141.9931640625 39.610546875, 141.97695312500002 39.42880859375, 141.90947265625005 39.218701171875, 141.90078125000002 39.111328125, 141.84208984375005 39.0900390625, 141.80654296875002 39.040429687499994, 141.77617187500005 39.017431640625, 141.74248046875005 38.999609375, 141.6935546875 38.995166015624996, 141.65859375000002 38.974853515625, 141.622265625 38.865136718749994, 141.57968750000003 38.81650390625, 141.54628906250002 38.762841796874994, 141.51875 38.63203125, 141.5087890625 38.497851562499996, 141.46748046875 38.404150390625, 141.3681640625 38.379736328125, 141.25429687500002 38.381396484374996, 141.1083984375 38.337939453124996, 141.07734375 38.312548828124996, 140.962109375 38.148876953125, 140.92900390625005 38.052880859374994, 140.9279296875 37.949609374999994, 140.9599609375 37.822607421875, 141.00341796875 37.6984375)), ((141.25185546875002 45.232470703124996, 141.31005859375 45.178564453125, 141.32919921875003 45.15048828125, 141.29541015625 45.1193359375, 141.22597656250002 45.112207031249994, 141.14531250000005 45.15390625, 141.13535156250003 45.206201171874994, 141.19375000000002 45.247851562499996, 141.25185546875002 45.232470703124996)), ((140.9716796875 45.465478515624994, 141.05673828125003 45.449560546875, 141.06992187500003 45.4, 141.07275390625 45.332861328125, 141.03398437500005 45.269335937499996, 140.98212890625 45.36376953125, 140.9716796875 45.465478515624994)), ((139.87363281250003 33.093505859375, 139.82382812500003 33.045458984374996, 139.77568359375005 33.07822265625, 139.76894531250002 33.107177734375, 139.77744140625003 33.125146484374994, 139.80888671875005 33.129248046875, 139.87363281250003 33.093505859375)), ((139.49580078125 42.227441406249994, 139.55839843750005 42.235205078125, 139.505078125 42.09638671875, 139.45839843750002 42.075634765625, 139.4345703125 42.08408203125, 139.41152343750002 42.15966796875, 139.43134765625 42.199560546875, 139.49580078125 42.227441406249994)), ((139.44570312500002 34.679541015625, 139.39238281250005 34.689892578125, 139.36689453125 34.720507812499996, 139.37001953125002 34.775439453124996, 139.42617187500002 34.77587890625, 139.45644531250002 34.726513671875, 139.44570312500002 34.679541015625)), ((135.48906250000005 43.898828124999994, 135.4833984375 43.835009765624996, 135.26015625000002 43.684619140624996, 135.1310546875 43.525732421875, 134.9169921875 43.426562499999996, 134.69179687500002 43.290576171874996, 134.1564453125 43.042138671874994, 134.01044921875 42.9474609375, 133.70937500000002 42.829931640625, 133.58671875000005 42.82822265625, 133.32949218750002 42.7638671875, 133.15996093750005 42.69697265625, 133.05937500000005 42.722802734374994, 132.99658203125 42.808007812499994, 132.92392578125003 42.8052734375, 132.86357421875005 42.793749999999996, 132.708984375 42.875830078125, 132.57646484375005 42.87158203125, 132.48134765625002 42.909765625, 132.30380859375003 42.88330078125, 132.33437500000002 43.238671874999994, 132.3095703125 43.313525390624996, 132.23320312500005 43.245068359375, 132.02871093750002 43.118945312499996, 131.947265625 43.09541015625, 131.86660156250002 43.095166015625, 131.89833984375002 43.170751953125, 132.01308593750002 43.280029296875, 131.93896484375 43.301953125, 131.79472656250005 43.255273437499994, 131.72207031250002 43.20263671875, 131.51640625000005 42.996435546875, 131.39326171875 42.822314453124996, 131.29248046875 42.772119140624994, 131.2453125 42.697412109374994, 131.15830078125003 42.626025390624996, 131.02480468750002 42.645166015624994, 130.94570312500002 42.633935546874994, 130.75615234375005 42.673291015625, 130.70937500000002 42.656396484374994, 130.8341796875 42.52294921875, 130.72988281250002 42.32578125, 130.63652343750005 42.274853515625, 130.56923828125002 42.29169921875, 130.45751953125 42.301708984375, 130.31474609375005 42.214111328125, 130.23574218750002 42.183203125, 130.1798828125 42.096972656249996, 130.06826171875002 42.045751953125, 130.00732421875 41.991162109375, 129.92822265625 41.896728515625, 129.87636718750002 41.805517578125, 129.75634765625 41.712255859375, 129.68632812500005 41.594970703125, 129.68242187500005 41.4943359375, 129.758984375 41.391503906249994, 129.7658203125 41.303857421874994, 129.712109375 41.123681640624994, 129.74199218750005 40.932275390624994, 129.70869140625 40.857324218749994, 129.34111328125005 40.726318359375, 129.2451171875 40.661035156249994, 129.10976562500002 40.491064453125, 128.94521484375002 40.427880859374994, 128.84296875 40.35849609375, 128.7013671875 40.317529296874994, 128.61074218750002 40.197900390624994, 128.51123046875 40.130224609375, 128.39296875000002 40.08896484375, 128.30449218750005 40.035937499999996, 128.10634765625002 40.032568359375, 127.96660156250005 39.99560546875, 127.86708984375002 39.895947265625, 127.56816406250005 39.781982421875, 127.52744140625003 39.695703124999994, 127.54726562500002 39.562792968749996, 127.54892578125003 39.461083984374994, 127.52285156250002 39.377392578125, 127.45742187500002 39.4009765625, 127.42226562500002 39.373583984374996, 127.38349609375001 39.296142578125, 127.39453125 39.207910156249994, 127.49697265625002 39.179492187499996, 127.58095703125002 39.14326171875, 127.69892578125001 39.125048828124996, 127.7861328125 39.084130859374994, 127.9716796875 38.897998046874996, 128.123046875 38.81640625, 128.16250000000002 38.7861328125, 128.24941406250002 38.74521484375, 128.32949218750002 38.680908203125, 128.37460937500003 38.623437499999994, 128.61884765625 38.176074218749996, 128.85244140625002 37.887060546875, 129.05156250000005 37.677636718749994, 129.33515625 37.274560546874994, 129.41826171875005 37.059033203125, 129.42617187500002 36.925537109375, 129.47343750000005 36.74189453125, 129.43300781250002 36.636621093749994, 129.44501953125 36.470703125, 129.42714843750002 36.385498046875, 129.392578125 36.322705078125, 129.39130859375 36.2021484375, 129.40244140625003 36.137646484375, 129.403515625 36.052148437499994, 129.42578125 36.018798828125, 129.45830078125005 36.0064453125, 129.509765625 36.03759765625, 129.57285156250003 36.050537109375, 129.56171875 35.947656249999994, 129.48544921875003 35.687402343749994, 129.419140625 35.497851562499996, 129.32900390625002 35.332763671875, 129.21416015625005 35.1818359375, 129.07675781250003 35.122705078124994, 128.98007812500003 35.101513671875, 128.79570312500005 35.093896484374994, 128.642578125 35.119580078125, 128.5109375 35.100976562499994, 128.45810546875003 35.06943359375, 128.41884765625002 35.015673828124996, 128.44765625000002 34.932080078125, 128.44394531250003 34.870361328125, 128.3876953125 34.87509765625, 128.27597656250003 34.910986328125, 128.15234375 34.915869140625, 128.09453125000005 34.93359375, 128.03623046875003 35.02197265625, 127.97675781250001 35.018701171874994, 127.87324218750001 34.96630859375, 127.71484375 34.9546875, 127.65908203125002 34.9263671875, 127.63935546875001 34.889697265624996, 127.66250000000002 34.843408203124994, 127.7421875 34.782568359375, 127.71542968750003 34.721044921875, 127.63242187500003 34.690234374999996, 127.5654296875 34.765917968749996, 127.52363281250001 34.840087890625, 127.47695312500002 34.844287109374996, 127.404296875 34.823095703125, 127.3896484375 34.743017578125, 127.42343750000003 34.6884765625, 127.47910156250003 34.625244140625, 127.40117187500005 34.552539062499996, 127.38056640625001 34.500634765624994, 127.32460937500002 34.463281249999994, 127.17343750000003 34.546142578125, 127.19492187500003 34.605029296874996, 127.26054687500005 34.661669921874996, 127.26865234375003 34.720361328124994, 127.2470703125 34.755126953125, 127.03076171875 34.606884765625, 126.8974609375 34.438867187499994, 126.82626953125003 34.451074218749994, 126.79648437500003 34.494287109374994, 126.75478515625002 34.511865234374994, 126.61083984375 34.403515625, 126.58437500000002 34.317529296874994, 126.53144531250001 34.314257812499996, 126.50830078125 34.350634765624996, 126.50644531250003 34.428369140624994, 126.48173828124999 34.493945312499996, 126.33261718750003 34.589648437499996, 126.26445312499999 34.673242187499994, 126.30107421874999 34.719970703125, 126.42558593749999 34.694580078125, 126.52451171875003 34.697900390624994, 126.50498046875003 34.737548828125, 126.47285156250001 34.75634765625, 126.53857421875 34.778662109375, 126.59335937500003 34.824365234374994, 126.54794921875003 34.836767578125, 126.478515625 34.810351562499996, 126.42070312499999 34.823388671874994, 126.39785156250002 34.9328125, 126.32744140624999 35.0451171875, 126.29111328125003 35.154150390625, 126.36054687500001 35.21689453125, 126.39589843750002 35.314404296875, 126.46044921875 35.455615234374996, 126.49277343750003 35.501269531249996, 126.58222656250001 35.534472656249996, 126.61406249999999 35.57099609375, 126.48652343750001 35.606347656249994, 126.48847656250001 35.6470703125, 126.54189453125002 35.669335937499994, 126.6015625 35.714208984375, 126.71738281250003 35.768847656249996, 126.75302734375003 35.871972656249994, 126.71962890625002 35.897900390625, 126.6474609375 35.922412109374996, 126.66367187500003 35.974511718749994, 126.69345703125003 36.01416015625, 126.68232421875001 36.037939453125, 126.59707031250002 36.105029296874996, 126.54042968750002 36.166162109374994, 126.55722656250003 36.23583984375, 126.54423828124999 36.341210937499994, 126.55195312500001 36.4296875, 126.54824218750002 36.47763671875, 126.50664062499999 36.58564453125, 126.48769531250002 36.693798828125, 126.43300781250002 36.678027343749996, 126.38876953125003 36.651171874999996, 126.23066406250001 36.689257812499996, 126.18085937500001 36.6916015625, 126.16054687500002 36.771923828125, 126.21718750000002 36.870947265625, 126.3515625 36.958203125, 126.4287109375 36.969042968749996, 126.48701171875001 37.007470703124994, 126.57773437500003 37.019580078124996, 126.68671875000001 36.960351562499994, 126.78447265624999 36.9484375, 126.83876953125002 36.846093749999994, 126.8720703125 36.824462890625, 126.87910156250001 36.862060546875, 126.9580078125 36.906152343749994, 126.97685546874999 36.939404296875, 126.95976562499999 36.9576171875, 126.86894531249999 36.975732421874994, 126.78740234374999 37.102734375, 126.77607421875001 37.158203125, 126.74638671874999 37.1935546875, 126.79052734375 37.294921875, 126.69619140625002 37.410693359374996, 126.65029296875002 37.447119140625, 126.65683593750003 37.551171874999994, 126.58017578125003 37.653759765625, 126.56337890625002 37.71650390625, 126.57773437500003 37.7447265625, 126.62070312500003 37.75546875, 126.63388671875003 37.7818359375, 126.62324218750001 37.790185546874994, 126.57275390625 37.796826171875, 126.36992187499999 37.878369140625, 126.203125 37.828515624999994, 126.16103515625002 37.763720703124996, 126.11669921875 37.742919921875, 126.05029296875 37.86982421875, 125.94169921874999 37.873681640624994, 125.76914062500003 37.9853515625, 125.69501953125001 37.962695312499996, 125.67617187500002 37.917724609375, 125.58154296875 37.8150390625, 125.44931640625003 37.730224609375, 125.40664062500002 37.719042968749996, 125.35781250000002 37.7248046875, 125.36484375000003 37.7482421875, 125.31074218750001 37.843505859375, 125.10195312500002 37.882080078125, 125.02675781250002 37.922607421875, 124.98876953125 37.931445312499996, 125.19316406249999 38.03779296875, 125.24667968750003 38.0568359375, 125.20673828125001 38.08154296875, 125.16259765625 38.093652343749994, 124.99501953125002 38.07783203125, 124.90703124999999 38.112646484375, 124.77949218750001 38.101513671875, 124.69091796875 38.129199218749996, 124.87451171875 38.2333984375, 124.88056640625001 38.341650390625, 124.97373046875003 38.480126953124994, 125.0673828125 38.55673828125, 125.30966796875003 38.665380859375, 125.41533203124999 38.680419921875, 125.49179687500003 38.676123046875, 125.55449218749999 38.68623046875, 125.48867187500002 38.727783203125, 125.42421875000002 38.746874999999996, 125.29892578125003 38.742968749999996, 125.16884765625002 38.805517578125, 125.15732421875003 38.871533203125, 125.40966796875 39.288378906249996, 125.41318359375003 39.32626953125, 125.37363281250003 39.427636718749994, 125.36083984375 39.526611328125, 125.18007812500002 39.58349609375, 125.10009765625 39.59033203125, 124.86787109375001 39.701806640624994, 124.77529296875002 39.758056640625, 124.73886718750003 39.741503906249996, 124.73222656249999 39.652197265625, 124.69921875 39.632373046874996, 124.63828125000003 39.615087890625, 124.60761718750001 39.716943359374994, 124.55742187499999 39.790576171874996, 124.40380859375 39.865527343749996, 124.3486328125 39.906884765624994, 124.37509765625003 39.996142578124996, 124.35000000000002 40.011572265625, 124.26748046875002 39.924169921875, 124.10576171874999 39.841015625, 123.76015625000002 39.822412109374994, 123.65087890625 39.881591796875, 123.61123046875002 39.8408203125, 123.58066406250003 39.7861328125, 123.49003906249999 39.767871093749996, 123.34814453125 39.762939453125, 123.26894531250002 39.726904296875, 123.2265625 39.68662109375, 123.0322265625 39.67353515625, 122.9609375 39.619921874999996, 122.84003906250001 39.600830078125, 122.33486328125002 39.366113281249994, 122.22500000000002 39.267333984375, 122.12089843749999 39.151904296874996, 121.98232421875002 39.053173828125, 121.92265624999999 39.036523437499994, 121.86435546875003 38.996484374999994, 121.80517578125 38.99140625, 121.74482421875001 39.009667968749994, 121.67724609375 39.00341796875, 121.6328125 38.954833984375, 121.67041015625 38.891796875, 121.64990234375 38.865087890625, 121.51718750000003 38.83076171875, 121.32011718749999 38.808203125, 121.236328125 38.766943359375, 121.20742187500002 38.743505859375, 121.16357421875 38.731640625, 121.12167968750003 38.813281249999996, 121.10673828124999 38.920800781249994, 121.18828124999999 38.946679687499994, 121.26328125000003 38.960253906249996, 121.67988281250001 39.108691406249996, 121.62763671875001 39.220166015625, 121.66455078125 39.26875, 121.7578125 39.347558593749994, 121.81845703125003 39.386523437499996, 121.78544921874999 39.400830078125, 121.51249999999999 39.374853515625, 121.27548828125003 39.384765625, 121.2998046875 39.452197265624996, 121.28632812500001 39.519433593749994, 121.26748046875002 39.544677734375, 121.40644531250001 39.621240234374994, 121.46953124999999 39.64013671875, 121.517578125 39.638964843749996, 121.51425781250003 39.68525390625, 121.47421875000003 39.7548828125, 121.51738281249999 39.84482421875, 121.80097656250001 39.950537109375, 121.86894531249999 40.04638671875, 121.98281250000002 40.13583984375, 122.19091796875 40.358251953125, 122.20332031250001 40.396044921874996, 122.26386718750001 40.5001953125, 122.27500000000003 40.541845703125, 122.1787109375 40.602734375, 122.14042968749999 40.68818359375, 121.85878906250002 40.842089843749996, 121.83486328125002 40.974267578124994, 121.80859375 40.968505859375, 121.765625 40.875878906249994, 121.72929687499999 40.846142578125, 121.59892578124999 40.843408203124994, 121.537109375 40.87841796875, 121.17451171875001 40.901269531249994, 121.0859375 40.841601562499996, 121.0029296875 40.74912109375, 120.92226562500002 40.68310546875, 120.84130859375 40.649218749999996, 120.77070312500001 40.5890625, 120.47910156250003 40.23095703125, 120.36894531249999 40.203857421875, 119.85039062499999 39.987451171874994, 119.59111328124999 39.902636718749996, 119.39111328125 39.752490234374996, 119.32236328125003 39.66162109375, 119.26132812500003 39.560888671875, 119.224609375 39.408056640625, 119.04013671875003 39.22236328125, 118.97695312500002 39.182568359375, 118.91230468750001 39.166406249999994, 118.82646484374999 39.172119140625, 118.75244140625 39.160498046875, 118.62636718750002 39.17685546875, 118.47197265624999 39.118017578125, 118.2978515625 39.06708984375, 118.14785156250002 39.195068359375, 118.04091796875002 39.2267578125, 117.86572265625 39.191259765625, 117.78466796875 39.13447265625, 117.61669921875 38.852880859375, 117.55380859375003 38.691455078124996, 117.55781250000001 38.625146484374994, 117.65605468749999 38.424218749999994, 117.76669921875003 38.311669921874994, 118.01494140624999 38.183398437499996, 118.54326171874999 38.094921875, 118.66708984375003 38.126367187499994, 118.80000000000001 38.12666015625, 118.94003906250003 38.042773437499996, 119.02753906250001 37.90400390625, 119.03847656250002 37.776513671874994, 119.0703125 37.748583984374996, 119.08916015624999 37.700732421874996, 119.03349609374999 37.661035156249994, 118.99082031250003 37.641357421875, 118.95488281249999 37.494091796875, 118.95263671875 37.33115234375, 118.99814453125003 37.277099609375, 119.11181640625 37.201171875, 119.28740234374999 37.13828125, 119.44990234375001 37.124755859375, 119.76054687499999 37.155078124999996, 119.88749999999999 37.253369140625, 119.87998046875003 37.295800781249994, 119.88291015625003 37.350830078125, 120.15585937500003 37.495019531249994, 120.3115234375 37.622705078124994, 120.287109375 37.656494140625, 120.25722656250002 37.679003906249996, 120.28466796875 37.69208984375, 120.3701171875 37.701025390625, 120.75 37.833935546875, 121.04902343750001 37.7251953125, 121.21953124999999 37.600146484374996, 121.38808593750002 37.578955078125, 121.50527343750002 37.515039062499994, 121.64023437500003 37.460351562499994, 121.96484375 37.4453125, 122.01015625000002 37.495751953124994, 122.056640625 37.52890625, 122.10957031250001 37.522314453125, 122.16914062500001 37.45615234375, 122.33769531249999 37.4052734375, 122.49326171875003 37.407958984375, 122.60234374999999 37.426416015624994, 122.6669921875 37.40283203125, 122.57333984375003 37.317919921874996, 122.58730468750002 37.181103515625, 122.51552734375002 37.137841796874994, 122.44667968750002 37.068115234375, 122.48740234375003 37.022265624999996, 122.5234375 37.00263671875, 122.51972656250001 36.946826171874996, 122.45703125 36.91513671875, 122.34091796875003 36.8322265625, 122.27421874999999 36.833837890625, 122.24228515625003 36.849853515625, 122.2197265625 36.879541015624994, 122.20322265625003 36.927197265625, 122.16240234374999 36.958642578124994, 122.04951171875001 36.970751953124996, 121.93271484375003 36.95947265625, 121.66962890625001 36.836376953125, 121.4130859375 36.73837890625, 121.14404296875 36.660449218749996, 121.05380859375003 36.611376953124996, 120.98994140625001 36.597949218749996, 120.87851562500003 36.635156249999994, 120.81083984374999 36.6328125, 120.79667968749999 36.607226562499996, 120.88261718749999 36.538916015625, 120.90498046875001 36.485302734375, 120.89580078124999 36.444140624999996, 120.84707031250002 36.426074218749996, 120.77617187499999 36.456298828125, 120.71152343750003 36.41328125, 120.68222656250003 36.340722656249994, 120.68095703124999 36.168359374999994, 120.63789062500001 36.129931640624996, 120.51933593749999 36.108691406249996, 120.39306640625 36.053857421874994, 120.34824218750003 36.07919921875, 120.33027343750001 36.110107421875, 120.34345703125001 36.189453125, 120.32773437500003 36.228173828124994, 120.27011718750003 36.226171875, 120.18330078125001 36.202441406249996, 120.11699218749999 36.150292968749994, 120.09414062500002 36.118896484375, 120.18144531249999 36.017480468749994, 120.26474609375003 36.007226562499994, 120.28476562500003 35.984423828124996, 120.21904296874999 35.934912109375, 120.0546875 35.861132812499996, 120.02744140625003 35.799365234374996, 119.97871093750001 35.740234375, 119.91171875000003 35.693212890625, 119.8662109375 35.64365234375, 119.7197265625 35.588720703125, 119.6083984375 35.469873046874994, 119.52646484375003 35.35859375, 119.4296875 35.301416015624994, 119.35283203124999 35.113818359374996, 119.2158203125 35.011767578124996, 119.16533203124999 34.848828125, 119.20097656249999 34.748437499999994, 119.35136718749999 34.749414062499994, 119.4267578125 34.714160156249996, 119.58291015625002 34.5822265625, 119.76972656250001 34.49619140625, 119.96367187499999 34.447802734374996, 120.20146484374999 34.32568359375, 120.26669921875003 34.2740234375, 120.32265625000002 34.168994140624996, 120.42568359375002 33.86630859375, 120.49980468749999 33.716455078124994, 120.50478515625002 33.63818359375, 120.61562500000002 33.490527343749996, 120.73447265625003 33.236621093749996, 120.87109375 33.016503906249994, 120.89736328125002 32.843212890625, 120.85302734375 32.764111328125, 120.85322265625001 32.661376953125, 120.98994140625001 32.567041015624994, 121.29335937500002 32.457324218749996, 121.34169921875002 32.425048828125, 121.40097656250003 32.371923828125, 121.40390625000003 32.20625, 121.45078125000003 32.1533203125, 121.49052734374999 32.12109375, 121.67421875000002 32.051025390625, 121.75107421875003 31.992871093749997, 121.83242187500002 31.899755859375, 121.85634765625002 31.816455078124996, 121.86630859375003 31.703564453124997, 121.76357421875002 31.699511718749996, 121.68085937500001 31.712158203125, 121.35195312500002 31.858789062499994, 121.26640624999999 31.862695312499994, 121.14580078124999 31.842333984374996, 120.97353515625002 31.869384765625, 120.79169921875001 32.03173828125, 120.66054687500002 32.0810546875, 120.52011718750003 32.105859374999994, 120.18408203125 31.966162109375, 120.09873046875003 31.975976562499994, 120.03593749999999 31.936279296875, 120.19160156250001 31.90634765625, 120.34746093749999 31.952099609374997, 120.49716796875003 32.019824218749996, 120.71552734375001 31.983740234375, 120.75224609374999 31.9228515625, 120.78779296875001 31.819775390624997, 120.9375 31.750195312499997, 121.05537109375001 31.719433593749997, 121.20488281249999 31.628076171874994, 121.35097656250002 31.4853515625, 121.66064453125 31.319726562499994, 121.78593749999999 31.162890624999996, 121.83447265625 31.06162109375, 121.8779296875 30.9169921875, 121.76943359375002 30.870361328125, 121.52753906250001 30.840966796874994, 121.4189453125 30.789794921875, 121.30996093750002 30.69970703125, 120.99765625000003 30.558251953124994, 120.8974609375 30.392626953124996, 120.82148437500001 30.354638671874994, 120.62998046875003 30.390869140625, 120.44980468750003 30.387841796874994, 120.24550781250002 30.283544921875, 120.19462890624999 30.24130859375, 120.26054687499999 30.263037109375, 120.3525390625 30.247412109375, 120.49453125000002 30.303076171875, 120.63339843750003 30.133154296875, 120.90449218750001 30.16064453125, 121.15937500000001 30.3017578125, 121.25800781250001 30.304101562499994, 121.34062499999999 30.282373046874994, 121.43271484375003 30.22666015625, 121.67792968750001 29.9791015625, 121.81230468749999 29.9521484375, 121.9443359375 29.894091796874996, 122.01728515625001 29.8876953125, 122.08291015625002 29.870361328125, 121.90576171875 29.779687499999994, 121.67656249999999 29.583789062499996, 121.57460937500002 29.537011718749994, 121.50625000000002 29.484570312499997, 121.6904296875 29.510986328125, 121.82187500000003 29.604638671874994, 121.88798828124999 29.627783203125, 121.94121093749999 29.605908203124997, 121.96835937500003 29.490624999999994, 121.91777343749999 29.135009765625, 121.853515625 29.12890625, 121.79082031249999 29.22568359375, 121.71748046875001 29.25634765625, 121.65595703125001 29.236132812499996, 121.53369140625 29.236718749999994, 121.48710937499999 29.193164062499996, 121.44765625000002 29.13134765625, 121.52089843750002 29.118457031249996, 121.66494140625002 29.010595703125, 121.6796875 28.953125, 121.64101562500002 28.915917968749994, 121.5400390625 28.931884765625, 121.66250000000002 28.851416015625, 121.63007812500001 28.767919921875, 121.59033203125 28.734814453124997, 121.51914062500003 28.713671874999996, 121.47519531250003 28.641406249999996, 121.5380859375 28.52109375, 121.60205078125 28.366601562499994, 121.60996093750003 28.292138671874994, 121.50996093750001 28.324267578124996, 121.35458984375003 28.229882812499994, 121.27226562499999 28.222119140624997, 121.216796875 28.34619140625, 121.14570312500001 28.32666015625, 121.09843749999999 28.29052734375, 121.03544921874999 28.157275390624996, 120.95859375000003 28.037011718749994, 120.89248046875002 28.00390625, 120.81298828125 28.013378906249997, 120.74765625000003 28.009960937499997, 120.76347656249999 27.977441406249994, 120.8330078125 27.937792968749996, 120.8330078125 27.891455078125, 120.68515625000003 27.744580078124997, 120.66132812500001 27.687890624999994, 120.66484374999999 27.639453124999996, 120.58750000000003 27.580761718749997, 120.62910156250001 27.482128906249997, 120.60751953125003 27.412402343749996, 120.53984374999999 27.318359375, 120.46865234375002 27.256249999999994, 120.38457031249999 27.155517578125, 120.27871093750002 27.097070312499994, 120.13857421875002 26.886132812499994, 120.09746093749999 26.780664062499994, 120.08671874999999 26.671582031249997, 120.04296875 26.633837890624996, 119.9677734375 26.586376953124997, 119.88222656250002 26.61044921875, 119.87949218750003 26.683007812499994, 119.84238281250003 26.689306640625, 119.8212890625 26.7369140625, 119.81513671875001 26.797607421875, 119.82421875 26.846386718749997, 119.78867187500003 26.831494140624997, 119.76669921875003 26.774707031249996, 119.71044921875 26.728662109374994, 119.65156250000001 26.747265624999997, 119.58818359374999 26.784960937499996, 119.58994140625003 26.73046875, 119.62363281250003 26.67587890625, 119.63818359375 26.62119140625, 119.72597656250002 26.609423828124996, 119.78476562500003 26.546630859375, 119.83115234375003 26.4501953125, 119.84033203125 26.41416015625, 119.87646484375 26.370947265625, 119.88105468750001 26.334179687499997, 119.79726562500002 26.300146484375, 119.69267578124999 26.23642578125, 119.56708984375001 26.127343749999994, 119.46308593750001 26.0546875, 119.36972656250003 26.054052734375, 119.31308593750003 26.062548828124996, 119.23212890625001 26.104394531249994, 119.13945312499999 26.121777343749997, 119.26376953125003 25.974804687499997, 119.33203125 25.94873046875, 119.41777343749999 25.954345703125, 119.50087890625002 26.009179687499994, 119.61875000000003 26.003564453124994, 119.64824218749999 25.918701171875, 119.61689453125001 25.822900390624994, 119.55283203125003 25.698681640624997, 119.53945312500002 25.591259765624997, 119.619140625 25.437451171874997, 119.62246093750002 25.391162109375003, 119.5927734375 25.36801757812499, 119.49921875000001 25.408642578124997, 119.42177734375002 25.459619140624994, 119.34375 25.4462890625, 119.26308593750002 25.468017578125, 119.18007812500002 25.44980468749999, 119.14628906249999 25.414306640625, 119.16933593750002 25.355712890625, 119.24355468750002 25.307031249999994, 119.28554687500002 25.232226562500003, 119.23554687500001 25.205957031249994, 119.02460937500001 25.223437500000003, 118.9775390625 25.209277343750003, 118.91445312500002 25.12680664062499, 118.95566406250003 25.004785156249994, 118.90908203125002 24.928906249999997, 118.82207031249999 24.9111328125, 118.70751953125 24.849804687499997, 118.63691406250001 24.83554687499999, 118.64023437500003 24.80908203125, 118.69179687500002 24.78232421874999, 118.71914062500002 24.746142578125003, 118.65703124999999 24.62143554687499, 118.56035156249999 24.580371093750003, 118.41201171875002 24.600732421874994, 118.29531250000002 24.57275390625, 118.19453125000001 24.62583007812499, 118.08710937500001 24.627001953125003, 118.01386718750001 24.55991210937499, 118.00595703125003 24.481982421875003, 117.84267578125002 24.474316406249997, 117.84824218750003 24.43247070312499, 117.87900390625003 24.395898437499994, 118.02421874999999 24.379638671875, 118.05058593749999 24.3271484375, 118.05605468750002 24.24609375, 117.90410156249999 24.1064453125, 117.83945312500003 24.01230468749999, 117.74169921875 24.014794921874994, 117.66787109375002 23.939257812500003, 117.62822265624999 23.836718750000003, 117.57919921875003 23.856982421875003, 117.46640625000003 23.840576171875, 117.43310546875 23.791699218749997, 117.45957031250003 23.771484375, 117.46220703124999 23.736230468749994, 117.4169921875 23.620996093749994, 117.36767578125 23.588623046875, 117.3466796875 23.6357421875, 117.33076171875001 23.708789062500003, 117.29082031249999 23.71435546875, 117.22500000000002 23.647021484375003, 117.14814453125001 23.598779296874994, 117.08251953125 23.578759765624994, 117.03281250000003 23.623437499999994, 116.91064453125 23.646679687499997, 116.86093750000003 23.453076171874997, 116.75957031249999 23.382519531249997, 116.71210937500001 23.360498046874994, 116.62939453125 23.35385742187499, 116.68232421875001 23.327392578125, 116.69882812500003 23.277783203124997, 116.66914062500001 23.228173828124994, 116.58642578125 23.21826171875, 116.53828125000001 23.1796875, 116.51982421874999 23.006591796875, 116.470703125 22.94589843749999, 116.34550781249999 22.941064453124994, 116.25185546875002 22.981347656249994, 116.22207031250002 22.94956054687499, 116.20634765624999 22.918652343749997, 116.15742187500001 22.887451171875, 116.06259765625003 22.879101562499997, 115.85214843750003 22.801562500000003, 115.64042968749999 22.853417968749994, 115.56113281250003 22.82470703125, 115.53466796875 22.765185546875003, 115.49833984374999 22.71884765624999, 115.38251953125001 22.71884765624999, 115.28994140625002 22.77597656249999, 115.19580078125 22.817285156249994, 115.09150390625001 22.781689453124997, 115.01210937500002 22.708935546874997, 114.91445312500002 22.684619140625003, 114.89638671875002 22.63950195312499, 114.85380859374999 22.61679687499999, 114.75039062500002 22.62631835937499, 114.71113281250001 22.738720703124997, 114.65166015624999 22.755273437499994, 114.5927734375 22.698437499999997, 114.57197265625001 22.654052734375, 114.54443359375 22.62060546875, 114.55419921875 22.52890624999999, 114.49619140625003 22.527050781249997, 114.42011718750001 22.583251953125, 114.34062499999999 22.593212890624997, 114.26601562500002 22.540966796874997, 114.29111328125003 22.499462890624997, 114.28457031250002 22.45761718749999, 114.3251953125 22.437402343749994, 114.33525390624999 22.396240234375, 114.29052734375 22.373779296875, 114.28789062499999 22.32529296874999, 114.26796875000002 22.295556640624994, 114.13906250000002 22.348437500000003, 114.03281250000003 22.375878906249994, 113.93730468749999 22.364990234375, 113.90253906250001 22.39609374999999, 113.896484375 22.428173828124997, 114.00673828125002 22.484033203124994, 114.01542968749999 22.511914062499997, 113.93115234375 22.531054687500003, 113.82832031250001 22.607226562500003, 113.75449218750003 22.733642578125, 113.6611328125 22.801660156249994, 113.61962890625 22.86142578124999, 113.60341796875002 22.968896484374994, 113.58632812500002 23.02001953125, 113.59218750000002 23.076953125000003, 113.62050781250002 23.127490234375003, 113.51972656250001 23.102099609375003, 113.4453125 23.055078124999994, 113.46035156250002 22.99570312499999, 113.44189453125 22.940576171874994, 113.3310546875 22.912011718749994, 113.34482421875003 22.86459960937499, 113.43203125000002 22.78940429687499, 113.44980468750003 22.726123046875003, 113.48476562500002 22.6923828125, 113.55302734374999 22.594042968750003, 113.55146484375001 22.40415039062499, 113.5888671875 22.350488281249994, 113.54814453124999 22.222607421874997, 113.36738281250001 22.164843750000003, 113.32773437500003 22.145410156249994, 113.26640624999999 22.088769531249994, 113.14902343750003 22.075000000000003, 113.08876953125002 22.207958984374997, 113.00820312500002 22.119335937499997, 112.98378906250002 21.938232421875, 112.95390624999999 21.90732421874999, 112.90380859375 21.88144531249999, 112.80859375 21.944628906250003, 112.66074218750003 21.85947265624999, 112.63408203124999 21.819873046875003, 112.58632812500002 21.77685546875, 112.49472656250003 21.818310546874997, 112.42128906250002 21.880615234375, 112.439453125 21.92734374999999, 112.42929687500003 21.95810546874999, 112.39609375000003 21.981347656249994, 112.35966796874999 21.97802734375, 112.37744140625 21.91748046875, 112.38974609375003 21.801220703124997, 112.3564453125 21.767578125, 112.30498046874999 21.74169921875, 112.193359375 21.763134765624997, 112.1171875 21.80649414062499, 112.02519531249999 21.843017578125, 111.94394531250003 21.849658203125003, 111.92646484375001 21.776269531249994, 111.87343750000002 21.71713867187499, 111.82460937500002 21.709765625000003, 111.77597656250003 21.71923828125, 111.7119140625 21.655224609374997, 111.681640625 21.60849609374999, 111.60273437500001 21.55908203125, 111.39238281249999 21.535107421874997, 111.31914062499999 21.486132812500003, 111.22060546875002 21.493896484375, 111.14423828125001 21.482226562500003, 111.1005859375 21.48471679687499, 111.06113281250003 21.510986328125, 111.01689453124999 21.51171875, 110.99677734375001 21.43027343749999, 110.87802734375003 21.395947265624997, 110.77109375000003 21.386523437500003, 110.65214843749999 21.279101562500003, 110.56718749999999 21.214062499999997, 110.50429687500002 21.207421874999994, 110.4580078125 21.23056640624999, 110.4345703125 21.326904296875, 110.41093749999999 21.338134765625, 110.3974609375 21.247705078124994, 110.37460937500003 21.17236328125, 110.33115234375003 21.13134765625, 110.19355468750001 21.037646484375003, 110.15400390625001 20.944628906250003, 110.18037109375001 20.858593749999997, 110.36542968750001 20.837597656249997, 110.38847656249999 20.79052734375, 110.37050781250002 20.75205078124999, 110.326171875 20.719921874999997, 110.31308593750003 20.671679687500003, 110.51152343749999 20.518261718749997, 110.517578125 20.460009765625003, 110.48691406250003 20.42685546874999, 110.44951171874999 20.355419921874997, 110.3447265625 20.294824218749994, 110.12314453125003 20.263720703125003, 109.9384765625 20.295117187499997, 109.88251953125001 20.364062500000003, 109.88583984375003 20.413134765625003, 109.931640625 20.398876953124997, 109.98388671875 20.403271484374997, 109.96835937500003 20.448144531249994, 109.94638671875003 20.474365234375, 109.86103515625001 20.514306640624994, 109.7919921875 20.621875000000003, 109.80527343750003 20.711474609375003, 109.76738281249999 20.780712890624997, 109.72626953125001 20.838769531249994, 109.68476562500001 20.87363281249999, 109.66259765625 20.916894531249994, 109.70449218750002 21.052734375, 109.68125000000003 21.131640625000003, 109.76015625000002 21.22836914062499, 109.77958984374999 21.337451171875003, 109.92109375000001 21.37646484375, 109.93076171875003 21.48056640624999, 109.82958984375 21.483593749999997, 109.75937500000003 21.56005859375, 109.74335937500001 21.527978515624994, 109.68691406250002 21.524609374999997, 109.59433593750003 21.67197265624999, 109.56640625 21.690576171874994, 109.521484375 21.693408203125003, 109.54404296875003 21.53793945312499, 109.435546875 21.4794921875, 109.3466796875 21.45395507812499, 109.22041015625001 21.443408203125003, 109.14863281250001 21.425537109375, 109.08154296875 21.44028320312499, 109.09814453125 21.487353515625003, 109.13349609375001 21.543603515624994, 109.10175781250001 21.590478515624994, 109.03056640624999 21.626513671875003, 108.92177734375002 21.624414062499994, 108.84638671875001 21.634472656249997, 108.77167968750001 21.63046874999999, 108.67451171875001 21.724658203125003, 108.61582031250003 21.770458984374997, 108.58935546875 21.815966796875003, 108.61582031250003 21.868896484375, 108.59375 21.901025390624994, 108.47988281250002 21.90463867187499, 108.49257812500002 21.739404296874994, 108.52568359374999 21.67138671875, 108.50214843750001 21.633447265624994, 108.4443359375 21.607324218749994, 108.3828125 21.67919921875, 108.35458984375003 21.696923828124994, 108.32480468750003 21.693505859374994, 108.30214843750002 21.62192382812499, 108.24628906250001 21.558398437500003, 108.14560546875003 21.565185546875, 108.0673828125 21.52597656249999, 107.92578125 21.498925781249994, 107.80908203125 21.497119140625003, 107.70722656250001 21.40585937499999, 107.63671875 21.368066406249994, 107.52695312500003 21.336230468750003, 107.40996093749999 21.284814453124994, 107.37617187500001 21.194140625000003, 107.37333984374999 21.128466796875003, 107.35429687499999 21.05517578125, 107.16474609375001 20.94873046875, 107.11171875000002 20.95957031249999, 107.0751953125 20.999267578125, 107.01923828125001 20.9912109375, 106.9814453125 20.971386718749997, 106.93642578125002 20.974072265624997, 106.88623046875 20.950000000000003, 106.82060546874999 20.95751953125, 106.76025390625 20.991113281249994, 106.72519531250003 20.999902343749994, 106.68339843749999 21.000292968750003, 106.67548828125001 20.960498046875003, 106.7373046875 20.80615234375, 106.75341796875 20.735058593749997, 106.55078125 20.526562499999997, 106.57285156250003 20.39218749999999, 106.51796875000002 20.288867187500003, 106.3955078125 20.20590820312499, 106.16572265625001 19.99204101562499, 106.06220703125001 19.987353515625003, 106 19.94890179443358, 106 22, 104 22, 101 22.5, 99 26.833333333333332, 99 28, 98.46153846153847 28, 98 29, 96 29, 96 27.944444444444443, 88 27.5, 74 35, 75 35, 75 37, 78 42, 78.27586206896552 42.41379310344828, 80 42.5, 87 49.5, 110 50, 120 50, 135 48, 139.02849281478103 47.42450102645985, 139.00136718750002 47.38330078125, 138.58681640625002 47.0572265625, 138.52968750000002 46.976220703124994, 138.50048828125 46.88984375, 138.391796875 46.745068359375, 138.3369140625 46.543408203125, 138.21015625 46.462939453124996, 138.10634765625002 46.250732421875, 137.76914062500003 45.928515624999996, 137.68544921875002 45.818359375, 137.42519531250002 45.639990234375, 137.14697265625 45.393505859375, 136.80351562500005 45.171142578125, 136.73720703125002 45.080029296875, 136.60410156250003 44.978173828124994, 136.46044921875 44.822119140625, 136.251171875 44.666796874999996, 136.20869140625 44.56201171875, 136.14228515625 44.489111328125, 135.98701171875 44.439843749999994, 135.87460937500003 44.37353515625, 135.533203125 43.971484374999996, 135.48906250000005 43.898828124999994), (100 40, 99 40, 99 29, 100 29, 100 40)), ((138.46132812500002 38.291455078125, 138.50361328125 38.31591796875, 138.51005859375005 38.258984375, 138.46279296875002 38.124316406249996, 138.45361328125 38.07568359375, 138.5751953125 38.06552734375, 138.49697265625002 37.90390625, 138.34404296875005 37.822119140625, 138.2490234375 37.819580078125, 138.22519531250003 37.829394531249996, 138.28281250000003 37.85419921875, 138.28789062500005 37.895800781249996, 138.322265625 37.969531249999996, 138.32167968750002 37.9908203125, 138.24619140625003 37.994580078125, 138.25 38.078466796875, 138.30634765625 38.1611328125, 138.46132812500002 38.291455078125)), ((134.90546875 34.398291015625, 134.9328125 34.288134765624996, 134.8244140625 34.202929687499996, 134.7306640625 34.208886718749994, 134.68349609375002 34.246972656249994, 134.66787109375002 34.294140625, 134.75722656250002 34.3681640625, 134.83427734375005 34.47265625, 134.90410156250005 34.519091796874996, 134.96074218750005 34.544921875, 135.00468750000005 34.54404296875, 134.90546875 34.398291015625)), ((132.40517578125002 33.33125, 132.41279296875 33.430468749999996, 132.37490234375002 33.43408203125, 132.28105468750005 33.416796874999996, 132.08583984375002 33.340136718749996, 132.03261718750002 33.339990234374994, 132.114453125 33.394580078124996, 132.28789062500005 33.469531249999996, 132.36591796875 33.512451171875, 132.53603515625002 33.63291015625, 132.64306640625 33.68994140625, 132.69892578125 33.790917968749994, 132.71621093750002 33.85224609375, 132.75234375000002 33.906152343749994, 132.78427734375003 33.992431640625, 132.83945312500003 34.021240234375, 132.93515625000003 34.0953125, 132.99013671875002 34.088134765625, 133.05126953125 33.997119140624996, 133.13369140625002 33.927294921874996, 133.19306640625 33.933203125, 133.298828125 33.968994140625, 133.3498046875 33.97705078125, 133.47207031250002 33.972802734374994, 133.58203125 34.017138671874996, 133.62675781250005 34.069384765624996, 133.64345703125002 34.134667968749994, 133.60263671875003 34.24384765625, 133.65556640625005 34.232861328125, 133.70625 34.237353515624996, 133.82558593750002 34.3068359375, 133.94833984375003 34.348046874999994, 134.07587890625 34.3583984375, 134.21923828125 34.31904296875, 134.357421875 34.25634765625, 134.49570312500003 34.214746093749994, 134.63750000000005 34.226611328124996, 134.63525390625 34.0439453125, 134.65537109375003 33.9826171875, 134.6953125 33.927734375, 134.6748046875 33.847802734374994, 134.73886718750003 33.8205078125, 134.54873046875002 33.729296874999996, 134.37705078125003 33.6083984375, 134.24267578125 33.439453125, 134.20566406250003 33.346972656249996, 134.181640625 33.247216796874994, 134.12412109375003 33.286767578124994, 133.95869140625 33.44833984375, 133.85400390625 33.49267578125, 133.68564453125003 33.51630859375, 133.63203125 33.510986328125, 133.28593750000005 33.3599609375, 133.23994140625 33.249609375, 133.14560546875003 33.083154296874994, 133.10087890625005 33.028222656249994, 133.05117187500002 33.012451171875, 133.01601562500002 32.98388671875, 132.97724609375 32.8419921875, 132.86992187500005 32.75458984375, 132.80429687500003 32.752001953124996, 132.69218750000005 32.775927734374996, 132.641796875 32.762451171875, 132.708984375 32.902490234374994, 132.60195312500002 32.91953125, 132.4951171875 32.9166015625, 132.49257812500002 33.007666015625, 132.42783203125003 33.059374999999996, 132.47578125 33.12646484375, 132.47714843750003 33.18115234375, 132.50527343750002 33.211279296875, 132.51503906250002 33.25537109375, 132.51142578125 33.29306640625, 132.44541015625003 33.304589843749994, 132.40517578125002 33.33125)), ((134.18828125000005 34.496337890625, 134.18212890625 34.51923828125, 134.32597656250005 34.534375, 134.372265625 34.522363281249994, 134.333203125 34.463769531249994, 134.31533203125002 34.4689453125, 134.25185546875002 34.423046875, 134.23808593750005 34.467041015625, 134.18828125000005 34.496337890625)), ((133.2392578125 36.178759765624996, 133.18994140625 36.2326171875, 133.20615234375003 36.293408203125, 133.29570312500005 36.340136718749996, 133.38125000000002 36.246386718749996, 133.37050781250002 36.203857421875, 133.32470703125 36.16650390625, 133.2392578125 36.178759765624996)), ((132.4962890625 34.121972656249994, 132.52353515625003 34.1640625, 132.54345703125 34.172656249999996, 132.56015625000003 34.126904296875, 132.57841796875005 34.115185546875, 132.54941406250003 34.075097656249994, 132.4609375 34.087255859375, 132.4962890625 34.121972656249994)), ((132.31455078125003 33.908593749999994, 132.43046875000005 33.92353515625, 132.44492187500003 33.91318359375, 132.41103515625002 33.879931640624996, 132.35996093750003 33.847021484375, 132.26728515625 33.871484374999994, 132.20878906250005 33.872851562499996, 132.20058593750002 33.927783203124996, 132.2080078125 33.947802734374996, 132.26601562500002 33.945166015625, 132.31455078125003 33.908593749999994)), ((130.78974609375 31.269091796874996, 130.77421875000005 31.383203124999994, 130.708984375 31.526074218749997, 130.70419921875003 31.577441406249996, 130.77978515625 31.6041015625, 130.79628906250002 31.624072265624996, 130.796875 31.671289062499994, 130.77626953125002 31.706298828125, 130.71455078125 31.717675781249994, 130.65507812500005 31.718408203124994, 130.6134765625 31.665429687499994, 130.55605468750002 31.5630859375, 130.52812500000005 31.459667968749997, 130.54042968750002 31.403076171875, 130.56591796875 31.352392578125, 130.64453125 31.267480468749994, 130.62148437500002 31.217529296875, 130.58876953125002 31.178515624999996, 130.31064453125003 31.266894531249996, 130.25058593750003 31.273193359375, 130.20068359375 31.291894531249994, 130.14726562500005 31.408496093749996, 130.294140625 31.45068359375, 130.306640625 31.48779296875, 130.32197265625 31.601464843749994, 130.26894531250002 31.696337890624996, 130.18789062500002 31.768847656249996, 130.2109375 31.848974609375, 130.19580078125 31.949853515624994, 130.19443359375003 32.090771484375, 130.2140625 32.115039062499996, 130.31914062500005 32.143505859375, 130.39492187500002 32.218994140625, 130.46201171875003 32.304931640625, 130.56035156250005 32.4560546875, 130.64052734375002 32.61923828125, 130.56328125000005 32.626367187499994, 130.49785156250005 32.65693359375, 130.56943359375003 32.734130859375, 130.54726562500002 32.831591796874996, 130.4404296875 32.9513671875, 130.38173828125002 33.092578124999996, 130.2873046875 33.15478515625, 130.2375 33.177636718749994, 130.17685546875003 33.14453125, 130.12685546875002 33.104833984375, 130.17314453125005 33.012988281249996, 130.16777343750005 32.931787109374994, 130.175 32.851318359375, 130.22216796875 32.846826171874994, 130.28007812500005 32.866845703124994, 130.32646484375005 32.85263671875, 130.353515625 32.810351562499996, 130.36083984375 32.755859375, 130.34042968750003 32.70185546875, 130.29765625000005 32.675, 130.24550781250002 32.677148437499994, 130.19296875000003 32.706298828125, 130.15205078125 32.747851562499996, 130.05410156250002 32.770800781249996, 129.95078125000003 32.721728515624996, 129.8525390625 32.621728515624994, 129.7685546875 32.57099609375, 129.80810546875 32.645263671875, 129.82675781250003 32.725341796875, 129.78593750000005 32.781640624999994, 129.69003906250003 32.875244140625, 129.66777343750005 32.92939453125, 129.6623046875 32.994921874999996, 129.67910156250002 33.059960937499994, 129.77773437500002 32.985546875, 129.8283203125 32.89267578125, 129.90078125000002 32.851904296875, 129.99169921875 32.8515625, 129.921875 32.98798828125, 129.89677734375005 33.022363281249994, 129.79873046875002 33.08359375, 129.6650390625 33.18662109375, 129.580078125 33.236279296875, 129.61015625000005 33.343652343749994, 129.65996093750005 33.364990234375, 129.84414062500002 33.32177734375, 129.85751953125003 33.375244140625, 129.83662109375 33.40380859375, 129.82568359375 33.43701171875, 129.919140625 33.48349609375, 130.07207031250005 33.521777343749996, 130.10341796875002 33.539697265624994, 130.13056640625 33.578173828124996, 130.16796875 33.598291015624994, 130.27509765625 33.597705078124996, 130.36503906250005 33.63447265625, 130.439453125 33.734228515625, 130.4572265625 33.788964843749994, 130.48378906250002 33.834619140624994, 130.66953125000003 33.915478515625, 130.71562500000005 33.927783203124996, 130.83964843750005 33.917773437499996, 130.953125 33.872021484375, 131.05810546875 33.6728515625, 131.17460937500005 33.602587890624996, 131.30917968750003 33.57275390625, 131.36601562500005 33.5708984375, 131.41875000000005 33.584423828125, 131.49882812500005 33.623583984374996, 131.5830078125 33.652392578124996, 131.64306640625 33.63779296875, 131.6962890625 33.602832031249996, 131.72421875000003 33.55380859375, 131.71064453125 33.502343749999994, 131.61552734375005 33.391845703125, 131.53740234375005 33.274072265624994, 131.71708984375005 33.252099609374994, 131.89658203125003 33.25458984375, 131.8546875 33.181640625, 131.8478515625 33.118066406249994, 131.90273437500002 33.087792968749994, 131.94931640625003 33.0470703125, 131.93720703125 33.010156249999994, 131.91044921875005 32.973681640624996, 132.00859375000005 32.91904296875, 132.0021484375 32.882373046874996, 131.97666015625003 32.8439453125, 131.73212890625 32.592822265624996, 131.6603515625 32.465624999999996, 131.5646484375 32.223046874999994, 131.50566406250005 32.001953125, 131.46025390625005 31.883496093749997, 131.47529296875 31.77841796875, 131.4599609375 31.670800781249994, 131.33720703125005 31.404687499999994, 131.24970703125 31.409619140624997, 131.13974609375003 31.441845703124997, 131.07080078125 31.436865234375, 131.03515625 31.377685546875, 131.09843750000005 31.256152343749996, 130.90224609375002 31.112060546875, 130.6857421875 31.01513671875, 130.68417968750003 31.059277343749997, 130.70449218750002 31.094091796875, 130.73574218750002 31.1220703125, 130.75839843750003 31.155810546874996, 130.78974609375 31.269091796874996)), ((130.99257812500002 30.529980468749997, 130.95976562500005 30.396923828124997, 130.87216796875003 30.386328125, 130.8703125 30.444238281249994, 130.93994140625 30.575097656249994, 130.94736328125003 30.671191406249996, 131.01220703125 30.792285156249996, 131.06035156250005 30.828466796875, 131.08261718750003 30.790869140625, 131.05742187500005 30.642480468749994, 130.99257812500002 30.529980468749997)), ((130.93427734375 37.529736328125, 130.916015625 37.478466796875, 130.87060546875 37.44873046875, 130.81679687500002 37.478466796875, 130.81025390625 37.509912109374994, 130.83837890625 37.53720703125, 130.90371093750002 37.5537109375, 130.93427734375 37.529736328125)), ((130.38808593750002 30.38818359375, 130.49716796875003 30.465527343749997, 130.67324218750002 30.366894531249997, 130.62275390625 30.262988281249996, 130.50820312500002 30.241406249999997, 130.44560546875005 30.264697265624996, 130.38808593750002 30.38818359375)), ((130.2560546875 32.431005859375, 130.24169921875 32.462792968749994, 130.3654296875 32.527197265625, 130.46142578125 32.51572265625, 130.41855468750003 32.45771484375, 130.3810546875 32.423730468749994, 130.29257812500003 32.419335937499994, 130.2560546875 32.431005859375)), ((129.97929687500005 32.34619140625, 130.02128906250005 32.46884765625, 130.009765625 32.521630859374994, 130.16777343750005 32.5412109375, 130.19667968750002 32.491601562499994, 130.19951171875005 32.340576171875, 130.08251953125 32.2296875, 130.00351562500003 32.193994140624994, 129.993359375 32.228173828124994, 129.96015625 32.24375, 130.01728515625 32.291845703125, 130.01533203125 32.313671875, 129.97929687500005 32.34619140625)), ((129.79570312500005 33.748828124999996, 129.7265625 33.707324218749996, 129.6748046875 33.739697265625, 129.70000000000005 33.828906249999996, 129.71728515625 33.8583984375, 129.7763671875 33.82919921875, 129.79570312500005 33.748828124999996)), ((129.7873046875 31.787109375, 129.79365234375 31.742480468749996, 129.71796875 31.657128906249994, 129.68681640625005 31.6396484375, 129.70683593750005 31.71826171875, 129.7873046875 31.787109375)), ((129.43906250000003 28.254785156249994, 129.45253906250002 28.208984375, 129.36640625 28.127734374999996, 129.27490234375 28.200878906249997, 129.16464843750003 28.249755859375, 129.21708984375005 28.262939453125, 129.24785156250005 28.282519531249996, 129.25087890625002 28.31357421875, 129.3224609375 28.359619140625, 129.46455078125 28.395263671875, 129.50966796875002 28.397509765624996, 129.560546875 28.431054687499994, 129.5771484375 28.461279296875, 129.59804687500002 28.475878906249996, 129.68955078125003 28.517480468749994, 129.71464843750005 28.469628906249994, 129.71044921875 28.43212890625, 129.64169921875003 28.411279296874994, 129.57460937500002 28.361181640625, 129.5126953125 28.298730468749994, 129.45673828125 28.272314453125, 129.43906250000003 28.254785156249994)), ((129.56992187500003 33.36103515625, 129.50810546875005 33.284326171874994, 129.49179687500003 33.223046874999994, 129.42138671875 33.175830078124996, 129.37041015625005 33.176025390625, 129.4169921875 33.231103515624994, 129.42314453125005 33.257373046874996, 129.4619140625 33.33125, 129.53798828125002 33.357763671875, 129.56992187500003 33.36103515625)), ((129.26669921875003 34.370458984375, 129.32939453125005 34.521874999999994, 129.32587890625 34.607275390625, 129.45107421875002 34.686572265624996, 129.47246093750005 34.671337890625, 129.48017578125 34.649462890624996, 129.46914062500002 34.615527343749996, 129.47539062500005 34.540429687499994, 129.38144531250003 34.416455078125, 129.38564453125002 34.353662109374994, 129.36533203125003 34.305517578125, 129.29746093750003 34.339599609375, 129.26669921875003 34.370458984375)), ((129.21445312500003 34.082812499999996, 129.18642578125002 34.14501953125, 129.21484375 34.320654296875, 129.337109375 34.284765625, 129.33505859375003 34.230810546875, 129.2794921875 34.123388671875, 129.21445312500003 34.082812499999996)), ((129.33056640625 28.081591796874996, 129.232421875 28.101123046874996, 129.19248046875003 28.19248046875, 129.25742187500003 28.176171874999994, 129.27734375 28.144726562499997, 129.32402343750005 28.104931640624997, 129.33056640625 28.081591796874996)), ((129.051953125 32.829492187499994, 129.01962890625003 32.91962890625, 128.997265625 32.95185546875, 129.03496093750005 32.969091796875, 129.10976562500002 33.132568359375, 129.12363281250003 33.067675781249996, 129.15273437500002 33.003320312499994, 129.18193359375005 32.993115234375, 129.153515625 32.946191406249994, 129.11162109375005 32.928857421874994, 129.07695312500005 32.840283203125, 129.051953125 32.829492187499994)), ((128.8828125 27.842431640624994, 128.90761718750002 27.897998046874996, 128.95166015625 27.91025390625, 128.98974609375 27.8111328125, 129.01640625000005 27.770214843749997, 128.99814453125003 27.72080078125, 128.95625 27.702490234375, 128.90000000000003 27.727783203125, 128.8828125 27.842431640624994)), ((128.80605468750002 32.7759765625, 128.83857421875 32.762890625, 128.87939453125 32.693310546875, 128.89453125 32.652148437499996, 128.79042968750002 32.63671875, 128.75048828125 32.5861328125, 128.69296875000003 32.604736328125, 128.65732421875003 32.62841796875, 128.64912109375 32.662011718749994, 128.66533203125005 32.78388671875, 128.7041015625 32.756884765624996, 128.80605468750002 32.7759765625)), ((128.4892578125 34.865283203124996, 128.5859375 34.932275390624994, 128.66796875 35.0087890625, 128.721875 35.013574218749994, 128.74101562500005 34.79853515625, 128.6466796875 34.736865234374996, 128.51953125 34.819580078125, 128.4892578125 34.865283203124996)), ((127.86923828125003 26.380566406249997, 127.90478515625 26.328125, 127.84873046875003 26.3189453125, 127.79013671875003 26.255078124999997, 127.78554687500002 26.208691406249997, 127.80644531250005 26.171240234375, 127.80361328125002 26.152539062499997, 127.72939453125002 26.09716796875, 127.65312500000005 26.0947265625, 127.65488281250003 26.199169921874997, 127.72705078125 26.307910156249996, 127.72890625000002 26.433935546875, 127.7958984375 26.448535156249996, 127.82041015625003 26.466064453125, 127.92597656250001 26.555712890624996, 127.94550781250001 26.593945312499997, 127.89082031250001 26.631054687499997, 127.89482421875005 26.674951171874994, 127.9072265625 26.693603515625, 127.99433593750001 26.679443359375, 128.02968750000002 26.646874999999994, 128.04677734375002 26.643310546875, 128.09765625 26.667773437499996, 128.12158203125 26.71142578125, 128.21650390625 26.796875, 128.2548828125 26.881884765624996, 128.33164062500003 26.812109375, 128.31093750000002 26.720703125, 128.2587890625 26.652783203124997, 128.16250000000002 26.60693359375, 128.126953125 26.55224609375, 128.03789062500005 26.533593749999994, 127.95126953125003 26.456494140624997, 127.86708984375002 26.44248046875, 127.86923828125003 26.380566406249997)), ((127.96562500000005 34.893017578125, 128.03798828125002 34.87861328125, 128.06582031250002 34.805859375, 128.0546875 34.708056640624996, 127.98398437500003 34.70322265625, 127.94179687500002 34.766259765624994, 127.89687500000002 34.735498046874994, 127.87343750000002 34.7349609375, 127.83828125000002 34.813330078125, 127.83222656250001 34.87451171875, 127.91542968750002 34.92099609375, 127.96562500000005 34.893017578125)), ((127.78779296875001 34.58408203125, 127.7373046875 34.630908203124996, 127.787109375 34.68212890625, 127.79902343750001 34.615039062499996, 127.78779296875001 34.58408203125)), ((126.75986328125003 33.55322265625, 126.90117187499999 33.51513671875, 126.93125000000003 33.44384765625, 126.90537109375003 33.382373046874996, 126.87285156249999 33.341162109375, 126.70917968750001 33.2716796875, 126.58173828125001 33.238330078124996, 126.32695312499999 33.2236328125, 126.28203124999999 33.201513671875, 126.22900390625 33.225244140624994, 126.1787109375 33.282568359375, 126.16562500000003 33.31201171875, 126.19941406250001 33.368066406249994, 126.33769531249999 33.460400390625, 126.69550781250001 33.54931640625, 126.75986328125003 33.55322265625)), ((126.76992187500002 34.296435546874996, 126.68906250000003 34.305419921875, 126.64609375000003 34.351123046874996, 126.65185546875 34.39033203125, 126.69999999999999 34.395898437499994, 126.75302734375003 34.343994140625, 126.76992187500002 34.296435546874996)), ((126.46083984375002 37.6103515625, 126.42333984375 37.6236328125, 126.4072265625 37.6494140625, 126.36933593750001 37.772021484374996, 126.41162109375 37.822656249999994, 126.49355468750002 37.782568359375, 126.52070312500001 37.73681640625, 126.51601562500002 37.6046875, 126.46083984375002 37.6103515625)), ((126.31855468750001 36.612548828125, 126.38662109375002 36.571142578125, 126.41757812500003 36.492578124999994, 126.40380859375 36.427880859374994, 126.33750000000003 36.470556640625, 126.31855468750001 36.612548828125)), ((126.10859375000001 34.398730468749996, 126.12285156249999 34.4439453125, 126.22705078125 34.53271484375, 126.24746093750002 34.563330078125, 126.34384765625003 34.544921875, 126.3798828125 34.497949218749994, 126.33544921875 34.426416015624994, 126.23369140624999 34.370507812499994, 126.16972656249999 34.35517578125, 126.1337890625 34.389599609375, 126.10859375000001 34.398730468749996)), ((126.07060546874999 34.783056640625, 126.05205078124999 34.837548828124994, 126.00751953125001 34.867480468749996, 126.07841796874999 34.914843749999996, 126.16855468750003 34.8296875, 126.17197265625003 34.73115234375, 126.15878906250003 34.706982421875, 126.115234375 34.714208984375, 126.07060546874999 34.783056640625)), ((125.28359375000002 24.87192382812499, 125.31494140625 24.85239257812499, 125.33457031250003 24.8046875, 125.40185546875 24.77685546875, 125.44414062499999 24.7431640625, 125.359375 24.717089843750003, 125.26894531250002 24.73251953124999, 125.28359375000002 24.87192382812499)), ((124.88955078125002 39.602099609374996, 124.9345703125 39.607812499999994, 124.9052734375 39.536279296874994, 124.84892578124999 39.507568359375, 124.84609375000002 39.558886718749996, 124.88955078125002 39.602099609374996)), ((124.71660156249999 37.98876953125, 124.74453125000002 37.980615234374994, 124.75546875000003 37.96982421875, 124.75371093749999 37.95517578125, 124.69667968750002 37.920166015625, 124.65585937500003 37.924755859375, 124.62539062500002 37.945214843749994, 124.63593750000001 37.980615234374994, 124.6611328125 37.973437499999996, 124.71660156249999 37.98876953125)), ((124.08476562499999 24.435839843750003, 124.12041015624999 24.469628906249994, 124.17021484374999 24.451855468749997, 124.21054687500003 24.458642578124994, 124.30195312500001 24.587109374999997, 124.32402343749999 24.566357421874997, 124.29316406250001 24.515917968750003, 124.23427734375002 24.358056640624994, 124.18564453125003 24.33505859374999, 124.1357421875 24.347607421874997, 124.08476562499999 24.435839843750003)), ((123.82558593750002 24.266064453124997, 123.74980468749999 24.28330078124999, 123.6806640625 24.288037109374997, 123.67978515625003 24.317773437499994, 123.75234375000002 24.34848632812499, 123.75371093749999 24.391308593749997, 123.771484375 24.414453124999994, 123.93486328124999 24.362011718749997, 123.92812500000002 24.323632812499994, 123.888671875 24.28012695312499, 123.82558593750002 24.266064453124997)), ((121.57919921875003 15.623193359374994, 121.48984375000003 15.509521484375, 121.45205078125002 15.416650390624994, 121.41191406249999 15.375048828125003, 121.39228515625001 15.324414062499997, 121.39892578125 15.2666015625, 121.43496093750002 15.21630859375, 121.54352868682538 15, 120.04326290712244 15, 120.03662109375 15.114550781250003, 120.00498046875003 15.229248046875, 119.95937500000002 15.340234374999994, 119.93281250000001 15.430908203125, 119.8916015625 15.837695312500003, 119.88144531250003 15.875, 119.85966796874999 15.90576171875, 119.80820312500003 15.951953125000003, 119.76894531250002 16.008447265624994, 119.76181640625003 16.054980468750003, 119.77255859375003 16.255126953125, 119.79023437500001 16.30332031249999, 119.83076171875001 16.326562499999994, 119.88613281250002 16.287402343750003, 119.93037109375001 16.23876953125, 120.03339843750001 16.1845703125, 120.1240234375 16.066210937500003, 120.15976562500003 16.047656250000003, 120.27128906249999 16.051416015624994, 120.33701171875003 16.066455078125003, 120.36875000000003 16.109570312499997, 120.38876953125003 16.160937500000003, 120.38925781250003 16.221630859374997, 120.32499999999999 16.400341796874997, 120.30527343750003 16.529248046874997, 120.30439453125001 16.645458984374997, 120.32119140625002 16.761865234374994, 120.40888671875001 16.955615234375003, 120.42011718750001 17.090087890625, 120.41171875000003 17.269921874999994, 120.42714843750002 17.376904296874997, 120.42451171875001 17.43833007812499, 120.3720703125 17.535107421874997, 120.3583984375 17.63818359375, 120.50507812500001 18.162646484375003, 120.55097656250001 18.264062499999994, 120.58447265625 18.36874999999999, 120.59970703125003 18.507861328125003, 120.70937500000002 18.545947265625003, 120.81376953124999 18.603417968749994, 120.92500000000001 18.585107421874994, 121.05136718750003 18.613671874999994, 121.1015625 18.615283203125003, 121.25449218750003 18.563427734374997, 121.59296875000001 18.37646484375, 121.716796875 18.330078125, 121.84560546875002 18.29541015625, 121.94755859374999 18.28515625, 122.03847656250002 18.327929687500003, 122.07695312499999 18.37167968749999, 122.14667968750001 18.486572265625, 122.22119140625 18.500634765624994, 122.26552734375002 18.45883789062499, 122.2998046875 18.402783203124997, 122.31503906250003 18.3203125, 122.29384765625002 18.234277343749994, 122.22285156250001 18.157128906249994, 122.17949218749999 18.064257812500003, 122.15097656250003 17.756494140624994, 122.15234375 17.66440429687499, 122.17519531250002 17.57568359375, 122.23681640625 17.434863281250003, 122.26904296875 17.395263671875, 122.3623046875 17.344873046874994, 122.38749999999999 17.306787109374994, 122.39287109374999 17.23837890624999, 122.40751953124999 17.178124999999994, 122.46787109375003 17.15512695312499, 122.51914062500003 17.12485351562499, 122.5 17.058007812499994, 122.46796875000001 16.990039062500003, 122.42578125 16.822656249999994, 122.22587890624999 16.435205078124994, 122.21416015624999 16.351513671874997, 122.13515625000002 16.184814453125, 121.97470703125003 16.157910156249997, 121.78867187500003 16.077441406250003, 121.68515625000003 16.01474609374999, 121.59531250000003 15.933251953124994, 121.56093750000002 15.826757812499991, 121.59042968750003 15.778027343749997, 121.60917968749999 15.726025390624997, 121.60703125000003 15.669824218749994, 121.57919921875003 15.623193359374994)), ((122.33183593749999 29.934960937499994, 122.35097656250002 29.955224609374994, 122.40156250000001 29.950244140624996, 122.40390625000003 29.892382812499996, 122.39404296875 29.846093749999994, 122.36757812500002 29.852685546874994, 122.33183593749999 29.934960937499994)), ((121.96943359375001 30.143115234374996, 122.11054687500001 30.13974609375, 122.28447265624999 30.068017578124994, 122.322265625 30.031396484374994, 122.2958984375 29.963427734374996, 122.28154296874999 29.94384765625, 122.15781250000003 30.001269531249996, 122.02402343750003 30.013330078124994, 121.97783203124999 30.063818359375, 121.96943359375001 30.143115234374996)), ((122.04267578125001 29.7359375, 122.06230468749999 29.772753906249996, 122.11962890625 29.7822265625, 122.1650390625 29.70078125, 122.17255859375001 29.679003906249996, 122.16904296875003 29.66025390625, 122.08378906249999 29.725341796875, 122.04267578125001 29.7359375)), ((121.82985428945645 15, 121.83984375 15.038134765625003, 121.9716796875 15.04638671875, 122.03608059353297 15, 121.82985428945645 15)), ((121.9140625 20.359423828125003, 121.94121093749999 20.45371093749999, 121.9912109375 20.47958984374999, 122.03115234375002 20.469384765624994, 121.96005859375003 20.365869140624994, 121.94130859375002 20.353710937499997, 121.9140625 20.359423828125003)), ((121.86074218750002 18.912548828124997, 121.85976562500002 18.936767578125, 121.88886718750001 18.99155273437499, 121.943359375 19.010449218749997, 121.98789062500003 18.95664062499999, 121.85820312499999 18.822900390624994, 121.8251953125 18.842724609374997, 121.86074218750002 18.912548828124997)), ((121.85283203124999 25.104443359374997, 121.90517578125002 25.056445312500003, 121.92900390624999 24.97373046874999, 121.85624999999999 24.895263671875, 121.82011718749999 24.824511718750003, 121.81337890625002 24.746337890625, 121.82636718750001 24.640527343749994, 121.82802734375002 24.534374999999997, 121.73701171875001 24.28525390624999, 121.63935546875001 24.130078124999997, 121.61308593749999 24.052734375, 121.58339843750002 23.860888671875003, 121.52607421875001 23.668261718750003, 121.47714843750003 23.424072265625, 121.3974609375 23.172509765624994, 121.35224609375001 23.067285156249994, 121.2958984375 22.966601562500003, 121.16123046875003 22.7763671875, 121.0087890625 22.620361328125, 120.94687500000003 22.503076171874994, 120.89736328125002 22.379150390625, 120.87734375000002 22.26220703125, 120.87841796875 22.141552734374997, 120.8642578125 22.032666015624997, 120.83984375 21.924999999999997, 120.74277343750003 21.956005859374997, 120.69013671875001 22.033105468749994, 120.67802734374999 22.15966796875, 120.58125000000001 22.356396484374997, 120.47978515624999 22.44189453125, 120.38759765625002 22.484521484374994, 120.31621093749999 22.547607421875, 120.32558593750002 22.542431640624997, 120.27285156250002 22.62744140625, 120.23281250000002 22.717919921874994, 120.15009765625001 22.974902343750003, 120.12158203125 23.037011718749994, 120.08339843750002 23.093701171874997, 120.07246093750001 23.14975585937499, 120.14296875000002 23.399072265624994, 120.12539062500002 23.526611328125, 120.13212890624999 23.65292968749999, 120.15898437499999 23.709033203125003, 120.62968749999999 24.478515625, 120.75742187500003 24.642285156249997, 120.8359375 24.72265625, 120.90156250000001 24.813281250000003, 120.96406250000001 24.927978515625, 121.04062500000003 25.03281249999999, 121.09541015625001 25.065087890624994, 121.36542968750001 25.1591796875, 121.44960937500002 25.2490234375, 121.51708984375 25.276904296875003, 121.59365234375002 25.275341796874997, 121.68710937500003 25.181591796874997, 121.73330078125002 25.154101562500003, 121.85283203124999 25.104443359374997)), ((121.86699218749999 20.83920898437499, 121.87812500000001 20.781884765624994, 121.82958984375 20.70029296874999, 121.79062500000003 20.701171875, 121.79648437500003 20.746630859375003, 121.84785156250001 20.841259765624997, 121.86699218749999 20.83920898437499)), ((121.21113281250001 31.805371093749997, 121.33896484375003 31.79736328125, 121.46416015624999 31.7564453125, 121.49179687500003 31.693652343749996, 121.54228515624999 31.67392578125, 121.57656250000002 31.6373046875, 121.80830078125001 31.552148437499994, 121.84365234375002 31.5263671875, 121.86269531250002 31.49228515625, 121.78046875000001 31.463769531249994, 121.51992187500002 31.549609374999996, 121.33642578125 31.643749999999997, 121.22685546874999 31.758105468749996, 121.21113281250001 31.805371093749997)), ((121.47207031250002 19.273339843749994, 121.38291015625003 19.32846679687499, 121.3759765625 19.379687500000003, 121.3916015625 19.399365234374997, 121.52089843750002 19.361962890624994, 121.53125 19.27133789062499, 121.47207031250002 19.273339843749994)), ((121.19609374999999 19.050683593749994, 121.18486328124999 19.10141601562499, 121.18994140625 19.138916015625, 121.21318359374999 19.18359375, 121.24472656250003 19.143017578124997, 121.25224609374999 19.082421874999994, 121.24667968750003 19.015185546875003, 121.19609374999999 19.050683593749994)), ((121.2509765625 28.145214843749997, 121.25136718750002 28.08642578125, 121.16425781250001 28.0625, 121.13154296875001 28.06259765625, 121.13398437500001 28.13525390625, 121.20546875000002 28.204394531249996, 121.234375 28.181298828124994, 121.2509765625 28.145214843749997)), ((119.82089843750003 25.456982421874997, 119.74667968750003 25.410693359375003, 119.70029296875003 25.43271484374999, 119.69941406250001 25.49472656249999, 119.72304687500002 25.550585937500003, 119.69599609375001 25.590869140625003, 119.72255859375002 25.638818359374994, 119.77792968750003 25.65317382812499, 119.79746093750003 25.623242187499997, 119.82871093750003 25.607373046874997, 119.83837890625 25.591064453125, 119.83867187499999 25.55966796874999, 119.80908203125 25.5078125, 119.83242187500002 25.47958984374999, 119.82089843750003 25.456982421874997)), ((118.451171875 24.45556640625, 118.43271484375003 24.414355468750003, 118.29511718750001 24.436328125000003, 118.28730468750001 24.476611328125003, 118.33935546875 24.469140624999994, 118.40742187500001 24.522119140624994, 118.451171875 24.45556640625)), ((118.07675781250003 24.501416015624997, 118.10380859374999 24.55234374999999, 118.17070312499999 24.518505859374997, 118.18300781250002 24.496289062499997, 118.14951171875003 24.43613281249999, 118.09052734375001 24.44614257812499, 118.08876953125002 24.48886718749999, 118.07675781250003 24.501416015624997)), ((114.24687499999999 22.263574218749994, 114.23203125000003 22.21054687499999, 114.20722656250001 22.19516601562499, 114.13876953125003 22.268359375000003, 114.13447265625001 22.292236328125, 114.18740234375002 22.296630859375, 114.24687499999999 22.263574218749994)), ((113.87734375000002 22.21044921875, 113.8515625 22.220458984375, 113.8388671875 22.24169921875, 113.88154296875001 22.2802734375, 114.0439453125 22.333398437499994, 114.00332031250002 22.277539062499997, 113.99775390625001 22.210498046875003, 113.87734375000002 22.21044921875)), ((113.40439453125003 22.90283203125, 113.46494140625003 22.904541015625, 113.5205078125 22.85205078125, 113.55527343750003 22.80419921875, 113.56367187500001 22.75791015624999, 113.48564453124999 22.828320312499997, 113.46337890625 22.83237304687499, 113.42607421874999 22.858593749999997, 113.40439453125003 22.90283203125)), ((112.79023437500001 21.601855468750003, 112.77109375000003 21.581835937500003, 112.74199218749999 21.618066406249994, 112.73349609375003 21.669921875, 112.71269531249999 21.697949218749997, 112.76054687499999 21.73325195312499, 112.78203124999999 21.772265625000003, 112.83906250000001 21.76450195312499, 112.86259765624999 21.752636718749997, 112.80068359375002 21.694873046875003, 112.79023437500001 21.601855468750003)), ((112.64765625000001 21.710253906250003, 112.64375000000001 21.6396484375, 112.54560546875001 21.61850585937499, 112.52500000000003 21.623046875, 112.55898437500002 21.674755859374997, 112.64765625000001 21.710253906250003)), ((108.69355468750001 19.338281249999994, 108.791015625 19.418164062499997, 108.90283203125 19.481347656249994, 109.06289062500002 19.613574218750003, 109.17910156250002 19.674121093750003, 109.27666015624999 19.761132812499994, 109.21953124999999 19.757470703124994, 109.17744140625001 19.768457031249994, 109.21894531250001 19.842822265625003, 109.26347656249999 19.88266601562499, 109.31484375000002 19.90439453124999, 109.41816406250001 19.888818359374994, 109.513671875 19.904248046874997, 109.58427734374999 19.97031249999999, 109.6513671875 19.984375, 109.90625 19.96274414062499, 110.0830078125 19.992919921875, 110.17158203125001 20.0537109375, 110.21337890625 20.056054687499994, 110.34394531250001 20.038818359375, 110.39228515625001 19.9755859375, 110.3935546875 20.059228515624994, 110.41757812500003 20.054736328125003, 110.58818359374999 19.976367187500003, 110.58876953125002 20.072460937499997, 110.59833984375001 20.097607421874997, 110.65175781250002 20.137744140625003, 110.67851562499999 20.13706054687499, 110.74453125000002 20.059472656249994, 110.80908203125 20.014404296875, 110.88876953125003 19.991943359375, 110.93828124999999 19.947558593750003, 110.970703125 19.88330078125, 110.99765625000003 19.764697265625003, 111.013671875 19.655468749999997, 110.91269531250003 19.586083984374994, 110.822265625 19.557910156250003, 110.64091796874999 19.291210937499997, 110.60312500000003 19.20703125, 110.57216796875002 19.171875, 110.5625 19.135156249999994, 110.56601562500003 19.098535156249994, 110.45126953125003 18.747949218749994, 110.39951171875003 18.69833984374999, 110.33369140625001 18.673291015624997, 110.29082031249999 18.66953124999999, 110.25175781249999 18.65576171875, 110.15625 18.56982421875, 110.04853515625001 18.50522460937499, 110.06640625 18.475634765625003, 110.0673828125 18.447558593750003, 110.02021484375001 18.416259765625, 109.96767578125002 18.422070312499997, 109.81562500000001 18.396679687499997, 109.759765625 18.348291015624994, 109.70273437500003 18.25913085937499, 109.68105468750002 18.247119140625003, 109.58955078125001 18.226318359375, 109.51933593749999 18.21826171875, 109.40009765625001 18.28110351562499, 109.34091796875003 18.299609375000003, 109.18320312500003 18.325146484374997, 109.02988281250003 18.36777343749999, 108.92226562500002 18.41611328124999, 108.70156250000002 18.53525390624999, 108.67607421874999 18.750244140625, 108.63808593750002 18.86630859374999, 108.63564453125002 18.90771484375, 108.65000000000003 19.265039062499994, 108.66552734375 19.304101562499994, 108.69355468750001 19.338281249999994)), ((110.28095703125001 21.001171874999997, 110.2646484375 21.025195312500003, 110.30986328124999 21.074755859375003, 110.38515625000002 21.093164062499994, 110.42236328125 21.05859375, 110.52158203125003 21.08310546874999, 110.53955078125 21.039013671874997, 110.53886718749999 21.018457031249994, 110.50390625 20.967724609374997, 110.421875 21.006884765625003, 110.33994140625003 20.997753906249997, 110.28095703125001 21.001171874999997)), ((108.208984375 16.091064453125, 108.24082031250003 16.100781249999997, 108.26738281249999 16.089794921874997, 108.28603515625002 15.989062500000003, 108.39531249999999 15.872460937499994, 108.44746093750001 15.7626953125, 108.57783203125001 15.584716796875, 108.67421875000002 15.483593749999997, 108.74277343750003 15.426611328124991, 108.8212890625 15.3779296875, 108.89824218749999 15.180517578124991, 108.94054995736542 15, 106 15, 106 18.38523476218339, 106.06562500000001 18.316357421874997, 106.14453125 18.259423828124994, 106.23955078124999 18.220703125, 106.41191406249999 18.053173828124997, 106.4990234375 17.946435546874994, 106.45937500000002 17.873681640624994, 106.47890625000002 17.71958007812499, 106.35585937500002 17.765039062499994, 106.37050781250002 17.746875000000003, 106.51679687500001 17.662792968749997, 106.73574218750002 17.3671875, 106.92617187500002 17.221386718749997, 107.11992187499999 17.05551757812499, 107.18037109375001 16.89794921875, 107.35507812500003 16.793750000000003, 107.54931640625 16.642578125, 107.54082031249999 16.608642578125, 107.72412109375 16.487841796875003, 107.80312500000002 16.403076171875, 107.83378906249999 16.322460937499997, 107.88203125000001 16.309619140625003, 107.93632812499999 16.329394531250003, 107.99072265625 16.337109374999997, 108.02939453125003 16.331103515625003, 108.08798828125003 16.242724609375003, 108.16972656249999 16.16367187499999, 108.208984375 16.091064453125)), ((107.60273437500001 21.216796875, 107.45869140625001 21.09165039062499, 107.40351562500001 21.093652343749994, 107.45253906250002 21.235302734374997, 107.47626953125001 21.268945312499994, 107.56269531250001 21.220410156249997, 107.60273437500001 21.216796875)), ((107.55107421874999 20.981201171875, 107.52128906249999 20.92661132812499, 107.46552734375001 20.900537109374994, 107.39921874999999 20.903466796874994, 107.47861328125003 20.952343749999997, 107.51894531250002 21.012841796874994, 107.55126953125 21.03403320312499, 107.55107421874999 20.981201171875)), ((107.04374999999999 20.836816406249994, 107.064453125 20.817285156249994, 107.06396484375 20.799755859374997, 107.04228515624999 20.761035156250003, 107.03134765625003 20.747021484374997, 106.99003906249999 20.743066406249994, 106.91064453125 20.82421875, 106.95341796874999 20.86704101562499, 107.04374999999999 20.836816406249994)), ((106.76943359375002 20.864208984374997, 106.79531250000002 20.927929687499997, 106.85507812500003 20.85825195312499, 106.86562500000002 20.815722656250003, 106.85410156250003 20.79638671875, 106.80312500000002 20.84375, 106.76943359375002 20.864208984374997)))