MULTIPOLYGON (((18.28535156250001 59.109375, 18.09814453125 59.0623046875, 17.974609375 59.00263671875, 17.829003906250023 58.95458984375, 17.765429687500017 58.9650390625, 17.66962890625001 58.9162109375, 17.45673828125001 58.8583984375, 17.34765625 58.780517578125, 17.102832031250017 58.710839843749994, 16.978125000000006 58.654150390625, 16.63935546875001 58.651171875, 16.315820312500023 58.663623046875, 16.214257812500023 58.636669921875, 16.31806640625001 58.628320312499994, 16.39082031250001 58.60185546875, 16.47802734375 58.612890625, 16.788476562500023 58.58525390625, 16.923828125 58.492578124999994, 16.824316406250006 58.459619140624994, 16.651953125000006 58.434326171875, 16.716601562500017 58.302880859374994, 16.769921875000023 58.214257812499994, 16.700097656250023 58.160791015624994, 16.694921875000006 57.917529296874996, 16.596972656250017 57.912890624999996, 16.55537109375001 57.812255859375, 16.586230468750017 57.7609375, 16.583789062500017 57.641748046875, 16.60419921875001 57.568310546875, 16.652246093750023 57.50068359375, 16.630859375 57.43017578125, 16.475976562500023 57.26513671875, 16.4794921875 57.1876953125, 16.50732421875 57.14169921875, 16.527929687500006 57.068164062499996, 16.407812500000006 56.80869140625, 16.348730468750006 56.709277343749996, 16.21650390625001 56.589990234375, 16.150683593750017 56.500830078125, 15.996679687500006 56.222607421875, 15.920312500000023 56.1673828125, 15.82666015625 56.124951171875, 15.722265625000006 56.164208984375, 15.626562500000006 56.185595703124996, 15.509667968750023 56.1830078125, 15.326562500000023 56.150830078125, 15.051171875000023 56.172216796875, 14.782031250000017 56.161914062499996, 14.713964843750006 56.134130859375, 14.754785156250023 56.033154296875, 14.655566406250017 56.019921875, 14.55859375 56.048632812499996, 14.401953125000006 55.9767578125, 14.261914062500011 55.887548828125, 14.215039062500011 55.8326171875, 14.202929687500017 55.729150390625, 14.276464843750006 55.636376953125, 14.341699218750023 55.527734375, 14.173730468750023 55.396630859375, 14.079980468750023 55.3921875, 13.806347656250011 55.428564453125, 13.321386718750006 55.34638671875, 12.885839843750006 55.411376953125, 12.940625000000011 55.481591796875, 12.938769531250017 55.533203125, 12.96337890625 55.612597656249996, 12.97802734375 55.693798828125, 12.973925781250017 55.74814453125, 12.941992187500006 55.8060546875, 12.834570312500006 55.8818359375, 12.592578125000017 56.13759765625, 12.52099609375 56.245556640625, 12.47119140625 56.29052734375, 12.507031250000011 56.29296875, 12.706347656250017 56.235009765625, 12.752832031250023 56.242138671875, 12.801660156250023 56.263916015625, 12.7421875 56.346875, 12.691113281250011 56.384423828125, 12.656445312500011 56.440576171875, 12.773144531250011 56.45576171875, 12.857421875 56.452392578125, 12.919531250000006 56.515576171875, 12.883691406250023 56.617724609374996, 12.793164062500011 56.649169921875, 12.717578125000017 56.662841796875, 12.572656250000023 56.823291015624996, 12.421484375000006 56.906396484375, 12.15185546875 57.226953125, 12.05322265625 57.44697265625, 11.961523437500006 57.426074218749996, 11.885058593750017 57.6126953125, 11.878710937500017 57.679443359375, 11.734960937500006 57.71767578125, 11.703222656250006 57.973193359374996, 11.549023437500011 58.001220703125, 11.449316406250006 58.118359375, 11.431542968750023 58.339990234374994, 11.329980468750023 58.380322265625, 11.248242187500011 58.369140625, 11.252050781250006 58.424072265625, 11.271582031250006 58.475634765625, 11.223828125000011 58.679931640625, 11.207910156250023 58.86640625, 11.169140625000011 58.922705078125, 11.147167968750011 58.988623046875, 11.166894531250023 59.045556640624994, 11.19580078125 59.078271484374994, 11.295312500000023 59.086865234375, 11.388281250000006 59.036523437499994, 11.386425781250011 59.06572265625, 11.365917968750011 59.104541015625, 11.132128906250017 59.143212890624994, 11.0908203125 59.141796875, 10.998925781250023 59.164453124999994, 10.83447265625 59.183935546875, 10.742578125000023 59.29599609375, 10.644921875000023 59.389208984375, 10.631054687500011 59.428173828125, 10.634375000000006 59.602490234375, 10.6044921875 59.680029296875, 10.595312500000006 59.764550781249994, 10.533886718750011 59.69580078125, 10.569531250000011 59.587109375, 10.493750000000006 59.54150390625, 10.398144531250011 59.5193359375, 10.407128906250023 59.4556640625, 10.446386718750006 59.443603515625, 10.45458984375 59.377490234375, 10.431347656250011 59.279638671875, 10.2431640625 59.062060546875, 10.205175781250006 59.038671875, 10.179394531250011 59.00927734375, 10.083105468750006 59.02880859375, 9.959570312500006 58.968212890625, 9.842578125000017 58.95849609375, 9.800195312500023 59.02705078125, 9.635156250000023 59.1177734375, 9.557226562500006 59.112695312499994, 9.627148437500011 59.067919921875, 9.696093750000017 59.009716796875, 9.656933593750011 58.97119140625, 9.618457031250017 58.946044921875, 9.551074218750017 58.933007812499994, 9.309960937500023 58.856835937499994, 9.395800781250017 58.8056640625, 9.322949218750011 58.74755859375, 9.238671875000023 58.739013671875, 9.193750000000023 58.711865234375, 9.178125000000023 58.675, 8.928417968750011 58.569970703124994, 8.521386718750023 58.3005859375, 8.312207031250011 58.224462890625, 8.166113281250006 58.1453125, 8.037402343750017 58.147265625, 7.875585937500006 58.079980468749994, 7.465917968750006 58.020947265625, 7.194140625000017 58.04765625, 7.0048828125 58.02421875, 6.903417968750006 58.0705078125, 6.890234375000006 58.102294921875, 6.912304687500011 58.14287109375, 6.877050781250006 58.150732421875, 6.802832031250006 58.154541015625, 6.771093750000006 58.132226562499994, 6.766796875000011 58.08154296875, 6.7314453125 58.068310546875, 6.590527343750011 58.097314453124994, 6.555078125000023 58.123437499999994, 6.605761718750017 58.1763671875, 6.692480468750006 58.224023437499994, 6.6767578125 58.233789062499994, 6.659863281250011 58.262744140625, 6.491503906250017 58.259423828124994, 6.389062500000023 58.267968749999994, 6.0546875 58.375146484374994, 5.9765625 58.43232421875, 5.706835937500017 58.5236328125, 5.5859375 58.62041015625, 5.517285156250011 58.726513671875, 5.5224609375 58.822656249999994, 5.555566406250023 58.9751953125, 5.612207031250023 59.012890625, 5.854296875000017 58.95947265625, 6.099023437500023 58.870263671874994, 6.137304687500006 58.874658203124994, 6.214160156250017 58.944677734375, 6.36328125 59.000927734375, 6.321093750000017 59.016455078125, 6.099414062500017 58.951953125, 6.016992187500023 58.987695312499994, 5.88916015625 59.060498046875, 5.88916015625 59.09794921875, 5.94873046875 59.13544921875, 5.968554687500017 59.1861328125, 5.937304687500017 59.233984375, 5.951855468750011 59.299072265625, 6.050683593750023 59.3681640625, 6.198925781250011 59.4380859375, 6.3056640625 59.50556640625, 6.415332031250017 59.547119140625, 6.403906250000006 59.560986328125, 6.278515625000011 59.534521484375, 6.158593750000023 59.489648437499994, 6.017382812500017 59.414453124999994, 5.84521484375 59.353466796875, 5.564062500000006 59.2912109375, 5.467578125000017 59.20380859375, 5.3623046875 59.166357421875, 5.173242187500023 59.162548828125, 5.131640625000017 59.226464843749994, 5.18505859375 59.453662109375, 5.2421875 59.564306640625, 5.304882812500011 59.642578125, 5.403515625000011 59.65576171875, 5.472460937500017 59.7130859375, 5.529687500000023 59.7130859375, 5.579492187500023 59.68662109375, 5.772167968750011 59.6609375, 5.867285156250006 59.733984375, 5.991015625000017 59.744677734375, 6.216601562500017 59.818359375, 6.2119140625 59.831787109375, 5.966699218750023 59.81318359375, 5.833984375 59.794677734375, 5.763476562500017 59.80791015625, 5.73046875 59.8630859375, 5.783593750000023 59.91279296875, 5.996484375000023 60.031494140625, 6.069921875000006 60.08349609375, 6.11181640625 60.132080078125, 6.105175781250011 60.16513671875, 6.140527343750023 60.23349609375, 6.348730468750006 60.352978515625, 6.51806640625 60.407568359375, 6.573632812500023 60.360595703125, 6.5263671875 60.213623046875, 6.52685546875 60.1529296875, 6.660937500000017 60.367236328125, 6.719921875000011 60.4181640625, 6.787109375 60.4541015625, 6.94970703125 60.47822265625, 6.995703125000006 60.511962890625, 6.806347656250011 60.50078125, 6.346972656250017 60.419091796874994, 6.1533203125 60.346240234375, 6.101757812500011 60.29013671875, 5.967382812500006 60.20556640625, 5.904394531250006 60.150634765625, 5.876562500000006 60.07001953125, 5.800878906250006 60.026220703125, 5.698828125000006 60.010009765625, 5.557031250000023 59.907763671875, 5.494531250000023 59.825585937499994, 5.263867187500011 59.709765625, 5.234472656250006 59.691796874999994, 5.18603515625 59.64228515625, 5.145800781250017 59.638818359374994, 5.110742187500023 59.667822265625, 5.104882812500023 59.731689453125, 5.119238281250006 59.83369140625, 5.187109375000006 59.907080078125, 5.219531250000017 59.978759765625, 5.174414062500006 60.045703125, 5.205664062500006 60.087939453125, 5.265429687500017 60.086474609375, 5.37646484375 60.067236328125, 5.494531250000023 60.0703125, 5.688574218750006 60.123193359374994, 5.657617187500023 60.1541015625, 5.417382812500023 60.1541015625, 5.285839843750011 60.205712890624994, 5.18359375 60.3083984375, 5.137109375000023 60.44560546875, 5.168164062500011 60.484814453125, 5.546484375000006 60.624560546875, 5.648339843750023 60.68798828125, 5.58935546875 60.694287109375, 5.447363281250006 60.617333984374994, 5.244042968750023 60.569580078125, 5.115820312500006 60.635986328125, 5.049121093750017 60.70751953125, 5.0107421875 60.858544921874994, 5.024609375000011 60.9361328125, 5.008593750000017 61.03818359375, 5.095410156250011 61.071337890625, 5.192480468750006 61.0537109375, 5.288183593750006 61.04716796875, 5.505273437500023 61.056103515625, 5.983984375000006 61.117333984374994, 6.292578125000006 61.080957031249994, 6.41796875 61.08427734375, 6.60986328125 61.13701171875, 6.77783203125 61.142431640625, 6.903417968750006 61.1021484375, 6.972070312500023 61.05595703125, 6.980566406250006 60.994140625, 7.038671875000006 60.9529296875, 7.077929687500017 60.96630859375, 7.046679687500017 61.015283203124994, 7.040136718750006 61.091162109375, 7.545019531250006 61.177148437499994, 7.6044921875 61.210546875, 7.403906250000006 61.22216796875, 7.346582031250023 61.3005859375, 7.452539062500023 61.41923828125, 7.442578125000011 61.434619140625, 7.331152343750006 61.372021484375, 7.276269531250023 61.283935546875, 7.298046875000011 61.213623046875, 7.275976562500006 61.18095703125, 7.173535156250011 61.165966796875, 6.942578125000011 61.160546874999994, 6.794335937500023 61.190380859375, 6.657031250000017 61.206591796875, 6.610253906250023 61.2291015625, 6.625878906250023 61.279296875, 6.599902343750017 61.2896484375, 6.543066406250006 61.244531249999994, 6.492578125000023 61.15458984375, 6.383496093750011 61.13388671875, 6.08251953125 61.16728515625, 5.646777343750017 61.147607421874994, 5.451269531250006 61.10234375, 5.324609375000023 61.108251953125, 5.106738281250017 61.187548828125, 5.021679687500011 61.2505859375, 4.989941406250011 61.377685546875, 5.002734375000017 61.43359375, 5.172460937500006 61.45712890625, 5.25830078125 61.455468749999994, 5.338671875000017 61.485498046874994, 5.167578125000006 61.543359374999994, 5.099414062500017 61.620166015625, 4.996679687500006 61.64521484375, 4.927832031250006 61.710693359375, 4.910351562500011 61.8095703125, 4.930078125000023 61.878320312499994, 4.985058593750011 61.900439453125, 5.116992187500017 61.885400390624994, 5.46533203125 61.896923828125, 6.015820312500011 61.787499999999994, 6.466699218750023 61.807421875, 6.730761718750017 61.869775390624994, 6.682324218750011 61.88701171875, 6.395898437500023 61.850976562499994, 6.131152343750017 61.852441406249994, 5.473046875000023 61.94560546875, 5.266894531250017 61.935595703125, 5.159570312500023 61.956982421875, 5.096484375000017 62.02666015625, 5.143164062500006 62.159912109375, 5.240917968750011 62.188671875, 5.293847656250023 62.15390625, 5.357714843750017 62.151708984375, 5.42236328125 62.207373046875, 5.484277343750023 62.239111328125, 5.533300781250006 62.310888671875, 5.718164062500023 62.37890625, 5.796289062500023 62.384667968749994, 5.908300781250006 62.416015625, 5.979785156250017 62.407128906249994, 6.025585937500011 62.37568359375, 6.08349609375 62.349609375, 6.208984375 62.352783203125, 6.580078125 62.407275390625, 6.6923828125 62.46806640625, 6.457128906250006 62.448095703125, 6.26171875 62.41630859375, 6.136132812500023 62.407470703125, 6.118457031250017 62.447167968749994, 6.164746093750011 62.482421875, 6.237500000000011 62.519921874999994, 6.272851562500023 62.583837890625, 6.352929687500023 62.6111328125, 6.618359375000011 62.6212890625, 6.74462890625 62.637890625, 6.961132812500011 62.6267578125, 7.283789062500006 62.602294921875, 7.491796875000006 62.542822265625, 7.570117187500017 62.548193359375, 7.653125000000017 62.564013671875, 7.690722656250017 62.585595703124994, 7.527441406250006 62.610302734375, 7.518164062500006 62.6455078125, 7.538378906250017 62.6720703125, 7.8046875 62.72099609375, 8.095507812500017 62.731835937499994, 8.045507812500006 62.771240234375, 7.408398437500011 62.711767578125, 7.242089843750023 62.752343749999994, 7.11083984375 62.752001953125, 7.02490234375 62.72880859375, 6.779980468750011 62.700732421875, 6.734960937500006 62.720703125, 6.781542968750017 62.7896484375, 6.92822265625 62.902734374999994, 6.9404296875 62.93046875, 7.008496093750011 62.957666015624994, 7.389062500000023 63.023291015625, 7.571875000000006 63.099511718749994, 7.654296875 63.1091796875, 7.736035156250011 63.103857421875, 7.8603515625 63.11279296875, 8.1005859375 63.090966796874994, 8.211132812500011 62.995507812499994, 8.310546875 62.96552734375, 8.623144531250006 62.846240234375, 8.609179687500017 62.88056640625, 8.338574218750011 63.0421875, 8.235156250000017 63.082177734374994, 8.158007812500017 63.161523437499994, 8.184472656250023 63.2365234375, 8.271484375 63.286572265625, 8.580175781250006 63.313378906249994, 8.635546875000017 63.342333984375, 8.641015625000023 63.39208984375, 8.59375 63.426123046875, 8.480175781250011 63.424169921875, 8.386523437500017 63.445263671875, 8.360742187500023 63.498876953125, 8.398144531250011 63.535107421875, 8.576171875 63.601171875, 8.842382812500006 63.645898437499994, 9.135839843750006 63.593652343749994, 9.158105468750023 63.566259765625, 9.075878906250011 63.500390624999994, 9.084179687500011 63.463427734375, 9.156054687500017 63.459326171875, 9.323632812500023 63.570361328125, 9.520703125000011 63.585693359375, 9.602246093750011 63.6095703125, 9.696875000000006 63.624560546875, 9.832226562500011 63.524169921875, 9.891503906250023 63.492041015625, 9.93603515625 63.478857421875, 9.979199218750011 63.395263671875, 10.02099609375 63.3908203125, 10.08056640625 63.43271484375, 10.188574218750006 63.45478515625, 10.340039062500011 63.4693359375, 10.590917968750006 63.447216796875, 10.704492187500023 63.46357421875, 10.760156250000023 63.461279296875, 10.706738281250011 63.536328125, 10.673632812500017 63.558007812499994, 10.725292968750011 63.625, 10.779199218750023 63.651171875, 10.952539062500023 63.698193359375, 11.117871093750011 63.719189453125, 11.225781250000011 63.763818359374994, 11.370703125000006 63.804833984374994, 11.3076171875 63.875732421875, 11.2138671875 63.878125, 11.175585937500017 63.898876953125, 11.294628906250011 63.948193359375, 11.457617187500006 64.002978515625, 11.42919921875 64.02451171875, 11.306640625 64.048876953125, 11.213574218750011 64.030517578125, 11.0751953125 63.988134765625, 10.914257812500011 63.92109375, 10.966699218750023 63.9015625, 11.047265625000023 63.84521484375, 10.934863281250017 63.77021484375, 10.339160156250017 63.571044921875, 10.055078125000023 63.5126953125, 9.924023437500011 63.52177734375, 9.892773437500011 63.576220703125, 9.832324218750017 63.61650390625, 9.767480468750023 63.69951171875, 9.6572265625 63.697314453125, 9.594628906250023 63.678955078125, 9.567285156250023 63.70615234375, 9.61474609375 63.794824218749994, 9.7080078125 63.864892578124994, 9.864453125000011 63.917822265625, 9.939453125 63.98173828125, 10.009960937500011 64.083154296875, 10.236230468750023 64.179638671875, 10.565625000000011 64.418310546875, 10.833984375 64.494482421875, 10.932324218750011 64.577734375, 11.090429687500006 64.61455078125, 11.225390625000017 64.6794921875, 11.331347656250017 64.6859375, 11.523828125000023 64.744384765625, 11.632910156250006 64.813916015625, 11.561718750000011 64.81826171875, 11.296777343750023 64.75478515625, 11.303515625000017 64.82939453125, 11.349902343750017 64.905908203125, 11.489355468750006 64.975830078125, 12.15966796875 65.178955078125, 12.2265625 65.145361328125, 12.306542968750023 65.085986328125, 12.508398437500006 65.0994140625, 12.738378906250006 65.214404296875, 12.91552734375 65.3392578125, 12.81982421875 65.31748046875, 12.71533203125 65.266357421875, 12.51171875 65.1953125, 12.417578125000006 65.18408203125, 12.363867187500006 65.193310546875, 12.333984375 65.24072265625, 12.263378906250011 65.256103515625, 12.199609375000023 65.245458984375, 12.133886718750006 65.279150390625, 12.122167968750006 65.362353515625, 12.206250000000011 65.48623046875, 12.272851562500023 65.5681640625, 12.344824218750006 65.63017578125, 12.627734375000017 65.80615234375, 12.688867187500023 65.902197265625, 12.816796875000023 65.952880859375, 12.983007812500006 65.9416015625, 13.033105468750023 65.95625, 12.97607421875 66.019189453125, 12.794921875 66.069091796875, 12.783789062500006 66.100439453125, 13.387109375000023 66.182763671875, 13.674414062500006 66.17998046875, 13.759667968750023 66.221044921875, 13.915820312500017 66.24736328125, 14.0341796875 66.29755859375, 13.97314453125 66.3197265625, 13.498925781250023 66.251904296875, 13.416406250000023 66.252587890625, 13.35205078125 66.23671875, 13.118847656250011 66.2306640625, 13.068164062500017 66.430810546875, 13.104687500000011 66.539404296875, 13.191601562500011 66.537158203125, 13.21142578125 66.6408203125, 13.311816406250017 66.70185546875, 13.450390625000011 66.71552734375, 13.520214843750011 66.741650390625, 13.62109375 66.79482421875, 13.787988281250023 66.782470703125, 13.95947265625 66.7943359375, 13.9169921875 66.819384765625, 13.7041015625 66.85166015625, 13.651562500000011 66.907080078125, 13.808398437500017 66.960791015625, 13.880175781250017 66.964892578125, 14.022363281250023 67.073095703125, 14.108789062500023 67.11923828125, 14.20556640625 67.11123046875, 14.34033203125 67.158935546875, 14.47265625 67.14267578125, 14.600683593750006 67.173876953125, 14.775585937500011 67.194482421875, 15.415722656250011 67.20244140625, 15.434765625000011 67.2466796875, 15.300097656250017 67.25693359375, 14.824414062500011 67.268310546875, 14.58154296875 67.267431640625, 14.479296875000017 67.25595703125, 14.441699218750017 67.27138671875, 14.448339843750006 67.2978515625, 14.53662109375 67.33974609375, 14.578515625000023 67.38603515625, 14.754980468750006 67.4990234375, 14.9619140625 67.574267578125, 15.120507812500023 67.555029296875, 15.289160156250006 67.483154296875, 15.409375000000011 67.474169921875, 15.46533203125 67.450927734375, 15.552929687500011 67.3517578125, 15.594433593750011 67.34853515625, 15.57568359375 67.44384765625, 15.691503906250006 67.52138671875, 15.661328125000011 67.542822265625, 15.4873046875 67.514794921875, 15.35400390625 67.5439453125, 15.248730468750011 67.6021484375, 15.218652343750023 67.65537109375, 15.284082031250023 67.707958984375, 15.345800781250006 67.734423828125, 15.303906250000011 67.765283203125, 15.040820312500017 67.682568359375, 14.854687500000011 67.663330078125, 14.781347656250006 67.67490234375, 14.821093750000017 67.749853515625, 14.798925781250006 67.809326171875, 15.048437500000006 67.95576171875, 15.13427734375 67.972705078125, 15.2744140625 67.9609375, 15.40087890625 67.91962890625, 15.506640625000017 67.926220703125, 15.621386718750017 67.948291015625, 15.605761718750017 67.987890625, 15.35693359375 68.00361328125, 15.292871093750023 68.036474609375, 15.316015625000006 68.06875, 15.48681640625 68.10283203125, 15.656640625000023 68.16435546875, 15.851269531250011 68.182177734375, 16.007910156250006 68.2287109375, 16.064550781250006 68.19990234375, 16.12080078125001 68.02734375, 16.2607421875 67.886572265625, 16.312304687500017 67.8814453125, 16.258593750000017 68.001220703125, 16.308691406250006 68.03564453125, 16.372167968750006 68.06181640625, 16.391992187500023 68.0916015625, 16.319238281250023 68.1017578125, 16.259765625 68.14453125, 16.1748046875 68.28125, 16.20380859375001 68.316748046875, 16.38789062500001 68.38955078125, 16.61884765625001 68.406298828125, 16.86494140625001 68.3552734375, 16.95136718750001 68.3546875, 17.094042968750017 68.368408203125, 17.33613281250001 68.4103515625, 17.478515625 68.426318359375, 17.552832031250006 68.42626953125, 17.571191406250023 68.4474609375, 17.502343750000023 68.461083984375, 17.48017578125001 68.47431640625, 17.426171875000023 68.48193359375, 17.20234375000001 68.45927734375, 16.584863281250023 68.466455078125, 16.525292968750023 68.490673828125, 16.51435546875001 68.532568359375, 16.579882812500017 68.59267578125, 16.65185546875 68.62578125, 16.884667968750023 68.685400390625, 17.131152343750017 68.69345703125, 17.39082031250001 68.799365234375, 17.490039062500017 68.878759765625, 17.546289062500023 69.001123046875, 17.70458984375 69.100048828125, 18.101464843750023 69.156298828125, 18.117480468750017 69.181201171875, 18.07539062500001 69.2326171875, 18.078710937500006 69.325244140625, 18.1875 69.43310546875, 18.259765625 69.47060546875, 18.29316406250001 69.47509765625, 18.378710937500017 69.43984375, 18.48261718750001 69.36484375, 18.6455078125 69.321875, 18.858984375000006 69.314453125, 18.915917968750023 69.335595703125, 18.75 69.37841796875, 18.624414062500023 69.434375, 18.61445312500001 69.490576171875, 18.67402343750001 69.520361328125, 18.8828125 69.52333984375, 18.991113281250023 69.5611328125, 19.0068359375 69.5876953125, 19.011328125000006 69.62373046875, 19.038378906250017 69.660400390625, 19.197265625 69.7478515625, 19.68701171875 69.804736328125, 19.722460937500017 69.781640625, 19.69599609375001 69.612939453125, 19.639746093750006 69.50380859375, 19.641503906250023 69.4240234375, 19.73681640625 69.50380859375, 19.864648437500023 69.722119140625, 19.960546875000006 69.824609375, 20.068945312500006 69.883447265625, 20.146386718750023 69.896728515625, 20.223046875000023 69.927197265625, 20.32421875 69.9453125, 20.35517578125001 69.921923828125, 20.38720703125 69.867626953125, 20.33271484375001 69.676953125, 20.338183593750017 69.616650390625, 20.277148437500017 69.53583984375, 20.043750000000017 69.3556640625, 20.054492187500017 69.332666015625, 20.107226562500017 69.3412109375, 20.197656250000023 69.370947265625, 20.486718750000023 69.54208984375, 20.73945312500001 69.5205078125, 20.742578125000023 69.534521484375, 20.661523437500023 69.584716796875, 20.5625 69.6328125, 20.53271484375 69.692333984375, 20.545996093750006 69.85107421875, 20.6220703125 69.913916015625, 20.84033203125 69.90732421875, 20.971093750000023 69.916015625, 21.032128906250023 69.887451171875, 21.1630859375 69.889501953125, 21.253710937500017 70.00322265625, 21.432910156250017 70.01318359375, 21.590234375000023 69.938037109375, 21.779589843750017 69.887451171875, 21.931738281250006 69.814697265625, 21.974707031250006 69.8345703125, 21.892578125 70.004248046875, 21.802734375 70.066064453125, 21.607812500000023 70.098193359375, 21.400390625 70.174462890625, 21.346289062500006 70.208251953125, 21.355761718750017 70.2333984375, 21.53876953125001 70.257666015625, 21.7802734375 70.2298828125, 21.995507812500023 70.293359375, 22.05439453125001 70.2759765625, 22.21943359375001 70.3091796875, 22.32197265625001 70.264501953125, 22.384765625 70.277734375, 22.421191406250017 70.33759765625, 22.6845703125 70.374755859375, 22.851660156250006 70.340478515625, 22.941210937500017 70.30498046875, 22.982812500000023 70.236767578125, 23.046484375000006 70.10185546875, 23.17695312500001 70.029052734375, 23.257910156250006 69.993310546875, 23.353906250000023 69.9833984375, 23.400195312500017 70.019775390625, 23.31025390625001 70.06357421875, 23.286035156250023 70.104833984375, 23.3291015625 70.2072265625, 23.37939453125 70.2474609375, 23.661230468750006 70.399755859375, 23.89716796875001 70.478759765625, 24.038476562500023 70.4853515625, 24.285546875000023 70.66240234375, 24.355566406250006 70.694580078125, 24.420019531250006 70.702001953125, 24.40351562500001 70.7453125, 24.268164062500006 70.772705078125, 24.263476562500017 70.826318359375, 24.441796875000023 70.891552734375, 24.658007812500017 71.001025390625, 24.764746093750006 71.008447265625, 24.831640625000006 70.97802734375, 25.04218750000001 70.92861328125, 25.171191406250017 70.872021484375, 25.2646484375 70.843505859375, 25.32539062500001 70.8494140625, 25.375585937500006 70.891943359375, 25.435937500000023 70.911865234375, 25.56982421875 70.90068359375, 25.649707031250017 70.87333984375, 25.7119140625 70.8697265625, 25.768164062500006 70.853173828125, 25.78144531250001 70.816796875, 25.665625000000006 70.7771484375, 25.46826171875 70.67197265625, 25.273535156250006 70.552392578125, 25.209277343750017 70.489404296875, 25.146386718750023 70.3240234375, 24.994238281250006 70.218212890625, 24.982714843750017 70.143994140625, 25.043847656250023 70.109033203125, 25.211816406250023 70.136474609375, 25.418847656250023 70.235498046875, 25.470507812500017 70.340576171875, 25.988085937500017 70.625390625, 26.230859375000023 70.7826171875, 26.506933593750006 70.91279296875, 26.66132812500001 70.93974609375, 26.733984375000006 70.853564453125, 26.67548828125001 70.740966796875, 26.558203125000006 70.669140625, 26.644628906250006 70.63623046875, 26.62812500000001 70.55087890625, 26.583984375 70.45380859375, 26.585058593750006 70.410009765625, 26.666113281250006 70.4216796875, 26.989355468750006 70.511376953125, 27.0712890625 70.608447265625, 27.147265625000017 70.681201171875, 27.183691406250006 70.74404296875, 27.309375000000017 70.803564453125, 27.546484375000006 70.80400390625, 27.5556640625 70.827392578125, 27.26904296875 70.910009765625, 27.235253906250023 70.947216796875, 27.331640625000006 70.996728515625, 27.597070312500023 71.09130859375, 27.733496093750006 71.080859375, 27.815039062500006 71.059375, 28.141699218750006 71.043017578125, 28.39228515625001 70.97529296875, 28.382714843750023 70.86943359375, 28.32685546875001 70.8251953125, 28.271875000000023 70.79794921875, 27.950976562500017 70.717578125, 27.898046875000006 70.6779296875, 27.998828125000017 70.6642578125, 28.215625000000017 70.704345703125, 28.271777343750017 70.66796875, 28.202734375000006 70.576904296875, 28.191015625000006 70.440185546875, 28.166015625 70.360400390625, 28.166015625 70.287646484375, 28.192968750000006 70.248583984375, 28.280078125000017 70.40341796875, 28.309863281250017 70.44306640625, 28.437304687500017 70.5013671875, 28.484765625000023 70.618798828125, 28.609375 70.75966796875, 28.749804687500017 70.84150390625, 28.83154296875 70.86396484375, 29.102343750000017 70.8607421875, 29.218554687500017 70.829931640625, 29.321093750000017 70.761474609375, 29.39765625000001 70.734130859375, 29.639062500000023 70.705029296875, 29.721972656250017 70.6685546875, 29.73750000000001 70.646826171875, 29.796484375000006 70.642529296875, 29.959375000000023 70.694384765625, 30.06513671875001 70.702978515625, 30.237695312500023 70.62216796875, 30.203027343750023 70.5623046875, 30.213183593750017 70.543310546875, 30.42207031250001 70.54716796875, 30.59589843750001 70.523681640625, 30.926367187500006 70.401123046875, 30.96064453125001 70.34384765625, 30.944140625000017 70.2744140625, 30.46894531250001 70.1978515625, 30.262988281250017 70.12470703125, 29.925878906250006 70.096484375, 28.781152343750023 70.14541015625, 28.804296875000006 70.092529296875, 29.601367187500017 69.9767578125, 29.646875000000023 69.943701171875, 29.621386718750017 69.874072265625, 29.620996093750023 69.818212890625, 29.63593750000001 69.780126953125, 29.694628906250017 69.744580078125, 29.792089843750006 69.727880859375, 29.990332031250006 69.736669921875, 30.088281250000023 69.717578125, 30.155175781250023 69.745947265625, 30.180078125000023 69.841162109375, 30.237597656250017 69.86220703125, 30.34882812500001 69.8345703125, 30.397265625000017 69.7328125, 30.428320312500006 69.722265625, 30.484375 69.794873046875, 30.594531250000017 69.7896484375, 30.714453125000006 69.795703125, 31.04951171875001 69.76923828125, 31.452734375000006 69.689599609375, 31.546972656250006 69.696923828125, 31.66621093750001 69.72099609375, 31.78857421875 69.815771484375, 31.87939453125 69.831982421875, 31.997949218750023 69.809912109375, 32.03056640625002 69.835302734375, 31.969335937500006 69.913916015625, 31.98457031250001 69.953662109375, 32.3916015625 69.868701171875, 32.5654296875 69.806494140625, 32.94169921875002 69.75185546875, 33.0078125 69.722119140625, 33.01259765625002 69.6705078125, 32.99462890625 69.626171875, 32.9150390625 69.601708984375, 32.75429687500002 69.605712890625, 32.1767578125 69.6740234375, 32.09150390625001 69.632568359375, 32.16132812500001 69.596630859375, 32.33056640625 69.554248046875, 32.37773437500002 69.4791015625, 32.636816406250006 69.489453125, 32.8837890625 69.46083984375, 32.99980468750002 69.4701171875, 33.02099609375 69.44560546875, 32.94160156250001 69.383349609375, 32.97890625000002 69.367333984375, 33.255859375 69.427734375, 33.384863281250006 69.444287109375, 33.45429687500001 69.428173828125, 33.46367187500002 69.378173828125, 33.41796875 69.315283203125, 33.41298828125002 69.267431640625, 33.327734375000006 69.15185546875, 33.196386718750006 69.116845703125, 33.141210937500006 69.068701171875, 33.33339843750002 69.098193359375, 33.435644531250006 69.13037109375, 33.627050781250006 69.28916015625, 33.68437500000002 69.31025390625, 34.22939453125002 69.313134765625, 34.35273437500001 69.3029296875, 34.86396484375001 69.228076171875, 35.00957031250002 69.221240234375, 35.175878906250006 69.230810546875, 35.23320312500002 69.265576171875, 35.28984375000002 69.275439453125, 35.85791015625 69.191748046875, 36.618261718750006 69.003466796875, 37.730566406250006 68.692138671875, 38.35761718750001 68.41513671875, 38.43017578125 68.355615234375, 38.656835937500006 68.321875, 38.70556640625 68.3447265625, 38.83154296875 68.32490234375, 39.568945312500006 68.071728515625, 39.823339843750006 68.05859375, 39.78974609375001 68.112158203125, 39.74628906250001 68.16220703125, 39.80927734375001 68.150830078125, 39.895605468750006 68.114501953125, 40.035742187500006 68.015380859375, 40.206640625000006 67.94189453125, 40.38066406250002 67.831884765625, 40.52578125000002 67.789697265625, 40.65654296875002 67.774072265625, 40.76630859375001 67.743017578125, 40.966406250000006 67.7134765625, 41.06093750000002 67.444189453125, 41.133886718750006 67.38603515625, 41.133886718750006 67.266943359375, 41.26171875 67.21845703125, 41.35878906250002 67.20966796875, 41.35429687500002 67.121435546875, 41.27558593750001 66.914306640625, 41.18896484375 66.826171875, 40.521582031250006 66.446630859375, 40.10332031250002 66.299951171875, 39.2890625 66.13203125, 38.653906250000006 66.06904296875, 38.397558593750006 66.064453125, 37.90068359375002 66.09560546875, 37.62822265625002 66.12958984375, 37.29482421875002 66.225048828125, 36.98369140625002 66.27255859375, 36.76992187500002 66.2935546875, 36.37343750000002 66.302294921875, 35.51347656250002 66.39580078125, 35.36396484375001 66.428662109375, 34.82460937500002 66.6111328125, 34.61025390625002 66.559619140625, 34.48261718750001 66.550341796875, 34.396093750000006 66.61318359375, 34.43085937500001 66.62978515625, 34.45156250000002 66.651220703125, 34.146093750000006 66.703271484375, 33.893652343750006 66.70673828125, 33.75957031250002 66.7509765625, 33.59541015625001 66.784619140625, 33.52294921875 66.76435546875, 33.482031250000006 66.76455078125, 33.15019531250002 66.8439453125, 33.001953125 66.90830078125, 32.84755859375002 67.021533203125, 32.88525390625 67.0611328125, 32.93046875000002 67.08681640625, 32.39990234375 67.152685546875, 31.895312500000017 67.16142578125, 31.983007812500006 67.129833984375, 32.20156250000002 67.113232421875, 32.34062500000002 67.06787109375, 32.5009765625 67.003857421875, 32.46367187500002 66.91630859375, 32.68642578125002 66.829541015625, 32.85732421875002 66.746923828125, 32.862402343750006 66.72138671875, 32.9287109375 66.7041015625, 33.18056640625002 66.679931640625, 33.22441406250002 66.603857421875, 33.18291015625002 66.573876953125, 33.217382812500006 66.531640625, 33.4052734375 66.48427734375, 33.517675781250006 66.47138671875, 33.65595703125001 66.442626953125, 33.59326171875 66.3845703125, 33.47695312500002 66.346875, 33.36054687500001 66.329541015625, 33.41582031250002 66.315625, 33.56669921875002 66.32099609375, 34.11269531250002 66.225244140625, 34.39980468750002 66.12841796875, 34.69179687500002 65.95185546875, 34.78632812500001 65.86455078125, 34.79316406250001 65.816357421875, 34.776953125000006 65.76826171875, 34.73476562500002 65.71630859375, 34.71552734375001 65.6640625, 34.61572265625 65.509912109375, 34.54414062500001 65.456689453125, 34.40644531250001 65.395751953125, 34.67109375000001 65.168115234375, 34.80351562500002 64.985986328125, 34.8271484375 64.9126953125, 34.832617187500006 64.8001953125, 34.952246093750006 64.75595703125, 34.90546875000001 64.738671875, 34.85830078125002 64.706689453125, 34.86953125000002 64.560009765625, 35.03535156250001 64.440234375, 35.28408203125002 64.362548828125, 35.43203125000002 64.34677734375, 35.647070312500006 64.3783203125, 35.80205078125002 64.3353515625, 36.146484375 64.189013671875, 36.30195312500001 64.034375, 36.36494140625001 64.00283203125, 36.975195312500006 63.909521484375, 37.37275390625001 63.816748046875, 37.44218750000002 63.813378906249994, 37.635351562500006 63.893408203125, 37.96796875000001 63.949121093749994, 38.07080078125 64.025830078125, 38.06220703125001 64.091015625, 37.977148437500006 64.20703125, 37.953710937500006 64.3201171875, 37.84355468750002 64.36630859375, 37.74062500000002 64.39697265625, 37.42958984375002 64.373583984375, 37.28955078125 64.3779296875, 37.183691406250006 64.40849609375, 37.04042968750002 64.48916015625, 36.76933593750002 64.68525390625, 36.62421875000001 64.750537109375, 36.578710937500006 64.790966796875, 36.52822265625002 64.84736328125, 36.53457031250002 64.938623046875, 36.652929687500006 64.93544921875, 36.78593750000002 64.987158203125, 36.8828125 65.17236328125, 37.05019531250002 65.1958984375, 37.14082031250001 65.194287109375, 37.52812500000002 65.108251953125, 38.009375000000006 64.878759765625, 38.11572265625 64.85458984375, 38.412109375 64.857080078125, 38.441992187500006 64.8271484375, 38.54091796875002 64.791259765625, 38.61308593750002 64.786669921875, 39.05351562500002 64.713916015625, 39.5673828125 64.570556640625, 39.75800781250001 64.57705078125, 39.8330078125 64.656396484375, 39.8486328125 64.69052734375, 40.05781250000001 64.770751953125, 40.203710937500006 64.784033203125, 40.407812500000006 64.7548828125, 40.444921875000006 64.7787109375, 40.37539062500002 64.8962890625, 40.28125 64.998095703125, 40.142675781250006 65.06328125, 39.896484375 65.25478515625, 39.79804687500001 65.349853515625, 39.749121093750006 65.44794921875, 39.78115234375002 65.534716796875, 39.816503906250006 65.59794921875, 40.32783203125001 65.751708984375, 40.512792968750006 65.843798828125, 40.69160156250001 65.963427734375, 40.7744140625 65.987890625, 41.07607421875002 66.02109375, 41.47578125000001 66.1234375, 41.780859375000006 66.259326171875, 42.083593750000006 66.46591796875, 42.210546875000006 66.519677734375, 42.31367187500001 66.51474609375, 42.450781250000006 66.482421875, 42.602148437500006 66.422509765625, 42.80654296875002 66.411328125, 43.005957031250006 66.420947265625, 43.23320312500002 66.41552734375, 43.550878906250006 66.3212890625, 43.65312500000002 66.2509765625, 43.550390625000006 66.173388671875, 43.54189453125002 66.123388671875, 43.62392578125002 66.146728515625, 43.73701171875001 66.1583984375, 43.84375 66.1423828125, 43.94414062500002 66.098681640625, 44.016699218750006 66.049755859375, 44.10439453125002 66.00859375, 44.132421875000006 66.06455078125, 44.14531250000002 66.112744140625, 44.09716796875 66.23505859375, 44.220703125 66.407080078125, 44.31640625 66.481689453125, 44.48867187500002 66.67177734375, 44.437109375000006 66.79462890625, 44.429296875000006 66.937744140625, 44.403906250000006 67.00419921875, 44.29179687500002 67.099658203125, 44.07441406250001 67.167333984375, 43.85537109375002 67.188623046875, 43.78242187500001 67.2544921875, 43.79570312500002 67.32958984375, 43.85634765625002 67.439306640625, 44.03642578125002 67.670654296875, 44.22539062500002 67.99560546875, 44.231542968750006 68.071240234375, 44.2138671875 68.11259765625, 44.22646484375002 68.154443359375, 44.204687500000006 68.253759765625, 44.16914062500001 68.327099609375, 43.40400390625001 68.608544921875, 43.358007812500006 68.635791015625, 43.33320312500001 68.673388671875, 43.47197265625002 68.679833984375, 44.04804687500001 68.548828125, 44.17529296875 68.541748046875, 45.078125 68.578173828125, 45.51943359375002 68.546533203125, 45.89199218750002 68.4796875, 46.15839843750001 68.291357421875, 46.4296875 68.11884765625, 46.68359375 67.970458984375, 46.6904296875 67.848828125, 46.42890625000001 67.823681640625, 46.17421875000002 67.8181640625, 45.52871093750002 67.757568359375, 44.939453125 67.47744140625, 44.90214843750002 67.413134765625, 44.939453125 67.35078125, 45.13886718750001 67.284716796875, 45.56220703125001 67.185595703125, 45.752539062500006 66.98916015625, 45.885351562500006 66.891064453125, 45.98603515625001 66.853125, 46.083984375 66.843505859375, 46.29775390625002 66.842822265625, 46.44853515625002 66.818994140625, 46.49238281250001 66.8001953125, 46.552343750000006 66.818994140625, 46.69082031250002 66.825537109375, 47.49648437500002 66.929833984375, 47.655859375000006 66.975927734375, 47.709082031250006 67.04501953125, 47.76806640625 67.275634765625, 47.83925781250002 67.355712890625, 47.908203125 67.4546875, 47.88261718750002 67.51533203125, 47.87470703125001 67.5841796875, 48.27871093750002 67.650390625, 48.65380859375 67.695263671875, 48.83320312500001 67.681494140625, 48.8779296875 67.73134765625, 48.69570312500002 67.87421875, 48.75429687500002 67.895947265625, 48.84062500000002 67.8697265625, 48.95390625000002 67.85380859375, 49.1552734375 67.87041015625, 49.931250000000006 68.06513671875, 50.23320312500002 68.175341796875, 50.4140625 68.218359375, 50.69941406250001 68.317724609375, 50.8388671875 68.349951171875, 51.07851562500002 68.363330078125, 51.33613281250001 68.40244140625, 51.61669921875 68.476318359375, 51.994726562500006 68.53876953125, 52.0556640625 68.54130859375, 52.12880859375002 68.53203125, 52.28535156250001 68.459375, 52.22744140625002 68.418603515625, 52.18349609375002 68.374267578125, 52.322265625 68.339697265625, 52.39667968750001 68.351708984375, 52.47500000000002 68.38212890625, 52.66972656250002 68.4267578125, 52.72265625 68.484033203125, 52.64765625000001 68.50615234375, 52.55009765625002 68.592431640625, 52.43505859375 68.610205078125, 52.34404296875002 68.608154296875, 52.68359375 68.731201171875, 53.41289062500002 68.912548828125, 53.80195312500001 68.9958984375, 54.18583984375002 69.0033203125, 54.4912109375 68.992333984375, 54.37626953125002 68.96474609375, 53.87441406250002 68.926611328125, 53.79765625000002 68.907470703125, 53.79824218750002 68.88466796875, 53.919531250000006 68.871240234375, 53.97060546875002 68.844287109375, 53.929296875000006 68.811865234375, 53.891210937500006 68.801513671875, 53.83388671875002 68.708935546875, 53.758886718750006 68.633984375, 53.91767578125001 68.536962890625, 53.93085937500001 68.435546875, 53.82949218750002 68.382666015625, 53.690039062500006 68.4025390625, 53.56669921875002 68.36708984375, 53.34257812500002 68.343212890625, 53.29335937500002 68.311669921875, 53.26054687500002 68.26748046875, 53.40312500000002 68.2568359375, 53.51513671875 68.25966796875, 53.967871093750006 68.22734375, 54.099218750000006 68.259033203125, 54.39394531250002 68.27509765625, 54.476171875000006 68.294140625, 54.56123046875001 68.273046875, 54.71796875000001 68.1841796875, 54.861328125 68.20185546875, 54.92304687500001 68.373828125, 55.15087890625 68.480029296875, 55.418066406250006 68.567822265625, 55.67529296875 68.57587890625, 55.92460937500002 68.6373046875, 56.04365234375001 68.648876953125, 56.27568359375002 68.624072265625, 56.620214843750006 68.61904296875, 56.90937500000001 68.56669921875, 57.12685546875002 68.55400390625, 57.4443359375 68.64150390625, 58.17304687500001 68.88974609375, 58.23701171875001 68.833935546875, 58.35390625000002 68.9162109375, 58.9189453125 69.00380859375, 59.05732421875001 69.0060546875, 59.05986328125002 68.97255859375, 59.11015625000002 68.8962890625, 59.22041015625001 68.849609375, 59.37050781250002 68.73837890625, 59.29833984375 68.708447265625, 59.22255859375002 68.69130859375, 59.1123046875 68.61630859375, 59.09902343750002 68.4443359375, 59.60429687500002 68.351123046875, 59.725683593750006 68.351611328125, 59.82753906250002 68.380322265625, 59.85878906250002 68.396044921875, 59.89736328125002 68.421923828125, 59.9228515625 68.471337890625, 59.94140625 68.510498046875, 59.86513671875002 68.604931640625, 59.89599609375 68.70634765625, 60.160253906250006 68.69951171875, 60.48916015625002 68.728955078125, 60.6376953125 68.78701171875, 60.81513671875001 68.89521484375, 60.93359375 68.986767578125, 60.85859375000001 69.1455078125, 60.66455078125 69.11025390625, 60.33730468750002 69.45703125, 60.17060546875001 69.59091796875, 60.276464843750006 69.65263671875, 60.558691406250006 69.692333984375, 60.81298828125 69.821142578125, 60.90908203125002 69.847119140625, 61.01591796875002 69.85146484375, 61.7705078125 69.763037109375, 62.63125000000002 69.743115234375, 63.361425781250006 69.67529296875, 64.1904296875 69.53466796875, 64.59218750000002 69.43564453125, 64.92851562500002 69.325390625, 64.89628906250002 69.247802734375, 65 69.26468852239395, 65 66.5, 52 47, 48 41.5, 41.5 43, 41.06631510398905 42.923671458302074, 40.83662109375001 43.0634765625, 40.524023437500006 43.121044921875, 40.46210937500001 43.145703125, 40.19062500000001 43.312402343749994, 39.873632812500006 43.472802734374994, 39.516699218750006 43.727880859375, 39.32939453125002 43.897265624999996, 38.71728515625 44.2880859375, 38.635839843750006 44.318017578124994, 38.31181640625002 44.374462890625, 38.181250000000006 44.419677734375, 37.85146484375002 44.698828125, 37.70488281250002 44.661376953125, 37.57246093750001 44.670849609375, 37.4951171875 44.695263671875, 37.41132812500001 44.7353515625, 37.35234375000002 44.788378906249996, 37.28408203125002 44.905029296875, 37.20478515625001 44.971972656249996, 36.944433593750006 45.069580078125, 36.65078125000002 45.12646484375, 36.62763671875001 45.151318359375, 36.619140625 45.185498046875, 36.873046875 45.251757812499996, 36.94121093750002 45.289697265624994, 36.81103515625 45.3400390625, 36.76162109375002 45.34833984375, 36.72041015625001 45.371874999999996, 36.79375000000002 45.409716796874996, 36.86591796875001 45.427050781249996, 36.97783203125002 45.383593749999996, 37.103515625 45.302880859374994, 37.21357421875001 45.272314453125, 37.264257812500006 45.310937499999994, 37.64716796875001 45.377197265625, 37.672949218750006 45.429736328124996, 37.671875 45.48837890625, 37.634375000000006 45.486328125, 37.609960937500006 45.49951171875, 37.612402343750006 45.564697265625, 37.66923828125002 45.654052734375, 37.840917968750006 45.799560546875, 37.93310546875 46.001708984375, 38.014257812500006 46.047753906249994, 38.073828125000006 46.01708984375, 38.06972656250002 45.969873046874994, 38.07958984375 45.934814453125, 38.1328125 46.002832031249994, 38.18359375 46.09482421875, 38.31181640625002 46.095361328124994, 38.400390625 46.080029296875, 38.492285156250006 46.09052734375, 38.31523437500002 46.241943359375, 38.077734375000006 46.394335937499996, 37.9775390625 46.382861328124996, 37.91386718750002 46.406494140625, 37.8095703125 46.532080078125, 37.76650390625002 46.636132812499994, 37.86738281250001 46.6337890625, 37.96796875000001 46.618017578125, 38.15947265625002 46.690673828125, 38.22998046875 46.70126953125, 38.34345703125001 46.6783203125, 38.5009765625 46.663671875, 38.48798828125001 46.732177734375, 38.43867187500001 46.8130859375, 38.63076171875002 46.873046875, 38.80107421875002 46.906152343749994, 39.12675781250002 47.0234375, 39.27070312500001 47.044140625, 39.2890625 47.0708984375, 39.29345703125 47.105761718749996, 39.24453125000002 47.199511718749996, 39.19570312500002 47.268847656249996, 39.02373046875002 47.272216796875, 38.928320312500006 47.175683593749994, 38.66816406250001 47.143945312499994, 38.55244140625001 47.150341796875, 38.64433593750002 47.212207031249996, 38.73603515625001 47.23583984375, 38.76191406250001 47.261621093749994, 38.577246093750006 47.239111328125, 38.48476562500002 47.175537109375, 38.178320312500006 47.080224609374994, 37.828710937500006 47.095849609374994, 37.54335937500002 47.074560546875, 37.33984375 46.916894531249994, 37.21855468750002 46.917333984375, 37.04755859375001 46.876220703125, 36.93203125000002 46.825146484375, 36.79482421875002 46.714404296874996, 36.68867187500001 46.764111328125, 36.55878906250001 46.7626953125, 36.43203125000002 46.732568359374994, 36.27949218750001 46.658593749999994, 36.19462890625002 46.6455078125, 36.02490234375 46.666796874999996, 35.8271484375 46.624316406249996, 35.40019531250002 46.381396484374996, 35.25664062500002 46.203906249999996, 35.20439453125002 46.169189453125, 35.13232421875 46.125878906249994, 35.055273437500006 46.10400390625, 35.01455078125002 46.106005859374996, 35.2177734375 46.232177734375, 35.28017578125002 46.2794921875, 35.29091796875002 46.314404296875, 35.2919921875 46.370703125, 35.23037109375002 46.440625, 35.064062500000006 46.267236328124994, 34.96953125000002 46.242089843749994, 34.849609375 46.189892578125, 34.84375 46.073583984375, 34.85732421875002 45.987353515624996, 34.90664062500002 45.878808593749994, 35.02285156250002 45.700976562499996, 35.26015625000002 45.446923828124994, 35.37392578125002 45.35361328125, 35.45751953125 45.316308593749994, 35.55800781250002 45.310888671875, 35.7509765625 45.38935546875, 35.83349609375 45.401611328125, 36.01289062500001 45.3716796875, 36.0771484375 45.424121093749996, 36.170507812500006 45.453076171875, 36.29033203125002 45.45673828125, 36.42705078125002 45.433251953124994, 36.57500000000002 45.3935546875, 36.514257812500006 45.303759765624996, 36.450781250000006 45.232324218749994, 36.39335937500002 45.065380859375, 36.22988281250002 45.0259765625, 36.054785156250006 45.030810546874996, 35.8701171875 45.005322265625, 35.75947265625001 45.070849609374996, 35.67753906250002 45.102001953125, 35.56953125000001 45.1193359375, 35.47255859375002 45.098486328125, 35.35781250000002 44.978417968749994, 35.15478515625 44.896337890625, 35.08769531250002 44.802636718749994, 34.887792968750006 44.823583984375, 34.716894531250006 44.80712890625, 34.46992187500001 44.7216796875, 34.28173828125 44.538427734375, 34.07441406250001 44.423828125, 33.90996093750002 44.387597656249994, 33.75566406250002 44.39892578125, 33.655859375000006 44.433203125, 33.45068359375 44.553662109375, 33.46269531250002 44.596826171874994, 33.491308593750006 44.618603515625, 33.53007812500002 44.680517578125, 33.61220703125002 44.9078125, 33.601171875000006 44.981494140624996, 33.55517578125 45.09765625, 33.39248046875002 45.187841796875, 33.26152343750002 45.170751953125, 33.18691406250002 45.194775390625, 32.91865234375001 45.34814453125, 32.77265625000001 45.358984375, 32.611328125 45.328076171875, 32.551855468750006 45.350390624999996, 32.50800781250001 45.40380859375, 32.82802734375002 45.593017578125, 33.14228515625001 45.74921875, 33.28007812500002 45.765234375, 33.46621093750002 45.837939453124996, 33.66484375000002 45.947070312499996, 33.63671875 46.032861328124994, 33.59414062500002 46.096240234374996, 33.42988281250001 46.0576171875, 33.26347656250002 46.12568359375, 33.202246093750006 46.175732421875, 32.94179687500002 46.123779296875, 32.796875 46.131494140624994, 32.47675781250001 46.08369140625, 32.32988281250002 46.13037109375, 32.035742187500006 46.260986328125, 31.925195312500023 46.287255859374994, 31.83125000000001 46.281689453125, 31.77998046875001 46.324658203125, 31.842871093750006 46.346142578125, 31.915917968750023 46.348681640624996, 31.99169921875 46.364404296874994, 32.01308593750002 46.387158203125, 32.00849609375001 46.429980468749996, 31.855761718750017 46.462451171874996, 31.713671875000017 46.47177734375, 31.623632812500006 46.51025390625, 31.55488281250001 46.554296875, 31.71601562500001 46.554980468749996, 31.8779296875 46.5216796875, 32.131445312500006 46.509375, 32.361328125 46.474951171875, 32.4189453125 46.5177734375, 32.55253906250002 46.5919921875, 32.57802734375002 46.615624999999994, 32.354101562500006 46.564843749999994, 32.12724609375002 46.597216796874996, 32.04433593750002 46.642480468749994, 31.97431640625001 46.708789062499996, 31.944921875000006 46.784375, 31.96406250000001 46.854833984375, 31.939550781250006 46.981982421874996, 31.86474609375 47.095117187499994, 31.838183593750017 47.1572265625, 31.759179687500023 47.212841796875, 31.8369140625 47.08701171875, 31.86591796875001 47.003271484375, 31.912695312500006 46.926123046875, 31.901660156250017 46.721630859375, 31.872851562500017 46.649755859375, 31.779589843750017 46.631640624999996, 31.657031250000017 46.642431640625, 31.532128906250023 46.66474609375, 31.563378906250023 46.777294921875, 31.496875000000017 46.73837890625, 31.402929687500006 46.628808593749994, 31.3203125 46.6125, 31.136816406250006 46.624462890625, 30.796289062500023 46.552001953125, 30.772851562500023 46.473046874999994, 30.7216796875 46.3662109375, 30.672265625000023 46.304003906249996, 30.65673828125 46.266503906249994, 30.511523437500017 46.105371093749994, 30.219042968750017 45.866748046874996, 30.184179687500006 45.849951171875, 30.006640625000017 45.79794921875, 29.901660156250017 45.752392578125, 29.821191406250023 45.732080078124994, 29.68505859375 45.754687499999996, 29.62841796875 45.722460937499996, 29.601660156250006 45.682519531249994, 29.601171875000006 45.599999999999994, 29.670312500000023 45.540673828124994, 29.726953125000023 45.343310546874996, 29.635351562500006 44.979638671874994, 29.60546875 44.915478515625, 29.557519531250023 44.843408203124994, 29.048242187500023 44.757568359375, 29.0810546875 44.798828125, 29.069140625000017 44.871142578124996, 29.047753906250023 44.925683593749994, 29.095312500000006 44.975048828125, 28.98066406250001 44.992919921875, 28.930566406250023 44.9658203125, 28.891503906250023 44.91865234375, 28.926171875000023 44.810009765625, 28.849023437500023 44.71630859375, 28.846484375000017 44.636865234374994, 28.813574218750006 44.602490234375, 28.807031250000023 44.5650390625, 28.88818359375 44.574755859374996, 28.85175781250001 44.506103515625, 28.69921875 44.37421875, 28.645410156250023 44.295654296875, 28.658593750000023 43.983837890625, 28.590722656250023 43.797412109374996, 28.561816406250017 43.501318359375, 28.465429687500006 43.389306640624994, 28.319628906250017 43.42685546875, 28.133691406250023 43.39560546875, 28.03515625 43.26826171875, 27.92890625000001 43.1861328125, 27.896484375 43.020703125, 27.88886718750001 42.74970703125, 27.818359375 42.716650390625, 27.753710937500017 42.70654296875, 27.484765625000023 42.468066406249996, 27.639550781250023 42.4009765625, 27.70820312500001 42.349951171875, 27.821386718750006 42.2080078125, 27.982714843750017 42.047412109374996, 28.014453125000017 41.969042968749996, 27.9873046875 41.854882812499994, 28.05029296875 41.729150390624994, 28.197851562500006 41.554492187499996, 28.34638671875001 41.466357421874996, 28.94677734375 41.248388671875, 29.057226562500006 41.229736328125, 29.032128906250023 41.140478515625, 28.995996093750023 41.0611328125, 28.95625000000001 41.008203124999994, 28.780371093750006 40.974169921874996, 28.294921875 41.071484375, 28.172167968750017 41.080712890624994, 28.085546875000006 41.061328124999996, 27.925195312500023 40.990576171875, 27.747363281250017 41.01328125, 27.499414062500023 40.97314453125, 27.43017578125 40.83994140625, 27.25800781250001 40.687353515625, 26.974609375 40.564013671874996, 26.772070312500006 40.498046875, 26.46796875000001 40.261474609375, 26.329980468750023 40.123388671875, 26.202734375000006 40.075390625, 26.225976562500023 40.14169921875, 26.260156250000023 40.202392578125, 26.252343750000023 40.24814453125, 26.253808593750023 40.314697265625, 26.355273437500017 40.390234375, 26.44746093750001 40.44501953125, 26.720312500000006 40.544238281249996, 26.792089843750006 40.626611328124994, 26.578125 40.624658203124994, 26.360937500000006 40.606347656249994, 26.224218750000006 40.618066406249994, 26.10546875 40.611328125, 26.0107421875 40.769140625, 25.85566406250001 40.844091796875, 25.49677734375001 40.88779296875, 25.325292968750006 40.943115234375, 25.250097656250006 40.9328125, 25.1044921875 40.9947265625, 25.004687500000017 40.967529296875, 24.79296875 40.85751953125, 24.6787109375 40.869482421875, 24.556542968750023 40.935595703124996, 24.47705078125 40.94775390625, 24.3837890625 40.912744140624994, 24.234375 40.7861328125, 24.082324218750017 40.724072265625, 23.946093750000017 40.748339843749996, 23.762792968750006 40.747802734375, 23.743261718750006 40.677001953125, 23.778710937500023 40.627978515624996, 23.87890625 40.544384765625, 23.831933593750023 40.48154296875, 23.866796875000006 40.4185546875, 23.932031250000023 40.40576171875, 24.030566406250017 40.409326171874994, 24.212792968750023 40.327783203124994, 24.29248046875 40.241796875, 24.343359375000006 40.147705078125, 24.232421875 40.215185546875, 24.158789062500006 40.280029296875, 24.056054687500023 40.303564453125, 23.913183593750006 40.358789062499994, 23.82343750000001 40.368017578125, 23.727929687500023 40.329736328124994, 23.720507812500017 40.286279296874994, 23.82343750000001 40.205126953124996, 23.917578125000006 40.155224609375, 23.96748046875001 40.114550781249996, 24.000781250000017 40.024609375, 23.981835937500023 39.994042968749994, 23.947070312500017 39.965576171875, 23.835351562500023 40.022265624999996, 23.66455078125 40.223828125, 23.42626953125 40.263964843749996, 23.38642578125001 40.221972656249996, 23.433203125000006 40.1154296875, 23.467089843750017 40.07392578125, 23.674121093750017 39.958886718749994, 23.657519531250017 39.934472656249994, 23.627343750000023 39.924072265625, 23.395605468750006 39.98984375, 23.328222656250006 40.08994140625, 23.31201171875 40.216455078124994, 23.09814453125 40.304296875, 22.896484375 40.39990234375, 22.851367187500017 40.490624999999994, 22.892871093750017 40.524267578125, 22.922265625000023 40.590869140624996, 22.811425781250023 40.57861328125, 22.74189453125001 40.536474609375, 22.629492187500006 40.495556640625, 22.624902343750023 40.428613281249994, 22.642675781250006 40.366601562499994, 22.60546875 40.276416015624996, 22.5693359375 40.1193359375, 22.592187500000023 40.036914062499996, 22.835742187500017 39.800585937499996, 22.919042968750006 39.62890625, 22.978808593750017 39.563818359375, 23.103417968750023 39.492041015625, 23.2333984375 39.358447265624996, 23.288476562500023 39.288818359375, 23.327734375000006 39.17490234375, 23.218359375000006 39.104394531249994, 23.154687500000023 39.101464843749994, 23.119433593750017 39.132763671875, 23.168750000000017 39.21044921875, 23.161718750000006 39.257763671875, 22.99287109375001 39.3310546875, 22.92138671875 39.30634765625, 22.838964843750006 39.258593749999996, 22.886035156250017 39.169970703124996, 22.93896484375 39.1115234375, 22.96552734375001 39.030908203124994, 23.066699218750017 39.037939453125, 22.930468750000017 38.947705078125, 22.802636718750023 38.901611328125, 22.596777343750006 38.890576171875, 22.569140625000017 38.867480468749996, 22.63427734375 38.85068359375, 22.6875 38.849169921874996, 22.774023437500006 38.800390625, 23.020312500000017 38.74189453125, 23.1376953125 38.66796875, 23.2529296875 38.66123046875, 23.368945312500017 38.525537109374994, 23.569628906250017 38.489404296874994, 23.683984375000023 38.352441406249994, 23.836035156250006 38.325488281249996, 23.96699218750001 38.275, 24 38.23355125834924, 24 37.677334241886406, 23.971582031250023 37.6767578125, 23.877343750000023 37.777783203125, 23.732812500000023 37.884082031249996, 23.580468750000023 38.010546874999996, 23.537207031250006 38.032763671874996, 23.501757812500017 38.03486328125, 23.420214843750017 37.992089843749994, 23.193652343750017 37.959033203124996, 23.047460937500006 37.902636718749996, 23.03632812500001 37.878369140625, 23.08613281250001 37.853125, 23.14716796875001 37.795312499999994, 23.14716796875001 37.716259765625, 23.197558593750017 37.62021484375, 23.2626953125 37.59541015625, 23.347558593750023 37.597558593749994, 23.39619140625001 37.57978515625, 23.408789062500006 37.541552734374996, 23.490625000000023 37.4638671875, 23.4892578125 37.440185546875, 23.252539062500006 37.377294921875, 23.161523437500023 37.333837890625, 23.100000000000023 37.36376953125, 23.096484375000017 37.440576171874994, 23.01513671875 37.481787109375, 22.940527343750006 37.51708984375, 22.85107421875 37.5322265625, 22.775000000000006 37.585107421874994, 22.725390625000017 37.542138671874994, 22.765039062500023 37.393310546875, 22.85107421875 37.290820312499996, 22.995019531250023 37.015869140625, 23.060351562500017 36.853515625, 23.073535156250017 36.774951171874996, 23.041015625 36.64453125, 23.111718750000023 36.547607421875, 23.16015625 36.448095703125, 23.106835937500023 36.45185546875, 23.060546875 36.486962890624994, 22.98291015625 36.528369140624996, 22.832324218750017 36.687109375, 22.779882812500006 36.786181640624996, 22.717187500000023 36.7939453125, 22.6083984375 36.779736328125, 22.489062500000017 36.568164062499996, 22.48945312500001 36.446923828124994, 22.427734375 36.47578125, 22.374804687500017 36.513574218749994, 22.381250000000023 36.64619140625, 22.3759765625 36.701904296875, 22.23115234375001 36.882568359375, 22.16474609375001 36.90283203125, 22.1337890625 36.963916015624996, 22.080468750000023 37.028955078124994, 22.01171875 37.016503906249994, 21.95556640625 36.990087890625, 21.93427734375001 36.803662109375, 21.892382812500017 36.7373046875, 21.738085937500017 36.863232421875, 21.582910156250023 37.080957031249994, 21.57880859375001 37.200390625, 21.692480468750006 37.30927734375, 21.67890625000001 37.38720703125, 21.5712890625 37.541015625, 21.41621093750001 37.639941406249996, 21.32929687500001 37.669335937499994, 21.288476562500023 37.77451171875, 21.20527343750001 37.828857421875, 21.137988281250017 37.854150390624994, 21.12470703125001 37.8916015625, 21.14501953125 37.919287109375, 21.30810546875 38.02744140625, 21.403710937500023 38.196679687499994, 21.451171875 38.204736328124994, 21.548730468750023 38.164599609374996, 21.65839843750001 38.175097656249996, 21.748437500000023 38.274218749999996, 21.82470703125 38.328125, 21.95332031250001 38.321191406249994, 22.243750000000006 38.188720703125, 22.55585937500001 38.113232421875, 22.711523437500006 38.046923828124996, 22.799609375000017 37.981201171875, 22.84638671875001 37.967578124999996, 22.920312500000023 37.958300781249996, 22.9169921875 38.007470703124994, 22.893164062500006 38.050927734374994, 22.95478515625001 38.074609374999994, 23.1220703125 38.07333984375, 23.183496093750023 38.133691406249994, 23.14892578125 38.176074218749996, 23.093554687500017 38.196435546874994, 23.03437500000001 38.202099609375, 22.995410156250017 38.21552734375, 22.932519531250023 38.201953124999996, 22.834375000000023 38.234716796875, 22.78369140625 38.26171875, 22.75390625 38.289501953125, 22.583398437500023 38.344921875, 22.421679687500017 38.438525390624996, 22.38525390625 38.385546874999996, 22.319921875000006 38.356835937499994, 22.226855468750017 38.352832031249996, 21.96533203125 38.412451171875, 21.8046875 38.366943359375, 21.65009765625001 38.35400390625, 21.567675781250017 38.33359375, 21.472558593750023 38.32138671875, 21.39013671875 38.4078125, 21.35546875 38.4748046875, 21.3310546875 38.4873046875, 21.32978515625001 38.424365234374996, 21.303320312500006 38.373925781249994, 21.1826171875 38.345556640625, 21.113183593750023 38.384667968749994, 20.9921875 38.65400390625, 20.87324218750001 38.775732421875, 20.77685546875 38.807519531249994, 20.7685546875 38.874414062499994, 20.77734375 38.927880859374994, 20.893164062500006 38.94111328125, 21.07421875 38.885156249999994, 21.111621093750017 38.896289062499996, 21.15234375 38.9220703125, 21.14453125 38.97919921875, 21.11835937500001 39.02998046875, 21.034082031250023 39.026269531249994, 20.922753906250023 39.036767578124994, 20.779687500000023 39.008544921875, 20.71337890625 39.03515625, 20.691308593750023 39.06748046875, 20.571679687500023 39.147705078125, 20.46826171875 39.255273437499994, 20.30078125 39.327099609375, 20.19140625 39.545800781249994, 20.099414062500017 39.641259765624994, 20.001269531250017 39.709423828125, 19.99560546875 39.801025390625, 19.96484375 39.872265625, 19.851855468750017 40.0435546875, 19.48457031250001 40.2099609375, 19.39814453125001 40.28486328125, 19.322265625 40.407080078125, 19.35859375000001 40.408740234374996, 19.440527343750006 40.37568359375, 19.45917968750001 40.40537109375, 19.439257812500017 40.470263671874996, 19.344628906250023 40.6220703125, 19.337500000000006 40.663818359375, 19.383886718750006 40.79072265625, 19.461230468750017 40.93330078125, 19.4560546875 41.1060546875, 19.480078125000006 41.236376953124996, 19.453417968750017 41.32099609375, 19.44062500000001 41.424755859375, 19.497363281250017 41.5626953125, 19.545800781250023 41.596826171874994, 19.57568359375 41.640429687499996, 19.577539062500023 41.787499999999994, 19.46826171875 41.85615234375, 19.342382812500006 41.869091796875, 19.186425781250023 41.948632812499994, 19.12226562500001 42.060498046875, 18.89423828125001 42.249462890625, 18.632910156250006 42.378076171874994, 18.619042968750023 42.398388671875, 18.645898437500023 42.442724609375, 18.591601562500017 42.444189453125, 18.553515625000017 42.428515624999996, 18.517480468750023 42.432910156249996, 18.3330078125 42.527880859374996, 18.16064453125 42.634033203125, 17.823828125000006 42.797412109374996, 17.5849609375 42.837158203125, 17.258203125000023 42.96845703125, 17.04541015625 43.014892578125, 17.12646484375 43.0255859375, 17.219824218750006 43.02587890625, 17.7236328125 42.85068359375, 17.667578125000006 42.897119140624994, 17.53730468750001 42.962255859375, 17.329882812500017 43.114892578124994, 17.12939453125 43.2111328125, 16.903125000000017 43.392431640625, 16.60029296875001 43.4640625, 16.393945312500023 43.543359374999994, 16.268945312500023 43.53125, 16.13105468750001 43.506298828125, 16.045996093750006 43.505517578124994, 15.985546875000011 43.519775390625, 15.942578125000011 43.5689453125, 15.949121093750023 43.606982421874996, 15.941503906250006 43.656640624999994, 15.820605468750017 43.7359375, 15.655664062500023 43.811279296875, 15.499414062500023 43.9087890625, 15.185839843750017 44.172119140625, 15.122949218750023 44.256787109375, 15.184667968750006 44.272900390625, 15.231347656250023 44.271435546875, 15.284277343750006 44.288818359375, 15.369726562500006 44.2892578125, 15.470996093750017 44.27197265625, 15.38134765625 44.328271484374994, 15.269824218750017 44.38349609375, 14.981347656250023 44.602929687499994, 14.895214843750011 44.706591796874996, 14.88525390625 44.818261718749994, 14.906542968750017 44.97138671875, 14.854589843750006 45.081005859375, 14.632031250000011 45.222900390625, 14.550488281250011 45.297705078125, 14.386132812500023 45.342138671875, 14.312695312500011 45.337792968749994, 14.2685546875 45.282519531249996, 14.236328125 45.15966796875, 14.090625000000017 44.997607421874996, 13.9658203125 44.83564453125, 13.899804687500023 44.829345703125, 13.860742187500023 44.83740234375, 13.742480468750017 44.991503906249996, 13.629296875000023 45.108203124999996, 13.603320312500017 45.231396484375, 13.517187500000006 45.481787109375, 13.577929687500017 45.516894531249996, 13.637304687500006 45.535937499999996, 13.783300781250006 45.627246093749996, 13.628320312500023 45.770947265625, 13.558203125000006 45.770703125, 13.465136718750017 45.7099609375, 13.206347656250017 45.771386718749994, 13.15673828125 45.74658203125, 13.1201171875 45.697900390624994, 13.0302734375 45.637499999999996, 12.903027343750011 45.610791015625, 12.76123046875 45.544287109375, 12.49755859375 45.461669921875, 12.43212890625 45.467919921874994, 12.5361328125 45.544921875, 12.491796875000006 45.546289062499994, 12.353808593750017 45.491992187499996, 12.274316406250023 45.446044921875, 12.248828125000017 45.36884765625, 12.225683593750006 45.241503906249996, 12.286328125000011 45.20771484375, 12.392480468750023 45.039794921875, 12.5234375 44.96796875, 12.497949218750023 44.8994140625, 12.463574218750011 44.84521484375, 12.384472656250011 44.79833984375, 12.319042968750011 44.83310546875, 12.278906250000006 44.8322265625, 12.248339843750017 44.722509765625, 12.304980468750017 44.429443359375, 12.396289062500017 44.223876953125, 12.48681640625 44.134228515625, 12.691113281250011 43.9947265625, 12.907031250000017 43.921191406249996, 13.295312500000023 43.686083984374996, 13.508203125000023 43.611669921875, 13.564160156250011 43.5712890625, 13.693261718750023 43.389892578125, 13.8046875 43.18037109375, 13.924902343750006 42.8515625, 14.010449218750011 42.68955078125, 14.182714843750006 42.5064453125, 14.540722656250011 42.244287109374994, 14.866113281250023 42.052539062499996, 15.168750000000017 41.934033203125, 15.404980468750011 41.913232421874994, 15.964062500000011 41.939453125, 16.0615234375 41.928124999999994, 16.164648437500006 41.89619140625, 16.18916015625001 41.814013671874996, 16.151269531250023 41.75849609375, 16.03369140625 41.70078125, 15.913769531250011 41.620849609375, 15.900488281250006 41.512060546875, 16.012597656250023 41.435400390625, 16.551855468750006 41.23203125, 17.103417968750023 41.062158203124994, 17.275195312500017 40.975439453125, 17.474218750000006 40.840576171875, 17.954980468750023 40.655175781249994, 18.0361328125 40.56494140625, 18.328222656250006 40.370849609375, 18.46064453125001 40.221044921875, 18.48583984375 40.104833984375, 18.42255859375001 39.986865234374996, 18.393457031250023 39.903613281249996, 18.34375 39.82138671875, 18.219335937500006 39.8525390625, 18.077929687500017 39.936962890625, 17.865039062500017 40.280175781249994, 17.476171875000006 40.31494140625, 17.395800781250017 40.340234374999994, 17.257714843750023 40.399072265624994, 17.249414062500023 40.437890624999994, 17.21533203125 40.48642578125, 17.179980468750017 40.502783203125, 17.03125 40.513476562499996, 16.92822265625 40.458056640624996, 16.807031250000023 40.326464843749996, 16.66962890625001 40.13720703125, 16.52998046875001 39.859667968749996, 16.521875000000023 39.74755859375, 16.597753906250006 39.638916015625, 16.824316406250006 39.5783203125, 16.99921875000001 39.481591796874994, 17.114550781250017 39.380615234375, 17.122949218750023 39.136572265625, 17.174609375000017 38.998095703124996, 17.098535156250023 38.919335937499994, 16.951464843750017 38.939794921875, 16.755468750000006 38.889697265624996, 16.61669921875 38.800146484375, 16.558984375000023 38.714794921875, 16.57421875 38.493554687499994, 16.54560546875001 38.409082031249994, 16.28242187500001 38.249560546874996, 16.144140625000006 38.086376953125, 16.109765625000023 38.01865234375, 16.05683593750001 37.941845703125, 15.724511718750023 37.939111328124994, 15.645800781250017 38.034228515624996, 15.64306640625 38.175390625, 15.7001953125 38.2623046875, 15.822363281250006 38.302978515625, 15.90478515625 38.48349609375, 15.87890625 38.613916015624994, 15.972363281250011 38.71259765625, 16.19677734375 38.759228515625, 16.2099609375 38.94111328125, 16.107421875 39.023828124999994, 16.07148437500001 39.139453124999996, 16.02363281250001 39.35361328125, 15.854394531250023 39.626513671874996, 15.763671875 39.870068359375, 15.692773437500023 39.990185546875, 15.585156250000011 40.05283203125, 15.390917968750017 40.052148437499994, 15.294531250000006 40.07001953125, 14.950878906250011 40.239013671875, 14.926953125000011 40.26474609375, 14.929101562500023 40.3095703125, 14.986132812500017 40.377490234374996, 14.947656250000023 40.4693359375, 14.906933593750011 40.556054687499994, 14.839550781250011 40.62998046875, 14.765722656250006 40.668408203125, 14.611230468750023 40.644775390625, 14.556933593750017 40.626416015625, 14.459375000000023 40.632714843749994, 14.382714843750023 40.599853515625, 14.339941406250006 40.598828125, 14.460546875000006 40.7287109375, 14.428125000000023 40.759326171874996, 14.308886718750017 40.812646484374994, 14.102343750000017 40.8271484375, 14.075878906250011 40.7939453125, 14.044335937500023 40.812255859375, 14.047656250000017 40.8703125, 13.859765625000023 41.12998046875, 13.7333984375 41.235644531249996, 13.669726562500017 41.2544921875, 13.554785156250006 41.232177734375, 13.361914062500006 41.278515625, 13.246875000000017 41.288867187499996, 13.183398437500017 41.277685546875, 13.088671875000017 41.24384765625, 13.041015625 41.2662109375, 13.024218750000017 41.300927734374994, 12.849218750000006 41.408740234374996, 12.630859375 41.469677734375, 12.205664062500006 41.812646484374994, 12.075292968750006 41.940869140625, 11.807031250000023 42.08203125, 11.637304687500006 42.287548828125, 11.498437500000023 42.362939453124994, 11.296289062500023 42.423291015625, 11.249707031250011 42.41572265625, 11.188867187500023 42.393115234374996, 11.141210937500006 42.389892578125, 11.103222656250011 42.4166015625, 11.141796875000011 42.444091796875, 11.184765625000011 42.456591796874996, 11.167773437500017 42.53515625, 10.937792968750017 42.738720703125, 10.803125000000023 42.804296875, 10.76513671875 42.844677734375, 10.737109375000017 42.899951171874996, 10.708398437500023 42.936328124999996, 10.644628906250006 42.957177734374994, 10.590234375000023 42.95361328125, 10.514843750000011 42.967529296875, 10.517285156250011 43.06513671875, 10.532324218750006 43.14013671875, 10.520800781250017 43.20380859375, 10.447558593750017 43.37119140625, 10.320507812500011 43.513085937499994, 10.245800781250011 43.852099609374996, 10.188085937500006 43.947509765625, 10.047656250000017 44.019970703125, 9.730859375000023 44.101171875, 9.289355468750017 44.319238281249994, 9.195996093750011 44.322998046875, 8.930371093750011 44.407763671874996, 8.765820312500011 44.422314453125, 8.551953125000011 44.346142578125, 8.292382812500023 44.136523437499996, 8.081640625000006 43.9189453125, 8.004980468750006 43.876757812499996, 7.733300781250023 43.802587890625, 7.4931640625 43.767138671874996, 7.261523437500017 43.696093749999996, 7.181445312500017 43.659130859375, 6.86474609375 43.438330078125, 6.716601562500017 43.373583984374996, 6.687402343750023 43.3345703125, 6.6572265625 43.261669921875, 6.570214843750023 43.199072265625, 6.494042968750023 43.169287109375, 6.305371093750011 43.138720703124996, 6.115917968750011 43.07236328125, 6.030566406250017 43.100976562499994, 5.809472656250023 43.097900390625, 5.671582031250011 43.17783203125, 5.406542968750017 43.228515625, 5.320214843750023 43.344921875, 5.199511718750017 43.352490234375, 5.120410156250017 43.348974609375, 5.073144531250023 43.366601562499994, 5.060839843750017 43.406298828124996, 5.059765625000011 43.44453125, 4.975976562500023 43.426953125, 4.911914062500017 43.426953125, 4.843554687500017 43.393945312499994, 4.807910156250017 43.405224609375, 4.787207031250006 43.401416015624996, 4.7890625 43.37890625, 4.712109375000011 43.373291015625, 4.628710937500017 43.387109374999994, 4.376171875000011 43.456396484375, 4.224218750000006 43.479638671874994, 4.162792968750011 43.503662109375, 4.113085937500017 43.563037109374996, 4.052636718750023 43.593066406249996, 3.9108398437500114 43.5630859375, 3.861621093750017 43.516357421875, 3.7847656250000057 43.46162109375, 3.2588867187500057 43.193212890625, 3.162890625000017 43.08076171875, 3.0517578125 42.91513671875, 3.0430664062500057 42.837890625, 3.0909179687500057 42.590869140624996, 3.1978515625000057 42.461181640625, 3.2398437500000057 42.36787109375, 3.287890625000017 42.343701171875, 3.3067382812500057 42.288964843749994, 3.2186523437500227 42.2603515625, 3.1664062500000227 42.256494140624994, 3.150390625 42.162451171875, 3.1751953125000227 42.135986328125, 3.224609375 42.111132812499996, 3.238085937500017 42.0822265625, 3.248046875 41.944238281249994, 3.1468750000000227 41.86103515625, 3.0048828125 41.767431640625, 2.3109375000000227 41.46650390625, 2.1456054687500057 41.320751953125, 2.0826171875000057 41.287402343749996, 1.5666015625000114 41.195605468749996, 1.205859375000017 41.097558593749994, 1.0329101562500114 41.062060546874996, 0.81689453125 40.8916015625, 0.714648437500017 40.8228515625, 0.7960937500000114 40.80380859375, 0.89111328125 40.72236328125, 0.859179687500017 40.68623046875, 0.6600585937500227 40.613330078124996, 0.6271484375000114 40.622216796874994, 0.5960937500000227 40.614501953125, 0.3636718750000227 40.31904296875, 0.1583984375000114 40.106591796874994, 0.0430664062500057 40.013964843749996, -0.075146484374983 39.875927734375, -0.3270019531249773 39.519873046875, -0.3289550781249773 39.41708984375, -0.2049316406249773 39.06259765625, -0.1337890625 38.969482421875, -0.034130859374983 38.8912109375, 0.1548828125000057 38.824658203125, 0.2015625000000227 38.759179687499994, 0.1363281250000057 38.69677734375, -0.052734375 38.585693359375, -0.3812499999999943 38.43564453125, -0.5208007812499886 38.317285156249994, -0.5506835937499943 38.203125, -0.6467773437499886 38.15185546875, -0.6832031249999773 37.992041015625, -0.7415527343749773 37.886132812499994, -0.7527343749999886 37.850244140624994, -0.814648437499983 37.769921874999994, -0.8230957031249773 37.71162109375, -0.7215820312499943 37.6310546875, -0.7718749999999943 37.596240234374996, -0.8221679687499943 37.58076171875, -1.3275390624999943 37.5611328125, -1.6409667968749773 37.386962890625, -1.797607421875 37.232861328125, -1.9393066406249773 36.945849609374996, -2.111523437499983 36.776660156249996, -2.187695312499983 36.745458984375, -2.3055664062499943 36.81982421875, -2.452832031249983 36.83115234375, -2.595703125 36.806494140625, -2.670605468749983 36.74755859375, -2.787548828124983 36.714746093749994, -2.90185546875 36.7431640625, -3.149169921875 36.75849609375, -3.2591308593749773 36.755761718749994, -3.4312499999999773 36.707910156249994, -3.578808593749983 36.73984375, -3.8277832031249943 36.7560546875, -4.366845703124994 36.718115234375, -4.434863281249989 36.700244140624996, -4.502246093749989 36.629150390625, -4.674121093749989 36.5064453125, -4.935302734375 36.50205078125, -5 36.48060986398787, -5 43.486281639183574, -5.105273437499989 43.501855468749994, -4.523046874999977 43.41572265625, -4.312792968749989 43.41474609375, -4.015332031249983 43.4630859375, -3.889355468749983 43.499414062499994, -3.7740234374999773 43.477880859375, -3.6046386718749943 43.519482421875, -3.523632812499983 43.511035156249996, -3.4178710937499943 43.451708984374996, -3.045605468749983 43.37158203125, -2.947705078124983 43.439697265625, -2.8750488281249886 43.454443359375, -2.6070800781249943 43.412744140624994, -2.337109374999983 43.328027343749994, -2.1966796874999943 43.321923828124994, -1.9913085937499773 43.345068359375, -1.8285156249999943 43.400830078125, -1.6314453124999773 43.438037109374996, -1.48486328125 43.563769531249996, -1.3459960937499886 44.02021484375, -1.2455078124999943 44.559863281249996, -1.1708007812499943 44.66181640625, -1.0769531249999886 44.689843749999994, -1.1528808593749886 44.764013671875, -1.200390624999983 44.726464843749994, -1.2203124999999773 44.68662109375, -1.2452148437499773 44.66669921875, -1.1890624999999773 45.161474609375, -1.1490722656249943 45.342626953125, -1.081005859374983 45.532421875, -0.9417480468749773 45.457080078124996, -0.8263183593749943 45.380664062499996, -0.7666503906249886 45.314355468749994, -0.691113281249983 45.09345703125, -0.633984374999983 45.047119140625, -0.5484863281249943 45.0005859375, -0.582275390625 45.0513671875, -0.64111328125 45.090185546875, -0.733105468749983 45.384619140625, -0.790771484375 45.468017578125, -0.8806640624999886 45.53818359375, -1.1699707031249886 45.685937499999994, -1.195996093749983 45.714453125, -1.2099609375 45.770898437499994, -1.1143554687499773 45.768505859375, -1.03173828125 45.741064453125, -1.04150390625 45.77265625, -1.0660156249999773 45.8056640625, -1.1043945312499943 45.925341796874996, -1.1363769531249943 46.204833984375, -1.132031249999983 46.252685546875, -1.1462890624999886 46.311376953125, -1.3127929687499886 46.326904296875, -1.3924804687499943 46.35009765625, -1.7865234374999943 46.51484375, -1.9214355468749886 46.684814453125, -2.0593749999999886 46.810302734375, -2.092480468749983 46.865039062499996, -2.090283203124983 46.9205078125, -2.0188964843749773 47.037646484374996, -2.0819335937499943 47.111621093749996, -2.1435546875 47.126318359375, -2.1970703124999886 47.162939453125, -2.1485839843749943 47.223925781249996, -2.1083007812499943 47.262939453125, -2.027587890625 47.273583984374994, -1.9217285156249773 47.260644531249994, -1.8212890625 47.225341796875, -1.7425292968749773 47.215966796874994, -1.9753906249999886 47.310693359374994, -2.35302734375 47.278759765625, -2.4344238281249773 47.290966796875, -2.503124999999983 47.312060546874996, -2.530029296875 47.381591796875, -2.476318359375 47.412939453125, -2.427685546874983 47.4708984375, -2.4827148437499886 47.511621093749994, -2.5540527343749773 47.52705078125, -2.6659179687499943 47.526171874999996, -2.7703124999999886 47.5138671875, -2.7967773437499943 47.537255859374994, -2.733105468749983 47.601806640625, -2.7872070312499773 47.625537109374996, -2.964062499999983 47.60107421875, -3.064208984375 47.621337890625, -3.1588378906249943 47.694677734375, -3.2215820312499943 47.694140624999996, -3.2646972656249886 47.685107421874996, -3.32861328125 47.713330078125, -3.3958984374999943 47.72041015625, -3.4439453124999773 47.71103515625, -3.5078125 47.753125, -3.9009277343749886 47.837548828124994, -4.070703124999994 47.8478515625, -4.226416015624977 47.809619140624996, -4.312109374999977 47.822900390624994, -4.375097656249977 47.87744140625, -4.427978515625 47.9689453125, -4.678808593749977 48.039501953125, -4.629199218749989 48.085791015625, -4.512402343749983 48.096728515624996, -4.377832031249994 48.128808593749994, -4.329443359374977 48.169970703124996, -4.434619140624989 48.21796875, -4.51220703125 48.229736328125, -4.544335937499994 48.246972656249994, -4.5771484375 48.2900390625, -4.530664062499994 48.309716796874994, -4.497900390624977 48.299267578125, -4.4033203125 48.29306640625, -4.241406249999983 48.303662109375, -4.3017578125 48.347070312499994, -4.393164062499977 48.367626953125, -4.524804687499994 48.372314453125, -4.584716796875 48.35751953125, -4.719384765624994 48.363134765625, -4.74853515625 48.410009765625, -4.762499999999989 48.450244140624996, -4.720751953124989 48.539892578125, -4.531201171874983 48.619970703125, -4.058886718749989 48.70751953125, -3.855664062499983 48.694726562499994, -3.714794921874983 48.710498046874996, -3.5459960937499773 48.765673828124996, -3.4714843749999886 48.812939453125, -3.2314453125 48.8408203125, -3.0032226562499886 48.790673828124994, -2.7928710937499943 48.60107421875, -2.692333984374983 48.53681640625, -2.4461914062499943 48.648291015625, -2.0794433593749773 48.64501953125, -2.0037109374999886 48.582080078124996, -1.97314453125 48.635107421875, -1.905712890624983 48.697119140625, -1.8519531249999943 48.668847656249994, -1.82470703125 48.630517578124994, -1.4376464843749943 48.641406249999996, -1.37646484375 48.652587890625, -1.48046875 48.697607421875, -1.5654785156249886 48.805517578125, -1.5831054687499773 49.202392578125, -1.6903320312499943 49.31318359375, -1.813427734374983 49.490136718749994, -1.870068359374983 49.595117187499994, -1.8753906249999943 49.631396484374996, -1.8564453125 49.6837890625, -1.7051269531249886 49.680957031249996, -1.5882324218749773 49.66767578125, -1.36572265625 49.707275390625, -1.2586425781249773 49.68017578125, -1.2649414062499886 49.5982421875, -1.2322753906249773 49.494873046875, -1.1385253906249773 49.387890625, -0.9591308593749943 49.3931640625, -0.7655273437499943 49.359716796875, -0.5208984374999943 49.354541015624996, -0.1634765624999943 49.296777343749994, -0.0111816406249829 49.330224609374994, 0.1361328125000227 49.401513671874994, 0.4168945312500227 49.448388671874994, 0.439257812500017 49.473193359374996, 0.277636718750017 49.463281249999994, 0.12939453125 49.508447265624994, 0.109375 49.557519531249994, 0.1265625000000057 49.6015625, 0.1867187500000114 49.703027343749994, 0.6162109375 49.862939453124994, 0.924121093750017 49.910205078124996, 1.2455078125000227 49.9982421875, 1.4072265625 50.088525390624994, 1.5140625000000227 50.205078125, 1.5927734375 50.252197265625, 1.551562500000017 50.2939453125, 1.5794921875000227 50.7392578125, 1.6095703125000114 50.819482421874994, 1.6722656250000227 50.885009765625, 1.7676757812500057 50.935693359374994, 1.9125000000000227 50.990624999999994, 2.4457031250000227 51.06650390625, 2.9601562500000114 51.265429687499996, 3.2251953125000057 51.351611328124996, 3.42578125 51.393505859375, 3.5894531250000057 51.3994140625, 3.7165039062500114 51.369140625, 3.8833984375000057 51.3544921875, 4.011035156250017 51.395947265625, 4.111523437500011 51.360644531249996, 4.226171875000006 51.386474609375, 4.138867187500011 51.401513671874994, 4.006542968750011 51.443212890625, 3.8218750000000057 51.409375, 3.6935546875000114 51.44990234375, 3.5869140625 51.453906249999996, 3.5205078125 51.486181640625, 3.4489257812500114 51.540771484375, 3.4996093750000057 51.57666015625, 3.548632812500017 51.589111328125, 3.743945312500017 51.596044921875, 3.886035156250017 51.57421875, 4.141308593750011 51.45576171875, 4.205761718750011 51.456689453124994, 4.274121093750011 51.471630859375, 4.239355468750006 51.50390625, 4.080468750000023 51.551123046875, 4.004785156250023 51.595849609374994, 4.1826171875 51.610302734375, 4.158007812500017 51.633447265625, 4.134570312500017 51.672900390624996, 3.9468750000000057 51.810546875, 3.9789062500000227 51.847802734375, 4.026074218750011 51.927734375, 4.084863281250023 51.994091796875, 4.131738281250023 52.0119140625, 4.208789062500017 52.058984375, 4.376269531250017 52.196826171874996, 4.482812500000023 52.3091796875, 4.562109375000006 52.442578125, 4.678320312500006 52.809765625, 4.712695312500017 52.872119140624996, 4.768750000000011 52.94130859375, 4.839062500000011 52.928271484374996, 4.887988281250017 52.908349609375, 5.061230468750011 52.96064453125, 5.3583984375 53.096484374999996, 5.445996093750011 53.2140625, 5.532031250000017 53.268701171875, 5.87353515625 53.3751953125, 6.062207031250011 53.407080078125, 6.816210937500017 53.441162109375, 6.912402343750017 53.375390625, 6.968164062500023 53.327294921875, 7.058007812500023 53.300585937499996, 7.197265625 53.282275390624996, 7.152050781250011 53.326953124999996, 7.053320312500006 53.375830078125, 7.074316406250006 53.47763671875, 7.107128906250011 53.556982421875, 7.206445312500023 53.654541015625, 7.285253906250006 53.68134765625, 7.629199218750017 53.697265625, 8.00927734375 53.690722656249996, 8.167089843750006 53.543408203125, 8.108496093750006 53.46767578125, 8.200781250000006 53.432421874999996, 8.245214843750006 53.4453125, 8.279003906250011 53.511181640625, 8.301562500000017 53.584130859375, 8.333886718750023 53.606201171875, 8.451367187500011 53.551708984375, 8.49267578125 53.51435546875, 8.495214843750006 53.39423828125, 8.538476562500023 53.556884765625, 8.506250000000023 53.670751953125, 8.528417968750006 53.781103515625, 8.575585937500023 53.8384765625, 8.618945312500017 53.875, 8.897753906250017 53.835693359375, 9.20556640625 53.85595703125, 9.321972656250011 53.8134765625, 9.585351562500023 53.60048828125, 9.673144531250017 53.565625, 9.783984375000017 53.554638671875, 9.631250000000023 53.6001953125, 9.31201171875 53.859130859375, 9.216406250000006 53.8912109375, 9.069628906250017 53.900927734374996, 8.978125000000006 53.926220703125, 8.92041015625 53.96533203125, 8.903515625000011 54.000292968749996, 8.906640625000023 54.260791015624996, 8.8515625 54.299560546875, 8.780371093750006 54.313037109374996, 8.736035156250011 54.295214843749996, 8.644921875000023 54.294970703124996, 8.625781250000017 54.353955078125, 8.648046875000006 54.39765625, 8.831152343750006 54.427539062499996, 8.951855468750011 54.467578124999996, 8.957226562500011 54.538330078125, 8.880957031250006 54.5939453125, 8.789648437500006 54.695947265625, 8.682324218750011 54.791845703125, 8.661425781250017 54.9859375, 8.638281250000006 55.045556640625, 8.572949218750011 55.13427734375, 8.669824218750023 55.1556640625, 8.651074218750011 55.328564453125, 8.615917968750011 55.418212890625, 8.345312500000006 55.510302734374996, 8.132128906250017 55.5998046875, 8.181347656250011 55.901171874999996, 8.202343750000011 55.982373046875, 8.121484375000023 56.139892578125, 8.1298828125 56.32119140625, 8.163964843750023 56.606884765625, 8.231738281250017 56.61806640625, 8.281445312500011 56.61669921875, 8.47314453125 56.5654296875, 8.552929687500011 56.560302734375, 8.607617187500011 56.514501953125, 8.671679687500017 56.495654296874996, 8.718066406250017 56.544287109375, 8.736132812500017 56.62744140625, 8.888085937500023 56.73505859375, 9.067089843750011 56.79384765625, 9.140332031250011 56.750439453125, 9.196386718750006 56.70166015625, 9.209667968750011 56.808398437499996, 9.2548828125 57.01171875, 9.110449218750006 57.04365234375, 8.992773437500006 57.01611328125, 8.876074218750006 56.887255859374996, 8.77197265625 56.72529296875, 8.603125000000006 56.710400390625, 8.468359375000006 56.66455078125, 8.3466796875 56.712109375, 8.268261718750011 56.75400390625, 8.266308593750011 56.81533203125, 8.284082031250023 56.852343749999996, 8.427050781250017 56.984423828124996, 8.618554687500023 57.111279296875, 8.8115234375 57.11005859375, 8.952246093750006 57.1505859375, 9.036328125000011 57.155419921875, 9.298828125 57.146533203124996, 9.43359375 57.17431640625, 9.554296875000006 57.232470703124996, 9.815136718750011 57.47841796875, 9.962304687500023 57.58095703125, 10.259082031250017 57.617041015625, 10.533300781250006 57.735400390624996, 10.609960937500006 57.7369140625, 10.48095703125 57.648681640625, 10.460253906250017 57.614550781249996, 10.444628906250017 57.56220703125, 10.537109375 57.448535156249996, 10.517578125 57.379345703125, 10.524121093750011 57.243212890624996, 10.436914062500023 57.172265625, 10.338476562500006 57.021337890625, 10.296093750000011 56.99912109375, 10.287011718750023 56.82294921875, 10.296679687500017 56.780908203125, 10.28271484375 56.6205078125, 10.383593750000017 56.554833984375, 10.490234375 56.5205078125, 10.845898437500011 56.521728515625, 10.8828125 56.49287109375, 10.926171875000023 56.44326171875, 10.894433593750023 56.359033203125, 10.8564453125 56.2955078125, 10.75341796875 56.241992187499996, 10.621191406250006 56.202099609375, 10.538964843750023 56.200341796875, 10.426953125000011 56.276171874999996, 10.373730468750011 56.2515625, 10.318750000000023 56.212890625, 10.226660156250006 56.00537109375, 10.183007812500023 55.865185546875, 10.159375000000011 55.853808593749996, 10.107324218750023 55.874462890625, 10.017382812500017 55.87607421875, 9.903710937500023 55.842822265624996, 9.962011718750006 55.8130859375, 10.023632812500011 55.76142578125, 9.9990234375 55.735546875, 9.899023437500006 55.707568359374996, 9.810351562500017 55.6509765625, 9.773242187500017 55.608154296875, 9.661425781250017 55.557470703125, 9.591113281250017 55.493212890624996, 9.625585937500006 55.41357421875, 9.640234375000006 55.34365234375, 9.670996093750006 55.266406249999996, 9.643261718750011 55.204736328125, 9.504785156250023 55.116259765624996, 9.453710937500006 55.03955078125, 9.572363281250006 55.04052734375, 9.645410156250023 55.022802734375, 9.688183593750011 55.000146484375, 9.732324218750023 54.968017578125, 9.705273437500011 54.9283203125, 9.745898437500017 54.807177734374996, 9.892285156250011 54.780615234375, 9.953808593750011 54.73828125, 10.022167968750011 54.67392578125, 10.02880859375 54.581298828125, 9.941308593750023 54.5146484375, 9.86865234375 54.472460937499996, 10.143457031250023 54.488427734375, 10.21240234375 54.408935546875, 10.360449218750006 54.438330078125, 10.731542968750006 54.316259765625, 10.955957031250023 54.37568359375, 11.013378906250011 54.379150390625, 11.064355468750023 54.280517578125, 11.008593750000017 54.18115234375, 10.810742187500011 54.075146484375, 10.854589843750006 54.009814453124996, 10.917773437500017 53.9953125, 11.104296875000017 54.0091796875, 11.399609375000011 53.944628906249996, 11.461132812500011 53.96474609375, 11.700585937500023 54.113525390625, 11.796289062500023 54.145458984375, 12.111328125 54.168310546875, 12.168652343750011 54.225878906249996, 12.296289062500023 54.2837890625, 12.378515625000006 54.347021484375, 12.575390625000011 54.4673828125, 13.028613281250017 54.41103515625, 13.1474609375 54.28271484375, 13.448046875000017 54.140869140625, 13.724218750000006 54.15322265625, 13.822265625 54.01904296875, 13.865527343750017 53.853369140625, 13.950390625000011 53.8013671875, 14.025000000000006 53.767431640625, 14.25 53.731884765625, 14.487597656250017 53.671875, 14.58349609375 53.63935546875, 14.552148437500023 53.707324218749996, 14.56494140625 53.753515625, 14.558398437500017 53.823193359375, 14.350878906250017 53.858740234375, 14.172167968750017 53.874365234375, 14.04833984375 53.863085937499996, 13.92578125 53.879052734375, 13.902148437500017 53.93896484375, 13.921679687500017 53.996630859374996, 13.872460937500023 54.036279296875, 13.8271484375 54.0595703125, 13.820410156250006 54.092822265624996, 13.827734375000006 54.127246093749996, 14.249316406250017 53.931933593749996, 14.384179687500023 53.92470703125, 14.715722656250023 54.018310546875, 15.288378906250017 54.139892578125, 15.900000000000006 54.253955078124996, 16.042773437500017 54.266357421875, 16.186328125000017 54.290380859375, 16.239355468750006 54.333056640624996, 16.292285156250017 54.361621093749996, 16.375585937500006 54.436865234375, 16.55976562500001 54.55380859375, 16.88544921875001 54.59638671875, 17.00703125000001 54.65185546875, 17.26191406250001 54.729541015624996, 17.84296875000001 54.816699218749996, 18.08564453125001 54.83583984375, 18.32343750000001 54.838183593749996, 18.53515625 54.76943359375, 18.75927734375 54.6845703125, 18.799609375000017 54.633349609374996, 18.678320312500006 54.665283203125, 18.501562500000006 54.741503906249996, 18.43623046875001 54.7447265625, 18.58710937500001 54.512890625, 18.66962890625001 54.430908203125, 18.83642578125 54.369580078125, 18.97626953125001 54.348925781249996, 19.407128906250023 54.386083984375, 19.560156250000006 54.434619140624996, 19.75849609375001 54.54482421875, 19.85888671875 54.633837890624996, 19.944140625000017 54.75, 19.953222656250006 54.83046875, 19.974511718750023 54.921191406249996, 20.10761718750001 54.956494140625, 20.39667968750001 54.95126953125, 20.520312500000017 54.994873046875, 20.67890625000001 55.10263671875, 20.845703125 55.23203125, 21.014062500000023 55.401953125, 21.0576171875 55.476806640625, 21.087890625 55.58310546875, 21.114843750000006 55.616503906249996, 21.103906250000023 55.487744140625, 21.03173828125 55.35048828125, 20.859375 55.183642578124996, 20.594824218750006 54.982373046875, 20.677734375 54.9556640625, 20.774023437500006 54.947021484375, 20.887500000000017 54.909472656249996, 20.995898437500017 54.902685546875, 21.188867187500023 54.935205078125, 21.22285156250001 55.107763671875, 21.236328125 55.27119140625, 21.201074218750023 55.343798828124996, 21.237890625000006 55.455029296875, 21.17109375000001 55.617724609374996, 21.061914062500023 55.813427734375, 21.053808593750006 56.02294921875, 21.014941406250017 56.258935546875, 21.03144531250001 56.636572265625, 21.0712890625 56.82373046875, 21.257421875000006 56.932763671875, 21.35078125000001 57.01767578125, 21.405078125000017 57.131005859375, 21.421484375000006 57.23583984375, 21.45917968750001 57.3224609375, 21.72871093750001 57.57099609375, 21.9423828125 57.5978515625, 22.2314453125 57.666796874999996, 22.554589843750023 57.724267578125, 22.616992187500017 57.651171874999996, 22.64863281250001 57.595361328125, 23.03779296875001 57.39208984375, 23.136816406250006 57.323828125, 23.28730468750001 57.08974609375, 23.647753906250017 56.971044921875, 23.93115234375 57.00849609375, 24.28125 57.172314453125, 24.382617187500017 57.250048828124996, 24.403222656250023 57.324999999999996, 24.36298828125001 57.645312499999996, 24.301562500000017 57.784130859375, 24.33203125 57.909765625, 24.4638671875 58.10595703125, 24.48750000000001 58.261621093749994, 24.535742187500006 58.2830078125, 24.549707031250023 58.304589843749994, 24.529101562500017 58.354248046875, 24.392187500000006 58.386083984375, 24.3369140625 58.381396484375, 24.287207031250006 58.328027343749994, 24.235644531250017 58.28955078125, 24.114843750000006 58.26611328125, 24.01093750000001 58.306640625, 23.767578125 58.36083984375, 23.7060546875 58.433007812499994, 23.691503906250006 58.505615234375, 23.562792968750017 58.575830078124994, 23.50927734375 58.658544921875, 23.530664062500023 58.716259765625, 23.6474609375 58.754150390625, 23.680761718750006 58.787158203125, 23.533593750000023 58.78193359375, 23.50361328125001 58.78984375, 23.497167968750006 58.81953125, 23.432031250000023 58.920654296875, 23.489648437500023 58.960498046875, 23.515039062500023 58.99921875, 23.4677734375 59.032177734375, 23.48017578125001 59.069677734375, 23.516992187500023 59.107568359374994, 23.494433593750017 59.195654296875, 23.640527343750023 59.242333984374994, 23.782519531250017 59.275146484375, 24.083398437500023 59.291894531249994, 24.053613281250023 59.372314453125, 24.175390625000006 59.375927734375, 24.38037109375 59.47265625, 24.583593750000006 59.4556640625, 24.877539062500006 59.5220703125, 25.443750000000023 59.521142578124994, 25.520898437500023 59.559472656249994, 25.507421875000006 59.597998046875, 25.50927734375 59.639013671875, 25.61572265625 59.6275390625, 25.793750000000017 59.634667968749994, 26.460839843750023 59.55390625, 26.625 59.55390625, 26.85205078125 59.47177734375, 26.974707031250006 59.450634765625, 27.335839843750023 59.45048828125, 27.892578125 59.414208984374994, 28.001855468750023 59.46982421875, 28.06396484375 59.55400390625, 28.046289062500023 59.64716796875, 28.013964843750017 59.724755859374994, 28.058007812500023 59.78154296875, 28.131152343750017 59.786523437499994, 28.212500000000006 59.724658203125, 28.334570312500006 59.692529296874994, 28.423730468750023 59.73408203125, 28.453906250000017 59.8142578125, 28.518164062500006 59.849560546875, 28.603906250000023 59.81806640625, 28.747656250000006 59.806689453125, 28.86689453125001 59.811914062499994, 28.947265625 59.828759765624994, 28.981542968750006 59.85478515625, 29.01337890625001 59.9015625, 29.0791015625 59.960986328125, 29.147265625000017 59.999755859375, 29.669726562500017 59.9556640625, 30.12255859375 59.873583984375, 30.156835937500006 59.904296875, 30.172656250000017 59.95712890625, 30.059960937500023 60.002587890624994, 29.97675781250001 60.0263671875, 29.87226562500001 60.120849609375, 29.72119140625 60.1953125, 29.5693359375 60.20185546875, 29.370410156250017 60.175927734374994, 29.069140625000017 60.191455078125, 28.81269531250001 60.33154296875, 28.643164062500006 60.37529296875, 28.522265625000017 60.482958984375, 28.491601562500023 60.54013671875, 28.622460937500023 60.491601562499994, 28.64033203125001 60.542871093749994, 28.65058593750001 60.610986328124994, 28.57783203125001 60.6525390625, 28.512792968750006 60.677294921875, 28.179296875000006 60.57099609375, 27.761621093750023 60.532861328124994, 27.669335937500023 60.498974609375, 27.52509765625001 60.490771484375, 27.46240234375 60.46484375, 27.24189453125001 60.538671875, 27.20527343750001 60.54345703125, 27.075585937500023 60.525146484375, 26.951171875 60.471484375, 26.721484375000017 60.455078125, 26.607421875 60.4376953125, 26.53466796875 60.412890625, 26.51972656250001 60.471582031249994, 26.551171875000023 60.54599609375, 26.60175781250001 60.595605468749994, 26.6064453125 60.6279296875, 26.5693359375 60.624560546875, 26.49580078125001 60.551806640625, 26.456445312500023 60.466796875, 26.377734375000017 60.424072265625, 26.204687500000006 60.406591796875, 26.036035156250023 60.47490234375, 25.955957031250023 60.47421875, 26.006250000000023 60.42529296875, 26.04023437500001 60.37158203125, 26.03583984375001 60.34150390625, 25.945898437500006 60.34677734375, 25.845800781250006 60.314599609374994, 25.75800781250001 60.267529296875, 25.715429687500006 60.267431640625, 25.65644531250001 60.333203125, 25.548242187500023 60.302490234375, 25.45576171875001 60.26123046875, 25.267871093750017 60.24833984375, 25.155859375000006 60.194091796875, 24.957617187500006 60.157470703125, 24.848730468750006 60.158349609374994, 24.600488281250023 60.1142578125, 24.517968750000023 60.046289062499994, 24.445605468750017 60.0212890625, 24.342578125000017 60.042333984375, 24.025195312500017 60.009179687499994, 23.721777343750006 59.965673828125, 23.592675781250023 59.968164062499994, 23.46357421875001 59.986230468749994, 23.326757812500006 59.92578125, 23.181445312500017 59.844921875, 23.021289062500017 59.816015625, 22.9638671875 59.8263671875, 23.009765625 59.868798828124994, 23.11572265625 59.9126953125, 23.1884765625 59.972216796875, 23.19843750000001 60.021826171875, 23.1484375 60.04130859375, 23.080175781250006 60.047265624999994, 22.994140625 60.098535156249994, 22.911718750000006 60.209716796875, 22.867089843750023 60.2158203125, 22.84443359375001 60.18662109375, 22.819140625000017 60.1013671875, 22.79345703125 60.076806640624994, 22.749804687500017 60.057275390624994, 22.64619140625001 60.02802734375, 22.462695312500017 60.029199218749994, 22.438574218750006 60.072265625, 22.438574218750006 60.090283203125, 22.471093750000023 60.14697265625, 22.442675781250017 60.156884765624994, 22.4697265625 60.201318359374994, 22.564257812500017 60.205517578125, 22.589941406250006 60.228369140625, 22.587988281250006 60.2556640625, 22.516699218750006 60.262744140625, 22.512304687500006 60.28134765625, 22.57587890625001 60.35908203125, 22.5849609375 60.38056640625, 22.560351562500017 60.385009765625, 22.5205078125 60.3765625, 22.257910156250006 60.400927734375, 21.933984375000023 60.50029296875, 21.854296875000017 60.505419921875, 21.805273437500006 60.594140624999994, 21.727148437500006 60.582910156249994, 21.61328125 60.53095703125, 21.52783203125 60.57041015625, 21.43603515625 60.59638671875, 21.41064453125 60.636962890625, 21.40400390625001 60.767431640625, 21.37890625 60.850048828125, 21.36054687500001 60.96748046875, 21.377734375000017 61.059228515624994, 21.450976562500017 61.1271484375, 21.479101562500006 61.1705078125, 21.513476562500017 61.281201171875, 21.52119140625001 61.41083984375, 21.501757812500017 61.454980468749994, 21.506640625000017 61.484326171875, 21.565039062500006 61.484326171875, 21.552343750000006 61.509521484375, 21.526660156250017 61.523291015625, 21.49824218750001 61.551953125, 21.5224609375 61.567138671875, 21.592382812500006 61.568212890625, 21.60595703125 61.591552734375, 21.551855468750006 61.666845703125, 21.54560546875001 61.702734375, 21.470507812500017 61.811669921874994, 21.384863281250006 61.914941406249994, 21.255957031250006 61.989648437499994, 21.301660156250023 62.112646484375, 21.35371093750001 62.223828125, 21.343359375000006 62.277392578125, 21.32343750000001 62.342578125, 21.165625000000006 62.4140625, 21.142187500000006 62.514794921874994, 21.103613281250006 62.622949218749994, 21.1181640625 62.6892578125, 21.143847656250017 62.739990234375, 21.195703125000023 62.79052734375, 21.45751953125 62.95, 21.473535156250023 63.033251953125, 21.650976562500006 63.039306640625, 21.568652343750017 63.113720703125, 21.549218750000023 63.155517578125, 21.54511718750001 63.204296875, 21.800390625000006 63.237695312499994, 21.89570312500001 63.21025390625, 22.12031250000001 63.244140625, 22.319726562500023 63.310449218749994, 22.316210937500017 63.345654296875, 22.243261718750006 63.437939453125, 22.273242187500017 63.45478515625, 22.345996093750017 63.4423828125, 22.312597656250006 63.472558593749994, 22.318652343750017 63.50439453125, 22.398046875000006 63.491162109375, 22.527636718750017 63.579980468749994, 22.532324218750006 63.647851562499994, 22.756250000000023 63.683349609375, 23.014453125000017 63.821826171875, 23.133593750000017 63.86494140625, 23.24873046875001 63.896142578124994, 23.493945312500017 64.03447265625, 23.598925781250017 64.04091796875, 23.652929687500006 64.1341796875, 23.861425781250006 64.258251953125, 23.9248046875 64.27412109375, 24.022265625000017 64.385986328125, 24.2783203125 64.515283203125, 24.44062500000001 64.680126953125, 24.530175781250023 64.738671875, 24.557910156250017 64.801025390625, 24.657617187500023 64.806298828125, 24.74755859375 64.852099609375, 24.942187500000017 64.884033203125, 25.13427734375 64.8751953125, 25.214257812500023 64.853466796875, 25.288183593750006 64.8603515625, 25.28076171875 64.91640625, 25.22802734375 64.951025390625, 25.271093750000006 64.98427734375, 25.372656250000006 65.00947265625, 25.3623046875 65.06513671875, 25.340234375000023 65.0986328125, 25.255859375 65.14326171875, 25.2978515625 65.243212890625, 25.307910156250017 65.352734375, 25.34785156250001 65.479248046875, 25.241796875000006 65.5462890625, 24.83935546875 65.6603515625, 24.764257812500006 65.656396484375, 24.674902343750006 65.670703125, 24.58154296875 65.75712890625, 24.62324218750001 65.831689453125, 24.628027343750006 65.8591796875, 24.591601562500017 65.858349609375, 24.532617187500023 65.822021484375, 24.404296875 65.78046875, 24.23750000000001 65.812353515625, 23.890527343750023 65.7822265625, 23.69140625 65.828515625, 23.592089843750017 65.805322265625, 23.418359375000023 65.804345703125, 23.221093750000023 65.7861328125, 23.154589843750017 65.74990234375, 23.102343750000017 65.7353515625, 22.919335937500023 65.786474609375, 22.74658203125 65.870947265625, 22.62031250000001 65.80654296875, 22.53857421875 65.7943359375, 22.465136718750017 65.85263671875, 22.400976562500006 65.862109375, 22.366308593750006 65.84267578125, 22.3359375 65.791162109375, 22.28759765625 65.750634765625, 22.275000000000006 65.725, 22.2666015625 65.621533203125, 22.254003906250006 65.59755859375, 22.086230468750017 65.6109375, 22.096289062500006 65.5837890625, 22.1328125 65.5701171875, 22.147558593750006 65.552880859375, 22.086718750000017 65.530224609375, 21.92011718750001 65.532373046875, 21.903125000000017 65.508349609375, 21.950000000000017 65.470361328125, 21.913476562500023 65.437109375, 21.87958984375001 65.4240234375, 21.6806640625 65.403369140625, 21.565527343750006 65.40810546875, 21.532617187500023 65.386572265625, 21.5234375 65.35859375, 21.545214843750017 65.33115234375, 21.595996093750017 65.316552734375, 21.612695312500023 65.29912109375, 21.609179687500017 65.261376953125, 21.56689453125 65.254541015625, 21.446875000000006 65.320849609375, 21.41035156250001 65.317431640625, 21.437792968750017 65.282958984375, 21.50634765625 65.245361328125, 21.545996093750006 65.206982421875, 21.580664062500006 65.160791015625, 21.57392578125001 65.12578125, 21.424902343750006 65.0126953125, 21.293750000000017 64.941259765625, 21.195898437500006 64.876904296875, 21.13818359375 64.80869140625, 21.279296875 64.72470703125, 21.33154296875 64.629345703125, 21.393847656250017 64.5443359375, 21.519628906250006 64.4630859375, 21.46503906250001 64.37958984375, 21.255761718750023 64.299169921875, 21.018457031250023 64.177978515625, 20.7626953125 63.867822265624994, 20.677636718750023 63.82626953125, 20.453710937500006 63.77373046875, 20.371386718750017 63.722900390625, 20.204687500000006 63.662451171875, 19.913671875000006 63.610546875, 19.781640625000023 63.53818359375, 19.722070312500023 63.463330078125, 19.65576171875 63.4580078125, 19.59003906250001 63.487255859375, 19.502343750000023 63.509033203125, 19.49091796875001 63.460205078125, 19.49462890625 63.424365234375, 19.354296875000017 63.477490234375, 19.2880859375 63.428759765625, 19.236328125 63.34736328125, 19.03437500000001 63.237744140625, 18.816699218750017 63.257470703124994, 18.792285156250017 63.238134765625, 18.850195312500006 63.22412109375, 18.858984375000006 63.206591796875, 18.819433593750006 63.197265625, 18.759570312500017 63.1982421875, 18.66718750000001 63.1765625, 18.6064453125 63.178271484375, 18.530664062500023 63.063525390625, 18.40771484375 63.037499999999994, 18.34423828125 63.032128906249994, 18.312890625000023 62.99638671875, 18.502050781250006 62.9888671875, 18.486914062500006 62.95859375, 18.48261718750001 62.9283203125, 18.46308593750001 62.895849609375, 18.248046875 62.849072265625, 18.214941406250006 62.81220703125, 18.170019531250006 62.78935546875, 18.07441406250001 62.790673828124994, 18.077929687500017 62.811962890625, 18.093554687500017 62.83603515625, 17.951074218750023 62.833886718749994, 17.906640625000023 62.886767578125, 17.87958984375001 62.873193359374994, 17.895605468750006 62.830517578125, 17.974414062500017 62.721044921875, 17.940722656250017 62.6798828125, 17.90302734375001 62.65947265625, 17.930468750000017 62.640625, 18.00654296875001 62.62626953125, 18.03730468750001 62.600537109375, 17.947070312500017 62.578466796875, 17.83447265625 62.502734375, 17.7177734375 62.500878906249994, 17.646386718750023 62.45087890625, 17.570605468750017 62.451025390625, 17.50898437500001 62.48251953125, 17.410253906250006 62.5083984375, 17.37841796875 62.462792968749994, 17.373339843750017 62.426513671875, 17.429003906250017 62.334716796875, 17.535253906250006 62.263671875, 17.633691406250023 62.2330078125, 17.562890625000023 62.212304687499994, 17.510156250000023 62.16630859375, 17.446582031250017 62.02265625, 17.412011718750023 61.96611328125, 17.37451171875 61.86630859375, 17.417285156250017 61.740673828125, 17.465429687500006 61.684472656249994, 17.334570312500006 61.69169921875, 17.196386718750006 61.724560546875, 17.215625000000017 61.65634765625, 17.130761718750023 61.575732421875, 17.16425781250001 61.45830078125, 17.137988281250017 61.381689453125, 17.17792968750001 61.3576171875, 17.199609375000023 61.311962890625, 17.163867187500017 61.278271484375, 17.179785156250006 61.249267578125, 17.18574218750001 61.146533203125, 17.212890625 60.98583984375, 17.202929687500017 60.95185546875, 17.278906250000006 60.812158203124994, 17.26123046875 60.76318359375, 17.2509765625 60.70078125, 17.35986328125 60.6408203125, 17.555468750000017 60.642724609374994, 17.593066406250017 60.627685546875, 17.630761718750023 60.58525390625, 17.6611328125 60.53515625, 17.7421875 60.539306640625, 17.87158203125 60.580078125, 17.95576171875001 60.589794921875, 18.011328125000006 60.51142578125, 18.162500000000023 60.40791015625, 18.25048828125 60.3615234375, 18.400000000000006 60.337109375, 18.557519531250023 60.253564453124994, 18.535449218750017 60.152880859375, 18.601171875000006 60.11923828125, 18.787011718750023 60.079492187499994, 18.85273437500001 60.02587890625, 18.88427734375 59.98017578125, 18.933203125000006 59.942285156249994, 18.99042968750001 59.827783203124994, 18.970507812500017 59.757226562499994, 18.895605468750006 59.732958984375, 18.71875 59.657373046874994, 18.578125 59.565771484375, 18.402441406250006 59.490380859374994, 18.33808593750001 59.47685546875, 18.276464843750006 59.437646484374994, 18.216894531250006 59.4205078125, 18.16357421875 59.43037109375, 17.964257812500023 59.359375, 17.979785156250017 59.329052734375, 18.132617187500017 59.3162109375, 18.210546875000006 59.331445312499994, 18.2705078125 59.367138671875, 18.336035156250006 59.375341796875, 18.395800781250017 59.368603515625, 18.45917968750001 59.396728515625, 18.508886718750006 59.407958984375, 18.56025390625001 59.394482421875, 18.617578125000023 59.327050781249994, 18.498632812500006 59.291943359375, 18.41425781250001 59.29033203125, 18.373046875 59.179736328125, 18.32197265625001 59.132226562499994, 18.28535156250001 59.109375)), ((65 34, 54 34, 54 45, 65 45, 65 34)), ((64.31015625 81.1751953125, 64.57539062500001 81.198486328125, 64.80205078125002 81.197265625, 65 81.17289671425385, 65 80.8195418176852, 64.54833984375 80.755419921875, 63.37382812500002 80.70009765625, 63.187597656250006 80.697607421875, 63.00214843750001 80.712841796875, 62.52031250000002 80.821875, 62.59257812500002 80.85302734375, 62.8193359375 80.893798828125, 63.115820312500006 80.966796875, 63.85595703125 80.98115234375, 64.095703125 80.99833984375, 64.16591796875002 81.0357421875, 64.21044921875 81.10634765625, 64.255859375 81.14443359375, 64.31015625 81.1751953125)), ((62.06611328125001 75.427734375, 61.6162109375 75.31962890625, 61.48652343750001 75.31083984375, 61.35595703125 75.31484375, 61.24882812500002 75.281005859375, 61.14726562500002 75.22255859375, 60.935644531250006 75.163671875, 60.829199218750006 75.11083984375, 60.71923828125 75.068603515625, 60.655371093750006 75.055029296875, 60.4755859375 75.054736328125, 60.27685546875 75.007568359375, 60.24111328125002 74.970751953125, 60.45488281250002 74.946142578125, 60.50136718750002 74.904638671875, 60.43916015625001 74.875341796875, 60.30078125 74.83701171875, 60.22246093750002 74.79658203125, 60.080078125 74.755859375, 59.98232421875002 74.74462890625, 59.74726562500001 74.7458984375, 59.73466796875002 74.695458984375, 59.771484375 74.664453125, 59.75273437500002 74.63701171875, 59.67402343750001 74.61015625, 59.59599609375002 74.613720703125, 59.24013671875002 74.69296875, 59.18203125000002 74.665771484375, 59.15703125000002 74.61083984375, 59.146093750000006 74.551904296875, 59.10097656250002 74.50751953125, 59.04042968750002 74.485546875, 58.92822265625 74.4626953125, 58.53466796875 74.49892578125, 58.50214843750001 74.464208984375, 58.56201171875 74.421826171875, 58.64570312500001 74.32802734375, 58.6650390625 74.2892578125, 58.61787109375001 74.227392578125, 58.44140625 74.128857421875, 57.76738281250002 74.013818359375, 57.778417968750006 73.97392578125, 57.85341796875002 73.8978515625, 57.87226562500001 73.850439453125, 57.84492187500001 73.805078125, 57.755957031250006 73.769189453125, 57.65742187500001 73.7681640625, 57.60371093750001 73.77548828125, 57.44853515625002 73.825634765625, 57.313085937500006 73.838037109375, 57.29091796875002 73.81455078125, 57.46425781250002 73.746044921875, 57.542578125000006 73.658203125, 57.45976562500002 73.610302734375, 57.134375000000006 73.50439453125, 56.9638671875 73.366552734375, 56.63417968750002 73.304296875, 56.43037109375001 73.297216796875, 56.22832031250002 73.314111328125, 56.03457031250002 73.3458984375, 55.54921875000002 73.3568359375, 55.28017578125002 73.392041015625, 55.0068359375 73.453857421875, 54.768652343750006 73.4494140625, 54.56582031250002 73.418505859375, 54.299902343750006 73.3509765625, 54.13154296875001 73.481005859375, 54.20458984375 73.542041015625, 53.83867187500002 73.697119140625, 53.76289062500001 73.766162109375, 53.85136718750002 73.800537109375, 53.963476562500006 73.822314453125, 54.17402343750001 73.8857421875, 54.386328125000006 73.93564453125, 54.642675781250006 73.9595703125, 54.7333984375 74.033984375, 54.83125000000001 74.095751953125, 54.92031250000002 74.1291015625, 55.02285156250002 74.18662109375, 55.340917968750006 74.41962890625, 55.41640625000002 74.4361328125, 56.07832031250001 74.481298828125, 56.13710937500002 74.49609375, 55.94746093750001 74.5421875, 55.75175781250002 74.5412109375, 55.66152343750002 74.556103515625, 55.6103515625 74.59052734375, 55.58222656250001 74.627685546875, 55.65966796875 74.656298828125, 55.913671875000006 74.79609375, 56.217871093750006 74.897509765625, 56.49873046875001 74.957080078125, 56.42851562500002 74.97294921875, 56.34003906250001 75.0134765625, 55.998046875 75.003369140625, 55.86318359375002 75.058740234375, 55.82119140625002 75.090625, 55.81005859375 75.12490234375, 55.92070312500002 75.168359375, 56.03554687500002 75.19423828125, 56.162207031250006 75.186572265625, 56.38906250000002 75.13818359375, 56.48525390625002 75.09609375, 56.5703125 75.09775390625, 56.87626953125002 75.244384765625, 56.82929687500001 75.277734375, 56.80947265625002 75.32841796875, 56.84443359375001 75.351416015625, 57.087500000000006 75.383837890625, 57.3017578125 75.3732421875, 57.60683593750002 75.341259765625, 57.63154296875001 75.3564453125, 57.70820312500001 75.4544921875, 57.78339843750001 75.506689453125, 58.09365234375002 75.592529296875, 58.07255859375002 75.618994140625, 58.05830078125001 75.6630859375, 58.41835937500002 75.719775390625, 58.65273437500002 75.776806640625, 58.88125000000002 75.85478515625, 58.994726562500006 75.871728515625, 59.110449218750006 75.87373046875, 59.34658203125002 75.90703125, 59.78193359375001 75.945849609375, 60.0361328125 75.983837890625, 60.1181640625 76.066552734375, 60.279296875 76.096240234375, 60.60615234375001 76.108642578125, 60.730566406250006 76.104052734375, 60.80117187500002 76.068798828125, 60.94218750000002 76.0712890625, 60.99775390625001 76.0892578125, 61.05390625000001 76.119873046875, 61.03691406250002 76.16904296875, 61.03437500000001 76.232958984375, 61.20166015625 76.28203125, 61.569433593750006 76.298486328125, 61.787109375 76.291015625, 62.2373046875 76.2416015625, 62.47109375000002 76.23046875, 62.78203125000002 76.24521484375, 62.97148437500002 76.236669921875, 63.52617187500002 76.309521484375, 64.4634765625 76.378173828125, 64.7076171875 76.426025390625, 64.95000000000002 76.484326171875, 65 76.48937386662857, 65 75.81686348157051, 64.26259765625002 75.719677734375, 63.779296875 75.672607421875, 63.65947265625002 75.66875, 63.31669921875002 75.603076171875, 63.045996093750006 75.575732421875, 62.06611328125001 75.427734375)), ((62.57304687500002 81.633056640625, 62.515234375000006 81.659130859375, 62.1064453125 81.679345703125, 62.28398437500002 81.70654296875, 62.794921875 81.7189453125, 63.709570312500006 81.6873046875, 63.76738281250002 81.66416015625, 63.78242187500001 81.6498046875, 63.650976562500006 81.609326171875, 63.52851562500001 81.59658203125, 62.88496093750001 81.60888671875, 62.57304687500002 81.633056640625)), ((59.30439453125001 80.521533203125, 59.288183593750006 80.57265625, 59.306250000000006 80.6177734375, 59.38652343750002 80.712548828125, 59.4951171875 80.76650390625, 59.549414062500006 80.78359375, 59.59228515625 80.81650390625, 59.7158203125 80.836376953125, 60.09453125000002 80.848583984375, 60.234960937500006 80.837744140625, 60.27802734375001 80.80146484375, 60.481542968750006 80.804248046875, 61.31318359375001 80.862646484375, 61.59746093750002 80.892919921875, 61.8505859375 80.8859375, 62.10292968750002 80.8666015625, 62.22773437500001 80.794384765625, 62.19179687500002 80.730224609375, 62.11455078125002 80.68369140625, 62.075781250000006 80.616943359375, 61.769140625000006 80.601025390625, 61.681250000000006 80.586328125, 61.59746093750002 80.5349609375, 61.28515625 80.504736328125, 61.05126953125 80.418603515625, 60.722265625000006 80.43466796875, 60.2783203125 80.49443359375, 59.90019531250002 80.44609375, 59.64980468750002 80.43125, 59.34638671875001 80.505029296875, 59.30439453125001 80.521533203125)), ((60.147558593750006 81.016650390625, 60.58662109375001 81.0876953125, 61.45742187500002 81.103955078125, 61.5673828125 81.05029296875, 61.47197265625002 81.01103515625, 61.14082031250001 80.950341796875, 60.826757812500006 80.9296875, 60.32109375000002 80.955517578125, 60.058203125000006 80.984619140625, 60.07832031250001 80.999169921875, 60.147558593750006 81.016650390625)), ((59.26835937500002 69.8984375, 59.14423828125001 69.921923828125, 59.08251953125 69.910791015625, 59.004003906250006 69.88330078125, 58.952734375000006 69.8927734375, 58.68007812500002 70.051025390625, 58.63417968750002 70.088037109375, 58.605566406250006 70.12919921875, 58.56806640625001 70.1556640625, 58.47304687500002 70.266845703125, 58.51992187500002 70.318310546875, 58.615332031250006 70.350830078125, 58.67802734375002 70.3595703125, 58.79423828125002 70.432958984375, 59.00527343750002 70.465185546875, 59.04804687500001 70.460498046875, 59.08828125000002 70.437109375, 59.30986328125002 70.361669921875, 59.42597656250001 70.3109375, 59.52910156250002 70.248974609375, 59.636328125000006 70.197021484375, 59.95585937500002 70.108349609375, 60.17226562500002 70.0228515625, 60.392578125 69.96240234375, 60.45048828125002 69.93486328125, 60.48066406250001 69.885498046875, 60.47724609375001 69.793701171875, 60.44023437500002 69.725927734375, 60.3271484375 69.715283203125, 60.215917968750006 69.6876953125, 60.02617187500002 69.717041015625, 59.919531250000006 69.69697265625, 59.81279296875002 69.695654296875, 59.63701171875002 69.721044921875, 59.578222656250006 69.738623046875, 59.58125000000001 69.790869140625, 59.50263671875001 69.8662109375, 59.38154296875001 69.8904296875, 59.26835937500002 69.8984375)), ((59.20263671875 79.932958984375, 59.10039062500002 79.96416015625, 58.91923828125002 79.984619140625, 58.94609375000002 80.042333984375, 59.544531250000006 80.11884765625, 59.80166015625002 80.082666015625, 59.91103515625002 79.994287109375, 59.68886718750002 79.955810546875, 59.330664062500006 79.923046875, 59.20263671875 79.932958984375)), ((57.909277343750006 81.721923828125, 57.94511718750002 81.7478515625, 57.984960937500006 81.797021484375, 58.13457031250002 81.827978515625, 59.261816406250006 81.85419921875, 59.40849609375002 81.825439453125, 59.35683593750002 81.78095703125, 59.3564453125 81.758984375, 57.96484375 81.695654296875, 57.92060546875001 81.710498046875, 57.909277343750006 81.721923828125)), ((58.88056640625001 81.391845703125, 59.07500000000002 81.397705078125, 59.280859375000006 81.36611328125, 59.374609375000006 81.325048828125, 59.313085937500006 81.305224609375, 59.09697265625002 81.29228515625, 58.71904296875002 81.313525390625, 58.61015625000002 81.337255859375, 58.63447265625001 81.3603515625, 58.88056640625001 81.391845703125)), ((59.255468750000006 80.343212890625, 58.39794921875 80.31875, 58.28388671875001 80.297802734375, 58.285742187500006 80.24814453125, 58.255468750000006 80.201806640625, 58.163183593750006 80.196533203125, 57.95625000000001 80.1232421875, 57.80009765625002 80.104052734375, 57.39228515625001 80.13916015625, 57.33232421875002 80.15810546875, 57.28144531250001 80.193896484375, 57.21406250000001 80.328271484375, 57.21171875000002 80.36845703125, 57.18623046875001 80.396240234375, 57.08339843750002 80.44521484375, 57.01113281250002 80.468310546875, 57.07500000000002 80.4939453125, 57.52197265625 80.475390625, 58.48046875 80.46474609375, 58.9716796875 80.415869140625, 59.11591796875001 80.388427734375, 59.255468750000006 80.343212890625)), ((58.04951171875001 81.11845703125, 58.18994140625 81.094580078125, 58.50761718750002 81.061767578125, 58.62236328125002 81.041650390625, 58.76152343750002 80.990966796875, 58.81533203125002 80.93359375, 58.90253906250001 80.89765625, 58.93056640625002 80.831689453125, 58.859960937500006 80.77939453125, 58.64189453125002 80.76796875, 58.28564453125 80.764892578125, 57.93789062500002 80.793359375, 57.74980468750002 80.8890625, 57.40517578125002 80.91513671875, 57.2109375 81.01708984375, 57.410253906250006 81.04677734375, 57.65625 81.03154296875, 58.04951171875001 81.11845703125)), ((56.51250000000002 81.175244140625, 56.36396484375001 81.17861328125, 56.191992187500006 81.223974609375, 55.71669921875002 81.1884765625, 55.57265625000002 81.228076171875, 55.46601562500001 81.311181640625, 55.78193359375001 81.329443359375, 56.156835937500006 81.303076171875, 56.40468750000002 81.38701171875, 56.71875 81.423388671875, 56.97304687500002 81.510546875, 57.09150390625001 81.5412109375, 57.36503906250002 81.53525390625, 57.71660156250002 81.5646484375, 57.81025390625001 81.546044921875, 57.86269531250002 81.5064453125, 58.0166015625 81.4837890625, 58.43603515625 81.46416015625, 58.56386718750002 81.418408203125, 58.37187500000002 81.386962890625, 57.85869140625002 81.36806640625, 57.91191406250002 81.303271484375, 58.01533203125001 81.254833984375, 57.91289062500002 81.197509765625, 57.76972656250001 81.1697265625, 57.45097656250002 81.135546875, 56.821875000000006 81.237939453125, 56.66923828125002 81.198291015625, 56.51250000000002 81.175244140625)), ((54.62333984375002 80.765234375, 54.532812500000006 80.7830078125, 54.376074218750006 80.786962890625, 54.06660156250001 80.813623046875, 54.04541015625 80.87197265625, 54.24052734375002 80.90185546875, 54.367285156250006 80.90380859375, 54.41679687500002 80.9865234375, 54.63398437500001 81.11318359375, 54.71894531250001 81.115966796875, 55.470703125 81.019873046875, 56.17011718750001 81.029150390625, 56.472265625000006 80.9982421875, 56.90966796875 80.912890625, 57.56777343750002 80.8197265625, 57.69414062500002 80.79228515625, 57.58037109375002 80.75546875, 56.81474609375002 80.663623046875, 56.315527343750006 80.632861328125, 55.883398437500006 80.62841796875, 55.712500000000006 80.6373046875, 55.540625000000006 80.7033203125, 55.1171875 80.751904296875, 54.66816406250001 80.738671875, 54.62333984375002 80.765234375)), ((55.71845703125001 72.721533203125, 55.70097656250002 72.671728515625, 55.61640625000001 72.599072265625, 55.44130859375002 72.575390625, 55.4033203125 72.549072265625, 55.41689453125002 72.501318359375, 55.35595703125 72.465087890625, 55.35957031250001 72.40869140625, 55.39042968750002 72.37783203125, 55.39912109375001 72.313623046875, 55.51806640625 72.220654296875, 55.49492187500002 72.18232421875, 55.4033203125 72.106884765625, 55.375 72.014892578125, 55.2978515625 71.9353515625, 55.47109375000002 71.86923828125, 55.54667968750002 71.783349609375, 55.61367187500002 71.689892578125, 55.8193359375 71.507568359375, 56.04316406250001 71.34560546875, 56.45439453125002 71.107373046875, 56.89482421875002 70.927001953125, 57.06562500000001 70.876025390625, 57.48359375000001 70.79228515625, 57.55644531250002 70.7658203125, 57.62539062500002 70.72880859375, 57.44716796875002 70.66103515625, 57.263671875 70.63603515625, 57.24697265625002 70.605126953125, 57.14589843750002 70.589111328125, 56.64882812500002 70.646533203125, 56.621679687500006 70.65537109375, 56.56865234375002 70.6974609375, 56.51005859375002 70.72880859375, 56.3857421875 70.734130859375, 56.26005859375002 70.71474609375, 56.33476562500002 70.676708984375, 56.41718750000001 70.66494140625, 56.56132812500002 70.5935546875, 56.49970703125001 70.56640625, 56.4345703125 70.56298828125, 56.14248046875002 70.657861328125, 56.11474609375 70.646142578125, 56.08710937500001 70.618359375, 55.94160156250001 70.649267578125, 55.9072265625 70.626318359375, 55.796875 70.615576171875, 55.70673828125001 70.64189453125, 55.70644531250002 70.675244140625, 55.68730468750002 70.6921875, 55.236914062500006 70.666015625, 55.05166015625002 70.666748046875, 54.86708984375002 70.678125, 54.645117187500006 70.741845703125, 54.60820312500002 70.713232421875, 54.601171875000006 70.680078125, 54.51738281250002 70.693310546875, 54.332617187500006 70.744677734375, 53.72236328125001 70.814453125, 53.38359375000002 70.87353515625, 53.4677734375 70.9005859375, 53.61357421875002 70.9146484375, 53.61562500000002 70.950830078125, 53.59257812500002 71.00068359375, 53.58779296875002 71.052294921875, 53.670507812500006 71.0869140625, 53.857031250000006 71.07041015625, 53.83427734375002 71.126708984375, 53.92226562500002 71.13759765625, 54.09394531250001 71.105224609375, 54.15566406250002 71.12548828125, 53.88613281250002 71.1962890625, 53.5908203125 71.2966796875, 53.622167968750006 71.332763671875, 53.515234375000006 71.342529296875, 53.40996093750002 71.34013671875, 53.31904296875001 71.399169921875, 53.33251953125 71.47724609375, 53.41162109375 71.530126953125, 53.363867187500006 71.541650390625, 52.90898437500002 71.49501953125, 52.6787109375 71.5056640625, 52.41884765625002 71.536865234375, 52.17998046875002 71.490234375, 51.93789062500002 71.47470703125, 51.812597656250006 71.49130859375, 51.69160156250001 71.525146484375, 51.590429687500006 71.571142578125, 51.511328125000006 71.648095703125, 51.43867187500001 71.776806640625, 51.42861328125002 71.825537109375, 51.44355468750001 71.934375, 51.48222656250002 71.97978515625, 51.58251953125 72.07119140625, 51.65312500000002 72.099365234375, 51.80546875000002 72.142138671875, 51.88544921875001 72.15322265625, 52.06865234375002 72.13115234375, 52.252050781250006 72.129736328125, 52.33232421875002 72.153955078125, 52.40673828125 72.196728515625, 52.4619140625 72.25234375, 52.58613281250001 72.284033203125, 52.6220703125 72.3009765625, 52.70576171875001 72.390966796875, 52.7138671875 72.436962890625, 52.74873046875001 72.482958984375, 52.86367187500002 72.549853515625, 52.8232421875 72.591259765625, 52.83906250000001 72.619287109375, 52.916601562500006 72.668896484375, 52.68310546875 72.68232421875, 52.60498046875 72.704052734375, 52.52851562500001 72.737353515625, 52.55058593750002 72.7685546875, 52.57929687500001 72.791357421875, 52.81220703125001 72.875244140625, 52.913183593750006 72.899951171875, 53.02421875000002 72.91357421875, 53.253515625000006 72.903759765625, 53.36982421875001 72.916748046875, 53.24726562500001 72.97314453125, 53.23710937500002 73.011181640625, 53.18896484375 73.10400390625, 53.19794921875001 73.14755859375, 53.25117187500001 73.182958984375, 53.35761718750001 73.224560546875, 53.51220703125 73.23837890625, 53.63369140625002 73.26025390625, 53.75322265625002 73.29326171875, 53.86562500000002 73.298974609375, 54.09101562500001 73.27646484375, 54.20234375000001 73.28134765625, 54.80390625000001 73.387646484375, 54.94062500000001 73.383251953125, 55.12138671875002 73.3568359375, 55.31982421875 73.30830078125, 55.78730468750001 73.268603515625, 56.1376953125 73.25615234375, 56.35048828125002 73.225537109375, 56.42958984375002 73.201171875, 56.3974609375 73.13916015625, 56.33466796875001 73.113671875, 56.18896484375 73.0330078125, 56.1669921875 72.983203125, 56.19287109375 72.90498046875, 56.170507812500006 72.848095703125, 56.121679687500006 72.806591796875, 56.08378906250002 72.789404296875, 55.81972656250002 72.789501953125, 55.72343750000002 72.76640625, 55.71845703125001 72.721533203125)), ((56.94453125000001 80.366162109375, 57.078710937500006 80.350927734375, 57.122656250000006 80.3169921875, 57.11894531250002 80.1939453125, 57.07275390625 80.139404296875, 57.080175781250006 80.094677734375, 56.986914062500006 80.071484375, 56.20058593750002 80.07646484375, 55.811621093750006 80.087158203125, 55.72402343750002 80.104736328125, 55.94228515625002 80.16328125, 56.01220703125 80.20390625, 55.989843750000006 80.320068359375, 56.0244140625 80.34130859375, 56.65507812500002 80.330322265625, 56.70722656250001 80.36328125, 56.94453125000001 80.366162109375)), ((55.43476562500001 80.30224609375, 55.47968750000001 80.273828125, 55.19511718750002 80.226806640625, 55.048437500000006 80.228369140625, 54.97968750000001 80.2564453125, 55.09160156250002 80.295556640625, 55.24003906250002 80.325390625, 55.35322265625001 80.31767578125, 55.43476562500001 80.30224609375)), ((53.85000000000002 80.503857421875, 53.90019531250002 80.5154296875, 53.90156250000001 80.54248046875, 53.85888671875 80.563037109375, 53.87724609375002 80.6052734375, 54.1767578125 80.574365234375, 54.20537109375002 80.561767578125, 54.40712890625002 80.54013671875, 54.43730468750002 80.498681640625, 54.41533203125002 80.472802734375, 54.27587890625 80.421337890625, 53.81191406250002 80.476220703125, 53.85000000000002 80.503857421875)), ((53.48613281250002 80.323388671875, 53.851660156250006 80.268359375, 53.777929687500006 80.2283203125, 53.652929687500006 80.22255859375, 53.52138671875002 80.185205078125, 52.85634765625002 80.1732421875, 52.63593750000001 80.178857421875, 52.55048828125001 80.20185546875, 52.34355468750002 80.213232421875, 52.21337890625 80.263720703125, 52.27021484375001 80.276318359375, 52.57666015625 80.296923828125, 52.68056640625002 80.318505859375, 52.71601562500001 80.34755859375, 52.85390625000002 80.402392578125, 53.185644531250006 80.412646484375, 53.329199218750006 80.402392578125, 53.34589843750001 80.36630859375, 53.48613281250002 80.323388671875)), ((52.42548828125001 71.2392578125, 52.249609375000006 71.284912109375, 52.239843750000006 71.325048828125, 52.29658203125001 71.3568359375, 52.51259765625002 71.38505859375, 52.61738281250001 71.383349609375, 52.72968750000001 71.355126953125, 52.720312500000006 71.389794921875, 52.73222656250002 71.4037109375, 52.77675781250002 71.3998046875, 52.9033203125 71.364990234375, 53.07402343750002 71.237939453125, 53.14140625000002 71.24189453125, 53.19257812500001 71.215283203125, 53.205175781250006 71.159716796875, 53.07148437500001 71.0650390625, 53.04814453125002 71.03095703125, 53.10576171875002 70.999267578125, 53.12099609375002 70.98203125, 53.02265625000001 70.968701171875, 53.004492187500006 71.01162109375, 52.94960937500002 71.05361328125, 52.83535156250002 71.08583984375, 52.78896484375002 71.11494140625, 52.738378906250006 71.1806640625, 52.54658203125001 71.250439453125, 52.42548828125001 71.2392578125)), ((53.14140625000002 71.24189453125, 53.13847656250002 71.243408203125, 53.14570312500001 71.2421875, 53.14140625000002 71.24189453125)), ((48.896093750000006 80.369189453125, 48.81103515625 80.3537109375, 48.67705078125002 80.300048828125, 48.68896484375 80.290283203125, 48.921972656250006 80.276806640625, 48.959570312500006 80.265673828125, 48.990820312500006 80.2423828125, 49.0107421875 80.207421875, 48.9775390625 80.16259765625, 48.89189453125002 80.155322265625, 48.79736328125 80.1611328125, 48.58173828125001 80.195361328125, 48.55458984375002 80.18330078125, 48.53261718750002 80.158251953125, 48.466796875 80.110107421875, 48.38623046875 80.09580078125, 48.16718750000001 80.132763671875, 48.09589843750001 80.122314453125, 48.02578125000002 80.099462890625, 47.93994140625 80.088623046875, 47.7373046875 80.081689453125, 47.632421875000006 80.111962890625, 47.72314453125 80.1513671875, 47.9775390625 80.212548828125, 47.89296875000002 80.2392578125, 47.64238281250002 80.2453125, 47.4443359375 80.230126953125, 47.34306640625002 80.188525390625, 47.248632812500006 80.180224609375, 46.99101562500002 80.182763671875, 46.84589843750001 80.23720703125, 46.73818359375002 80.257666015625, 46.64443359375002 80.300341796875, 47.402929687500006 80.444775390625, 47.65605468750002 80.500537109375, 47.89580078125002 80.529052734375, 48.20820312500001 80.543896484375, 48.30615234375 80.561572265625, 48.40263671875002 80.568798828125, 48.46474609375002 80.558056640625, 48.625097656250006 80.50830078125, 49.08779296875002 80.515771484375, 49.18525390625001 80.558642578125, 49.19267578125002 80.656005859375, 49.1474609375 80.712109375, 49.24433593750001 80.82138671875, 49.5078125 80.86533203125, 50.12431640625002 80.923876953125, 50.27812500000002 80.92724609375, 50.43144531250002 80.910888671875, 50.80107421875002 80.91416015625, 50.91767578125001 80.8904296875, 51.45478515625001 80.744677734375, 51.59101562500001 80.740771484375, 51.70361328125 80.687646484375, 51.14619140625001 80.603955078125, 50.96083984375002 80.540478515625, 50.27968750000002 80.52734375, 49.84599609375002 80.49765625, 49.74980468750002 80.4720703125, 49.79414062500001 80.425341796875, 49.5859375 80.3765625, 48.896093750000006 80.369189453125)), ((51.431250000000006 79.9205078125, 51.076269531250006 79.931982421875, 50.4541015625 79.9244140625, 50.091406250000006 79.98056640625, 50.47265625 80.03544921875, 50.67578125 80.04853515625, 50.93632812500002 80.09423828125, 51.25439453125 80.0486328125, 51.237890625000006 80.0103515625, 51.242773437500006 79.991259765625, 51.409277343750006 79.94423828125, 51.435156250000006 79.93193359375, 51.431250000000006 79.9205078125)), ((50.75371093750002 81.047412109375, 50.61601562500002 81.041259765625, 50.518164062500006 81.045556640625, 50.41191406250002 81.084375, 50.37744140625 81.102734375, 50.36845703125002 81.122509765625, 50.464941406250006 81.126220703125, 50.521582031250006 81.158203125, 50.591796875 81.16943359375, 50.715917968750006 81.170654296875, 50.87861328125001 81.15087890625, 50.94619140625002 81.108154296875, 50.78876953125001 81.071826171875, 50.75371093750002 81.047412109375)), ((50.30996093750002 80.18564453125, 50.31914062500002 80.17236328125, 50.072265625 80.10947265625, 50.0517578125 80.07431640625, 49.97089843750001 80.0607421875, 49.58828125000002 80.1361328125, 49.55605468750002 80.158935546875, 49.88369140625002 80.230224609375, 50.2509765625 80.219482421875, 50.30996093750002 80.18564453125)), ((48.27880859375 69.04033203125, 48.2802734375 69.096630859375, 48.319921875000006 69.26923828125, 48.41386718750002 69.345654296875, 48.63134765625 69.43603515625, 48.84492187500001 69.4947265625, 48.95332031250001 69.50927734375, 49.225195312500006 69.51123046875, 49.99628906250001 69.309423828125, 50.16728515625002 69.257080078125, 50.265234375000006 69.185595703125, 50.28300781250002 69.0888671875, 50.22060546875002 69.048779296875, 50.16445312500002 69.037548828125, 50.14091796875002 69.09814453125, 50.09394531250001 69.125537109375, 49.92080078125002 69.053271484375, 49.83984375 68.973779296875, 49.62626953125002 68.859716796875, 49.18046875000002 68.77841796875, 48.91035156250001 68.74306640625, 48.6669921875 68.733154296875, 48.439062500000006 68.8048828125, 48.31591796875 68.9423828125, 48.29443359375 68.984228515625, 48.27880859375 69.04033203125)), ((47.30390625000001 80.606201171875, 47.1982421875 80.61494140625, 47.14492187500002 80.609033203125, 47.01103515625002 80.562109375, 46.67753906250002 80.561328125, 46.62392578125002 80.540673828125, 46.513671875 80.475537109375, 46.37812500000001 80.456787109375, 46.14140625000002 80.446728515625, 46.05986328125002 80.4837890625, 46.02363281250001 80.540869140625, 45.96904296875002 80.569482421875, 45.64082031250001 80.536962890625, 45.389257812500006 80.560302734375, 45.14921875000002 80.59873046875, 44.90498046875001 80.611279296875, 45.12451171875 80.65224609375, 46.32744140625002 80.73515625, 46.79912109375002 80.755224609375, 47.020605468750006 80.814404296875, 47.35234375000002 80.8529296875, 47.441992187500006 80.853662109375, 47.899511718750006 80.8126953125, 48.243261718750006 80.823486328125, 48.34521484375 80.818994140625, 48.44570312500002 80.806005859375, 48.54736328125 80.779052734375, 48.6865234375 80.7177734375, 48.68359375 80.633251953125, 48.62548828125 80.629296875, 48.04433593750002 80.6681640625, 47.77734375 80.75625, 47.70527343750001 80.765185546875, 47.60009765625 80.741943359375, 47.512304687500006 80.687939453125, 47.414160156250006 80.67451171875, 47.30390625000001 80.606201171875)), ((42.69072265625002 66.735302734375, 42.71367187500002 66.701708984375, 42.67558593750002 66.6880859375, 42.47734375000002 66.73505859375, 42.460058593750006 66.770361328125, 42.46855468750002 66.785546875, 42.547460937500006 66.7955078125, 42.631445312500006 66.7822265625, 42.69072265625002 66.735302734375)), ((35.84843750000002 65.14267578125, 35.8583984375 65.0779296875, 35.82734375000001 65.036474609375, 35.84228515625 65.00146484375, 35.77871093750002 64.97666015625, 35.68007812500002 65.0576171875, 35.62138671875002 65.0587890625, 35.55859375 65.093603515625, 35.528906250000006 65.15107421875, 35.58574218750002 65.16708984375, 35.60869140625002 65.15712890625, 35.729101562500006 65.19755859375, 35.81611328125001 65.182080078125, 35.84843750000002 65.14267578125)), ((32.08642578125 41.589208984375, 32.30644531250002 41.72958984375, 32.54218750000001 41.806396484375, 32.94667968750002 41.891748046874994, 33.284765625000006 42.00458984375, 33.38134765625 42.017578125, 34.192968750000006 41.963671874999996, 34.75048828125 41.956835937499996, 35.006445312500006 42.063281249999996, 35.154882812500006 42.0275390625, 35.14101562500002 41.989501953125, 35.11406250000002 41.956982421875, 35.1220703125 41.89111328125, 35.13266470825614 41.87934898865308, 31.389726114957927 41.22059179623259, 31.4580078125 41.32001953125, 32.08642578125 41.589208984375)), ((33.62929687500002 80.217431640625, 33.556640625 80.19814453125, 32.525976562500006 80.119140625, 31.57763671875 80.0814453125, 31.48193359375 80.10791015625, 33.0986328125 80.2287109375, 33.38398437500001 80.242333984375, 33.62929687500002 80.217431640625)), ((31.5087890625 46.37314453125, 31.584863281250023 46.303173828125, 31.638476562500017 46.27255859375, 32.01220703125 46.203906249999996, 32.15009765625001 46.154687499999994, 32.009375000000006 46.167822265625, 31.7001953125 46.2140625, 31.563867187500023 46.257763671875, 31.528710937500023 46.306591796875, 31.5087890625 46.37314453125)), ((29.113867187500006 40.937841796875, 29.045507812500006 41.007568359375, 29.094335937500006 41.17724609375, 29.14814453125001 41.221044921875, 29.322265625 41.227734375, 29.919335937500023 41.150830078125, 30.34492187500001 41.196923828124994, 30.729210794365695 41.10434109980836, 29.262729822095856 40.84624044868887, 29.113867187500006 40.937841796875)), ((29.992968750000017 69.8732421875, 30.05517578125 69.83837890625, 29.956152343750006 69.79677734375, 29.766210937500006 69.767529296875, 29.744238281250006 69.7916015625, 29.785937500000017 69.829052734375, 29.835839843750023 69.90556640625, 29.913964843750023 69.90244140625, 29.992968750000017 69.8732421875)), ((29.04707031250001 78.912060546875, 29.34541015625001 78.90576171875, 29.645117187500006 78.921630859375, 29.696679687500023 78.904736328125, 29.310546875 78.852099609375, 28.881152343750017 78.880078125, 28.494531250000023 78.88720703125, 28.037890625000017 78.8287109375, 27.889062500000023 78.8521484375, 28.120996093750023 78.908447265625, 28.3740234375 78.92705078125, 28.41474609375001 78.96142578125, 28.511132812500023 78.967333984375, 28.84521484375 78.970849609375, 29.04707031250001 78.912060546875)), ((27.769140625000006 40.509619140625, 27.874902343750023 40.512939453125, 27.902399467045157 40.50730652454537, 27.74937637721911 40.466500367258426, 27.731835937500023 40.481494140624996, 27.769140625000006 40.509619140625)), ((26.738085937500017 40.400244140625, 27.012109375000023 40.396337890625, 27.121679687500006 40.45234375, 27.284570312500023 40.455615234374996, 27.332617187500006 40.375927734375, 27.363849113140628 40.3636930968375, 26.386898751986255 40.103173000529665, 26.475390625000017 40.197265625, 26.738085937500017 40.400244140625)), ((22.548828125 80.416455078125, 22.67207031250001 80.412646484375, 22.792578125000006 80.4330078125, 22.896875000000023 80.468994140625, 23.00800781250001 80.473974609375, 23.251367187500023 80.4466796875, 23.3154296875 80.425244140625, 23.250097656250006 80.380859375, 23.224609375 80.317626953125, 23.114550781250017 80.186962890625, 23.353320312500017 80.178857421875, 23.68798828125 80.20654296875, 23.77294921875 80.244384765625, 23.952929687500017 80.30458984375, 24.142968750000023 80.295166015625, 24.23408203125001 80.303125, 24.280175781250023 80.329296875, 24.29755859375001 80.360400390625, 24.402636718750017 80.35517578125, 24.546679687500017 80.295166015625, 24.613671875000023 80.28583984375, 24.785937500000017 80.30068359375, 24.907031250000017 80.27666015625, 25.471289062500006 80.23310546875, 25.666894531250023 80.209765625, 25.836328125000023 80.175146484375, 26.43671875000001 80.17548828125, 26.86083984375 80.160009765625, 27.017187500000006 80.12548828125, 27.148339843750023 80.059228515625, 27.198632812500023 79.906591796875, 27.079882812500017 79.865380859375, 26.221093750000023 79.67744140625, 26.005859375 79.617041015625, 25.90205078125001 79.561376953125, 25.726367187500017 79.43974609375, 25.641210937500006 79.40302734375, 25.239062500000017 79.345068359375, 25.145117187500006 79.3388671875, 24.842871093750006 79.367236328125, 24.750585937500006 79.364599609375, 24.383398437500006 79.301611328125, 24.2568359375 79.2634765625, 24.132910156250006 79.215478515625, 23.94775390625 79.194287109375, 22.903710937500023 79.2306640625, 22.789160156250006 79.26435546875, 22.695703125000023 79.329052734375, 22.865527343750017 79.411865234375, 21.911425781250017 79.3810546875, 20.861132812500017 79.3978515625, 20.805566406250023 79.409521484375, 20.760839843750006 79.44150390625, 20.399511718750006 79.46337890625, 20.128222656250017 79.489599609375, 19.900195312500017 79.5337890625, 19.674609375000017 79.591162109375, 19.746679687500006 79.61796875, 19.821093750000017 79.633642578125, 20.01484375000001 79.640234375, 20.187109375000006 79.632275390625, 20.493457031250017 79.632763671875, 20.564843750000023 79.69052734375, 20.686816406250017 79.707177734375, 20.784082031250023 79.748583984375, 20.460742187500017 79.774658203125, 20.123437500000023 79.778564453125, 19.89863281250001 79.744189453125, 19.638085937500023 79.72861328125, 19.400000000000006 79.7265625, 18.94208984375001 79.736328125, 18.725000000000023 79.7607421875, 18.428027343750017 79.82451171875, 18.32470703125 79.859716796875, 18.284765625000006 79.887353515625, 18.25537109375 79.92919921875, 18.594628906250023 79.96669921875, 18.726464843750023 79.996240234375, 18.85595703125 80.03662109375, 18.343847656250006 80.0595703125, 18.129492187500006 80.093408203125, 17.916894531250023 80.143115234375, 18.089453125000006 80.171142578125, 18.779296875 80.193505859375, 18.9619140625 80.1748046875, 19.142968750000023 80.138671875, 19.343359375000006 80.11640625, 19.537109375 80.163232421875, 19.35468750000001 80.185400390625, 19.19140625 80.263232421875, 19.15693359375001 80.30185546875, 19.178320312500006 80.33154296875, 19.263769531250006 80.335986328125, 19.568457031250006 80.25, 19.751074218750006 80.227197265625, 19.80224609375 80.2947265625, 19.810351562500017 80.326806640625, 19.691308593750023 80.40234375, 19.614355468750006 80.462548828125, 19.733300781250023 80.47783203125, 19.851171875000006 80.47119140625, 20.104296875000017 80.42998046875, 20.359375 80.400927734375, 20.475878906250017 80.371630859375, 20.693457031250006 80.298681640625, 20.897851562500023 80.249951171875, 20.998437500000023 80.238818359375, 21.549218750000023 80.242919921875, 21.654882812500006 80.21845703125, 21.696679687500023 80.1591796875, 21.780664062500023 80.13876953125, 21.897753906250017 80.132470703125, 22.190234375000017 80.059716796875, 22.28974609375001 80.04921875, 22.376367187500023 80.0896484375, 22.442675781250017 80.190283203125, 22.446191406250023 80.308349609375, 22.417871093750023 80.36552734375, 22.450781250000006 80.40224609375, 22.548828125 80.416455078125)), ((26.78876953125001 78.723974609375, 27.007617187500017 78.697509765625, 26.8759765625 78.64892578125, 26.7294921875 78.646484375, 26.459570312500006 78.720263671875, 26.40771484375 78.784326171875, 26.45576171875001 78.810498046875, 26.5859375 78.811474609375, 26.78876953125001 78.723974609375)), ((25.853515625 71.103857421875, 25.94501953125001 71.104638671875, 26.07763671875 71.033154296875, 26.146875000000023 71.039501953125, 26.1337890625 70.99580078125, 25.99970703125001 70.97509765625, 25.791308593750017 70.9625, 25.760156250000023 70.95380859375, 25.58203125 70.960791015625, 25.482031250000006 71.019580078125, 25.31494140625 71.034130859375, 25.315234375000017 71.052978515625, 25.423437500000006 71.097412109375, 25.586328125000023 71.14208984375, 25.853515625 71.103857421875)), ((25.740234375 40.10546875, 25.6689453125 40.135888671874994, 25.74091796875001 40.1962890625, 25.874804687500017 40.233691406249996, 25.918359375000023 40.23798828125, 25.97705078125 40.17783203125, 25.970019531250017 40.136328125, 25.740234375 40.10546875)), ((25.448046875000017 40.482812499999994, 25.56855468750001 40.515869140625, 25.624316406250017 40.491992187499996, 25.66425781250001 40.4638671875, 25.68574218750001 40.426562499999996, 25.572656250000023 40.400439453124996, 25.448046875000017 40.482812499999994)), ((25.449121093750023 40.034814453124994, 25.441399215047408 40, 25.3607180059524 40, 25.373632812500006 40.015527343749994, 25.449121093750023 40.034814453124994)), ((25.239868989189873 40, 25.06845868644087 40, 25.234179687500017 40.005419921874996, 25.239868989189873 40)), ((24.970605468750023 65.055322265625, 24.99755859375 65.038720703125, 24.89179687500001 65.02626953125, 24.848242187500006 64.991015625, 24.69892578125001 64.9578125, 24.57861328125 64.978564453125, 24.576562500000023 65.04287109375, 24.651171875000017 65.073974609375, 24.786035156250023 65.08642578125, 24.970605468750023 65.055322265625)), ((23.683984375000023 77.875439453125, 23.88300781250001 77.86474609375, 24.23828125 77.89853515625, 24.57148437500001 77.834423828125, 24.90185546875 77.756591796875, 24.129785156250023 77.658251953125, 24.061914062500023 77.630615234375, 23.954980468750023 77.55771484375, 23.841210937500023 77.49775390625, 23.736132812500017 77.462353515625, 23.505175781250017 77.401416015625, 23.380859375 77.380322265625, 23.101367187500017 77.38505859375, 22.996679687500006 77.360791015625, 22.899511718750006 77.311376953125, 22.8017578125 77.27578125, 22.5537109375 77.266650390625, 22.42695312500001 77.31591796875, 22.468847656250006 77.331103515625, 22.486621093750017 77.360107421875, 22.442480468750006 77.429345703125, 22.67890625000001 77.500146484375, 22.73261718750001 77.53935546875, 22.685351562500017 77.553515625, 22.62031250000001 77.549609375, 22.4482421875 77.571142578125, 22.397265625000017 77.5701171875, 22.25458984375001 77.528857421875, 22.05683593750001 77.501171875, 21.049902343750006 77.440966796875, 20.928125000000023 77.45966796875, 20.873144531250006 77.56533203125, 21.201074218750023 77.619482421875, 21.25146484375 77.7109375, 21.33417968750001 77.77177734375, 21.43085937500001 77.812109375, 21.6083984375 77.916064453125, 21.653125000000017 77.92353515625, 21.21044921875 78.00576171875, 21.035449218750017 78.0591796875, 20.84492187500001 78.165869140625, 20.786425781250017 78.2521484375, 20.5283203125 78.3255859375, 20.56025390625001 78.419384765625, 20.37275390625001 78.41201171875, 20.227929687500023 78.47783203125, 20.362695312500023 78.514794921875, 21.046875 78.55673828125, 21.45478515625001 78.59755859375, 21.60810546875001 78.595703125, 21.74560546875 78.572021484375, 22.04316406250001 78.576953125, 22.207324218750017 78.407666015625, 22.29951171875001 78.228173828125, 22.449316406250006 78.215234375, 22.73457031250001 78.23994140625, 22.988867187500006 78.251953125, 23.119238281250006 78.238623046875, 23.351660156250006 78.186279296875, 23.451953125000017 78.149462890625, 23.364648437500023 78.1205078125, 23.151953125000006 78.0880859375, 23.11669921875 77.99150390625, 23.33056640625 77.957861328125, 23.683984375000023 77.875439453125)), ((24.623339843750017 40.792919921875, 24.719140625000023 40.786279296874994, 24.77363281250001 40.730273437499996, 24.78632812500001 40.703857421875, 24.768652343750006 40.65888671875, 24.774218750000017 40.615185546875, 24.645898437500023 40.579443359375, 24.515527343750023 40.647021484374996, 24.516699218750006 40.68720703125, 24.585546875000006 40.76875, 24.623339843750017 40.792919921875)), ((23.66328125000001 70.675244140625, 23.68916015625001 70.722802734375, 23.778417968750006 70.74736328125, 23.836523437500006 70.72939453125, 23.85205078125 70.71435546875, 23.956445312500023 70.699609375, 24.07832031250001 70.6505859375, 24.017578125 70.5673828125, 23.8271484375 70.527490234375, 23.716601562500017 70.561865234375, 23.67011718750001 70.5970703125, 23.66328125000001 70.675244140625)), ((23.7587890625 38.401220703125, 23.650781250000023 38.44306640625, 23.61738281250001 38.552539062499996, 23.505273437500023 38.612939453124994, 23.465234375000023 38.655859375, 23.364062500000017 38.735009765624994, 23.25214843750001 38.801220703125, 23.143945312500023 38.84482421875, 23.029101562500017 38.873388671875, 22.93574218750001 38.839648437499996, 22.88134765625 38.84765625, 22.87031250000001 38.870507812499994, 22.986328125 38.915917968749994, 23.145800781250017 39.002685546875, 23.258203125000023 39.03134765625, 23.31269531250001 39.034912109375, 23.415429687500023 38.958642578124994, 23.471972656250017 38.85009765625, 23.525000000000006 38.8134765625, 23.63623046875 38.77021484375, 23.6884765625 38.764697265624996, 23.878222656250017 38.686572265624996, 24 38.67798160382574, 24 38.392791655099934, 23.7587890625 38.401220703125)), ((23.883593750000017 35.24609375, 23.638085937500023 35.235156249999996, 23.5927734375 35.257226562499994, 23.561621093750006 35.295166015625, 23.54755859375001 35.415576171874996, 23.56982421875 35.534765625, 23.608691406250017 35.566259765625, 23.626562500000006 35.53037109375, 23.672656250000017 35.513916015625, 23.715429687500006 35.550146484375, 23.71503906250001 35.604736328125, 23.736914062500006 35.655517578125, 23.770800781250017 35.634228515625, 23.793359375000023 35.556201171874996, 23.85224609375001 35.535449218749996, 24 35.52926142444349, 24 35.221180758752084, 23.883593750000017 35.24609375)), ((23.887988281250017 39.15830078125, 23.841210937500023 39.14658203125, 23.888085937500023 39.226367187499996, 23.97089843750001 39.267724609374994, 23.939746093750017 39.200537109375, 23.887988281250017 39.15830078125)), ((23.666113281250006 39.095361328124994, 23.59394531250001 39.20859375, 23.77978515625 39.114404296874994, 23.735156250000017 39.08056640625, 23.666113281250006 39.095361328124994)), ((23.0224609375 70.4869140625, 23.15839843750001 70.516064453125, 23.248046875 70.505126953125, 23.546679687500017 70.61708984375, 23.578906250000017 70.59365234375, 23.615332031250006 70.54931640625, 23.641015625000023 70.46396484375, 23.547753906250023 70.408154296875, 23.332812500000017 70.3349609375, 23.345117187500023 70.315283203125, 23.27070312500001 70.296484375, 23.1591796875 70.2826171875, 23.10029296875001 70.29609375, 23.1083984375 70.358837890625, 23.090625000000017 70.37763671875, 23.005957031250006 70.352783203125, 22.917871093750023 70.38466796875, 22.917773437500017 70.416748046875, 22.941015625000006 70.444580078125, 23.0224609375 70.4869140625)), ((23.419335937500023 37.93125, 23.439062500000006 37.940673828125, 23.462207031250017 37.980371093749994, 23.483691406250017 37.991113281249994, 23.515527343750023 37.98603515625, 23.53486328125001 37.97021484375, 23.55097656250001 37.92587890625, 23.51142578125001 37.901171874999996, 23.466796875 37.902392578124996, 23.43525390625001 37.911474609375, 23.419335937500023 37.93125)), ((22.055761718750006 70.613330078125, 21.994531250000023 70.65712890625, 22.170019531250006 70.656298828125, 22.23261718750001 70.66689453125, 22.35029296875001 70.657666015625, 22.420996093750006 70.702587890625, 22.570703125000023 70.69716796875, 22.85810546875001 70.72841796875, 22.96357421875001 70.710986328125, 23.204687500000006 70.815478515625, 23.280175781250023 70.812744140625, 23.395605468750006 70.842578125, 23.440527343750006 70.815771484375, 23.4208984375 70.784423828125, 23.387109375000023 70.75390625, 23.30517578125 70.7216796875, 23.068164062500017 70.594091796875, 22.92890625000001 70.57353515625, 22.884765625 70.553515625, 22.8291015625 70.541552734375, 22.656054687500017 70.559033203125, 22.557519531250023 70.515869140625, 22.432226562500006 70.5091796875, 22.358691406250017 70.514794921875, 22.168750000000017 70.562109375, 22.055761718750006 70.613330078125)), ((23.260351562500006 58.539990234375, 23.0634765625 58.611083984375, 23.10908203125001 58.659228515625, 23.165429687500023 58.678124999999994, 23.332812500000017 58.648583984374994, 23.3564453125 58.575537109375, 23.343554687500017 58.550341796875, 23.260351562500006 58.539990234375)), ((22.371679687500006 58.217138671875, 22.269335937500017 58.1607421875, 22.227343750000017 58.051806640625, 22.152441406250006 57.966796875, 22.076269531250006 57.93603515625, 21.996875000000017 57.93134765625, 21.97802734375 57.96328125, 21.98554687500001 57.995166015624996, 22.152929687500006 58.11533203125, 22.18769531250001 58.154345703125, 22.104394531250023 58.1716796875, 22.034570312500023 58.21337890625, 21.882128906250017 58.262353515624994, 21.8544921875 58.301660156249994, 21.924414062500006 58.315869140625, 21.96503906250001 58.348828125, 21.98408203125001 58.386669921875, 21.8623046875 58.49716796875, 21.924414062500006 58.5142578125, 22.001855468750023 58.51025390625, 22.081347656250017 58.478125, 22.168554687500006 58.5158203125, 22.20556640625 58.521386718749994, 22.2666015625 58.507958984374994, 22.328125 58.580859375, 22.474414062500017 58.604882812499994, 22.546972656250006 58.627392578125, 22.61738281250001 58.621240234374994, 22.688378906250023 58.597021484375, 22.820117187500017 58.621533203125, 22.964257812500023 58.605712890625, 23.292871093750023 58.48349609375, 23.3232421875 58.450830078124994, 23.12714843750001 58.435986328125, 23.082617187500006 58.398486328125, 23.035449218750017 58.372314453125, 22.979882812500023 58.3638671875, 22.885156250000023 58.311279296875, 22.75703125000001 58.260888671874994, 22.730273437500017 58.2306640625, 22.498437500000023 58.236230468749994, 22.371679687500006 58.217138671875)), ((22.9326171875 36.36875, 22.950488281250017 36.383935546874994, 22.997851562500017 36.328125, 23.097070312500023 36.24658203125, 23.053808593750006 36.189794921875, 23.04218750000001 36.146386718749994, 22.939453125 36.176220703125, 22.91083984375001 36.220996093749996, 22.905664062500023 36.3203125, 22.9326171875 36.36875)), ((22.587207031250017 59.081201171874994, 22.6494140625 59.087109375, 22.702246093750006 59.0744140625, 22.712207031250017 59.031982421875, 22.725488281250023 59.015087890625, 22.90986328125001 58.9912109375, 22.98164062500001 58.919824218749994, 23.008691406250023 58.833935546875, 22.923730468750023 58.826904296875, 22.841699218750023 58.77744140625, 22.792871093750023 58.797216796875, 22.76728515625001 58.8208984375, 22.661425781250017 58.7091796875, 22.54218750000001 58.689990234375, 22.47265625 58.712060546874994, 22.478906250000023 58.753808593749994, 22.411035156250023 58.86337890625, 22.307421875000017 58.895458984375, 22.161914062500017 58.898486328125, 22.056250000000006 58.943603515625, 22.46259765625001 58.97431640625, 22.50458984375001 59.02646484375, 22.587207031250017 59.081201171874994)), ((22.175097656250017 60.370751953124994, 22.3017578125 60.347558593749994, 22.35498046875 60.355859374999994, 22.41552734375 60.303369140624994, 22.312890625000023 60.269970703125, 22.305761718750006 60.228564453125, 22.346289062500006 60.20283203125, 22.36054687500001 60.165576171875, 22.25830078125 60.165625, 22.209375000000023 60.19697265625, 22.188085937500006 60.236767578125, 22.140527343750023 60.264892578125, 22.0771484375 60.286328125, 22.108203125000017 60.314892578125, 22.125878906250023 60.355859374999994, 22.175097656250017 60.370751953124994)), ((21.845996093750017 60.412451171875, 21.8193359375 60.452294921874994, 21.827246093750006 60.469921875, 21.906835937500006 60.4384765625, 21.950292968750006 60.401708984375, 21.907812500000006 60.3931640625, 21.979785156250017 60.355224609375, 21.994238281250006 60.336669921875, 21.921484375000006 60.332275390625, 21.818652343750017 60.3818359375, 21.8056640625 60.401220703125, 21.845996093750017 60.412451171875)), ((21.69501953125001 60.11435546875, 21.70478515625001 60.172314453125, 21.764257812500006 60.198828125, 21.864355468750006 60.201806640624994, 21.83320312500001 60.140527343749994, 21.73310546875001 60.10615234375, 21.69501953125001 60.11435546875)), ((21.540625000000006 60.097900390625, 21.48603515625001 60.126806640625, 21.506738281250023 60.148339843749994, 21.567968750000006 60.172314453125, 21.634082031250017 60.168994140625, 21.64814453125001 60.140869140625, 21.628320312500023 60.107812499999994, 21.540625000000006 60.097900390625)), ((21.21455078125001 60.603857421875, 21.224707031250006 60.62060546875, 21.26806640625 60.63828125, 21.30126953125 60.595556640625, 21.45087890625001 60.52958984375, 21.436914062500023 60.483056640624994, 21.369042968750023 60.488232421875, 21.30000000000001 60.47978515625, 21.24433593750001 60.5259765625, 21.21455078125001 60.603857421875)), ((21.2177734375 63.24130859375, 21.228515625 63.22265625, 21.287109375 63.227783203125, 21.366015625000017 63.261767578125, 21.421972656250006 63.2458984375, 21.415625000000006 63.19736328125, 21.37763671875001 63.19921875, 21.3671875 63.2072265625, 21.318457031250006 63.1794921875, 21.30976562500001 63.1626953125, 21.25341796875 63.152001953124994, 21.149316406250023 63.199462890625, 21.083886718750023 63.2775390625, 21.236328125 63.277734374999994, 21.2177734375 63.24130859375)), ((17.71503906250001 79.43076171875, 17.668750000000017 79.3859375, 17.86103515625001 79.437060546875, 18.272070312500006 79.6005859375, 18.333300781250017 79.610693359375, 18.581445312500023 79.57158203125, 18.748437500000023 79.48818359375, 18.815234375000017 79.42666015625, 18.832421875000023 79.384765625, 18.82294921875001 79.336669921875, 18.807421875000017 79.303173828125, 18.720019531250017 79.281494140625, 18.677832031250006 79.26171875, 18.772265625000017 79.26025390625, 18.88007812500001 79.23427734375, 18.97900390625 79.179150390625, 19.089453125000006 79.15703125, 19.490234375 79.17568359375, 19.750878906250023 79.146826171875, 19.8935546875 79.056201171875, 20.11376953125 79.076708984375, 20.11445312500001 79.125, 20.162695312500006 79.145654296875, 20.45820312500001 79.129248046875, 20.61103515625001 79.106640625, 20.767187500000006 79.059130859375, 20.50068359375001 78.981396484375, 20.720312500000006 78.906689453125, 21.089648437500017 78.85263671875, 21.31220703125001 78.795849609375, 21.388769531250006 78.7404296875, 21.243945312500017 78.6994140625, 21.096289062500006 78.67626953125, 20.72480468750001 78.672314453125, 20.387011718750017 78.64326171875, 19.76875000000001 78.622705078125, 19.6767578125 78.6095703125, 19.618554687500023 78.562158203125, 19.380664062500017 78.47978515625, 19.150488281250006 78.37939453125, 19.0556640625 78.3189453125, 18.983789062500023 78.234228515625, 18.957617187500006 78.182470703125, 19.008691406250023 78.132275390625, 18.9951171875 78.081494140625, 18.822070312500017 78.04169921875, 18.574609375000023 78.047998046875, 18.439257812500017 78.025048828125, 18.4306640625 77.990576171875, 18.43867187500001 77.942041015625, 18.40400390625001 77.7939453125, 18.361914062500006 77.682275390625, 18.298730468750023 77.578564453125, 18.227929687500023 77.522607421875, 18.13740234375001 77.50703125, 17.847070312500023 77.49677734375, 17.623339843750017 77.399365234375, 17.442480468750006 77.225244140625, 17.3486328125 77.156884765625, 17.15253906250001 77.04892578125, 17.187890625000023 77.01064453125, 17.2490234375 76.969189453125, 17.141992187500023 76.894921875, 16.976660156250006 76.81162109375, 16.979882812500023 76.77939453125, 17.035546875000023 76.720361328125, 17.06269531250001 76.658984375, 16.935156250000006 76.60615234375, 16.700488281250017 76.579296875, 16.4619140625 76.609326171875, 16.345800781250006 76.644775390625, 16.238085937500017 76.701513671875, 16.123828125000017 76.738525390625, 16.004492187500006 76.7607421875, 15.546777343750023 76.88642578125, 15.124218750000011 77.085107421875, 14.738476562500011 77.162353515625, 14.486914062500006 77.1990234375, 14.365820312500006 77.23447265625, 14.24755859375 77.28212890625, 14.145312500000017 77.335595703125, 14.050390625000006 77.40322265625, 14.004199218750017 77.44521484375, 13.995703125000006 77.508203125, 14.026074218750011 77.545166015625, 14.0712890625 77.564111328125, 14.377636718750011 77.579638671875, 14.48779296875 77.570849609375, 14.596289062500006 77.537939453125, 14.695019531250011 77.525048828125, 14.920800781250023 77.688818359375, 16.205957031250023 77.782470703125, 16.619140625 77.798681640625, 17.033300781250006 77.797705078125, 16.96875 77.841943359375, 16.9140625 77.897998046875, 16.852929687500023 77.911572265625, 16.539648437500006 77.880224609375, 16.06005859375 77.847119140625, 15.826367187500011 77.8470703125, 15.585351562500023 77.869140625, 15.344824218750006 77.856982421875, 15.096875000000011 77.809033203125, 14.846875000000011 77.778662109375, 14.603906250000023 77.766455078125, 14.089941406250006 77.77138671875, 13.962500000000006 77.796240234375, 13.791113281250006 77.85380859375, 13.714160156250017 77.91943359375, 13.680566406250023 78.028125, 13.717675781250023 78.0576171875, 13.770117187500006 78.074609375, 13.824023437500017 78.085009765625, 13.936914062500023 78.085546875, 14.047753906250023 78.066845703125, 14.307226562500006 78.005078125, 14.248144531250006 78.07138671875, 14.994726562500006 78.151220703125, 15.341406250000006 78.220947265625, 15.519433593750023 78.23271484375, 15.698046875000017 78.227587890625, 15.65869140625 78.264697265625, 15.657128906250023 78.2990234375, 15.783886718750011 78.32705078125, 15.875390625000023 78.339111328125, 16.150292968750023 78.352880859375, 16.776953125000006 78.350439453125, 17.0029296875 78.369384765625, 17.171972656250006 78.417138671875, 16.991796875000006 78.40048828125, 16.81123046875001 78.397265625, 16.7265625 78.407177734375, 16.53535156250001 78.448876953125, 16.448632812500023 78.503564453125, 16.696582031250017 78.612890625, 16.782617187500023 78.663623046875, 16.53046875000001 78.656298828125, 16.4462890625 78.638525390625, 16.157519531250017 78.538134765625, 15.944042968750011 78.493017578125, 15.6806640625 78.471337890625, 15.417382812500023 78.4732421875, 15.359960937500006 78.487548828125, 15.279394531250006 78.5541015625, 15.254199218750017 78.5890625, 15.264941406250017 78.60830078125, 15.348339843750011 78.663134765625, 15.3916015625 78.72119140625, 15.384179687500023 78.77119140625, 15.32275390625 78.781201171875, 15.225292968750011 78.73232421875, 15.137304687500006 78.6642578125, 15.016308593750011 78.630126953125, 14.891796875000011 78.639453125, 14.838671875000017 78.665576171875, 14.792382812500023 78.70556640625, 14.743554687500023 78.720947265625, 14.689257812500017 78.720947265625, 14.57763671875 78.70498046875, 14.467187500000023 78.675390625, 14.505273437500023 78.630517578125, 14.515429687500017 78.58056640625, 14.4677734375 78.54091796875, 14.431835937500011 78.49248046875, 14.545605468750011 78.461962890625, 14.638281250000006 78.414599609375, 14.49951171875 78.3923828125, 14.36328125 78.359912109375, 14.23828125 78.30986328125, 14.110449218750006 78.2708984375, 13.907617187500023 78.266748046875, 13.654980468750011 78.245166015625, 13.150195312500017 78.2375, 12.912792968750011 78.30107421875, 12.869531250000023 78.33125, 12.822167968750023 78.35146484375, 12.664648437500006 78.384765625, 12.434765625000011 78.482958984375, 12.257910156250006 78.594677734375, 12.138281250000006 78.605517578125, 11.961718750000017 78.6423828125, 11.865527343750017 78.67421875, 11.773828125000023 78.71640625, 11.746289062500011 78.766259765625, 11.755175781250017 78.811669921875, 11.861035156250011 78.831884765625, 11.611035156250011 78.882958984375, 11.365429687500011 78.950390625, 11.456152343750006 78.972998046875, 11.547558593750011 78.982958984375, 12.27490234375 78.9044921875, 12.323437500000011 78.9142578125, 12.4033203125 78.95322265625, 12.375 78.966357421875, 12.253125000000011 78.975341796875, 12.087304687500023 78.97509765625, 12.045800781250023 78.983154296875, 11.981835937500023 79.02529296875, 11.925683593750023 79.07724609375, 11.901953125000006 79.111865234375, 11.892773437500011 79.15234375, 12.01611328125 79.2130859375, 12.083984375 79.267529296875, 11.978320312500017 79.29267578125, 11.679296875000006 79.291162109375, 11.579785156250011 79.28349609375, 11.616406250000011 79.2052734375, 11.521191406250011 79.15126953125, 11.3388671875 79.109130859375, 11.208105468750006 79.129638671875, 11.107226562500017 79.232958984375, 10.975390625000017 79.3048828125, 10.92578125 79.3501953125, 10.888085937500023 79.4154296875, 10.834375000000023 79.462841796875, 10.737597656250017 79.520166015625, 10.725000000000023 79.555517578125, 10.737011718750011 79.581640625, 10.810742187500011 79.64091796875, 10.754589843750011 79.69033203125, 10.686230468750011 79.73359375, 10.68212890625 79.758251953125, 10.746386718750017 79.788671875, 10.804003906250017 79.798779296875, 10.865917968750011 79.79658203125, 11.049609375000017 79.760302734375, 11.150390625 79.7169921875, 11.185253906250011 79.720458984375, 11.250585937500006 79.78486328125, 11.343652343750023 79.7994140625, 11.702343750000011 79.82060546875, 12.101757812500011 79.737548828125, 12.287792968750011 79.713134765625, 12.245214843750006 79.75, 12.219140625000023 79.797900390625, 12.279980468750011 79.815966796875, 12.602441406250023 79.7732421875, 12.753515625000006 79.77578125, 13.107519531250006 79.83173828125, 13.69287109375 79.860986328125, 13.914160156250006 79.816943359375, 13.925683593750023 79.793408203125, 13.921093750000011 79.76171875, 13.777539062500011 79.715283203125, 13.039257812500011 79.68515625, 12.555371093750011 79.569482421875, 13.215136718750017 79.5880859375, 13.333789062500017 79.5748046875, 13.383593750000017 79.48076171875, 13.601269531250011 79.4572265625, 13.716210937500023 79.429150390625, 13.833691406250011 79.37568359375, 13.957226562500011 79.3396484375, 14.029589843750017 79.344140625, 14.055859375000011 79.38310546875, 14.0263671875 79.429296875, 14.011132812500023 79.48193359375, 14.019824218750017 79.538671875, 14.039843750000017 79.58564453125, 14.178417968750011 79.618701171875, 14.379785156250023 79.7259765625, 14.593652343750023 79.79873046875, 14.831835937500017 79.76640625, 15.052343750000006 79.675341796875, 15.251269531250017 79.545458984375, 15.443945312500006 79.406787109375, 15.66015625 79.23486328125, 15.764062500000023 79.174267578125, 15.858496093750006 79.159912109375, 16.294531250000006 78.9810546875, 16.34375 78.976123046875, 16.253515625000006 79.112109375, 16.02753906250001 79.3423828125, 15.875097656250006 79.51923828125, 15.840722656250023 79.586865234375, 15.816113281250011 79.6818359375, 15.845117187500023 79.73359375, 15.955761718750011 79.835107421875, 16.100195312500006 79.884423828125, 16.056640625 79.953955078125, 16.093847656250006 80.00732421875, 16.245703125000006 80.049462890625, 16.386621093750023 80.052587890625, 16.524023437500006 80.0205078125, 16.786718750000006 79.90673828125, 16.838476562500006 79.90478515625, 16.888964843750017 79.9154296875, 16.925585937500017 79.94345703125, 16.966406250000006 79.958935546875, 17.21943359375001 79.940771484375, 17.578222656250006 79.88466796875, 17.68476562500001 79.85703125, 17.834570312500006 79.800048828125, 17.956152343750006 79.704248046875, 17.859765625000023 79.635009765625, 17.73261718750001 79.56953125, 17.6875 79.533349609375, 17.733984375000006 79.48134765625, 17.71503906250001 79.43076171875)), ((20.635058593750017 37.823144531249994, 20.619531250000023 37.855029296874996, 20.691503906250006 37.929541015625, 20.758691406250023 37.852978515625, 20.83984375 37.840722656249994, 20.993945312500017 37.7080078125, 20.909082031250023 37.73212890625, 20.81855468750001 37.66474609375, 20.70380859375001 37.743457031249996, 20.635058593750017 37.823144531249994)), ((20.642578125 70.05703125, 20.53466796875 70.080908203125, 20.464257812500023 70.0765625, 20.405078125000017 70.119140625, 20.411718750000006 70.1548828125, 20.492773437500006 70.2033203125, 20.654882812500006 70.230859375, 20.786035156250023 70.21953125, 20.819433593750006 70.20546875, 20.779199218750023 70.08974609375, 20.72529296875001 70.06650390625, 20.642578125 70.05703125)), ((20.35224609375001 38.221728515624996, 20.40869140625 38.336767578125, 20.43505859375 38.356201171875, 20.4814453125 38.318212890625, 20.519628906250006 38.332324218749996, 20.54833984375 38.39453125, 20.55029296875 38.45654296875, 20.56318359375001 38.474951171875, 20.6123046875 38.383349609374996, 20.62470703125001 38.267871093749996, 20.695214843750023 38.24619140625, 20.788867187500017 38.14208984375, 20.78076171875 38.088818359375, 20.761328125000006 38.070556640625, 20.60615234375001 38.1197265625, 20.568945312500006 38.09765625, 20.523535156250006 38.106640625, 20.495507812500023 38.16416015625, 20.49873046875001 38.184374999999996, 20.4521484375 38.234179687499996, 20.391015625000023 38.188427734375, 20.3525390625 38.1798828125, 20.35224609375001 38.221728515624996)), ((20.649707031250017 38.483984375, 20.6748046875 38.476318359375, 20.701269531250006 38.451416015625, 20.701074218750023 38.425927734374994, 20.71162109375001 38.3986328125, 20.758691406250023 38.329443359375, 20.709277343750017 38.318603515625, 20.646386718750023 38.414306640625, 20.623632812500006 38.480322265625, 20.649707031250017 38.483984375)), ((20.5546875 38.582568359374996, 20.557910156250017 38.661865234375, 20.59248046875001 38.760156249999994, 20.634667968750023 38.817578125, 20.694140625000017 38.84423828125, 20.719628906250023 38.799169921875, 20.71484375 38.638330078124994, 20.68671875000001 38.608691406249996, 20.647851562500023 38.600976562499994, 20.583984375 38.601708984374994, 20.5546875 38.582568359374996)), ((20.429589843750023 60.06171875, 20.490136718750023 60.07490234375, 20.569140625000017 60.06962890625, 20.611328125 60.040673828124994, 20.603417968750023 60.016943359375, 20.521777343750017 60.011669921875, 20.48750000000001 60.032763671875, 20.411230468750006 60.030126953125, 20.39794921875 60.040673828124994, 20.429589843750023 60.06171875)), ((20.033984375000017 60.0935546875, 19.7998046875 60.08173828125, 19.745996093750023 60.098974609375, 19.672265625000023 60.2330078125, 19.686914062500023 60.267626953125, 19.77900390625001 60.285546874999994, 19.785253906250006 60.21337890625, 19.84765625 60.220556640625, 19.8671875 60.268115234375, 19.87158203125 60.301611328125, 19.85468750000001 60.318505859374994, 19.812304687500017 60.331591796875, 19.78779296875001 60.354052734375, 19.823046875000017 60.390185546875, 19.888281250000006 60.405810546875, 19.94453125000001 60.35751953125, 19.989550781250017 60.351171875, 20.02021484375001 60.35087890625, 20.03388671875001 60.359326171875, 20.08740234375 60.353417968749994, 20.167871093750023 60.314697265625, 20.18408203125 60.29375, 20.239550781250017 60.2830078125, 20.258886718750006 60.261279296875, 20.194726562500023 60.1935546875, 20.155078125000017 60.192285156249994, 20.12548828125 60.20087890625, 20.0732421875 60.19345703125, 20.042578125000006 60.1806640625, 20.032324218750006 60.152490234374994, 20.033984375000017 60.0935546875)), ((19.904101562500017 39.619482421875, 19.927343750000006 39.505908203124996, 19.95527343750001 39.47041015625, 20.027734375000023 39.44208984375, 20.077929687500017 39.43271484375, 20.099609375 39.376611328124994, 19.975000000000023 39.411425781249996, 19.88398437500001 39.4615234375, 19.808886718750017 39.585302734375, 19.64892578125 39.726171875, 19.646484375 39.76708984375, 19.707324218750017 39.798095703125, 19.83857421875001 39.820117187499996, 19.891699218750006 39.797265624999994, 19.926074218750017 39.773730468749996, 19.936816406250017 39.746728515624994, 19.862207031250023 39.692626953125, 19.8466796875 39.668115234374994, 19.904101562500017 39.619482421875)), ((19.68378906250001 70.273583984375, 19.767480468750023 70.21669921875, 19.818359375 70.20498046875, 19.86865234375 70.212255859375, 19.910449218750017 70.201904296875, 19.994140625 70.149267578125, 20.084277343750017 70.128564453125, 20.088476562500006 70.10205078125, 20.005957031250006 70.076220703125, 19.897265625000017 70.06845703125, 19.780859375000006 70.07744140625, 19.746679687500006 70.110498046875, 19.710839843750023 70.16533203125, 19.61347656250001 70.219091796875, 19.599023437500023 70.266162109375, 19.68378906250001 70.273583984375)), ((19.536523437500023 60.144970703125, 19.51904296875 60.1845703125, 19.551367187500006 60.24384765625, 19.628808593750023 60.24609375, 19.66748046875 60.16474609375, 19.629199218750017 60.170361328125, 19.59980468750001 60.1626953125, 19.579882812500017 60.13505859375, 19.536523437500023 60.144970703125)), ((18.800683593750023 69.60537109375, 18.784765625000006 69.57900390625, 18.410253906250006 69.55283203125, 18.27412109375001 69.535498046875, 18.1298828125 69.557861328125, 18.0615234375 69.602099609375, 18.08349609375 69.626123046875, 18.227441406250023 69.6357421875, 18.232031250000006 69.6767578125, 18.268457031250023 69.701806640625, 18.315039062500006 69.715478515625, 18.34931640625001 69.76787109375, 18.40625 69.78154296875, 18.51240234375001 69.76865234375, 18.583984375 69.806591796875, 18.624316406250017 69.813037109375, 18.67402343750001 69.781640625, 18.69794921875001 69.824853515625, 18.67402343750001 69.864306640625, 18.6865234375 69.89091796875, 18.823828125000006 69.960107421875, 18.883203125000023 70.010546875, 18.968652343750023 70.043017578125, 19.05097656250001 70.037841796875, 19.07490234375001 70.085693359375, 19.05097656250001 70.13466796875, 19.06005859375 70.1666015625, 19.132714843750023 70.244140625, 19.212695312500017 70.2474609375, 19.249414062500023 70.178564453125, 19.25507812500001 70.06640625, 19.34375 70.011962890625, 19.422265625000023 70.0171875, 19.445898437500006 70.037744140625, 19.49951171875 70.047900390625, 19.607812500000023 70.019140625, 19.59228515625 69.970166015625, 19.4423828125 69.9083984375, 19.334765625000017 69.820263671875, 19.197070312500017 69.7998046875, 19.130859375 69.81044921875, 19.0078125 69.7595703125, 18.9091796875 69.706689453125, 18.806933593750017 69.63984375, 18.800683593750023 69.60537109375)), ((19.156347656250006 57.922607421875, 19.13837890625001 57.86025390625, 19.086523437500006 57.864990234375, 19.03925781250001 57.91103515625, 19.134863281250006 57.98134765625, 19.281152343750023 57.9775390625, 19.331445312500023 57.962890625, 19.156347656250006 57.922607421875)), ((19.274707031250017 74.45673828125, 19.219335937500006 74.391015625, 19.098535156250023 74.3521484375, 18.917578125000006 74.41064453125, 18.797460937500006 74.485693359375, 18.861230468750023 74.51416015625, 19.182910156250017 74.517919921875, 19.261523437500017 74.478955078125, 19.274707031250017 74.45673828125)), ((18.340234375000023 56.97822265625, 18.248925781250023 56.93154296875, 18.146386718750023 56.9205078125, 18.20654296875 57.01015625, 18.28535156250001 57.083203125, 18.209570312500006 57.13330078125, 18.163964843750023 57.211718749999996, 18.105078125000006 57.271875, 18.151953125000006 57.3390625, 18.12890625 57.449169921875, 18.136523437500017 57.556640625, 18.204882812500017 57.610888671874996, 18.283203125 57.655126953125, 18.405175781250023 57.7568359375, 18.537402343750017 57.83056640625, 18.72187500000001 57.863720703125, 18.80517578125 57.833154296875, 18.841113281250017 57.900195312499996, 18.90058593750001 57.915478515625, 18.956445312500023 57.9, 19.076464843750017 57.8359375, 18.993750000000006 57.812109375, 18.945117187500017 57.7416015625, 18.87812500000001 57.7296875, 18.813867187500023 57.706201171875, 18.790917968750023 57.48310546875, 18.90791015625001 57.39833984375, 18.843652343750023 57.386474609375, 18.78486328125001 57.361083984375, 18.74287109375001 57.323535156249996, 18.69990234375001 57.242724609374996, 18.538476562500023 57.196923828125, 18.477343750000017 57.163037109375, 18.38720703125 57.087646484375, 18.340234375000023 56.97822265625)), ((18.162207031250006 80.28818359375, 18.20556640625 80.331787109375, 18.29169921875001 80.358349609375, 18.519335937500017 80.34833984375, 18.741601562500023 80.300927734375, 18.525000000000006 80.24560546875, 18.162207031250006 80.28818359375)), ((18.69843750000001 59.534619140625, 18.69794921875001 59.524609375, 18.623828125000017 59.4921875, 18.59541015625001 59.470361328124994, 18.5703125 59.437255859375, 18.54511718750001 59.47783203125, 18.572363281250006 59.525830078125, 18.620898437500017 59.547802734375, 18.69843750000001 59.534619140625)), ((18.371875000000017 59.019580078125, 18.349902343750017 59.022607421874994, 18.397558593750006 59.089111328125, 18.464941406250006 59.107861328125, 18.48554687500001 59.10458984375, 18.41621093750001 59.0291015625, 18.371875000000017 59.019580078125)), ((17.487890625000006 69.196826171875, 17.323632812500023 69.130029296875, 17.160937500000017 69.025927734375, 17.08251953125 69.013671875, 17.077050781250023 69.046630859375, 16.96015625000001 69.069384765625, 16.810449218750023 69.070703125, 16.8154296875 69.0951171875, 16.842578125000017 69.112353515625, 16.971777343750006 69.137890625, 16.99755859375 69.190625, 16.97412109375 69.284716796875, 16.996875000000017 69.33037109375, 17.001757812500017 69.3619140625, 17.0830078125 69.398828125, 17.36083984375 69.381494140625, 17.39453125 69.41669921875, 17.373437500000023 69.4388671875, 17.229882812500023 69.477685546875, 17.251953125 69.50380859375, 17.355566406250006 69.5271484375, 17.45361328125 69.53017578125, 17.488183593750023 69.586865234375, 17.503027343750006 69.596240234375, 17.62324218750001 69.5390625, 17.677343750000006 69.55654296875, 17.78369140625 69.563037109375, 17.86279296875 69.54296875, 17.92744140625001 69.506640625, 18.00410156250001 69.50498046875, 18.05224609375 69.45751953125, 18.076757812500006 69.395751953125, 18.021093750000006 69.349609375, 17.94208984375001 69.3287109375, 17.920703125000017 69.27431640625, 17.95068359375 69.19814453125, 17.773535156250006 69.172021484375, 17.568164062500017 69.160400390625, 17.487890625000006 69.196826171875)), ((17.431933593750017 42.800390625, 17.607812500000023 42.76904296875, 17.744238281250006 42.700341796874994, 17.344140625000023 42.790380859375, 17.431933593750017 42.800390625)), ((16.5498046875 43.143896484375, 16.37646484375 43.213769531249994, 16.521386718750023 43.229248046875, 16.65595703125001 43.213769531249994, 16.697265625 43.174951171874994, 17.19404296875001 43.125781249999996, 17.124121093750006 43.1154296875, 16.67919921875 43.12314453125, 16.5498046875 43.143896484375)), ((17.093652343750023 42.96435546875, 17.169824218750023 42.9326171875, 17.188281250000017 42.917041015624996, 17.08935546875 42.914892578125, 16.9775390625 42.927783203124996, 16.850683593750006 42.8955078125, 16.738867187500006 42.912744140624994, 16.696386718750006 42.93369140625, 16.666308593750017 42.959912109375, 16.650683593750017 42.99658203125, 16.835546875000006 42.968652343749994, 16.971093750000023 42.981494140624996, 17.093652343750023 42.96435546875)), ((17.11767578125 57.31982421875, 17.050390625000006 57.28046875, 17.058203125000006 57.229248046875, 17.053515625000017 57.2080078125, 16.883691406250023 56.985205078125, 16.838281250000023 56.84052734375, 16.77802734375001 56.805224609374996, 16.52851562500001 56.29052734375, 16.477148437500006 56.240185546875, 16.431640625 56.24375, 16.401269531250023 56.310888671875, 16.394140625000006 56.483642578125, 16.41230468750001 56.568994140625, 16.63037109375 56.87685546875, 16.72773437500001 56.902001953125, 16.864648437500023 57.090673828125, 16.90156250000001 57.174609374999996, 16.9609375 57.2501953125, 16.995996093750023 57.3177734375, 17.025390625 57.345068359375, 17.11767578125 57.31982421875)), ((16.44892578125001 43.387060546875, 16.6015625 43.381884765624996, 16.834375000000023 43.350830078125, 16.89130859375001 43.3146484375, 16.873632812500006 43.29794921875, 16.785253906250006 43.270654296874994, 16.62744140625 43.26806640625, 16.490332031250006 43.286181640624996, 16.423144531250017 43.317236328125, 16.44892578125001 43.387060546875)), ((16.51923828125001 68.6330078125, 16.337988281250006 68.56787109375, 16.193945312500006 68.5384765625, 16.048437500000006 68.463671875, 15.975292968750011 68.402490234375, 15.912500000000023 68.3892578125, 15.872753906250011 68.39423828125, 15.83740234375 68.409033203125, 15.763671875 68.40908203125, 15.682519531250023 68.356005859375, 15.4375 68.312841796875, 15.341406250000006 68.32529296875, 15.337011718750006 68.37822265625, 15.279687500000023 68.373828125, 15.187890625000023 68.310400390625, 15.037695312500006 68.28271484375, 14.926855468750006 68.306591796875, 14.62890625 68.198486328125, 14.349511718750023 68.178271484375, 14.257519531250011 68.190771484375, 14.257226562500023 68.25693359375, 14.437792968750017 68.341552734375, 14.585839843750023 68.400341796875, 15.095312500000006 68.44140625, 15.41259765625 68.6158203125, 15.4892578125 68.805322265625, 15.564257812500017 68.87373046875, 15.529003906250011 68.91240234375, 15.443652343750017 68.919189453125, 15.4384765625 68.978564453125, 15.483007812500006 69.04345703125, 15.649511718750006 69.132568359375, 15.741992187500017 69.1705078125, 15.892675781250006 69.277880859375, 15.96533203125 69.30205078125, 16.04804687500001 69.30205078125, 16.129492187500006 69.27392578125, 16.114843750000006 69.21640625, 15.99267578125 69.112646484375, 15.811718750000011 69.02421875, 15.833789062500017 68.9607421875, 15.905859375000006 68.90849609375, 15.923535156250011 68.819189453125, 15.927929687500011 68.733203125, 15.790722656250011 68.617041015625, 15.760351562500006 68.56123046875, 15.772363281250023 68.55419921875, 15.908593750000023 68.65048828125, 16.0595703125 68.680517578125, 16.068945312500006 68.714013671875, 16.12744140625 68.746435546875, 16.12080078125001 68.799365234375, 16.15058593750001 68.8423828125, 16.328906250000017 68.876318359375, 16.425195312500023 68.841552734375, 16.47968750000001 68.8029296875, 16.54736328125 68.716552734375, 16.51923828125001 68.6330078125)), ((15.236035156250011 37.138720703124996, 15.288671875000006 37.096923828125, 15.294531250000006 37.01328125, 15.185156250000006 36.934814453125, 15.142382812500017 36.8916015625, 15.115820312500006 36.839257812499994, 15.104296875000017 36.78525390625, 15.116308593750006 36.736474609374994, 15.112597656250017 36.687841796875, 15.00244140625 36.693896484374996, 14.8896484375 36.723535156249994, 14.775976562500006 36.710400390625, 14.501855468750023 36.798681640625, 14.367285156250006 36.9728515625, 14.259082031250017 37.046435546874996, 14.142968750000023 37.103662109374994, 13.905468750000011 37.100634765624996, 13.800585937500017 37.135888671874994, 13.587109375000011 37.254150390625, 13.360937500000006 37.34873046875, 13.264941406250017 37.4103515625, 13.221093750000023 37.451806640624994, 13.169921875 37.479296874999996, 13.040332031250017 37.50654296875, 12.924121093750017 37.5705078125, 12.699023437500017 37.571826171874996, 12.640234375000006 37.5943359375, 12.526757812500023 37.66953125, 12.454394531250017 37.773779296875, 12.435546875 37.819775390625, 12.48681640625 37.938720703125, 12.547656250000017 38.0529296875, 12.601660156250006 38.0849609375, 12.664355468750017 38.10791015625, 12.734375 38.183056640625, 12.850683593750006 38.063720703125, 12.902734375000023 38.03486328125, 12.955468750000023 38.041308593749996, 13.049023437500011 38.08408203125, 13.056835937500011 38.130908203124996, 13.159960937500017 38.190332031249994, 13.291113281250006 38.191455078124996, 13.351660156250006 38.180517578125, 13.383496093750011 38.126806640625, 13.433496093750023 38.110253906249994, 13.491308593750006 38.103125, 13.681542968750023 38.000732421875, 13.73486328125 37.984033203124994, 13.788867187500017 37.981201171875, 13.936621093750006 38.024169921875, 14.050000000000011 38.04052734375, 14.287695312500006 38.016845703125, 14.416210937500011 38.042578125, 14.505957031250006 38.0455078125, 14.63671875 38.08505859375, 14.737207031250023 38.150781249999994, 14.789648437500006 38.1669921875, 14.98193359375 38.167578125, 15.118750000000006 38.152734374999994, 15.176074218750017 38.16806640625, 15.224023437500023 38.21103515625, 15.279589843750017 38.230371093749994, 15.340722656250023 38.217333984374996, 15.498730468750011 38.290869140625, 15.568359375 38.2958984375, 15.634667968750023 38.267578125, 15.576562500000023 38.2203125, 15.475683593750006 38.062939453125, 15.234472656250006 37.784814453124994, 15.164843750000017 37.58955078125, 15.099511718750023 37.45859375, 15.105664062500011 37.37548828125, 15.116992187500017 37.334716796875, 15.14599609375 37.308007812499994, 15.193652343750017 37.282861328124994, 15.230273437500017 37.2443359375, 15.174121093750017 37.2091796875, 15.236035156250011 37.138720703124996)), ((15.371386718750017 43.973828125, 15.437207031250011 43.89951171875, 15.374218750000011 43.914794921875, 15.30859375 43.960791015625, 15.27001953125 44.0107421875, 15.371386718750017 43.973828125)), ((14.5537109375 68.81884765625, 14.6904296875 68.814697265625, 14.724609375 68.80009765625, 14.801855468750006 68.790966796875, 14.848828125000011 68.84755859375, 14.837988281250006 68.886669921875, 14.872363281250017 68.9138671875, 15.037500000000023 68.894287109375, 15.037792968750011 69.000537109375, 15.101855468750017 69.0080078125, 15.128125000000011 69.003955078125, 15.175585937500017 68.98154296875, 15.207128906250006 68.943115234375, 15.337207031250017 68.842431640625, 15.396582031250006 68.78359375, 15.348437500000017 68.672412109375, 15.222070312500023 68.61630859375, 15.027050781250011 68.60634765625, 14.890234375000006 68.610986328125, 14.804003906250017 68.63798828125, 14.793261718750017 68.66826171875, 14.743457031250017 68.677197265625, 14.612109375000017 68.638330078125, 14.520800781250017 68.633056640625, 14.404687500000023 68.663232421875, 14.373437500000023 68.71142578125, 14.496679687500006 68.771875, 14.5537109375 68.81884765625)), ((15.231054687500006 44.062304687499996, 15.246679687500006 44.02705078125, 15.121875000000017 44.093310546874996, 15.074609375000023 44.137841796874994, 15.065820312500023 44.157666015625, 15.231054687500006 44.062304687499996)), ((15.239941406250011 44.3501953125, 15.1884765625 44.335742187499996, 15.16259765625 44.3091796875, 15.03857421875 44.393017578125, 14.99609375 44.434326171875, 14.912792968750011 44.48583984375, 14.884667968750023 44.544726562499996, 14.760449218750011 44.66474609375, 14.741894531250011 44.69736328125, 14.803808593750006 44.648681640625, 14.855371093750023 44.61826171875, 14.898046875000006 44.61083984375, 15.006445312500006 44.534228515624996, 15.112988281250011 44.4357421875, 15.239941406250011 44.3501953125)), ((14.865039062500017 44.16796875, 14.952539062500023 44.1171875, 15.188769531250017 43.92236328125, 15.203027343750023 43.90771484375, 15.20166015625 43.897753906249996, 15.149804687500023 43.91181640625, 15.135839843750006 43.907275390624996, 14.891308593750011 44.125537109374996, 14.865039062500017 44.16796875)), ((15.137109375000023 55.087158203125, 15.087695312500017 55.021875, 15.05078125 55.004931640624996, 14.885546875000017 55.032958984375, 14.684179687500006 55.10224609375, 14.713671875000017 55.238037109375, 14.765332031250011 55.296728515625, 15.132617187500017 55.14453125, 15.137109375000023 55.087158203125)), ((14.660351562500011 44.7998046875, 14.690527343750006 44.84814453125, 14.754199218750017 44.84482421875, 14.763769531250006 44.82138671875, 14.831445312500023 44.758935546874994, 14.856640625000011 44.71484375, 14.762500000000017 44.754638671875, 14.67822265625 44.769873046875, 14.660351562500011 44.7998046875)), ((14.628320312500023 44.993945312499996, 14.612988281250011 45.025439453124996, 14.51171875 45.035400390625, 14.450390625000011 45.07919921875, 14.437890625000023 45.0986328125, 14.524609375000011 45.146826171875, 14.571093750000017 45.224755859374994, 14.629980468750006 45.178027343749996, 14.701171875 45.0900390625, 14.739160156250023 45.065478515624996, 14.810253906250011 44.97705078125, 14.68701171875 44.955615234374996, 14.628320312500023 44.993945312499996)), ((14.53271484375 35.820214843749994, 14.436425781250023 35.821679687499994, 14.352343750000017 35.872265625, 14.351269531250011 35.978417968749994, 14.448339843750006 35.957421874999994, 14.537011718750023 35.886279296874996, 14.566210937500017 35.852734375, 14.53271484375 35.820214843749994)), ((14.452539062500023 44.869189453124996, 14.467578125000017 44.725341796875, 14.488085937500017 44.660058593749994, 14.480371093750023 44.621240234374994, 14.419531250000006 44.670312499999994, 14.388867187500011 44.75830078125, 14.312402343750023 44.900390625, 14.302539062500017 44.9404296875, 14.342187500000023 44.979931640625, 14.340039062500011 45.019970703125, 14.285839843750011 45.14462890625, 14.331250000000011 45.164990234375, 14.358203125000017 45.167431640625, 14.369140625 45.080957031249994, 14.393750000000011 45.03125, 14.467382812500006 44.97021484375, 14.452539062500023 44.869189453124996)), ((14.253613281250011 36.012158203125, 14.194238281250023 36.042236328125, 14.180371093750011 36.060400390625, 14.263281250000006 36.07578125, 14.3037109375 36.062304687499996, 14.320898437500006 36.03623046875, 14.3134765625 36.027587890625, 14.253613281250011 36.012158203125)), ((13.35205078125 68.00966796875, 13.229394531250023 67.995361328125, 13.199511718750017 68.087255859375, 13.255957031250006 68.12060546875, 13.300195312500023 68.16044921875, 13.4287109375 68.163232421875, 13.537988281250023 68.2490234375, 13.687695312500011 68.273388671875, 13.784082031250023 68.276123046875, 13.872851562500017 68.26533203125, 13.932324218750011 68.2482421875, 14.087695312500017 68.25322265625, 14.118847656250011 68.246826171875, 14.096777343750006 68.218603515625, 14.029296875 68.187548828125, 13.8876953125 68.168505859375, 13.824023437500017 68.12109375, 13.778417968750006 68.10498046875, 13.656152343750023 68.10478515625, 13.583984375 68.09384765625, 13.495214843750006 68.05166015625, 13.424218750000023 68.082763671875, 13.404394531250006 68.060693359375, 13.391503906250023 68.021240234375, 13.35205078125 68.00966796875)), ((13.893652343750006 40.69697265625, 13.853515625 40.724072265625, 13.871191406250006 40.76181640625, 13.962109375000011 40.739404296874994, 13.960839843750023 40.718164062499994, 13.938281250000017 40.705615234374996, 13.893652343750006 40.69697265625)), ((13.336816406250023 54.697119140625, 13.422753906250023 54.69931640625, 13.450097656250023 54.649609375, 13.4912109375 54.615380859375, 13.636035156250017 54.577001953125, 13.657617187500023 54.5595703125, 13.670703125000017 54.535449218749996, 13.580468750000023 54.46396484375, 13.601855468750017 54.425146484375, 13.709179687500011 54.38271484375, 13.734179687500017 54.3154296875, 13.707324218750017 54.28115234375, 13.594921875000011 54.338183593749996, 13.482031250000006 54.33740234375, 13.41455078125 54.249560546874996, 13.364355468750006 54.245849609375, 13.190039062500006 54.325634765625, 13.162109375 54.364550781249996, 13.156347656250006 54.396923828125, 13.181250000000006 54.508984375, 13.176660156250023 54.544238281249996, 13.2314453125 54.582763671875, 13.239941406250011 54.638427734375, 13.336816406250023 54.697119140625)), ((13.097753906250006 68.002685546875, 13.098242187500006 67.9564453125, 13.074609375000023 67.9345703125, 12.971777343750006 67.87412109375, 12.824023437500017 67.821240234375, 12.8779296875 67.9177734375, 12.957714843750011 68.015478515625, 13.068066406250011 68.071337890625, 13.122851562500017 68.0494140625, 13.097753906250006 68.002685546875)), ((12.7470703125 66.011376953125, 12.77880859375 65.99169921875, 12.718652343750023 65.9638671875, 12.509570312500017 65.901953125, 12.429492187500017 65.899072265625, 12.43017578125 65.93994140625, 12.47607421875 65.977099609375, 12.548828125 66.001904296875, 12.7470703125 66.011376953125)), ((12.6484375 55.646777343749996, 12.665722656250011 55.596533203125, 12.571582031250017 55.554003906249996, 12.550878906250006 55.55625, 12.520312500000017 55.614599609375, 12.599218750000006 55.680224609374996, 12.620019531250023 55.679345703125, 12.6484375 55.646777343749996)), ((12.446386718750006 66.151318359375, 12.461328125000023 66.185009765625, 12.527441406250006 66.210546875, 12.620800781250011 66.1779296875, 12.622656250000006 66.1224609375, 12.576367187500011 66.071923828125, 12.419921875 66.04326171875, 12.327343750000011 66.03662109375, 12.3427734375 66.08076171875, 12.417675781250011 66.12265625, 12.446386718750006 66.151318359375)), ((12.073046875000017 54.9767578125, 12.06884765625 54.909033203125, 12.050390625000006 54.81533203125, 11.8623046875 54.772607421875, 11.740917968750011 54.915332031249996, 11.739843750000006 54.972460937499996, 11.70361328125 55.03916015625, 11.69677734375 55.095996093749996, 11.65380859375 55.1869140625, 11.475878906250017 55.2115234375, 11.406835937500006 55.21474609375, 11.310253906250011 55.1978515625, 11.286328125000011 55.204443359375, 11.170703125000017 55.32861328125, 11.189746093750017 55.465624999999996, 11.128027343750006 55.534765625, 11.119531250000023 55.566064453125, 11.120996093750023 55.600732421875, 11.0703125 55.629296875, 11.0087890625 55.64443359375, 10.978906250000023 55.721533203125, 11.049609375000017 55.740234375, 11.224414062500017 55.731201171875, 11.275488281250006 55.736474609375, 11.322265625 55.7525390625, 11.463671875000017 55.879296875, 11.459570312500006 55.9072265625, 11.474707031250006 55.94345703125, 11.627734375000017 55.956884765625, 11.695898437500006 55.90791015625, 11.682226562500006 55.8294921875, 11.69091796875 55.72900390625, 11.819726562500023 55.69765625, 11.885351562500006 55.807958984375, 11.922070312500011 55.828076171875, 11.9345703125 55.8958984375, 11.912792968750011 55.937304687499996, 11.866406250000011 55.9681640625, 12.039648437500006 56.0521484375, 12.218945312500011 56.11865234375, 12.3232421875 56.122119140624996, 12.42822265625 56.105859375, 12.578710937500006 56.0640625, 12.6083984375 56.033007812499996, 12.54296875 55.958984375, 12.524804687500023 55.91845703125, 12.568750000000023 55.78505859375, 12.571191406250023 55.6849609375, 12.545214843750017 55.655810546874996, 12.507031250000011 55.63662109375, 12.407128906250023 55.616259765624996, 12.320605468750017 55.587841796875, 12.243457031250017 55.537890624999996, 12.215039062500011 55.46650390625, 12.275390625 55.4142578125, 12.385156250000023 55.38564453125, 12.4130859375 55.286181640624996, 12.322460937500011 55.237109374999996, 12.089941406250006 55.188134765625, 12.065527343750006 55.069921875, 12.073046875000017 54.9767578125)), ((12.549218750000023 54.965771484375, 12.511035156250017 54.95087890625, 12.357519531250006 54.96181640625, 12.184472656250023 54.89248046875, 12.118847656250011 54.914404296875, 12.143652343750006 54.95869140625, 12.161718750000006 54.9748046875, 12.219921875000011 54.993603515625, 12.2587890625 55.02109375, 12.274023437500006 55.064111328125, 12.31005859375 55.04091796875, 12.417187500000011 55.031201171875, 12.469531250000017 55.01748046875, 12.513281250000006 54.997314453125, 12.549218750000023 54.965771484375)), ((11.121289062500011 78.46328125, 10.840625000000017 78.6447265625, 10.788867187500017 78.6865234375, 10.62841796875 78.753857421875, 10.5576171875 78.8375, 10.558203125000006 78.9029296875, 10.772851562500023 78.8875, 10.960839843750023 78.84638671875, 11.123925781250023 78.753369140625, 11.152929687500006 78.724462890625, 11.078222656250006 78.68603515625, 11.154980468750011 78.640576171875, 11.250292968750017 78.610693359375, 11.26171875 78.54169921875, 11.424218750000023 78.548583984375, 11.616308593750006 78.47509765625, 11.82568359375 78.436083984375, 11.884863281250006 78.409326171875, 11.929394531250011 78.37490234375, 12.05615234375 78.305615234375, 12.116406250000011 78.232568359375, 11.965039062500011 78.224853515625, 11.756542968750011 78.32900390625, 11.586523437500006 78.388232421875, 11.372460937500023 78.43876953125, 11.19921875 78.441259765625, 11.121289062500011 78.46328125)), ((12.05126953125 36.75703125, 12.003320312500023 36.745996093749994, 11.940625000000011 36.78037109375, 11.936425781250023 36.82861328125, 11.948046875000017 36.843066406249996, 12.024218750000017 36.820947265624994, 12.05126953125 36.75703125)), ((12.003222656250017 65.679443359375, 11.967968750000011 65.626513671875, 11.90185546875 65.595703125, 11.7783203125 65.604541015625, 11.76513671875 65.63095703125, 11.800390625000006 65.68388671875, 11.875390625000023 65.705908203125, 11.972363281250011 65.7015625, 12.003222656250017 65.679443359375)), ((11.538378906250017 54.82958984375, 11.658105468750023 54.833154296875, 11.739550781250017 54.807421874999996, 11.758984375000011 54.76767578125, 11.765917968750017 54.679443359375, 11.680371093750011 54.6537109375, 11.5859375 54.662451171875, 11.457421875000023 54.628857421875, 11.035546875000023 54.773095703125, 11.041699218750011 54.893359374999996, 11.05859375 54.940576171875, 11.258496093750011 54.951806640625, 11.361425781250006 54.891650390624996, 11.538378906250017 54.82958984375)), ((11.2802734375 54.43837890625, 11.282812500000006 54.41796875, 11.129296875000023 54.416015625, 11.070703125000023 54.456005859375, 11.01171875 54.466162109375, 11.04345703125 54.515478515625, 11.0849609375 54.5333984375, 11.233593750000011 54.501269531249996, 11.2802734375 54.43837890625)), ((11.281054687500017 34.802197265625, 11.278027343750011 34.753808593749994, 11.123632812500006 34.681689453124996, 11.153027343750011 34.744580078125, 11.2548828125 34.8203125, 11.281054687500017 34.802197265625)), ((10.8134765625 64.9232421875, 11.02099609375 64.9787109375, 11.132617187500017 64.976171875, 11.246191406250006 64.90791015625, 11.2314453125 64.865869140625, 11.179003906250017 64.838037109375, 11.0625 64.860400390625, 10.83251953125 64.843115234375, 10.739843750000006 64.8703125, 10.8134765625 64.9232421875)), ((11.011425781250011 57.2291015625, 10.873828125000017 57.262255859374996, 10.9345703125 57.30859375, 11.085742187500017 57.329931640625, 11.174511718750011 57.322900390625, 11.076855468750011 57.276904296874996, 11.052148437500023 57.2525390625, 11.011425781250011 57.2291015625)), ((-4.837207031249989 35.281298828124996, -4.628320312499994 35.206396484375, -4.329980468749994 35.161474609375, -3.982421875 35.243408203125, -3.7879882812499943 35.244921874999996, -3.6932617187499943 35.27998046875, -3.5906249999999886 35.228320312499996, -3.394726562499983 35.211816406249994, -3.206005859374983 35.239111328125, -3.0630859374999773 35.317236328125, -2.9722167968749886 35.407275390624996, -2.957958984374983 35.363085937499996, -2.95361328125 35.31513671875, -2.925976562499983 35.287109375, -2.8399414062499773 35.127832031249994, -2.731396484374983 35.135205078125, -2.6368164062499773 35.112695312499994, -2.4237304687499943 35.123486328125, -2.017773437499983 35.08505859375, -1.913281249999983 35.09423828125, -1.6736328124999886 35.18310546875, -1.4837402343749773 35.303076171875, -1.3358398437499943 35.3642578125, -1.2053710937499886 35.495751953124994, -1.0876953124999886 35.578857421875, -0.91748046875 35.668408203125, -0.4261230468749773 35.8615234375, -0.350781249999983 35.863183593749994, -0.189160156249983 35.819091796875, -0.0482421874999943 35.832812499999996, 0.0479492187500057 35.900537109374994, 0.151660156250017 36.063134765624994, 0.3122070312500114 36.162353515625, 0.514941406250017 36.26181640625, 0.790820312500017 36.35654296875, 0.9716796875 36.4439453125, 1.2572265625000227 36.519580078124996, 1.9745117187500227 36.567578125, 2.3428710937500057 36.610302734375, 2.5933593750000057 36.60068359375, 2.846484375000017 36.7388671875, 2.9728515625000114 36.784472656249996, 3.5205078125 36.7951171875, 3.7790039062500114 36.89619140625, 4.758105468750017 36.896337890625, 4.877832031250023 36.86240234375, 4.995410156250017 36.808056640625, 5.195605468750017 36.676806640624996, 5.29541015625 36.648242187499996, 5.424609375000017 36.675439453124994, 5.725488281250023 36.799609374999996, 6.064746093750017 36.8642578125, 6.249121093750006 36.938330078125, 6.327832031250011 37.046044921874994, 6.486523437500011 37.085742187499996, 6.575878906250011 37.00302734375, 6.927539062500017 36.91943359375, 7.143457031250023 36.943359375, 7.238476562500011 36.968505859375, 7.204296875000011 37.0923828125, 7.432421875000017 37.05927734375, 7.607714843750017 36.999755859375, 7.791601562500006 36.880273437499994, 7.910449218750017 36.856347656249994, 8.127148437500011 36.9103515625, 8.576562500000023 36.93720703125, 8.823535156250017 36.997607421874996, 9.058886718750017 37.155859375, 9.141992187500023 37.194628906249996, 9.68798828125 37.340380859374996, 9.838476562500006 37.308984374999994, 9.815527343750006 37.254638671875, 9.783984375000017 37.21142578125, 9.830273437500011 37.1353515625, 9.896386718750023 37.181640625, 9.87939453125 37.212841796875, 9.875585937500006 37.254150390625, 9.988085937500017 37.257763671875, 10.08740234375 37.251269531249996, 10.196386718750006 37.205859374999996, 10.188769531250017 37.03388671875, 10.334082031250006 36.865380859374994, 10.293261718750017 36.781494140625, 10.412304687500011 36.731835937499994, 10.518164062500006 36.791357421875, 10.5712890625 36.879443359374996, 10.766210937500006 36.9302734375, 10.951367187500011 37.05927734375, 11.053906250000011 37.072509765625, 11.077050781250023 36.966699218749994, 11.126660156250011 36.874072265624996, 11.056542968750023 36.841455078124994, 10.967187500000023 36.743017578125, 10.798144531250017 36.493115234375, 10.642382812500017 36.41962890625, 10.525683593750017 36.32333984375, 10.487988281250011 36.2548828125, 10.4765625 36.175146484375, 10.505761718750023 36.032421875, 10.5908203125 35.887255859374996, 10.68896484375 35.79951171875, 10.78369140625 35.7720703125, 11.004296875000023 35.633837890624996, 11.000683593750011 35.551611328125, 11.031542968750017 35.453857421875, 11.043261718750017 35.335107421874994, 11.1201171875 35.240283203124996, 10.955859375000017 35.033642578125, 10.8662109375 34.884326171874996, 10.69091796875 34.678466796875, 10.534863281250011 34.544726562499996, 10.200390625000011 34.346044921875, 10.118359375000011 34.280078124999996, 10.064843750000023 34.21162109375, 10.0400390625 34.14033203125, 10.049023437500011 34.056298828124994, 10.079038816509835 34, -5 34, -5 35.394501003590456, -4.837207031249989 35.281298828124996)), ((10.692480468750006 54.903271484375, 10.73828125 54.96201171875, 10.856738281250017 55.052197265625, 10.925000000000011 55.157861328125, 10.951074218750023 55.156201171875, 10.920800781250023 55.062109375, 10.765234375000006 54.799658203125, 10.734082031250011 54.750732421875, 10.689746093750017 54.745068359375, 10.629492187500006 54.82607421875, 10.621679687500006 54.851416015625, 10.692480468750006 54.903271484375)), ((9.994238281250006 55.535302734375, 10.2861328125 55.61083984375, 10.353613281250006 55.598974609375, 10.424023437500011 55.560351562499996, 10.505078125000011 55.558056640625, 10.622753906250011 55.612841796874996, 10.645117187500006 55.609814453125, 10.686816406250017 55.5576171875, 10.738085937500017 55.446337890624996, 10.819238281250023 55.321875, 10.785351562500011 55.269775390625, 10.808398437500017 55.20302734375, 10.785253906250006 55.1333984375, 10.623828125000017 55.05244140625, 10.442773437500023 55.048779296875, 10.254589843750011 55.087890625, 9.98876953125 55.16318359375, 9.967382812500006 55.20546875, 9.930078125000023 55.22890625, 9.858984375000006 55.357226562499996, 9.860644531250017 55.515478515625, 9.994238281250006 55.535302734375)), ((10.544335937500023 55.906591796875, 10.51611328125 55.958544921874996, 10.547167968750017 55.991943359375, 10.636328125000006 55.91416015625, 10.661718750000006 55.877587890625, 10.627343750000023 55.83388671875, 10.607324218750023 55.783056640625, 10.59033203125 55.765087890625, 10.526953125000006 55.7837890625, 10.520312500000017 55.848486328125, 10.544335937500023 55.906591796875)), ((10.265527343750023 54.948828125, 10.346972656250017 54.90595703125, 10.413671875000006 54.896826171875, 10.5048828125 54.860546875, 10.484375 54.84755859375, 10.417285156250017 54.837158203125, 10.340527343750011 54.858935546874996, 10.215625000000017 54.940966796874996, 10.199902343750011 54.962744140625, 10.265527343750023 54.948828125)), ((10.432226562500006 42.79658203125, 10.409960937500017 42.77099609375, 10.419335937500023 42.713183593749996, 10.335644531250011 42.761132812499994, 10.208984375 42.7369140625, 10.131250000000023 42.742041015625, 10.109765625000023 42.785058593749994, 10.127539062500006 42.810302734375, 10.248242187500011 42.815771484375, 10.285742187500006 42.828076171875, 10.358984375000006 42.822314453124996, 10.395117187500006 42.858154296875, 10.428320312500006 42.819189453125, 10.432226562500006 42.79658203125)), ((9.830371093750017 55.058251953125, 9.998828125000017 54.986474609375, 10.057714843750006 54.90791015625, 10.061230468750011 54.886376953125, 9.957128906250006 54.8724609375, 9.903906250000006 54.896630859375, 9.806250000000006 54.906005859375, 9.771191406250011 55.059912109375, 9.78125 55.06904296875, 9.830371093750017 55.058251953125)), ((9.388085937500023 39.167529296874996, 9.26416015625 39.216796875, 9.206933593750023 39.213818359375, 9.149316406250023 39.19697265625, 9.101757812500011 39.211279296875, 9.056347656250011 39.239160156249994, 9.022656250000011 39.043261718749996, 8.966601562500017 38.963720703125, 8.88134765625 38.912890624999996, 8.801171875000023 38.90966796875, 8.718554687500017 38.926708984375, 8.648535156250006 38.926562499999996, 8.595410156250011 38.964306640625, 8.553320312500006 39.030322265624996, 8.418164062500011 39.205712890624994, 8.399121093750011 39.481591796874994, 8.447070312500017 39.562792968749996, 8.461035156250006 39.647705078125, 8.451171875 39.7216796875, 8.471093750000023 39.748095703124996, 8.5107421875 39.7216796875, 8.54052734375 39.731591796874994, 8.547753906250023 39.839208984375, 8.495898437500017 39.8974609375, 8.407812500000006 39.917236328125, 8.399316406250023 39.978173828124994, 8.408593750000023 40.037646484374996, 8.455078125 40.077587890625, 8.470800781250006 40.130712890625, 8.471289062500006 40.29267578125, 8.4091796875 40.352343749999996, 8.385351562500006 40.442675781249996, 8.353222656250011 40.500537109374996, 8.295507812500006 40.558642578124996, 8.230273437500017 40.60595703125, 8.18994140625 40.651611328125, 8.180859375000011 40.771044921874996, 8.203808593750011 40.870703125, 8.224218750000006 40.913330078125, 8.245214843750006 40.907031249999996, 8.310156250000006 40.85751953125, 8.36328125 40.846337890624994, 8.468457031250011 40.834326171875, 8.571875000000006 40.8501953125, 8.698925781250011 40.895263671875, 8.821191406250023 40.94990234375, 8.998144531250006 41.1103515625, 9.107226562500017 41.142919921875, 9.1630859375 41.18515625, 9.18212890625 41.2421875, 9.228417968750023 41.257080078125, 9.283007812500017 41.20166015625, 9.350781250000011 41.1958984375, 9.455175781250006 41.150146484375, 9.500195312500011 41.106347656249994, 9.538769531250011 41.053662109375, 9.57568359375 41.030517578125, 9.615332031250006 41.01728515625, 9.621191406250006 41.0048828125, 9.589746093750023 40.992480468749996, 9.5537109375 40.93212890625, 9.632031250000011 40.88203125, 9.682031250000023 40.818115234375, 9.794335937500023 40.556201171874996, 9.805273437500006 40.499560546874996, 9.782812500000006 40.44150390625, 9.754199218750017 40.400292968749994, 9.642968750000023 40.268408203125, 9.659472656250017 40.159228515624996, 9.700781250000006 40.091796875, 9.706738281250011 40.017041015625, 9.68603515625 39.924365234374996, 9.616992187500017 39.354394531249994, 9.5625 39.166015625, 9.486328125 39.139550781249994, 9.388085937500023 39.167529296874996)), ((9.003027343750006 41.4765625, 8.89501953125 41.516162109374996, 8.807519531250023 41.58837890625, 8.829785156250011 41.627685546875, 8.879003906250006 41.6685546875, 8.886816406250006 41.70068359375, 8.717968750000011 41.76142578125, 8.718652343750023 41.804003906249996, 8.758691406250023 41.870410156249996, 8.740429687500011 41.925146484375, 8.673632812500017 41.92236328125, 8.621875000000017 41.930712890624996, 8.615136718750023 41.959130859374994, 8.702539062500023 42.043115234374994, 8.700976562500017 42.095605468749994, 8.6416015625 42.118212890624996, 8.587792968750023 42.16083984375, 8.566210937500017 42.218798828124996, 8.60791015625 42.258447265624994, 8.675488281250011 42.284033203125, 8.625878906250023 42.343408203124994, 8.592382812500006 42.3447265625, 8.565625000000011 42.357714843749996, 8.587500000000006 42.385302734374996, 8.640039062500023 42.426562499999996, 8.713085937500011 42.549755859375, 8.814843750000023 42.60791015625, 9.043652343750011 42.661669921874996, 9.08837890625 42.704980468749994, 9.137890625000011 42.73291015625, 9.198046875000017 42.72919921875, 9.287695312500006 42.694628906249996, 9.313378906250023 42.713183593749996, 9.33837890625 42.766894531249996, 9.323046875000017 42.8140625, 9.330957031250023 42.943798828125, 9.363183593750023 43.017382812499996, 9.415234375000011 43.021484375, 9.463281250000023 42.981005859374996, 9.460839843750023 42.945214843749994, 9.478613281250006 42.860498046874994, 9.480371093750023 42.805419921875, 9.454199218750006 42.658593749999994, 9.473242187500006 42.615576171875, 9.509375000000006 42.585595703124994, 9.526171875000017 42.552636718749994, 9.556445312500017 42.160937499999996, 9.550683593750023 42.129736328125, 9.428417968750011 41.972412109375, 9.40087890625 41.926220703125, 9.394824218750017 41.731201171875, 9.374218750000011 41.67880859375, 9.330859375000017 41.6271484375, 9.25341796875 41.46005859375, 9.186132812500006 41.384912109374994, 9.003027343750006 41.4765625)), ((8.7333984375 63.801318359375, 8.7646484375 63.804638671875, 8.809179687500006 63.771435546875, 8.814843750000023 63.725976562499994, 8.786523437500023 63.703466796875, 8.470800781250006 63.667138671874994, 8.356152343750011 63.664794921875, 8.287109375 63.687158203124994, 8.451269531250006 63.731835937499994, 8.708886718750023 63.774316406249994, 8.7333984375 63.801318359375)), ((8.295703125000017 54.90830078125, 8.405175781250023 55.058740234375, 8.451464843750017 55.05537109375, 8.404101562500017 55.01474609375, 8.390429687500017 54.986279296875, 8.371191406250006 54.92939453125, 8.3798828125 54.899853515625, 8.629589843750011 54.891748046875, 8.6005859375 54.865380859375, 8.347363281250011 54.847607421875, 8.307714843750006 54.786962890625, 8.28466796875 54.76708984375, 8.295703125000017 54.90830078125)), ((8.573437500000011 54.74873046875, 8.587890625 54.712695312499996, 8.548925781250006 54.68818359375, 8.453808593750011 54.691064453125, 8.400390625 54.714111328125, 8.417675781250011 54.738671875, 8.468164062500023 54.757421875, 8.509960937500011 54.760302734374996, 8.573437500000011 54.74873046875)), ((8.358593750000011 39.098779296874994, 8.366796875000006 39.11591796875, 8.440625000000011 39.090624999999996, 8.478906250000023 39.067529296874994, 8.421484375000006 38.968652343749994, 8.360937500000006 39.038671875, 8.358593750000011 39.098779296874994)), ((8.34375 41.101611328124996, 8.318945312500006 41.062744140625, 8.286035156250023 41.039843749999996, 8.252734375000017 40.994140625, 8.205664062500006 40.997460937499994, 8.267382812500017 41.09912109375, 8.320214843750023 41.121874999999996, 8.34375 41.101611328124996)), ((8.073535156250017 63.47080078125, 8.136132812500023 63.43134765625, 8.140917968750017 63.36640625, 8.102734375000011 63.33759765625, 8.004687500000017 63.3369140625, 7.888281250000006 63.35234375, 7.815332031250023 63.38505859375, 7.804003906250017 63.413916015625, 7.938378906250023 63.4498046875, 8.073535156250017 63.47080078125)), ((6.734765625000023 53.58251953125, 6.64208984375 53.57919921875, 6.668554687500006 53.6056640625, 6.754589843750011 53.62548828125, 6.800878906250006 53.62548828125, 6.734765625000023 53.58251953125)), ((6.333398437500023 53.5107421875, 6.193261718750023 53.476806640625, 6.159277343750006 53.483935546874996, 6.167675781250011 53.49375, 6.290917968750023 53.514990234375, 6.333398437500023 53.5107421875)), ((5.929296875000006 53.458837890625, 5.732031250000006 53.442626953125, 5.665332031250017 53.454882812499996, 5.654296875 53.46650390625, 5.876269531250017 53.47509765625, 5.92822265625 53.464990234375, 5.929296875000006 53.458837890625)), ((5.190234375000017 53.391796875, 5.415136718750006 53.431445312499996, 5.557421875000017 53.4435546875, 5.582617187500006 53.4380859375, 5.325781250000006 53.3857421875, 5.232617187500011 53.377783203125, 5.190234375000017 53.391796875)), ((5.027050781250011 53.310205078125, 5.108593750000011 53.3080078125, 4.923730468750023 53.2345703125, 4.907910156250011 53.246240234375, 5.027050781250011 53.310205078125)), ((4.943554687500011 60.272412109375, 4.950781250000006 60.341162109375, 4.930078125000023 60.412060546875, 4.957226562500011 60.447265625, 4.990625000000023 60.452050781249994, 5.050195312500023 60.38896484375, 5.085839843750023 60.307568359375, 5.089062500000011 60.18876953125, 4.996972656250023 60.19775390625, 4.95556640625 60.243310546874994, 4.943554687500011 60.272412109375)), ((4.8701171875 61.071923828124994, 4.799023437500011 61.08271484375, 4.824414062500011 61.17822265625, 4.861621093750017 61.19384765625, 4.915429687500023 61.199365234374994, 4.973242187500006 61.1482421875, 4.958691406250011 61.0845703125, 4.8701171875 61.071923828124994)), ((4.726757812500011 53.01962890625, 4.709179687500011 53.03603515625, 4.739843750000006 53.09130859375, 4.886425781250011 53.18330078125, 4.886132812500023 53.070703125, 4.787109375 52.999804687499996, 4.726757812500011 53.01962890625)), ((3.8671875 39.958740234375, 3.8426757812500227 39.976367187499996, 3.8534179687500227 40.063037109374996, 4.059179687500006 40.075097656249994, 4.225781250000011 40.032373046874994, 4.315136718750011 39.917236328125, 4.322070312500017 39.897509765624996, 4.293652343750011 39.841845703124996, 4.275292968750023 39.8302734375, 3.9676757812500227 39.945849609374996, 3.8671875 39.958740234375)), ((3.8190429687500114 51.693994140625, 3.7318359375000227 51.67822265625, 3.699023437500017 51.709912109375, 3.698535156250017 51.7296875, 3.7890625 51.746435546875, 3.9491210937500227 51.739453125, 4.046777343750023 51.684912109375, 4.067578125000011 51.66748046875, 4.075097656250023 51.648779296875, 3.950976562500017 51.62705078125, 3.8190429687500114 51.693994140625)), ((2.7459960937500227 39.51025390625, 2.7005859375000227 39.542138671874994, 2.634082031250017 39.556201171874996, 2.5758789062500114 39.530664062499994, 2.49951171875 39.477880859375, 2.458789062500017 39.53046875, 2.394335937500017 39.540380859375, 2.3700195312500227 39.572070312499996, 2.3712890625000114 39.613085937499996, 2.784960937500017 39.854833984375, 2.90478515625 39.90830078125, 3.15869140625 39.970507812499996, 3.197558593750017 39.961083984374994, 3.1644531250000227 39.924218749999994, 3.1669921875 39.90771484375, 3.1986328125000227 39.88984375, 3.19091796875 39.861376953124996, 3.15869140625 39.836572265624994, 3.145312500000017 39.790087890624996, 3.2411132812500227 39.756689453125, 3.3421875000000227 39.78671875, 3.4489257812500114 39.76123046875, 3.4618164062500227 39.69775390625, 3.4146484375000057 39.6271484375, 3.3487304687500057 39.5556640625, 3.29296875 39.47705078125, 3.2447265625000057 39.386621093749994, 3.154589843750017 39.333251953125, 3.0728515625000057 39.30126953125, 2.9000976562500114 39.368359375, 2.7998046875 39.385058593749996, 2.769824218750017 39.41025390625, 2.7459960937500227 39.51025390625)), ((-3.988476562499983 57.58125, -3.8681640625 57.600341796875, -3.6282226562499886 57.662255859375, -3.402783203124983 57.708251953125, -3.2945312499999773 57.71015625, -3.083935546874983 57.673486328125, -3.0360351562499943 57.672314453125, -2.9466796874999943 57.689257812499996, -2.8562988281249773 57.69228515625, -2.244140625 57.680859375, -2.0740722656249773 57.702392578125, -1.9615234374999773 57.67666015625, -1.867382812499983 57.612353515624996, -1.7779296874999773 57.49375, -1.7806640624999943 57.4740234375, -1.834716796875 57.419970703124996, -1.9344726562499943 57.352197265625, -2.0203124999999886 57.25888671875, -2.089550781249983 57.1025390625, -2.26025390625 56.863330078124996, -2.4266601562499943 56.730712890625, -2.5009765625 56.636572265625, -2.5926757812499943 56.561572265624996, -2.6809570312499886 56.514404296875, -2.7751953124999886 56.482958984374996, -3.0474121093749886 56.449365234375, -3.1235839843749886 56.42529296875, -3.2144531249999773 56.383935546875, -3.3099609374999943 56.3634765625, -3.197998046875 56.366064453125, -3.0870117187499773 56.3890625, -2.8851562499999943 56.397509765624996, -2.6527343749999943 56.31826171875, -2.674267578124983 56.25341796875, -2.767578125 56.2021484375, -2.9797851562499886 56.194091796875, -3.17822265625 56.080126953124996, -3.267773437499983 56.045068359375, -3.362255859374983 56.027636718749996, -3.480419921874983 56.0328125, -3.6951171874999886 56.063330078125, -3.7890625 56.09521484375, -3.7041503906249886 56.0431640625, -3.6078124999999943 56.016015625, -3.0487304687499943 55.951953124999996, -2.836865234374983 56.02626953125, -2.599316406249983 56.027294921875, -2.1470703124999773 55.902978515625, -1.830273437499983 55.671728515625, -1.6553710937499773 55.570361328124996, -1.6101562499999886 55.498095703124996, -1.5225585937499773 55.259521484375, -1.4226562499999886 55.026416015624996, -1.291748046875 54.773876953125, -1.232421875 54.7037109375, -1.1543945312499773 54.6544921875, -0.7593261718749886 54.54140625, -0.67138671875 54.50390625, -0.370361328125 54.27919921875, -0.232861328124983 54.19013671875, -0.0843749999999943 54.11806640625, -0.1562988281249886 54.080615234374996, -0.20556640625 54.021728515625, -0.1687499999999886 53.941650390625, -0.1082519531249773 53.865185546875, 0.0105468750000171 53.742822265625, 0.1153320312500057 53.60927734375, 0.0360839843750114 53.64052734375, -0.07373046875 53.64365234375, -0.173828125 53.68544921875, -0.27001953125 53.736767578125, -0.461376953124983 53.716162109375, -0.5676757812499886 53.725390624999996, -0.659912109375 53.7240234375, -0.485058593749983 53.694384765624996, -0.293701171875 53.692333984375, 0.1283203125000227 53.46826171875, 0.27099609375 53.335498046874996, 0.355761718750017 53.159960937499996, 0.2980468750000114 53.081103515624996, 0.2082031250000114 53.030029296875, 0.0458984375 52.905615234375, 0.27978515625 52.80869140625, 0.3301757812500057 52.81162109375, 0.3819335937500057 52.8251953125, 0.431640625 52.858154296875, 0.5155273437500227 52.93837890625, 0.5587890625000114 52.966943359375, 0.7044921875000227 52.97724609375, 0.8267578125000057 52.97109375, 0.948535156250017 52.953369140625, 1.0555664062500227 52.958984375, 1.271289062500017 52.924560546875, 1.382128906250017 52.893505859375, 1.65673828125 52.753710937499996, 1.716113281250017 52.67724609375, 1.7433593750000114 52.578515625, 1.74658203125 52.468994140625, 1.7003906250000114 52.368896484375, 1.6473632812500227 52.278515625, 1.6146484375000227 52.16181640625, 1.5914062500000057 52.119775390625, 1.5589843750000227 52.086865234375, 1.4134765625000227 51.994775390625, 1.3167968750000227 51.95693359375, 1.2759765625000057 51.97353515625, 1.232421875 51.971240234374996, 1.227832031250017 51.94912109375, 1.2738281250000227 51.902099609375, 1.2744140625 51.845361328125, 1.1884765625 51.803369140625, 1.1011718750000057 51.785449218749996, 0.955078125 51.8078125, 0.752246093750017 51.72958984375, 0.8980468750000057 51.689404296875, 0.9274414062500114 51.646630859375, 0.890917968750017 51.571435546874994, 0.7992187500000227 51.537890624999996, 0.697558593750017 51.523046875, 0.5934570312500114 51.519482421875, 0.5072265625000227 51.50107421875, 0.4245117187500114 51.465624999999996, 0.5283203125 51.48447265625, 0.6002929687500114 51.46796875, 0.6455078125 51.404687499999994, 0.6865234375 51.386572265625, 0.8893554687500114 51.359521484374994, 1.014941406250017 51.359716796875, 1.257128906250017 51.37509765625, 1.3734375000000227 51.37470703125, 1.4149414062500227 51.36328125, 1.4156250000000057 51.310839843749996, 1.3975585937500057 51.182031249999994, 1.365527343750017 51.15546875, 1.04443359375 51.047265624999994, 0.9786132812500057 50.9716796875, 0.9601562500000114 50.92587890625, 0.7723632812500227 50.933984374999994, 0.684375000000017 50.885546874999996, 0.5323242187500057 50.853417968749994, 0.2997070312500227 50.7759765625, 0.205078125 50.763037109375, -0.2039062499999886 50.814355468749994, -0.4507812499999773 50.81015625, -0.7852539062499773 50.765429687499996, -0.8713867187499886 50.772802734375, -1.0005859374999773 50.815625, -1.1328613281249886 50.844580078125, -1.2850585937499943 50.857324218749994, -1.416455078124983 50.896874999999994, -1.33447265625 50.82080078125, -1.5167480468749943 50.747460937499994, -1.600830078125 50.732861328125, -1.6878906249999943 50.735156249999996, -1.8660156249999886 50.715234374999994, -2.0310546874999886 50.725390624999996, -2.0062499999999943 50.673242187499994, -1.9620605468749943 50.627783203125, -1.9979003906249773 50.6080078125, -2.035839843749983 50.603076171874996, -2.3501464843749886 50.63740234375, -2.3946777343749943 50.630908203124996, -2.4334472656249773 50.59921875, -2.5477539062499943 50.61630859375, -2.6588378906249943 50.669726562499996, -2.7769531249999773 50.70556640625, -2.90087890625 50.722412109375, -2.9994140624999943 50.716601562499996, -3.4045898437499886 50.632421875, -3.4854492187499773 50.54794921875, -3.52587890625 50.428173828125, -3.5843749999999943 50.321826171874996, -3.6797851562499773 50.23994140625, -3.7933593749999943 50.229248046875, -3.9001953124999886 50.285937499999996, -4.103417968749994 50.348535156249994, -4.172558593749983 50.3908203125, -4.194580078125 50.393310546875, -4.21728515625 50.378173828125, -4.296972656249977 50.35908203125, -4.379492187499977 50.358203124999996, -4.506689453124977 50.341357421874996, -4.727978515624983 50.290478515625, -4.8173828125 50.25595703125, -5.009521484375 50.1607421875, -5 50.16546058509371, -5 50.49784208468304, -4.956396484374977 50.52314453125, -4.8935546875 50.53369140625, -4.861279296874983 50.58203125, -4.582910156249994 50.7763671875, -4.559960937499994 50.820947265624994, -4.523095703124994 50.977441406249994, -4.296484374999977 51.027148437499996, -4.188183593749983 51.188525390624996, -4.158398437499983 51.201318359374994, -3.8423339843749886 51.230908203125, -3.60791015625 51.228564453124996, -3.3750976562499773 51.19697265625, -3.2557617187499943 51.194140624999996, -3.135986328125 51.205029296875, -3.0420410156249886 51.248583984374996, -2.8812499999999943 51.405664062499994, -2.590283203124983 51.60859375, -2.433056640624983 51.74072265625, -2.5393554687499886 51.69521484375, -2.742138671874983 51.581103515624996, -2.978515625 51.538867187499996, -3.0803710937499886 51.49580078125, -3.2587890625 51.398486328124996, -3.2931152343749943 51.390429687499996, -3.5623535156249773 51.413818359375, -3.7626953125 51.539941406249994, -3.8907714843749943 51.591650390625, -3.9436523437499886 51.597509765625, -3.9983398437499886 51.58212890625, -4.115283203124989 51.56640625, -4.234570312499983 51.569091796875, -4.173681640624977 51.62734375, -4.091015624999983 51.659912109375, -4.276171874999989 51.68251953125, -4.32763671875 51.700244140624996, -4.386279296874989 51.741064453125, -4.531494140625 51.748046875, -4.600781249999983 51.737646484375, -4.717626953124977 51.68369140625, -4.902294921874983 51.626269531249996, -5 51.661225474477334, -5 52.01521084830789, -5.088085937499983 51.995898437499996, -4.878515624999977 52.041845703125, -4.561132812499977 52.15087890625, -4.383154296874977 52.197314453124996, -4.217724609374983 52.27744140625, -4.149365234374983 52.32626953125, -4.050537109375 52.475146484374996, -3.9803222656249773 52.541748046875, -4.048437499999977 52.5576171875, -4.078906249999989 52.607861328125, -4.070703124999994 52.658837890625, -4.039257812499983 52.704052734375, -4.067431640624989 52.7607421875, -4.117529296874977 52.82001953125, -4.101464843749994 52.915478515625, -4.229150390624994 52.912841796875, -4.3564453125 52.897412109375, -4.471826171874994 52.862451171875, -4.583691406249983 52.81494140625, -4.683056640624983 52.80615234375, -4.681445312499989 52.844140625, -4.638330078124994 52.89111328125, -4.525683593749989 52.958203125, -4.405078124999989 53.013818359375, -4.362207031249994 53.0560546875, -4.328417968749989 53.105126953125, -4.2685546875 53.14453125, -4.111035156249983 53.2189453125, -3.809277343749983 53.302685546875, -3.7642089843749886 53.3076171875, -3.6458984374999943 53.297900390624996, -3.5295898437499886 53.310546875, -3.427734375 53.340673828125, -3.326171875 53.34716796875, -3.0975585937499943 53.260302734374996, -3.1655761718749886 53.394677734375, -3.0647460937499886 53.42685546875, -2.9185546874999773 53.30537109375, -2.8641601562499943 53.292578125, -2.74951171875 53.310205078125, -2.7937499999999886 53.330712890625, -2.845410156249983 53.33193359375, -2.9130859375 53.350244140625, -2.969970703125 53.389208984374996, -3.0645996093749943 53.512841796875, -3.0594726562499943 53.586230468749996, -2.9250976562499886 53.732763671875, -2.984326171874983 53.746728515625, -3.0317871093749886 53.773583984375, -3.045361328124983 53.84384765625, -3.0267578124999943 53.905908203125, -2.899853515624983 53.960693359375, -2.8624023437499773 54.04384765625, -2.8464843749999886 54.135302734374996, -2.8675781249999943 54.17724609375, -2.9935058593749773 54.1705078125, -3.0547363281249886 54.15341796875, -3.1096679687499886 54.126318359375, -3.165966796874983 54.1279296875, -3.321533203125 54.2291015625, -3.4102539062499773 54.305615234375, -3.5693847656249886 54.467578124999996, -3.592041015625 54.56435546875, -3.464599609375 54.773095703125, -3.2679199218749773 54.906591796875, -3.0362304687499773 54.953076171875, -3.0810546875 54.961962890624996, -3.43408203125 54.96376953125, -3.5504394531249943 54.947412109375, -3.6583007812499773 54.892871093749996, -3.71923828125 54.876123046875, -3.7832519531249886 54.869921874999996, -3.8985839843749943 54.805078125, -3.9579101562499943 54.78095703125, -4.075781249999977 54.78720703125, -4.132958984374994 54.779248046875, -4.174023437499983 54.801074218749996, -4.208398437499994 54.837158203125, -4.25341796875 54.84677734375, -4.303662109374983 54.835693359375, -4.409912109375 54.787060546875, -4.517480468749994 54.758349609374996, -4.647558593749977 54.789013671875, -4.818066406249983 54.846142578125, -4.851708984374994 54.82529296875, -4.889501953124977 54.772265624999996, -4.911230468749977 54.689453125, -5.032324218749977 54.761376953125, -5 54.74217793126262, -5 55.0875205356842, -4.965185546874977 55.149462890624996, -4.784814453124994 55.359423828124996, -4.721142578124983 55.42099609375, -4.6767578125 55.501318359375, -4.684374999999989 55.55390625, -4.724169921874989 55.598291015625, -4.891845703125 55.69912109375, -4.8896484375 55.781201171875, -4.871679687499977 55.87392578125, -4.826074218749994 55.929541015625, -4.806835937499983 55.94013671875, -4.584082031249977 55.938671875, -4.670947265624989 55.9673828125, -4.844091796874977 56.051171875, -4.841015624999983 56.080859374999996, -4.80029296875 56.158349609375, -4.819140624999989 56.15048828125, -4.856249999999989 56.114697265625, -4.927099609374977 56.028076171875, -4.970361328124994 56.007861328124996, -5.092822265624989 55.9873046875, -5 56.002886096522374, -4.996972656249994 56.233349609375, -5.084326171874977 56.1974609375, -5 56.23210584321723, -5 58.572161937722676, -5.016748046874994 58.566552734374994, -4.975634765624989 58.580322265625, -4.924658203124977 58.58837890625, -4.809619140624989 58.572900390624994, -4.765771484374994 58.55419921875, -4.715429687499977 58.510009765625, -4.67822265625 58.513574218749994, -4.534960937499989 58.561572265625, -4.491894531249983 58.56845703125, -4.433251953124994 58.512841796874994, -4.188623046874994 58.5572265625, -3.8595214843749943 58.577099609375, -3.661816406249983 58.606298828125, -3.453564453124983 58.61689453125, -3.2591308593749773 58.65, -3.0530761718749773 58.634814453125, -3.0461914062499886 58.61552734375, -3.0569824218749773 58.588769531249994, -3.1096679687499886 58.515478515625, -3.1011230468749886 58.43369140625, -3.1128906249999773 58.40888671875, -3.1367675781249886 58.378320312499994, -3.212353515624983 58.321240234375, -3.4109863281249773 58.239648437499994, -3.7749999999999773 58.052099609375, -3.9900390624999886 57.959033203124996, -4.019628906249977 57.9142578125, -4.035595703124983 57.852001953125, -3.9068359374999773 57.839648437499996, -3.857128906249983 57.8185546875, -3.887939453125 57.786914062499996, -4.078417968749989 57.677050781249996, -4.134521484375 57.577734375, -3.988476562499983 57.58125)), ((1.2569335937500057 38.87900390625, 1.2233398437500114 38.903857421874996, 1.2562500000000227 38.973388671875, 1.2998046875 38.981738281249996, 1.302539062500017 39.031152343749994, 1.3486328125 39.080810546875, 1.564453125 39.121044921875, 1.6131835937500227 39.08740234375, 1.6236328125000057 39.038818359375, 1.4945312500000227 38.932519531249994, 1.4452148437500227 38.918701171875, 1.408984375000017 38.857275390625, 1.2569335937500057 38.87900390625)), ((1.436328125000017 38.768212890624994, 1.496875000000017 38.7119140625, 1.5926757812500227 38.701464843749996, 1.5939453125000114 38.6720703125, 1.5711914062500227 38.658837890624994, 1.5049804687500057 38.67099609375, 1.40576171875 38.67099609375, 1.4019531250000057 38.71142578125, 1.436328125000017 38.768212890624994)), ((-0.7743164062499943 60.80048828125, -0.826171875 60.716162109375, -0.8254882812499886 60.683935546875, -0.909130859374983 60.68701171875, -0.9222656249999943 60.697265625, -0.9380859374999773 60.745654296875, -0.9275390624999886 60.79716796875, -0.9158203124999886 60.810449218749994, -0.8914062499999886 60.81591796875, -0.864941406249983 60.805810546874994, -0.823437499999983 60.831884765625, -0.8018066406249886 60.83125, -0.7742675781249773 60.811962890625, -0.7743164062499943 60.80048828125)), ((-1.0933105468749886 60.72021484375, -1.005615234375 60.71650390625, -0.991650390624983 60.68603515625, -1.0003417968749773 60.6580078125, -1.0450195312499773 60.655517578125, -1.049023437499983 60.646923828125, -1.035107421874983 60.592919921874994, -1.0342285156249886 60.530175781249994, -1.0425292968749886 60.5138671875, -1.06787109375 60.502294921875, -1.16552734375 60.603906249999994, -1.0933105468749886 60.72021484375)), ((-1.3558593749999943 59.9111328125, -1.299511718749983 60.03984375, -1.2761718749999886 60.114648437499994, -1.2909179687499943 60.153466796874994, -1.3228027343749886 60.188378906249994, -1.4090332031249773 60.189501953125, -1.4814941406249886 60.173388671875, -1.4968749999999886 60.193994140624994, -1.4991210937499773 60.22177734375, -1.5166015625 60.231005859375, -1.613037109375 60.2291015625, -1.641357421875 60.236767578125, -1.6600585937499943 60.262255859375, -1.663769531249983 60.28251953125, -1.57666015625 60.298388671875, -1.4944335937499886 60.29248046875, -1.3746093749999773 60.332910156249994, -1.4495605468749773 60.4685546875, -1.548828125 60.481298828125, -1.57177734375 60.49443359375, -1.5526367187499943 60.517431640625, -1.4981445312499773 60.529833984375, -1.4142089843749943 60.59873046875, -1.363964843749983 60.6095703125, -1.301708984374983 60.607666015625, -1.30810546875 60.537499999999994, -1.2874023437499886 60.467041015625, -1.2357421874999943 60.485302734375, -1.1577636718749886 60.417724609375, -1.1179687499999886 60.417626953124994, -1.052441406249983 60.444482421874994, -1.065673828125 60.381591796875, -1.1336914062499943 60.206982421875, -1.152783203124983 60.17734375, -1.165722656249983 60.124267578125, -1.1792480468749886 60.113916015624994, -1.1993164062499773 60.006591796875, -1.245312499999983 59.971240234375, -1.2837890624999773 59.8869140625, -1.2994628906249943 59.878662109375, -1.3558593749999943 59.9111328125)), ((-1.1960937499999886 50.59921875, -1.25146484375 50.588818359375, -1.3062988281249943 50.588525390624994, -1.515332031249983 50.669775390625, -1.563427734374983 50.66611328125, -1.5156738281249886 50.7033203125, -1.3858398437499773 50.733544921874994, -1.3127929687499886 50.773486328124996, -1.144238281249983 50.734716796875, -1.0655761718749943 50.690234374999996, -1.149365234374983 50.655712890625, -1.1758300781249886 50.615234375, -1.1960937499999886 50.59921875)), ((-1.213574218749983 45.8166015625, -1.2802734375 45.897119140624994, -1.3687011718749886 45.967675781249994, -1.388671875 46.050390625, -1.2850585937499943 46.002685546875, -1.1783203124999773 45.904052734375, -1.213574218749983 45.8166015625)), ((-2.082226562499983 49.25537109375, -2.0186523437499773 49.231249999999996, -2.0099121093749943 49.180810546874994, -2.0537597656249886 49.169824218749994, -2.091015624999983 49.187402343749994, -2.1656738281249943 49.187402343749994, -2.23583984375 49.1763671875, -2.2205078124999886 49.266357421875, -2.082226562499983 49.25537109375)), ((-2.6036132812499773 59.289306640625, -2.53564453125 59.304150390625, -2.406982421875 59.29755859375, -2.4298339843749943 59.271044921875, -2.5488769531249886 59.231347656249994, -2.662060546874983 59.23017578125, -2.6036132812499773 59.289306640625)), ((-2.6390136718749773 49.450927734375, -2.6461425781249943 49.468212890625, -2.542187499999983 49.506591796875, -2.5208984374999943 49.506298828125, -2.5123046874999773 49.494531249999994, -2.54736328125 49.4287109375, -2.6390136718749773 49.450927734375)), ((-2.8518554687499886 59.182470703125, -2.8614257812499773 59.246826171875, -3.0134765624999886 59.291455078125, -3.0520507812499886 59.323876953124994, -3.042236328125 59.333837890625, -2.975537109374983 59.347119140625, -2.8616210937499886 59.288330078125, -2.8150390624999773 59.2408203125, -2.719921874999983 59.219482421875, -2.7293945312499943 59.186767578125, -2.8152343749999886 59.1619140625, -2.8518554687499886 59.182470703125)), ((-3.2328124999999943 58.989648437499994, -3.242138671874983 58.99970703125, -3.3043457031249943 58.967431640624994, -3.3316406249999773 58.971240234375, -3.3470703124999943 58.986718749999994, -3.353710937499983 59.01875, -3.3468261718749943 59.064990234375, -3.3103515624999886 59.130810546875, -3.2485839843749886 59.143945312499994, -3.156494140625 59.136328125, -3.0511230468749773 59.099023437499994, -3.019238281249983 59.076025390625, -3.02001953125 59.057666015625, -3.0574218749999886 59.029638671875, -3.0707031249999943 59.00498046875, -2.9946777343749886 59.00556640625, -2.8845703124999886 58.984521484374994, -2.8179199218749886 58.981884765625, -2.762451171875 58.955810546875, -2.7930175781249886 58.90693359375, -2.8262207031249886 58.89326171875, -2.86376953125 58.890527343749994, -2.994824218749983 58.939355468749994, -3.1666015624999773 58.919091796874994, -3.2007812499999773 58.92529296875, -3.223339843749983 58.93876953125, -3.232617187499983 58.955517578125, -3.2328124999999943 58.989648437499994)), ((-2.93896484375 58.738623046875, -2.9753906249999886 58.75693359375, -3.0354492187499886 58.822656249999994, -2.9412109374999886 58.835693359375, -2.896435546874983 58.827587890625, -2.9130859375 58.799609375, -2.929394531249983 58.741601562499994, -2.93896484375 58.738623046875)), ((-3.3671875 58.839746093749994, -3.400830078124983 58.881787109375, -3.394726562499983 58.909619140625, -3.357421875 58.918994140625, -3.271923828124983 58.9052734375, -3.2276367187499773 58.857177734375, -3.222119140624983 58.82587890625, -3.211621093749983 58.81357421875, -3.1585449218749773 58.801220703125, -3.222119140624983 58.78095703125, -3.27880859375 58.78193359375, -3.3671875 58.839746093749994)), ((-4.049365234374989 53.30576171875, -4.084277343749989 53.264306640625, -4.200390624999983 53.218066406249996, -4.278613281249989 53.172412109374996, -4.373046875 53.1341796875, -4.418847656249994 53.178027343749996, -4.471972656249989 53.1763671875, -4.55322265625 53.26044921875, -4.56787109375 53.386474609375, -4.461718749999989 53.419287109375, -4.315087890624994 53.417236328125, -4.19677734375 53.321435546875, -4.154882812499977 53.30283203125, -4.049365234374989 53.30576171875)), ((-4.6142578125 54.05869140625, -4.696093749999989 54.0814453125, -4.765771484374994 54.06943359375, -4.785351562499983 54.073046874999996, -4.745556640624983 54.118798828125, -4.69873046875 54.224902343749996, -4.614843749999977 54.266943359375, -4.508642578124977 54.376708984375, -4.424707031249994 54.407177734375, -4.377197265625 54.392578125, -4.337988281249977 54.269091796874996, -4.392285156249983 54.225390624999996, -4.412060546874983 54.185351562499996, -4.6142578125 54.05869140625)))