MULTIPOLYGON (((50.86699218750002 28.870166015624996, 50.84296875000001 28.92783203125, 50.87578125000002 29.00439453125, 50.87578125000002 29.062695312499997, 50.795507812500006 29.117431640625, 50.67519531250002 29.14658203125, 50.646093750000006 29.212207031249996, 50.66796875 29.33984375, 50.64960937500001 29.420068359374994, 50.543554687500006 29.547998046874994, 50.38691406250001 29.679052734375, 50.23017578125001 29.872900390625, 50.1689453125 29.921240234375, 50.07158203125002 30.198535156249996, 49.98310546875001 30.209374999999994, 49.55488281250001 30.028955078124994, 49.42998046875002 30.13046875, 49.054296875000006 30.306933593749996, 49.001953125 30.373925781249994, 49.04902343750001 30.397265624999996, 49.09619140625 30.406787109374996, 49.19033203125002 30.375390624999994, 49.24726562500001 30.412499999999994, 49.22451171875002 30.472314453124994, 49.13037109375 30.509423828124994, 49.001953125 30.506542968749997, 49.037109375 30.450488281249996, 48.91679687500002 30.397265624999996, 48.891210937500006 30.32763671875, 48.90869140625 30.241455078125, 48.91914062500001 30.120898437499996, 48.8701171875 30.062402343749994, 48.83242187500002 30.035498046875, 48.6708984375 30.0283203125, 48.59550781250002 29.975048828124997, 48.454199218750006 29.9384765625, 48.354589843750006 29.956738281249997, 48.141699218750006 30.040917968749994, 48.07275390625 30.043212890625, 47.982519531250006 30.011328125, 47.9736328125 29.9458984375, 48.00566406250002 29.835791015625, 48.13613281250002 29.618115234374997, 48.14345703125002 29.572460937499997, 48.089453125000006 29.5791015625, 48.04833984375 29.597509765625, 47.96962890625002 29.61669921875, 47.72529296875001 29.416943359374997, 47.72265625 29.393017578124997, 47.845312500000006 29.36572265625, 47.93535156250002 29.366601562499994, 47.998144531250006 29.385546874999996, 48.05146484375001 29.355371093749994, 48.08632812500002 29.27548828125, 48.10039062500002 29.210742187499996, 48.18378906250001 28.979394531249994, 48.2529296875 28.901269531249994, 48.33925781250002 28.76328125, 48.3896484375 28.631591796875, 48.49853515625 28.448876953124994, 48.523046875000006 28.355029296874996, 48.62636718750002 28.132568359375, 48.77373046875002 27.95908203125, 48.80898437500002 27.895898437499994, 48.83281250000002 27.800683593749994, 48.807226562500006 27.765283203124994, 48.79716796875002 27.724316406249997, 48.90644531250001 27.629052734374994, 49.0869140625 27.548583984375, 49.15751953125002 27.528222656249994, 49.23750000000001 27.492724609374996, 49.17509765625002 27.437646484374994, 49.28154296875002 27.310498046874997, 49.4052734375 27.180957031249996, 49.537695312500006 27.151757812499994, 49.71650390625001 26.955859374999996, 49.98613281250002 26.828906249999996, 50.087544651847814 26.725890941831963, 50.06760962744427 26.683610792581867, 50.0263671875 26.69921875, 50.00810546875002 26.678515624999996, 50.01748359192602 26.57729859450652, 49.956634877384595 26.448244690161662, 49.22836106467869 25.206810981403855, 48.390075186380884 24.02736389328157, 47.44956275377358 22.918145031486915, 46.41463207185919 21.886914190473757, 45.293173746733274 20.94094494606604, 44.093219413307004 20.087009175759952, 42.82299514858292 19.331351302131882, 41.49096594198651 18.679653524210398, 41.29655503126588 18.603486331630616, 41.2294921875 18.678417968749997, 41.220800781250006 18.76523437499999, 41.11601562500002 19.082177734374994, 40.91328125000001 19.490136718749994, 40.84785156250001 19.55527343749999, 40.791601562500006 19.646386718749994, 40.77705078125001 19.71689453124999, 40.75917968750002 19.75546874999999, 40.61591796875001 19.82236328124999, 40.48222656250002 19.993457031250003, 40.080664062500006 20.265917968750003, 39.88408203125002 20.29296875, 39.72832031250002 20.390332031249997, 39.61367187500002 20.51767578124999, 39.4912109375 20.737011718749997, 39.27607421875001 20.97397460937499, 39.09355468750002 21.310351562500003, 39.15068359375002 21.432763671874994, 39.147070312500006 21.518994140624997, 39.09101562500001 21.663964843749994, 39.02978515625 21.77597656249999, 38.987890625000006 21.881738281249994, 39.02119140625001 22.033447265625, 39.03398437500002 22.203369140625, 39.069921875000006 22.293652343749997, 39.09589843750001 22.392773437499997, 39.06201171875 22.592187499999994, 39.00136718750002 22.698974609375, 39.007421875000006 22.770068359375003, 38.93876953125002 22.80478515624999, 38.882910156250006 22.882031249999997, 38.94111328125001 22.8818359375, 38.835546875000006 22.989062500000003, 38.796875 23.048583984375, 38.75703125000001 23.194287109374997, 38.7060546875 23.30551757812499, 38.54228515625002 23.557910156250003, 38.46416015625002 23.711865234374997, 38.28886718750002 23.91098632812499, 38.0986328125 24.058007812499994, 37.97783203125002 24.124560546875003, 37.91972656250002 24.18540039062499, 37.82099609375001 24.1875, 37.71337890625 24.2744140625, 37.543066406250006 24.291650390624994, 37.43095703125002 24.459033203125003, 37.338476562500006 24.61582031249999, 37.18085937500001 24.820019531249997, 37.22041015625001 24.873339843750003, 37.26630859375001 24.96005859374999, 37.24345703125002 25.073437499999997, 37.218359375000006 25.150683593750003, 37.14882812500002 25.29111328124999, 36.92070312500002 25.641162109375003, 36.86015625000002 25.69248046874999, 36.7626953125 25.75131835937499, 36.70253906250002 25.902880859375003, 36.67519531250002 26.038867187499996, 36.51875000000001 26.104882812499994, 36.249609375000006 26.594775390624996, 36.09375 26.765820312499997, 36.03203125000002 26.881005859374994, 35.851660156250006 27.070458984374994, 35.76298828125002 27.2587890625, 35.58134765625002 27.432470703125, 35.423828125 27.733789062499994, 35.18046875000002 28.034863281249997, 35.07832031250001 28.08701171875, 34.82753906250002 28.108593749999997, 34.72207031250002 28.130664062499996, 34.625 28.064501953124996, 34.6162109375 28.148339843749994, 34.68330078125001 28.264111328124997, 34.779882812500006 28.50732421875, 34.79912109375002 28.720507812499996, 34.98222656250002 29.48447265625, 34.97343750000002 29.555029296875, 34.904296875 29.477343749999996, 34.84853515625002 29.43212890625, 34.736425781250006 29.27060546875, 34.6171875 28.75791015625, 34.44648437500001 28.357324218749994, 34.42714843750002 28.106494140624996, 34.39970703125002 28.016015624999994, 34.31855468750001 27.888964843749996, 34.22011718750002 27.764306640624994, 34.04511718750001 27.828857421875, 33.76025390625 28.047656249999996, 33.59414062500002 28.255566406249997, 33.416113281250006 28.389843749999997, 33.24775390625001 28.567724609375, 33.20195312500002 28.695703124999994, 33.203710937500006 28.777783203124997, 33.13017578125002 28.978271484375, 33.075781250000006 29.073046874999996, 32.87060546875 29.28623046875, 32.81171875000001 29.4, 32.766699218750006 29.449999999999996, 32.72148437500002 29.521777343749996, 32.64716796875001 29.7984375, 32.56572265625002 29.973974609375, 32.47304687500002 29.925439453124994, 32.48945312500001 29.851513671874997, 32.40859375000002 29.749316406249996, 32.35976562500002 29.630664062499996, 32.39726562500002 29.5337890625, 32.565039062500006 29.386328125, 32.59902343750002 29.321923828124994, 32.63808593750002 29.182177734374996, 32.6318359375 28.992236328124996, 32.65888671875001 28.927734375, 32.78447265625002 28.78662109375, 32.82949218750002 28.702880859375, 32.856542968750006 28.630615234375, 32.89824218750002 28.565234374999996, 33.02285156250002 28.442285156249994, 33.2021484375 28.208300781249996, 33.37226562500001 28.050585937499996, 33.49492187500002 27.974462890625, 33.54707031250001 27.898144531249997, 33.55878906250001 27.701220703124996, 33.5498046875 27.607373046874997, 33.65742187500001 27.430566406249994, 33.697265625 27.341113281249996, 33.80166015625002 27.2681640625, 33.84931640625001 27.184912109375, 33.89306640625 27.049462890624994, 33.959082031250006 26.6490234375, 34.04951171875001 26.550732421874997, 34.32929687500001 26.024365234374997, 34.56513671875001 25.691162109375, 34.679296875000006 25.442529296874994, 34.85322265625001 25.139794921874994, 35.19414062500002 24.475146484375003, 35.397070312500006 24.269970703124997, 35.47783203125002 24.15478515625, 35.62470703125001 24.06601562499999, 35.78388671875001 23.937792968750003, 35.63203125000001 23.950341796874994, 35.54082031250002 23.920654296875, 35.515234375000006 23.84287109374999, 35.50439453125 23.779296875, 35.52275390625002 23.442529296874994, 35.56435546875002 23.27109374999999, 35.697851562500006 22.946191406249994, 35.79736328125 22.84873046874999, 35.845800781250006 22.785693359375003, 35.91337890625002 22.739648437499994, 36.22968750000001 22.628808593749994, 36.41455078125 22.394189453124994, 36.829687500000006 22.09765625, 36.87041015625002 22.015771484374994, 36.88261718750002 21.768798828125, 36.92695312500001 21.58652343749999, 37.081152343750006 21.32602539062499, 37.21171875000002 21.185839843750003, 37.25859375000002 21.108544921874994, 37.26318359375 21.072656249999994, 37.25722656250002 21.03940429687499, 37.21748046875001 21.07763671875, 37.15058593750001 21.103759765625, 37.14111328125 20.98178710937499, 37.17265625000002 20.731982421875003, 37.2275390625 20.55673828124999, 37.18789062500002 20.394921874999994, 37.19316406250002 20.12070312499999, 37.26259765625002 19.791894531249994, 37.24843750000002 19.58188476562499, 37.36152343750001 19.091992187499997, 37.471289062500006 18.820117187500003, 37.53164062500002 18.753124999999997, 37.59941406250002 18.717431640624994, 37.72978515625002 18.6943359375, 37.921875 18.555908203125, 38.07402343750002 18.40976562499999, 38.12812500000001 18.333300781250003, 38.201757812500006 18.249414062499994, 38.25214843750001 18.264404296875, 38.28310546875002 18.28671874999999, 38.33291015625002 18.219042968750003, 38.57402343750002 18.072949218749997, 38.75297013167317 17.730694260846743, 38.67673018049973 17.707798045893373, 37.21287400541294 17.39579055732516, 35.72390817784229 17.203942263263688, 34.21970260119542 17.134422129975896, 32.71035335484478 17.18855235388989, 31.206138150874065 17.366769973435016, 29.717466091622814 17.668596454844657, 28.25482549079404 18.092616346597538, 24.070295706626773 19.412096487417312, 18.366726596532175 20.040859641509833, 16.58303547123006 20.27906567179249, 14.828511458567691 20.683974242946146, 8.420766432423427 22.284908953512858, 3.8841911672902816 22.866106347143223, -1.4199718107003172 21.72794908956572, -2.9550986090348395 21.425654994098696, -4.5061138669829655 21.245201626243187, -6.0628011999026885 21.186941142446113, -7.615096356391223 21.250343126933817, -9.153125253545655 21.43402838278827, -10.667236578018512 21.73581020609784, -12.148025824850825 22.15274147359214, -13.586348233522342 22.681165478969024, -14.973318814379462 23.316768192324005, -15.79636432650656 23.77441909246977, -15.789257812499983 23.792871093749994, -15.801660156249994 23.842236328124997, -15.850112528312641 23.80430554780588, -15.904439815190091 23.834514000893346, -15.777783203124983 23.952929687500003, -15.586328124999994 24.07275390625, -15.188623046874994 24.478808593750003, -15.038867187499989 24.548828125, -14.904296875 24.719775390625003, -14.856054687499977 24.87158203125, -14.842919921874994 25.220117187499994, -14.794921875 25.40415039062499, -14.70703125 25.54770507812499, -14.602294921875 25.808544921874997, -14.522753906249989 25.925244140624997, -14.470556640624977 26.163037109374997, -14.413867187499989 26.253710937499996, -14.312451171874983 26.296728515625, -14.168359374999994 26.415429687499994, -13.952099609374983 26.48876953125, -13.695898437499977 26.642919921875, -13.575781249999977 26.735107421875, -13.495751953124994 26.87265625, -13.409814453124994 27.146630859374994, -13.256152343749989 27.434619140624996, -13.175976562499983 27.655712890624997, -13.040722656249983 27.769824218749996, -12.948925781249983 27.91416015625, -12.793652343749983 27.978417968749994, -12.468896484374994 28.009423828124994, -11.986083984375 28.129296874999994, -11.552685546874983 28.310107421874996, -11.43017578125 28.382031249999997, -11.299072265625 28.526074218749997, -11.080957031249994 28.713769531249994, -10.673828125 28.939208984375, -10.486474609374994 29.06494140625, -10.200585937499994 29.38037109375, -10.010498046875 29.641406249999996, -9.852636718749977 29.809228515624994, -9.743457031249989 29.958203124999997, -9.667089843749977 30.109277343749994, -9.623828124999989 30.35263671875, -9.652929687499977 30.447558593749996, -9.773144531249983 30.603125, -9.853906249999994 30.644580078124996, -9.87548828125 30.717919921874994, -9.832421874999994 30.847265625, -9.833349609374977 31.069628906249996, -9.808691406249977 31.424609374999996, -9.674951171874994 31.710986328124996, -9.347460937499989 32.086376953125, -9.286572265624983 32.240576171875, -9.249121093749977 32.48583984375, -9.245849609375 32.5724609375, -8.836230468749989 32.920458984374996, -8.596289062499977 33.187158203124994, -8.512841796874994 33.25244140625, -8.301171874999994 33.374365234375, -7.562353515624977 33.640283203124994, -7.144677734374994 33.830322265625, -6.900976562499977 33.969042968749996, -6.755761718749994 34.13291015625, -6.353124999999977 34.77607421875, -5.957568359374989 35.68115234375, -5.9248046875 35.785791015624994, -5.622851562499989 35.828906249999996, -5.522265624999989 35.86201171875, -5.397363281249994 35.9298828125, -5.27783203125 35.902734374999994, -5.337646484375 35.85654296875, -5.337646484375 35.74521484375, -5.252685546875 35.61474609375, -5.105371093749994 35.4677734375, -4.837207031249989 35.281298828124996, -4.628320312499994 35.206396484375, -4.329980468749994 35.161474609375, -3.982421875 35.243408203125, -3.7879882812499943 35.244921874999996, -3.6932617187499943 35.27998046875, -3.5906249999999886 35.228320312499996, -3.394726562499983 35.211816406249994, -3.206005859374983 35.239111328125, -3.0630859374999773 35.317236328125, -2.9722167968749886 35.407275390624996, -2.957958984374983 35.363085937499996, -2.95361328125 35.31513671875, -2.925976562499983 35.287109375, -2.8399414062499773 35.127832031249994, -2.731396484374983 35.135205078125, -2.6368164062499773 35.112695312499994, -2.4237304687499943 35.123486328125, -2.017773437499983 35.08505859375, -1.913281249999983 35.09423828125, -1.6736328124999886 35.18310546875, -1.4837402343749773 35.303076171875, -1.3358398437499943 35.3642578125, -1.2053710937499886 35.495751953124994, -1.0876953124999886 35.578857421875, -0.91748046875 35.668408203125, -0.4261230468749773 35.8615234375, -0.350781249999983 35.863183593749994, -0.189160156249983 35.819091796875, -0.0482421874999943 35.832812499999996, 0.0479492187500057 35.900537109374994, 0.151660156250017 36.063134765624994, 0.3122070312500114 36.162353515625, 0.514941406250017 36.26181640625, 0.790820312500017 36.35654296875, 0.9716796875 36.4439453125, 1.2572265625000227 36.519580078124996, 1.9745117187500227 36.567578125, 2.3428710937500057 36.610302734375, 2.5933593750000057 36.60068359375, 2.846484375000017 36.7388671875, 2.9728515625000114 36.784472656249996, 3.5205078125 36.7951171875, 3.7790039062500114 36.89619140625, 4.758105468750017 36.896337890625, 4.877832031250023 36.86240234375, 4.995410156250017 36.808056640625, 5.195605468750017 36.676806640624996, 5.29541015625 36.648242187499996, 5.424609375000017 36.675439453124994, 5.725488281250023 36.799609374999996, 6.064746093750017 36.8642578125, 6.249121093750006 36.938330078125, 6.327832031250011 37.046044921874994, 6.486523437500011 37.085742187499996, 6.575878906250011 37.00302734375, 6.927539062500017 36.91943359375, 7.143457031250023 36.943359375, 7.238476562500011 36.968505859375, 7.204296875000011 37.0923828125, 7.432421875000017 37.05927734375, 7.607714843750017 36.999755859375, 7.791601562500006 36.880273437499994, 7.910449218750017 36.856347656249994, 8.127148437500011 36.9103515625, 8.576562500000023 36.93720703125, 8.823535156250017 36.997607421874996, 9.058886718750017 37.155859375, 9.141992187500023 37.194628906249996, 9.68798828125 37.340380859374996, 9.838476562500006 37.308984374999994, 9.815527343750006 37.254638671875, 9.783984375000017 37.21142578125, 9.830273437500011 37.1353515625, 9.896386718750023 37.181640625, 9.87939453125 37.212841796875, 9.875585937500006 37.254150390625, 9.988085937500017 37.257763671875, 10.08740234375 37.251269531249996, 10.196386718750006 37.205859374999996, 10.188769531250017 37.03388671875, 10.334082031250006 36.865380859374994, 10.293261718750017 36.781494140625, 10.412304687500011 36.731835937499994, 10.518164062500006 36.791357421875, 10.5712890625 36.879443359374996, 10.766210937500006 36.9302734375, 10.951367187500011 37.05927734375, 11.053906250000011 37.072509765625, 11.077050781250023 36.966699218749994, 11.126660156250011 36.874072265624996, 11.056542968750023 36.841455078124994, 10.967187500000023 36.743017578125, 10.798144531250017 36.493115234375, 10.642382812500017 36.41962890625, 10.525683593750017 36.32333984375, 10.487988281250011 36.2548828125, 10.4765625 36.175146484375, 10.505761718750023 36.032421875, 10.5908203125 35.887255859374996, 10.68896484375 35.79951171875, 10.78369140625 35.7720703125, 11.004296875000023 35.633837890624996, 11.000683593750011 35.551611328125, 11.031542968750017 35.453857421875, 11.043261718750017 35.335107421874994, 11.1201171875 35.240283203124996, 10.955859375000017 35.033642578125, 10.8662109375 34.884326171874996, 10.69091796875 34.678466796875, 10.534863281250011 34.544726562499996, 10.200390625000011 34.346044921875, 10.118359375000011 34.280078124999996, 10.064843750000023 34.21162109375, 10.0400390625 34.14033203125, 10.049023437500011 34.056298828124994, 10.158984375000017 33.850048828125, 10.305273437500006 33.728271484375, 10.454296875000011 33.662499999999994, 10.713183593750017 33.689013671874996, 10.704296875000011 33.609667968749996, 10.722753906250006 33.514404296875, 10.828125 33.518896484375, 10.8984375 33.53369140625, 10.9580078125 33.626318359375, 11.084570312500006 33.562890624999994, 11.150292968750023 33.36923828125, 11.257421875000006 33.308837890625, 11.269921875000023 33.286328125, 11.232128906250011 33.27158203125, 11.20263671875 33.24921875, 11.234277343750023 33.23359375, 11.338085937500011 33.20947265625, 11.400585937500011 33.224902343749996, 11.657128906250023 33.118896484375, 11.8134765625 33.093701171875, 12.279882812500006 32.858544921874994, 12.427050781250017 32.8291015625, 12.753515625000006 32.801074218749996, 13.138085937500023 32.897363281249994, 13.283496093750017 32.9146484375, 13.536328125000011 32.824267578124996, 13.647753906250017 32.798828125, 13.835351562500023 32.791796874999996, 14.155664062500023 32.709765624999996, 14.237109375000017 32.68125, 14.423828125 32.55029296875, 14.513378906250011 32.511083984375, 15.176562500000017 32.391162109374996, 15.266894531250017 32.311669921874994, 15.359082031250011 32.15966796875, 15.363085937500017 31.97119140625, 15.4140625 31.834228515625, 15.496386718750017 31.656787109374996, 15.595800781250006 31.531103515625, 15.705957031250023 31.426416015624994, 15.832226562500011 31.360986328124994, 16.123046875 31.264453124999996, 16.450976562500017 31.227294921875, 16.781542968750017 31.214746093749994, 17.349218750000006 31.081494140624997, 17.830468750000023 30.927587890625, 17.949316406250006 30.851904296875, 18.1904296875 30.777294921874997, 18.669824218750023 30.415673828124994, 18.936425781250023 30.290429687499994, 19.12373046875001 30.26611328125, 19.29169921875001 30.2880859375, 19.58984375 30.413769531249997, 19.713281250000023 30.48837890625, 20.01318359375 30.800683593749994, 20.11152343750001 30.963720703125, 20.150976562500006 31.07861328125, 20.14111328125 31.195507812499997, 20.103808593750017 31.300537109375, 20.02001953125 31.41064453125, 19.961230468750017 31.556005859375, 19.926367187500006 31.817529296874994, 19.973437500000017 31.999072265624996, 20.03095703125001 32.107861328125, 20.121484375000023 32.21875, 20.37060546875 32.43076171875, 20.62109375 32.58017578125, 21.062304687500017 32.775537109374994, 21.318750000000023 32.777685546875, 21.424707031250023 32.799169921875, 21.63593750000001 32.937304687499996, 21.72138671875001 32.94248046875, 21.839453125000006 32.908642578125, 22.187402343750023 32.918261718749996, 22.340625000000017 32.8798828125, 22.5234375 32.7939453125, 22.75410156250001 32.740527343749996, 22.916894531250023 32.687158203124994, 23.090625000000017 32.61875, 23.129687500000017 32.448144531249994, 23.110449218750006 32.397412109375, 23.106250000000017 32.331445312499994, 23.28632812500001 32.213818359375, 23.797656250000017 32.15869140625, 23.8984375 32.127197265625, 24.038964843750023 32.037011718749994, 24.129687500000017 32.009228515625, 24.479785156250017 31.996533203124997, 24.683886718750017 32.015966796875, 24.878515625000006 31.984277343749994, 24.95068359375 31.9537109375, 25.025000000000006 31.883349609374996, 25.115039062500017 31.712304687499994, 25.225488281250023 31.5337890625, 25.382226562500023 31.51279296875, 25.89326171875001 31.620898437499996, 26.457324218750017 31.512109374999994, 26.768652343750006 31.470361328124994, 27.248046875 31.377880859374997, 27.5400390625 31.212695312499996, 27.6201171875 31.191748046875, 27.829980468750023 31.195019531249997, 27.967578125000017 31.097412109375, 28.51484375000001 31.050439453124994, 28.806933593750017 30.942675781249996, 28.972753906250006 30.856738281249996, 29.072070312500017 30.830273437499997, 29.159960937500017 30.8345703125, 29.278906250000006 30.866943359375, 29.428515625000017 30.927441406249997, 29.591601562500017 31.011523437499996, 29.929785156250006 31.227490234374997, 30.049414062500006 31.265429687499996, 30.127539062500006 31.255664062499996, 30.22265625 31.2583984375, 30.262304687500006 31.316845703124997, 30.312304687500017 31.35703125, 30.395117187500006 31.4576171875, 30.57099609375001 31.472998046875, 30.92353515625001 31.566845703124997, 30.884179687500023 31.522363281249994, 30.56298828125 31.4169921875, 30.700488281250017 31.403857421874996, 30.841406250000006 31.439892578124997, 31.001757812500017 31.462792968749994, 31.030859375000006 31.507568359375, 31.05195312500001 31.591552734375, 31.082910156250023 31.603320312499996, 31.193945312500006 31.587597656249997, 31.5244140625 31.458251953125, 31.606542968750006 31.455761718749997, 31.888964843750017 31.541406249999994, 31.964257812500023 31.502099609374994, 32.13603515625002 31.341064453125, 32.07607421875002 31.344482421875, 31.892187500000006 31.482470703124996, 31.875878906250023 31.413720703124994, 31.771093750000006 31.292578125, 31.90205078125001 31.240185546874997, 32.00849609375001 31.220507812499996, 32.06562500000001 31.152978515624994, 32.10175781250001 31.092822265624996, 32.20654296875 31.119042968749994, 32.281835937500006 31.200878906249997, 32.242773437500006 31.246533203124997, 32.21621093750002 31.293749999999996, 32.250585937500006 31.294921875, 32.32353515625002 31.256054687499997, 32.532812500000006 31.100732421874994, 32.60332031250002 31.068749999999994, 32.6845703125 31.074023437499996, 32.8544921875 31.117724609374996, 32.90156250000001 31.1109375, 33.1298828125 31.168164062499997, 33.1943359375 31.084521484374996, 33.3779296875 31.13095703125, 33.66650390625 31.130419921874996, 33.90253906250001 31.180957031249996, 34.17626953125 31.303906249999997, 34.387304687500006 31.483789062499994, 34.483984375000006 31.59228515625, 34.67841796875001 31.895703124999997, 34.803808593750006 32.196337890624996, 34.921875 32.614062499999996, 35.005859375 32.826611328125, 35.07705078125002 32.967187499999994, 35.10859375000001 33.08369140625, 35.20351562500002 33.258984375, 35.25136718750002 33.392626953124996, 35.33574218750002 33.503466796874996, 35.510839843750006 33.879736328125, 35.61181640625 34.032177734375, 35.64785156250002 34.2482421875, 35.804296875000006 34.437402343749994, 35.92138671875 34.493310546874994, 35.97792968750002 34.547412109374996, 35.97626953125001 34.629199218749996, 35.89931640625002 34.852099609374996, 35.88789062500001 34.948632812499994, 35.88994140625002 35.060302734375, 35.94306640625001 35.223828125, 35.918066406250006 35.29951171875, 35.902441406250006 35.420703124999996, 35.76445312500002 35.571582031249996, 35.83964843750002 35.84921875, 35.95693359375002 35.99814453125, 35.88710937500002 36.159082031249994, 35.81093750000002 36.309863281249996, 35.8828125 36.40634765625, 36.03173828125 36.522705078125, 36.1884765625 36.658984374999996, 36.18007812500002 36.8072265625, 36.13515625000002 36.851611328124996, 36.048925781250006 36.910595703125, 35.90458984375002 36.847607421875, 35.80156250000002 36.778076171875, 35.73427734375002 36.763964843749996, 35.6611328125 36.72431640625, 35.625585937500006 36.652783203125, 35.53740234375002 36.597021484375, 35.393164062500006 36.5751953125, 35.17617187500002 36.63486328125, 34.94316406250002 36.72568359375, 34.81123046875001 36.799267578125, 34.70361328125 36.816796874999994, 34.60136718750002 36.784472656249996, 34.29960937500002 36.60419921875, 34.0234375 36.340771484375, 33.95488281250002 36.295214843749996, 33.69472656250002 36.181982421875, 33.52275390625002 36.143994140625, 33.44179687500002 36.15283203125, 33.09951171875002 36.102978515625, 32.92949218750002 36.095703125, 32.79482421875002 36.035888671875, 32.533789062500006 36.100732421874994, 32.37773437500002 36.183642578124996, 32.283789062500006 36.267871093749996, 32.13056640625001 36.449121093749994, 32.02197265625 36.535302734374994, 31.777929687500006 36.61279296875, 31.3525390625 36.801074218749996, 31.240625000000023 36.821728515625, 30.950292968750006 36.848681640624996, 30.64404296875 36.865673828125, 30.58203125 36.797167968749996, 30.558496093750023 36.525830078125, 30.50605468750001 36.451123046875, 30.48359375000001 36.310400390625, 30.446093750000017 36.269873046875, 30.387304687500006 36.24326171875, 30.29541015625 36.2876953125, 30.23164062500001 36.30732421875, 30.08320312500001 36.249365234375, 29.78925781250001 36.16806640625, 29.689062500000006 36.156689453125, 29.34833984375001 36.258837890624996, 29.2236328125 36.324462890625, 29.14326171875001 36.397216796875, 29.116113281250023 36.5201171875, 29.065527343750006 36.590087890625, 29.05810546875 36.638134765625, 29.03828125000001 36.69345703125, 28.969628906250023 36.71533203125, 28.895898437500023 36.673583984375, 28.81689453125 36.67529296875, 28.717675781250023 36.70087890625, 28.48359375000001 36.80380859375, 28.3037109375 36.811962890625, 28.195605468750017 36.686328124999996, 28.11152343750001 36.646386718749994, 28.019433593750023 36.63447265625, 28.01416015625 36.670214843749996, 28.083984375 36.75146484375, 27.803808593750006 36.736474609374994, 27.655859375000006 36.674609374999996, 27.540429687500023 36.684228515624994, 27.453906250000017 36.712158203125, 27.466894531250006 36.746337890625, 27.5546875 36.75888671875, 27.630859375 36.786669921874996, 27.934472656250023 36.80927734375, 28.00537109375 36.831982421875, 28.0830078125 36.920263671875, 28.224414062500017 36.996386718749996, 28.24238281250001 37.029052734375, 27.668359375000023 37.007421875, 27.348925781250017 37.019580078124996, 27.31103515625 36.981884765625, 27.262988281250017 36.9765625, 27.24970703125001 37.079150390624996, 27.300195312500023 37.126855468749994, 27.3681640625 37.122412109375, 27.535058593750023 37.163867187499996, 27.520117187500006 37.24912109375, 27.40058593750001 37.30673828125, 27.376269531250017 37.340722656249994, 27.28955078125 37.348681640624996, 27.21923828125 37.38916015625, 27.203906250000017 37.49140625, 27.14794921875 37.60361328125, 27.067968750000006 37.65791015625, 27.07783203125001 37.6876953125, 27.224414062500017 37.725439453125, 27.254785156250023 37.88232421875, 27.232421875 37.978662109374994, 27.15869140625 37.986865234374996, 26.94384765625 38.062890624999994, 26.87861328125001 38.05478515625, 26.807421875000017 38.138330078124994, 26.68281250000001 38.19833984375, 26.62109375 38.1763671875, 26.582421875000023 38.149267578125, 26.524707031250017 38.162255859374994, 26.42792968750001 38.21435546875, 26.332910156250023 38.242480468749996, 26.29072265625001 38.277197265625, 26.343652343750023 38.370068359375, 26.416406250000023 38.36787109375, 26.4296875 38.440625, 26.37226562500001 38.561914062499994, 26.377832031250023 38.624169921874994, 26.441308593750023 38.6412109375, 26.513574218750023 38.6294921875, 26.586523437500006 38.557031249999994, 26.6103515625 38.4869140625, 26.595019531250017 38.418603515624994, 26.64130859375001 38.352441406249994, 26.674218750000023 38.335742187499996, 26.696386718750006 38.40537109375, 26.727343750000017 38.418603515624994, 26.769921875000023 38.38818359375, 26.861425781250006 38.372949218749994, 27.0986328125 38.41572265625, 27.14423828125001 38.451953124999996, 26.97041015625001 38.4478515625, 26.906835937500006 38.481738281249996, 26.837792968750023 38.557568359375, 26.795312500000023 38.626416015625, 26.763671875 38.709619140624994, 26.790136718750006 38.736083984375, 26.9091796875 38.775781249999994, 27.013671875 38.886865234374994, 26.970117187500023 38.91904296875, 26.920312500000023 38.934228515624994, 26.8662109375 38.92294921875, 26.81494140625 38.960986328124996, 26.80830078125001 39.013916015625, 26.84931640625001 39.05673828125, 26.853613281250006 39.115624999999994, 26.68183593750001 39.292236328125, 26.710742187500017 39.339648437499996, 26.813281250000017 39.41904296875, 26.910937500000017 39.517333984375, 26.899218750000017 39.549658203125, 26.827050781250023 39.562890624999994, 26.48408203125001 39.520703125, 26.35078125000001 39.48408203125, 26.113085937500017 39.4673828125, 26.095996093750017 39.520800781249996, 26.101367187500017 39.5689453125, 26.154687500000023 39.656640624999994, 26.149804687500023 39.872851562499996, 26.18134765625001 39.990087890625, 26.313378906250023 40.025, 26.475390625000017 40.197265625, 26.738085937500017 40.400244140625, 27.012109375000023 40.396337890625, 27.121679687500006 40.45234375, 27.284570312500023 40.455615234374996, 27.332617187500006 40.375927734375, 27.4755859375 40.319921875, 27.72802734375 40.32880859375, 27.848535156250023 40.381738281249994, 27.731835937500023 40.481494140624996, 27.769140625000006 40.509619140625, 27.874902343750023 40.512939453125, 27.989550781250017 40.489453125, 27.99482421875001 40.466601562499996, 27.96435546875 40.435302734375, 27.92890625000001 40.380419921874996, 27.96259765625001 40.369873046875, 28.2890625 40.40302734375, 28.630273437500023 40.37646484375, 28.738867187500006 40.390869140625, 29.007128906250017 40.38974609375, 29.05517578125 40.424169921875, 28.974023437500023 40.4673828125, 28.894628906250006 40.482421875, 28.787890625000017 40.534033203125, 28.9580078125 40.63056640625, 29.507617187500017 40.708398437499994, 29.84492187500001 40.738085937499996, 29.849218750000006 40.760107421875, 29.36474609375 40.80927734375, 29.259765625 40.847314453124994, 29.113867187500006 40.937841796875, 29.045507812500006 41.007568359375, 29.094335937500006 41.17724609375, 29.14814453125001 41.221044921875, 29.322265625 41.227734375, 29.919335937500023 41.150830078125, 30.34492187500001 41.196923828124994, 30.81005859375 41.084863281249994, 31.2548828125 41.1076171875, 31.3466796875 41.15791015625, 31.4580078125 41.32001953125, 32.08642578125 41.589208984375, 32.30644531250002 41.72958984375, 32.54218750000001 41.806396484375, 32.94667968750002 41.891748046874994, 33.284765625000006 42.00458984375, 33.38134765625 42.017578125, 34.192968750000006 41.963671874999996, 34.75048828125 41.956835937499996, 35.006445312500006 42.063281249999996, 35.154882812500006 42.0275390625, 35.14101562500002 41.989501953125, 35.11406250000002 41.956982421875, 35.1220703125 41.89111328125, 35.20917968750001 41.794384765625, 35.29775390625002 41.728515625, 35.55800781250002 41.634033203125, 35.91982421875002 41.713720703125, 36.0517578125 41.682568359375, 36.17919921875 41.426562499999996, 36.278417968750006 41.3361328125, 36.405371093750006 41.274609375, 36.50966796875002 41.262499999999996, 36.58710937500001 41.32666015625, 36.647070312500006 41.3525390625, 36.77773437500002 41.3634765625, 36.99199218750002 41.275390625, 37.06621093750002 41.184423828125, 37.43095703125002 41.114111328125, 37.765625 41.078906249999996, 37.91005859375002 41.001904296875, 38.38105468750001 40.92451171875, 38.55693359375002 40.9365234375, 38.852148437500006 41.01767578125, 39.426367187500006 41.1064453125, 39.80791015625002 40.98251953125, 39.9111328125 40.966455078124994, 40.00019531250001 40.9771484375, 40.12841796875 40.943017578124994, 40.265234375000006 40.961328124999994, 40.6875 41.107421875, 40.81953125000001 41.190234374999996, 40.95947265625 41.21162109375, 41.083593750000006 41.261181640625, 41.41435546875002 41.423632812499996, 41.701757812500006 41.705419921875, 41.7587890625 41.817138671875, 41.76298828125002 41.970019531249996, 41.66328125000001 42.146874999999994, 41.48876953125 42.659326171874994, 41.41943359375 42.737646484375, 41.12871093750002 42.828125, 41.061621093750006 42.930859375, 40.83662109375001 43.0634765625, 40.524023437500006 43.121044921875, 40.46210937500001 43.145703125, 40.19062500000001 43.312402343749994, 39.873632812500006 43.472802734374994, 39.516699218750006 43.727880859375, 39.32939453125002 43.897265624999996, 38.71728515625 44.2880859375, 38.635839843750006 44.318017578124994, 38.31181640625002 44.374462890625, 38.181250000000006 44.419677734375, 37.85146484375002 44.698828125, 37.70488281250002 44.661376953125, 37.57246093750001 44.670849609375, 37.4951171875 44.695263671875, 37.41132812500001 44.7353515625, 37.35234375000002 44.788378906249996, 37.28408203125002 44.905029296875, 37.20478515625001 44.971972656249996, 36.944433593750006 45.069580078125, 36.65078125000002 45.12646484375, 36.62763671875001 45.151318359375, 36.619140625 45.185498046875, 36.873046875 45.251757812499996, 36.94121093750002 45.289697265624994, 36.81103515625 45.3400390625, 36.76162109375002 45.34833984375, 36.72041015625001 45.371874999999996, 36.79375000000002 45.409716796874996, 36.86591796875001 45.427050781249996, 36.97783203125002 45.383593749999996, 37.103515625 45.302880859374994, 37.21357421875001 45.272314453125, 37.264257812500006 45.310937499999994, 37.64716796875001 45.377197265625, 37.672949218750006 45.429736328124996, 37.671875 45.48837890625, 37.634375000000006 45.486328125, 37.609960937500006 45.49951171875, 37.612402343750006 45.564697265625, 37.66923828125002 45.654052734375, 37.840917968750006 45.799560546875, 37.93310546875 46.001708984375, 38.014257812500006 46.047753906249994, 38.073828125000006 46.01708984375, 38.06972656250002 45.969873046874994, 38.07958984375 45.934814453125, 38.1328125 46.002832031249994, 38.18359375 46.09482421875, 38.31181640625002 46.095361328124994, 38.400390625 46.080029296875, 38.492285156250006 46.09052734375, 38.31523437500002 46.241943359375, 38.077734375000006 46.394335937499996, 37.9775390625 46.382861328124996, 37.91386718750002 46.406494140625, 37.8095703125 46.532080078125, 37.76650390625002 46.636132812499994, 37.86738281250001 46.6337890625, 37.96796875000001 46.618017578125, 38.15947265625002 46.690673828125, 38.22998046875 46.70126953125, 38.34345703125001 46.6783203125, 38.5009765625 46.663671875, 38.48802804824872 46.73196798588179, 42.68311939982986 45.186160033533135, 44.38525843111683 44.39119841033707, 45.9236037640166 43.46716384296057, 47.285219841576186 42.42912951983643, 48.46234487653161 41.292699949431636, 49.45164182475086 40.073585651045434, 50.253360230266715 38.78727595632149, 50.870511721580044 37.448806161076206, 51.30812626759566 36.072607151174566, 51.57262440796293 34.67242184287085, 51.67131651202414 33.26127215562259, 51.612024259538615 31.85146154468617, 51.402810691815795 30.454600363764783, 51.051801432413924 29.08164382333056, 50.956678575104945 28.818932879703752, 50.86699218750002 28.870166015624996)), ((37.54335937500002 47.074560546875, 37.33984375 46.916894531249994, 37.21855468750002 46.917333984375, 37.04755859375001 46.876220703125, 36.93203125000002 46.825146484375, 36.79482421875002 46.714404296874996, 36.68867187500001 46.764111328125, 36.55878906250001 46.7626953125, 36.43203125000002 46.732568359374994, 36.27949218750001 46.658593749999994, 36.19462890625002 46.6455078125, 36.02490234375 46.666796874999996, 35.8271484375 46.624316406249996, 35.40019531250002 46.381396484374996, 35.25664062500002 46.203906249999996, 35.13232421875 46.125878906249994, 35.055273437500006 46.10400390625, 35.01455078125002 46.106005859374996, 35.2177734375 46.232177734375, 35.28017578125002 46.2794921875, 35.29091796875002 46.314404296875, 35.2919921875 46.370703125, 35.23037109375002 46.440625, 35.064062500000006 46.267236328124994, 34.96953125000002 46.242089843749994, 34.849609375 46.189892578125, 34.84375 46.073583984375, 34.85732421875002 45.987353515624996, 34.90664062500002 45.878808593749994, 35.02285156250002 45.700976562499996, 35.26015625000002 45.446923828124994, 35.37392578125002 45.35361328125, 35.45751953125 45.316308593749994, 35.55800781250002 45.310888671875, 35.7509765625 45.38935546875, 35.83349609375 45.401611328125, 36.01289062500001 45.3716796875, 36.0771484375 45.424121093749996, 36.170507812500006 45.453076171875, 36.29033203125002 45.45673828125, 36.42705078125002 45.433251953124994, 36.57500000000002 45.3935546875, 36.514257812500006 45.303759765624996, 36.450781250000006 45.232324218749994, 36.39335937500002 45.065380859375, 36.22988281250002 45.0259765625, 36.054785156250006 45.030810546874996, 35.8701171875 45.005322265625, 35.75947265625001 45.070849609374996, 35.67753906250002 45.102001953125, 35.56953125000001 45.1193359375, 35.47255859375002 45.098486328125, 35.35781250000002 44.978417968749994, 35.15478515625 44.896337890625, 35.08769531250002 44.802636718749994, 34.887792968750006 44.823583984375, 34.716894531250006 44.80712890625, 34.46992187500001 44.7216796875, 34.28173828125 44.538427734375, 34.07441406250001 44.423828125, 33.90996093750002 44.387597656249994, 33.75566406250002 44.39892578125, 33.655859375000006 44.433203125, 33.45068359375 44.553662109375, 33.46269531250002 44.596826171874994, 33.491308593750006 44.618603515625, 33.53007812500002 44.680517578125, 33.61220703125002 44.9078125, 33.601171875000006 44.981494140624996, 33.55517578125 45.09765625, 33.39248046875002 45.187841796875, 33.26152343750002 45.170751953125, 33.18691406250002 45.194775390625, 32.91865234375001 45.34814453125, 32.77265625000001 45.358984375, 32.611328125 45.328076171875, 32.551855468750006 45.350390624999996, 32.50800781250001 45.40380859375, 32.82802734375002 45.593017578125, 33.14228515625001 45.74921875, 33.28007812500002 45.765234375, 33.46621093750002 45.837939453124996, 33.66484375000002 45.947070312499996, 33.63671875 46.032861328124994, 33.59414062500002 46.096240234374996, 33.42988281250001 46.0576171875, 33.26347656250002 46.12568359375, 33.202246093750006 46.175732421875, 32.94179687500002 46.123779296875, 32.796875 46.131494140624994, 32.47675781250001 46.08369140625, 32.32988281250002 46.13037109375, 32.035742187500006 46.260986328125, 31.925195312500023 46.287255859374994, 31.83125000000001 46.281689453125, 31.77998046875001 46.324658203125, 31.842871093750006 46.346142578125, 31.915917968750023 46.348681640624996, 31.99169921875 46.364404296874994, 32.01308593750002 46.387158203125, 32.00849609375001 46.429980468749996, 31.855761718750017 46.462451171874996, 31.713671875000017 46.47177734375, 31.623632812500006 46.51025390625, 31.55488281250001 46.554296875, 31.71601562500001 46.554980468749996, 31.8779296875 46.5216796875, 32.131445312500006 46.509375, 32.361328125 46.474951171875, 32.4189453125 46.5177734375, 32.55253906250002 46.5919921875, 32.57802734375002 46.615624999999994, 32.354101562500006 46.564843749999994, 32.12724609375002 46.597216796874996, 32.04433593750002 46.642480468749994, 31.97431640625001 46.708789062499996, 31.944921875000006 46.784375, 31.96406250000001 46.854833984375, 31.939550781250006 46.981982421874996, 31.86474609375 47.095117187499994, 31.838183593750017 47.1572265625, 31.759179687500023 47.212841796875, 31.8369140625 47.08701171875, 31.86591796875001 47.003271484375, 31.912695312500006 46.926123046875, 31.901660156250017 46.721630859375, 31.872851562500017 46.649755859375, 31.779589843750017 46.631640624999996, 31.657031250000017 46.642431640625, 31.532128906250023 46.66474609375, 31.563378906250023 46.777294921875, 31.496875000000017 46.73837890625, 31.402929687500006 46.628808593749994, 31.3203125 46.6125, 31.136816406250006 46.624462890625, 30.796289062500023 46.552001953125, 30.772851562500023 46.473046874999994, 30.7216796875 46.3662109375, 30.672265625000023 46.304003906249996, 30.65673828125 46.266503906249994, 30.511523437500017 46.105371093749994, 30.219042968750017 45.866748046874996, 30.184179687500006 45.849951171875, 30.006640625000017 45.79794921875, 29.901660156250017 45.752392578125, 29.821191406250023 45.732080078124994, 29.68505859375 45.754687499999996, 29.62841796875 45.722460937499996, 29.601660156250006 45.682519531249994, 29.601171875000006 45.599999999999994, 29.670312500000023 45.540673828124994, 29.726953125000023 45.343310546874996, 29.635351562500006 44.979638671874994, 29.60546875 44.915478515625, 29.557519531250023 44.843408203124994, 29.048242187500023 44.757568359375, 29.0810546875 44.798828125, 29.069140625000017 44.871142578124996, 29.047753906250023 44.925683593749994, 29.095312500000006 44.975048828125, 28.98066406250001 44.992919921875, 28.930566406250023 44.9658203125, 28.891503906250023 44.91865234375, 28.926171875000023 44.810009765625, 28.849023437500023 44.71630859375, 28.846484375000017 44.636865234374994, 28.813574218750006 44.602490234375, 28.807031250000023 44.5650390625, 28.88818359375 44.574755859374996, 28.85175781250001 44.506103515625, 28.69921875 44.37421875, 28.645410156250023 44.295654296875, 28.658593750000023 43.983837890625, 28.590722656250023 43.797412109374996, 28.561816406250017 43.501318359375, 28.465429687500006 43.389306640624994, 28.319628906250017 43.42685546875, 28.133691406250023 43.39560546875, 28.03515625 43.26826171875, 27.92890625000001 43.1861328125, 27.896484375 43.020703125, 27.88886718750001 42.74970703125, 27.818359375 42.716650390625, 27.753710937500017 42.70654296875, 27.484765625000023 42.468066406249996, 27.639550781250023 42.4009765625, 27.70820312500001 42.349951171875, 27.821386718750006 42.2080078125, 27.982714843750017 42.047412109374996, 28.014453125000017 41.969042968749996, 27.9873046875 41.854882812499994, 28.05029296875 41.729150390624994, 28.197851562500006 41.554492187499996, 28.34638671875001 41.466357421874996, 28.94677734375 41.248388671875, 29.057226562500006 41.229736328125, 29.032128906250023 41.140478515625, 28.995996093750023 41.0611328125, 28.95625000000001 41.008203124999994, 28.780371093750006 40.974169921874996, 28.294921875 41.071484375, 28.172167968750017 41.080712890624994, 28.085546875000006 41.061328124999996, 27.925195312500023 40.990576171875, 27.747363281250017 41.01328125, 27.499414062500023 40.97314453125, 27.43017578125 40.83994140625, 27.25800781250001 40.687353515625, 26.974609375 40.564013671874996, 26.772070312500006 40.498046875, 26.46796875000001 40.261474609375, 26.329980468750023 40.123388671875, 26.202734375000006 40.075390625, 26.225976562500023 40.14169921875, 26.260156250000023 40.202392578125, 26.252343750000023 40.24814453125, 26.253808593750023 40.314697265625, 26.355273437500017 40.390234375, 26.44746093750001 40.44501953125, 26.720312500000006 40.544238281249996, 26.792089843750006 40.626611328124994, 26.578125 40.624658203124994, 26.360937500000006 40.606347656249994, 26.224218750000006 40.618066406249994, 26.10546875 40.611328125, 26.0107421875 40.769140625, 25.85566406250001 40.844091796875, 25.49677734375001 40.88779296875, 25.325292968750006 40.943115234375, 25.250097656250006 40.9328125, 25.1044921875 40.9947265625, 25.004687500000017 40.967529296875, 24.79296875 40.85751953125, 24.6787109375 40.869482421875, 24.556542968750023 40.935595703124996, 24.47705078125 40.94775390625, 24.3837890625 40.912744140624994, 24.234375 40.7861328125, 24.082324218750017 40.724072265625, 23.946093750000017 40.748339843749996, 23.762792968750006 40.747802734375, 23.743261718750006 40.677001953125, 23.778710937500023 40.627978515624996, 23.87890625 40.544384765625, 23.831933593750023 40.48154296875, 23.866796875000006 40.4185546875, 23.932031250000023 40.40576171875, 24.030566406250017 40.409326171874994, 24.212792968750023 40.327783203124994, 24.29248046875 40.241796875, 24.343359375000006 40.147705078125, 24.232421875 40.215185546875, 24.158789062500006 40.280029296875, 24.056054687500023 40.303564453125, 23.913183593750006 40.358789062499994, 23.82343750000001 40.368017578125, 23.727929687500023 40.329736328124994, 23.720507812500017 40.286279296874994, 23.82343750000001 40.205126953124996, 23.917578125000006 40.155224609375, 23.96748046875001 40.114550781249996, 24.000781250000017 40.024609375, 23.981835937500023 39.994042968749994, 23.947070312500017 39.965576171875, 23.835351562500023 40.022265624999996, 23.66455078125 40.223828125, 23.42626953125 40.263964843749996, 23.38642578125001 40.221972656249996, 23.433203125000006 40.1154296875, 23.467089843750017 40.07392578125, 23.674121093750017 39.958886718749994, 23.657519531250017 39.934472656249994, 23.627343750000023 39.924072265625, 23.395605468750006 39.98984375, 23.328222656250006 40.08994140625, 23.31201171875 40.216455078124994, 23.09814453125 40.304296875, 22.896484375 40.39990234375, 22.851367187500017 40.490624999999994, 22.892871093750017 40.524267578125, 22.922265625000023 40.590869140624996, 22.811425781250023 40.57861328125, 22.74189453125001 40.536474609375, 22.629492187500006 40.495556640625, 22.624902343750023 40.428613281249994, 22.642675781250006 40.366601562499994, 22.60546875 40.276416015624996, 22.5693359375 40.1193359375, 22.592187500000023 40.036914062499996, 22.835742187500017 39.800585937499996, 22.919042968750006 39.62890625, 22.978808593750017 39.563818359375, 23.103417968750023 39.492041015625, 23.2333984375 39.358447265624996, 23.288476562500023 39.288818359375, 23.327734375000006 39.17490234375, 23.218359375000006 39.104394531249994, 23.154687500000023 39.101464843749994, 23.119433593750017 39.132763671875, 23.168750000000017 39.21044921875, 23.161718750000006 39.257763671875, 22.99287109375001 39.3310546875, 22.92138671875 39.30634765625, 22.838964843750006 39.258593749999996, 22.886035156250017 39.169970703124996, 22.93896484375 39.1115234375, 22.96552734375001 39.030908203124994, 23.066699218750017 39.037939453125, 22.930468750000017 38.947705078125, 22.802636718750023 38.901611328125, 22.596777343750006 38.890576171875, 22.569140625000017 38.867480468749996, 22.63427734375 38.85068359375, 22.6875 38.849169921874996, 22.774023437500006 38.800390625, 23.020312500000017 38.74189453125, 23.1376953125 38.66796875, 23.2529296875 38.66123046875, 23.368945312500017 38.525537109374994, 23.569628906250017 38.489404296874994, 23.683984375000023 38.352441406249994, 23.836035156250006 38.325488281249996, 23.96699218750001 38.275, 24.00537109375 38.226806640625, 24.024511718750006 38.139794921874994, 24.033007812500017 37.955322265625, 24.061328125000017 37.817919921874996, 24.062304687500017 37.77451171875, 24.05537109375001 37.709619140624994, 24.01972656250001 37.677734375, 23.971582031250023 37.6767578125, 23.877343750000023 37.777783203125, 23.732812500000023 37.884082031249996, 23.580468750000023 38.010546874999996, 23.537207031250006 38.032763671874996, 23.501757812500017 38.03486328125, 23.420214843750017 37.992089843749994, 23.193652343750017 37.959033203124996, 23.047460937500006 37.902636718749996, 23.03632812500001 37.878369140625, 23.08613281250001 37.853125, 23.14716796875001 37.795312499999994, 23.14716796875001 37.716259765625, 23.197558593750017 37.62021484375, 23.2626953125 37.59541015625, 23.347558593750023 37.597558593749994, 23.39619140625001 37.57978515625, 23.408789062500006 37.541552734374996, 23.490625000000023 37.4638671875, 23.4892578125 37.440185546875, 23.252539062500006 37.377294921875, 23.161523437500023 37.333837890625, 23.100000000000023 37.36376953125, 23.096484375000017 37.440576171874994, 23.01513671875 37.481787109375, 22.940527343750006 37.51708984375, 22.85107421875 37.5322265625, 22.775000000000006 37.585107421874994, 22.725390625000017 37.542138671874994, 22.765039062500023 37.393310546875, 22.85107421875 37.290820312499996, 22.995019531250023 37.015869140625, 23.060351562500017 36.853515625, 23.073535156250017 36.774951171874996, 23.041015625 36.64453125, 23.111718750000023 36.547607421875, 23.16015625 36.448095703125, 23.106835937500023 36.45185546875, 23.060546875 36.486962890624994, 22.98291015625 36.528369140624996, 22.832324218750017 36.687109375, 22.779882812500006 36.786181640624996, 22.717187500000023 36.7939453125, 22.6083984375 36.779736328125, 22.489062500000017 36.568164062499996, 22.48945312500001 36.446923828124994, 22.427734375 36.47578125, 22.374804687500017 36.513574218749994, 22.381250000000023 36.64619140625, 22.3759765625 36.701904296875, 22.23115234375001 36.882568359375, 22.16474609375001 36.90283203125, 22.1337890625 36.963916015624996, 22.080468750000023 37.028955078124994, 22.01171875 37.016503906249994, 21.95556640625 36.990087890625, 21.93427734375001 36.803662109375, 21.892382812500017 36.7373046875, 21.738085937500017 36.863232421875, 21.582910156250023 37.080957031249994, 21.57880859375001 37.200390625, 21.692480468750006 37.30927734375, 21.67890625000001 37.38720703125, 21.5712890625 37.541015625, 21.41621093750001 37.639941406249996, 21.32929687500001 37.669335937499994, 21.288476562500023 37.77451171875, 21.20527343750001 37.828857421875, 21.137988281250017 37.854150390624994, 21.12470703125001 37.8916015625, 21.14501953125 37.919287109375, 21.30810546875 38.02744140625, 21.403710937500023 38.196679687499994, 21.451171875 38.204736328124994, 21.548730468750023 38.164599609374996, 21.65839843750001 38.175097656249996, 21.748437500000023 38.274218749999996, 21.82470703125 38.328125, 21.95332031250001 38.321191406249994, 22.243750000000006 38.188720703125, 22.55585937500001 38.113232421875, 22.711523437500006 38.046923828124996, 22.799609375000017 37.981201171875, 22.920312500000023 37.958300781249996, 22.9169921875 38.007470703124994, 22.893164062500006 38.050927734374994, 22.95478515625001 38.074609374999994, 23.1220703125 38.07333984375, 23.183496093750023 38.133691406249994, 23.14892578125 38.176074218749996, 23.093554687500017 38.196435546874994, 23.03437500000001 38.202099609375, 22.995410156250017 38.21552734375, 22.932519531250023 38.201953124999996, 22.834375000000023 38.234716796875, 22.78369140625 38.26171875, 22.75390625 38.289501953125, 22.583398437500023 38.344921875, 22.421679687500017 38.438525390624996, 22.38525390625 38.385546874999996, 22.319921875000006 38.356835937499994, 22.226855468750017 38.352832031249996, 21.96533203125 38.412451171875, 21.8046875 38.366943359375, 21.65009765625001 38.35400390625, 21.567675781250017 38.33359375, 21.472558593750023 38.32138671875, 21.39013671875 38.4078125, 21.35546875 38.4748046875, 21.3310546875 38.4873046875, 21.32978515625001 38.424365234374996, 21.303320312500006 38.373925781249994, 21.1826171875 38.345556640625, 21.113183593750023 38.384667968749994, 20.9921875 38.65400390625, 20.87324218750001 38.775732421875, 20.77685546875 38.807519531249994, 20.7685546875 38.874414062499994, 20.77734375 38.927880859374994, 20.893164062500006 38.94111328125, 21.07421875 38.885156249999994, 21.111621093750017 38.896289062499996, 21.15234375 38.9220703125, 21.14453125 38.97919921875, 21.11835937500001 39.02998046875, 21.034082031250023 39.026269531249994, 20.922753906250023 39.036767578124994, 20.779687500000023 39.008544921875, 20.71337890625 39.03515625, 20.691308593750023 39.06748046875, 20.571679687500023 39.147705078125, 20.46826171875 39.255273437499994, 20.30078125 39.327099609375, 20.19140625 39.545800781249994, 20.099414062500017 39.641259765624994, 20.001269531250017 39.709423828125, 19.99560546875 39.801025390625, 19.96484375 39.872265625, 19.851855468750017 40.0435546875, 19.48457031250001 40.2099609375, 19.39814453125001 40.28486328125, 19.322265625 40.407080078125, 19.35859375000001 40.408740234374996, 19.440527343750006 40.37568359375, 19.45917968750001 40.40537109375, 19.439257812500017 40.470263671874996, 19.344628906250023 40.6220703125, 19.337500000000006 40.663818359375, 19.383886718750006 40.79072265625, 19.461230468750017 40.93330078125, 19.4560546875 41.1060546875, 19.480078125000006 41.236376953124996, 19.453417968750017 41.32099609375, 19.44062500000001 41.424755859375, 19.497363281250017 41.5626953125, 19.545800781250023 41.596826171874994, 19.57568359375 41.640429687499996, 19.577539062500023 41.787499999999994, 19.46826171875 41.85615234375, 19.342382812500006 41.869091796875, 19.186425781250023 41.948632812499994, 19.12226562500001 42.060498046875, 18.89423828125001 42.249462890625, 18.632910156250006 42.378076171874994, 18.619042968750023 42.398388671875, 18.645898437500023 42.442724609375, 18.591601562500017 42.444189453125, 18.553515625000017 42.428515624999996, 18.517480468750023 42.432910156249996, 18.3330078125 42.527880859374996, 18.16064453125 42.634033203125, 17.823828125000006 42.797412109374996, 17.5849609375 42.837158203125, 17.258203125000023 42.96845703125, 17.04541015625 43.014892578125, 17.12646484375 43.0255859375, 17.219824218750006 43.02587890625, 17.7236328125 42.85068359375, 17.667578125000006 42.897119140624994, 17.53730468750001 42.962255859375, 17.329882812500017 43.114892578124994, 17.12939453125 43.2111328125, 16.903125000000017 43.392431640625, 16.60029296875001 43.4640625, 16.393945312500023 43.543359374999994, 16.268945312500023 43.53125, 16.13105468750001 43.506298828125, 16.045996093750006 43.505517578124994, 15.985546875000011 43.519775390625, 15.942578125000011 43.5689453125, 15.949121093750023 43.606982421874996, 15.941503906250006 43.656640624999994, 15.820605468750017 43.7359375, 15.655664062500023 43.811279296875, 15.499414062500023 43.9087890625, 15.185839843750017 44.172119140625, 15.122949218750023 44.256787109375, 15.184667968750006 44.272900390625, 15.231347656250023 44.271435546875, 15.284277343750006 44.288818359375, 15.369726562500006 44.2892578125, 15.470996093750017 44.27197265625, 15.38134765625 44.328271484374994, 15.269824218750017 44.38349609375, 14.981347656250023 44.602929687499994, 14.895214843750011 44.706591796874996, 14.88525390625 44.818261718749994, 14.906542968750017 44.97138671875, 14.854589843750006 45.081005859375, 14.632031250000011 45.222900390625, 14.550488281250011 45.297705078125, 14.386132812500023 45.342138671875, 14.312695312500011 45.337792968749994, 14.2685546875 45.282519531249996, 14.236328125 45.15966796875, 14.090625000000017 44.997607421874996, 13.9658203125 44.83564453125, 13.899804687500023 44.829345703125, 13.860742187500023 44.83740234375, 13.742480468750017 44.991503906249996, 13.629296875000023 45.108203124999996, 13.603320312500017 45.231396484375, 13.517187500000006 45.481787109375, 13.577929687500017 45.516894531249996, 13.637304687500006 45.535937499999996, 13.783300781250006 45.627246093749996, 13.628320312500023 45.770947265625, 13.558203125000006 45.770703125, 13.465136718750017 45.7099609375, 13.206347656250017 45.771386718749994, 13.15673828125 45.74658203125, 13.1201171875 45.697900390624994, 13.0302734375 45.637499999999996, 12.903027343750011 45.610791015625, 12.76123046875 45.544287109375, 12.49755859375 45.461669921875, 12.43212890625 45.467919921874994, 12.5361328125 45.544921875, 12.491796875000006 45.546289062499994, 12.353808593750017 45.491992187499996, 12.274316406250023 45.446044921875, 12.248828125000017 45.36884765625, 12.225683593750006 45.241503906249996, 12.286328125000011 45.20771484375, 12.392480468750023 45.039794921875, 12.5234375 44.96796875, 12.497949218750023 44.8994140625, 12.463574218750011 44.84521484375, 12.384472656250011 44.79833984375, 12.319042968750011 44.83310546875, 12.278906250000006 44.8322265625, 12.248339843750017 44.722509765625, 12.304980468750017 44.429443359375, 12.396289062500017 44.223876953125, 12.48681640625 44.134228515625, 12.691113281250011 43.9947265625, 12.907031250000017 43.921191406249996, 13.295312500000023 43.686083984374996, 13.508203125000023 43.611669921875, 13.564160156250011 43.5712890625, 13.693261718750023 43.389892578125, 13.8046875 43.18037109375, 13.924902343750006 42.8515625, 14.010449218750011 42.68955078125, 14.182714843750006 42.5064453125, 14.540722656250011 42.244287109374994, 14.866113281250023 42.052539062499996, 15.168750000000017 41.934033203125, 15.404980468750011 41.913232421874994, 15.964062500000011 41.939453125, 16.0615234375 41.928124999999994, 16.164648437500006 41.89619140625, 16.18916015625001 41.814013671874996, 16.151269531250023 41.75849609375, 16.03369140625 41.70078125, 15.913769531250011 41.620849609375, 15.900488281250006 41.512060546875, 16.012597656250023 41.435400390625, 16.551855468750006 41.23203125, 17.103417968750023 41.062158203124994, 17.275195312500017 40.975439453125, 17.474218750000006 40.840576171875, 17.954980468750023 40.655175781249994, 18.0361328125 40.56494140625, 18.328222656250006 40.370849609375, 18.46064453125001 40.221044921875, 18.48583984375 40.104833984375, 18.42255859375001 39.986865234374996, 18.393457031250023 39.903613281249996, 18.34375 39.82138671875, 18.219335937500006 39.8525390625, 18.077929687500017 39.936962890625, 17.865039062500017 40.280175781249994, 17.476171875000006 40.31494140625, 17.395800781250017 40.340234374999994, 17.257714843750023 40.399072265624994, 17.249414062500023 40.437890624999994, 17.21533203125 40.48642578125, 17.179980468750017 40.502783203125, 17.03125 40.513476562499996, 16.92822265625 40.458056640624996, 16.807031250000023 40.326464843749996, 16.66962890625001 40.13720703125, 16.52998046875001 39.859667968749996, 16.521875000000023 39.74755859375, 16.597753906250006 39.638916015625, 16.824316406250006 39.5783203125, 16.99921875000001 39.481591796874994, 17.114550781250017 39.380615234375, 17.122949218750023 39.136572265625, 17.174609375000017 38.998095703124996, 17.098535156250023 38.919335937499994, 16.951464843750017 38.939794921875, 16.755468750000006 38.889697265624996, 16.61669921875 38.800146484375, 16.558984375000023 38.714794921875, 16.57421875 38.493554687499994, 16.54560546875001 38.409082031249994, 16.28242187500001 38.249560546874996, 16.144140625000006 38.086376953125, 16.109765625000023 38.01865234375, 16.05683593750001 37.941845703125, 15.724511718750023 37.939111328124994, 15.645800781250017 38.034228515624996, 15.64306640625 38.175390625, 15.7001953125 38.2623046875, 15.822363281250006 38.302978515625, 15.90478515625 38.48349609375, 15.87890625 38.613916015624994, 15.972363281250011 38.71259765625, 16.19677734375 38.759228515625, 16.2099609375 38.94111328125, 16.107421875 39.023828124999994, 16.07148437500001 39.139453124999996, 16.02363281250001 39.35361328125, 15.854394531250023 39.626513671874996, 15.763671875 39.870068359375, 15.692773437500023 39.990185546875, 15.585156250000011 40.05283203125, 15.390917968750017 40.052148437499994, 15.294531250000006 40.07001953125, 14.950878906250011 40.239013671875, 14.926953125000011 40.26474609375, 14.929101562500023 40.3095703125, 14.986132812500017 40.377490234374996, 14.947656250000023 40.4693359375, 14.906933593750011 40.556054687499994, 14.839550781250011 40.62998046875, 14.765722656250006 40.668408203125, 14.611230468750023 40.644775390625, 14.556933593750017 40.626416015625, 14.459375000000023 40.632714843749994, 14.382714843750023 40.599853515625, 14.339941406250006 40.598828125, 14.460546875000006 40.7287109375, 14.428125000000023 40.759326171874996, 14.308886718750017 40.812646484374994, 14.102343750000017 40.8271484375, 14.075878906250011 40.7939453125, 14.044335937500023 40.812255859375, 14.047656250000017 40.8703125, 13.859765625000023 41.12998046875, 13.7333984375 41.235644531249996, 13.669726562500017 41.2544921875, 13.554785156250006 41.232177734375, 13.361914062500006 41.278515625, 13.246875000000017 41.288867187499996, 13.183398437500017 41.277685546875, 13.088671875000017 41.24384765625, 13.041015625 41.2662109375, 13.024218750000017 41.300927734374994, 12.849218750000006 41.408740234374996, 12.630859375 41.469677734375, 12.205664062500006 41.812646484374994, 12.075292968750006 41.940869140625, 11.807031250000023 42.08203125, 11.637304687500006 42.287548828125, 11.498437500000023 42.362939453124994, 11.296289062500023 42.423291015625, 11.249707031250011 42.41572265625, 11.188867187500023 42.393115234374996, 11.141210937500006 42.389892578125, 11.103222656250011 42.4166015625, 11.141796875000011 42.444091796875, 11.184765625000011 42.456591796874996, 11.167773437500017 42.53515625, 10.937792968750017 42.738720703125, 10.803125000000023 42.804296875, 10.76513671875 42.844677734375, 10.737109375000017 42.899951171874996, 10.708398437500023 42.936328124999996, 10.644628906250006 42.957177734374994, 10.590234375000023 42.95361328125, 10.514843750000011 42.967529296875, 10.517285156250011 43.06513671875, 10.532324218750006 43.14013671875, 10.520800781250017 43.20380859375, 10.447558593750017 43.37119140625, 10.320507812500011 43.513085937499994, 10.245800781250011 43.852099609374996, 10.188085937500006 43.947509765625, 10.047656250000017 44.019970703125, 9.730859375000023 44.101171875, 9.289355468750017 44.319238281249994, 9.195996093750011 44.322998046875, 8.930371093750011 44.407763671874996, 8.765820312500011 44.422314453125, 8.551953125000011 44.346142578125, 8.292382812500023 44.136523437499996, 8.081640625000006 43.9189453125, 8.004980468750006 43.876757812499996, 7.733300781250023 43.802587890625, 7.4931640625 43.767138671874996, 7.261523437500017 43.696093749999996, 7.181445312500017 43.659130859375, 6.86474609375 43.438330078125, 6.716601562500017 43.373583984374996, 6.687402343750023 43.3345703125, 6.6572265625 43.261669921875, 6.570214843750023 43.199072265625, 6.494042968750023 43.169287109375, 6.305371093750011 43.138720703124996, 6.115917968750011 43.07236328125, 6.030566406250017 43.100976562499994, 5.809472656250023 43.097900390625, 5.671582031250011 43.17783203125, 5.406542968750017 43.228515625, 5.320214843750023 43.344921875, 5.199511718750017 43.352490234375, 5.120410156250017 43.348974609375, 5.073144531250023 43.366601562499994, 5.060839843750017 43.406298828124996, 5.059765625000011 43.44453125, 4.975976562500023 43.426953125, 4.911914062500017 43.426953125, 4.843554687500017 43.393945312499994, 4.807910156250017 43.405224609375, 4.787207031250006 43.401416015624996, 4.7890625 43.37890625, 4.712109375000011 43.373291015625, 4.628710937500017 43.387109374999994, 4.376171875000011 43.456396484375, 4.224218750000006 43.479638671874994, 4.162792968750011 43.503662109375, 4.113085937500017 43.563037109374996, 4.052636718750023 43.593066406249996, 3.9108398437500114 43.5630859375, 3.861621093750017 43.516357421875, 3.7847656250000057 43.46162109375, 3.2588867187500057 43.193212890625, 3.162890625000017 43.08076171875, 3.0517578125 42.91513671875, 3.0430664062500057 42.837890625, 3.0909179687500057 42.590869140624996, 3.1978515625000057 42.461181640625, 3.2398437500000057 42.36787109375, 3.287890625000017 42.343701171875, 3.3067382812500057 42.288964843749994, 3.2186523437500227 42.2603515625, 3.1664062500000227 42.256494140624994, 3.150390625 42.162451171875, 3.1751953125000227 42.135986328125, 3.224609375 42.111132812499996, 3.238085937500017 42.0822265625, 3.248046875 41.944238281249994, 3.1468750000000227 41.86103515625, 3.0048828125 41.767431640625, 2.3109375000000227 41.46650390625, 2.1456054687500057 41.320751953125, 2.0826171875000057 41.287402343749996, 1.5666015625000114 41.195605468749996, 1.205859375000017 41.097558593749994, 1.0329101562500114 41.062060546874996, 0.81689453125 40.8916015625, 0.714648437500017 40.8228515625, 0.7960937500000114 40.80380859375, 0.89111328125 40.72236328125, 0.859179687500017 40.68623046875, 0.7206054687500227 40.63046875, 0.6600585937500227 40.613330078124996, 0.6271484375000114 40.622216796874994, 0.5960937500000227 40.614501953125, 0.3636718750000227 40.31904296875, 0.1583984375000114 40.106591796874994, 0.0430664062500057 40.013964843749996, -0.075146484374983 39.875927734375, -0.3270019531249773 39.519873046875, -0.3289550781249773 39.41708984375, -0.2049316406249773 39.06259765625, -0.1337890625 38.969482421875, -0.034130859374983 38.8912109375, 0.1548828125000057 38.824658203125, 0.2015625000000227 38.759179687499994, 0.1363281250000057 38.69677734375, -0.052734375 38.585693359375, -0.3812499999999943 38.43564453125, -0.5208007812499886 38.317285156249994, -0.5506835937499943 38.203125, -0.6467773437499886 38.15185546875, -0.6832031249999773 37.992041015625, -0.7415527343749773 37.886132812499994, -0.7527343749999886 37.850244140624994, -0.814648437499983 37.769921874999994, -0.8230957031249773 37.71162109375, -0.7215820312499943 37.6310546875, -0.7718749999999943 37.596240234374996, -0.8221679687499943 37.58076171875, -1.3275390624999943 37.5611328125, -1.6409667968749773 37.386962890625, -1.797607421875 37.232861328125, -1.9393066406249773 36.945849609374996, -2.111523437499983 36.776660156249996, -2.187695312499983 36.745458984375, -2.3055664062499943 36.81982421875, -2.452832031249983 36.83115234375, -2.595703125 36.806494140625, -2.670605468749983 36.74755859375, -2.787548828124983 36.714746093749994, -2.90185546875 36.7431640625, -3.149169921875 36.75849609375, -3.2591308593749773 36.755761718749994, -3.4312499999999773 36.707910156249994, -3.578808593749983 36.73984375, -3.8277832031249943 36.7560546875, -4.366845703124994 36.718115234375, -4.434863281249989 36.700244140624996, -4.502246093749989 36.629150390625, -4.674121093749989 36.5064453125, -4.935302734375 36.50205078125, -5.171484374999977 36.423779296875, -5.230517578124989 36.3736328125, -5.329687499999977 36.235742187499994, -5.360937499999977 36.134912109374994, -5.381591796875 36.134082031249996, -5.4072265625 36.15888671875, -5.443603515625 36.1505859375, -5.462499999999977 36.073779296874996, -5.55126953125 36.038818359375, -5.62548828125 36.025927734374996, -5.808398437499989 36.088330078125, -5.960693359375 36.18173828125, -6.040673828124994 36.188427734375, -6.170458984374989 36.333789062499996, -6.226269531249983 36.42646484375, -6.265917968749989 36.526513671874994, -6.257714843749994 36.564843749999994, -6.268945312499994 36.596728515624996, -6.384130859374977 36.637011718749996, -6.412255859374994 36.728857421875, -6.328320312499983 36.84814453125, -6.259423828124994 36.898974609374996, -6.216796875 36.91357421875, -6.320947265624994 36.908496093749996, -6.396191406249983 36.831640625, -6.492431640625 36.954638671874996, -6.884619140624977 37.194238281249994, -6.859375 37.249169921874994, -6.86376953125 37.27890625, -6.929492187499989 37.21494140625, -6.974658203124989 37.1984375, -7.174951171874994 37.208789062499996, -7.493603515624983 37.168310546875, -7.834130859374994 37.005712890625, -7.939697265625 37.005419921874996, -8.136767578124989 37.077050781249994, -8.484326171874983 37.100048828125, -8.59765625 37.121337890625, -8.739111328124977 37.074609374999994, -8.848437499999989 37.07568359375, -8.935351562499989 37.016015624999994, -8.997802734375 37.032275390624996, -8.92626953125 37.166064453124996, -8.814160156249983 37.430810546874994, -8.818554687499983 37.592431640624994, -8.791845703124977 37.732812499999994, -8.822656249999994 37.871874999999996, -8.878955078124989 37.95869140625, -8.80224609375 38.183837890625, -8.810937499999994 38.299755859375, -8.881103515625 38.446679687499994, -8.668310546874977 38.42431640625, -8.733984374999977 38.482421875, -8.798876953124989 38.5181640625, -8.914794921875 38.512109374999994, -9.095996093749989 38.455224609374994, -9.186718749999983 38.43818359375, -9.213281249999994 38.448095703125, -9.203369140625 38.538964843749994, -9.250390624999994 38.65673828125, -9.177832031249977 38.687792968749996, -9.093310546874989 38.696679687499994, -9.021484375 38.746874999999996, -8.97705078125 38.8029296875, -9.00048828125 38.90302734375, -8.938085937499977 38.998095703124996, -8.791601562499977 39.078173828124996, -8.867480468749989 39.065966796874996, -8.954296874999983 39.016064453125, -9.091015624999983 38.83466796875, -9.135791015624989 38.7427734375, -9.252294921874977 38.712792968749994, -9.356738281249989 38.697900390624994, -9.410205078124989 38.70751953125, -9.47412109375 38.730859374999994, -9.479736328125 38.798779296875, -9.474755859374994 38.852929687499994, -9.431445312499989 38.96044921875, -9.414355468749989 39.112109374999996, -9.352832031249989 39.24814453125, -9.374755859375 39.338281249999994, -9.319628906249989 39.39111328125, -9.251416015624983 39.426025390625, -9.148291015624977 39.542578125, -9.004052734374994 39.820556640625, -8.837841796874983 40.115673828125, -8.851318359375 40.151806640625, -8.886621093749994 40.179443359375, -8.872656249999977 40.259082031249996, -8.772412109374983 40.6056640625, -8.731591796874994 40.650927734374996, -8.684619140624989 40.7525390625, -8.673974609374994 40.91650390625, -8.655566406249989 41.0294921875, -8.674609374999989 41.1544921875, -8.738378906249977 41.28466796875, -8.8056640625 41.560009765625, -8.810839843749989 41.651953125, -8.755419921874989 41.698388671874994, -8.846386718749983 41.70517578125, -8.887597656249994 41.764599609375, -8.878222656249989 41.832080078124996, -8.777148437499989 41.941064453124994, -8.852343749999989 41.926904296874994, -8.878320312499994 41.946875, -8.88720703125 42.105273437499996, -8.69091796875 42.274169921875, -8.729199218749983 42.287011718749994, -8.815820312499994 42.28525390625, -8.809960937499994 42.33447265625, -8.769384765624977 42.358154296875, -8.730029296874989 42.41171875, -8.776171874999989 42.434814453125, -8.812109374999977 42.470068359375, -8.809912109374977 42.562353515625, -8.799902343749977 42.599902343749996, -8.8115234375 42.64033203125, -8.98779296875 42.58564453125, -9.033105468749994 42.59384765625, -9.035058593749994 42.662353515625, -8.937207031249983 42.76669921875, -8.927197265624983 42.798583984375, -9.041601562499977 42.814013671874996, -9.127197265625 42.865234375, -9.179443359375 42.910986328125, -9.235205078124977 42.976904296875, -9.235644531249989 43.035791015624994, -9.178076171874977 43.1740234375, -9.024511718749977 43.23896484375, -8.873681640624994 43.334423828125, -8.665624999999977 43.3166015625, -8.537060546874983 43.337060546874994, -8.421582031249983 43.38583984375, -8.35546875 43.396826171875, -8.248925781249994 43.439404296875, -8.252294921874977 43.496923828125, -8.288867187499989 43.539599609374996, -8.256738281249994 43.579882812499996, -8.004687499999989 43.694384765624996, -7.852734374999983 43.706982421875, -7.698144531249994 43.764550781249994, -7.594580078124977 43.727343749999996, -7.503613281249983 43.73994140625, -7.399316406249994 43.69580078125, -7.261962890625 43.594628906249994, -7.060986328124983 43.553955078125, -6.900683593749989 43.58564453125, -6.617285156249977 43.5923828125, -6.475683593749977 43.578906249999996, -6.22412109375 43.603857421875, -6.080126953124989 43.594921875, -5.8466796875 43.645068359374996, -5.665820312499989 43.582470703125, -5.315722656249989 43.553173828125, -5.105273437499989 43.501855468749994, -4.523046874999977 43.41572265625, -4.312792968749989 43.41474609375, -4.015332031249983 43.4630859375, -3.889355468749983 43.499414062499994, -3.7740234374999773 43.477880859375, -3.6046386718749943 43.519482421875, -3.523632812499983 43.511035156249996, -3.4178710937499943 43.451708984374996, -3.045605468749983 43.37158203125, -2.947705078124983 43.439697265625, -2.8750488281249886 43.454443359375, -2.6070800781249943 43.412744140624994, -2.337109374999983 43.328027343749994, -2.1966796874999943 43.321923828124994, -1.9913085937499773 43.345068359375, -1.8285156249999943 43.400830078125, -1.6314453124999773 43.438037109374996, -1.48486328125 43.563769531249996, -1.3459960937499886 44.02021484375, -1.2455078124999943 44.559863281249996, -1.1708007812499943 44.66181640625, -1.0769531249999886 44.689843749999994, -1.1528808593749886 44.764013671875, -1.200390624999983 44.726464843749994, -1.2203124999999773 44.68662109375, -1.2452148437499773 44.66669921875, -1.1890624999999773 45.161474609375, -1.1490722656249943 45.342626953125, -1.081005859374983 45.532421875, -0.9417480468749773 45.457080078124996, -0.8263183593749943 45.380664062499996, -0.7666503906249886 45.314355468749994, -0.691113281249983 45.09345703125, -0.633984374999983 45.047119140625, -0.5484863281249943 45.0005859375, -0.582275390625 45.0513671875, -0.64111328125 45.090185546875, -0.733105468749983 45.384619140625, -0.790771484375 45.468017578125, -0.8806640624999886 45.53818359375, -1.1699707031249886 45.685937499999994, -1.195996093749983 45.714453125, -1.2099609375 45.770898437499994, -1.1143554687499773 45.768505859375, -1.03173828125 45.741064453125, -1.04150390625 45.77265625, -1.0660156249999773 45.8056640625, -1.1043945312499943 45.925341796874996, -1.1363769531249943 46.204833984375, -1.132031249999983 46.252685546875, -1.1462890624999886 46.311376953125, -1.3127929687499886 46.326904296875, -1.3924804687499943 46.35009765625, -1.7865234374999943 46.51484375, -1.9214355468749886 46.684814453125, -2.0593749999999886 46.810302734375, -2.092480468749983 46.865039062499996, -2.090283203124983 46.9205078125, -2.0188964843749773 47.037646484374996, -2.0819335937499943 47.111621093749996, -2.1435546875 47.126318359375, -2.1970703124999886 47.162939453125, -2.1485839843749943 47.223925781249996, -2.1083007812499943 47.262939453125, -2.027587890625 47.273583984374994, -1.9217285156249773 47.260644531249994, -1.8212890625 47.225341796875, -1.7425292968749773 47.215966796874994, -1.9753906249999886 47.310693359374994, -2.35302734375 47.278759765625, -2.4344238281249773 47.290966796875, -2.503124999999983 47.312060546874996, -2.530029296875 47.381591796875, -2.476318359375 47.412939453125, -2.427685546874983 47.4708984375, -2.4827148437499886 47.511621093749994, -2.5540527343749773 47.52705078125, -2.6659179687499943 47.526171874999996, -2.7703124999999886 47.5138671875, -2.7967773437499943 47.537255859374994, -2.733105468749983 47.601806640625, -2.7872070312499773 47.625537109374996, -2.964062499999983 47.60107421875, -3.064208984375 47.621337890625, -3.1588378906249943 47.694677734375, -3.2215820312499943 47.694140624999996, -3.2646972656249886 47.685107421874996, -3.32861328125 47.713330078125, -3.3958984374999943 47.72041015625, -3.4439453124999773 47.71103515625, -3.5078125 47.753125, -3.9009277343749886 47.837548828124994, -4.070703124999994 47.8478515625, -4.226416015624977 47.809619140624996, -4.312109374999977 47.822900390624994, -4.375097656249977 47.87744140625, -4.427978515625 47.9689453125, -4.678808593749977 48.039501953125, -4.629199218749989 48.085791015625, -4.512402343749983 48.096728515624996, -4.377832031249994 48.128808593749994, -4.329443359374977 48.169970703124996, -4.434619140624989 48.21796875, -4.51220703125 48.229736328125, -4.544335937499994 48.246972656249994, -4.5771484375 48.2900390625, -4.530664062499994 48.309716796874994, -4.497900390624977 48.299267578125, -4.4033203125 48.29306640625, -4.241406249999983 48.303662109375, -4.3017578125 48.347070312499994, -4.393164062499977 48.367626953125, -4.524804687499994 48.372314453125, -4.584716796875 48.35751953125, -4.719384765624994 48.363134765625, -4.74853515625 48.410009765625, -4.762499999999989 48.450244140624996, -4.720751953124989 48.539892578125, -4.531201171874983 48.619970703125, -4.058886718749989 48.70751953125, -3.855664062499983 48.694726562499994, -3.714794921874983 48.710498046874996, -3.5459960937499773 48.765673828124996, -3.4714843749999886 48.812939453125, -3.2314453125 48.8408203125, -3.0032226562499886 48.790673828124994, -2.7928710937499943 48.60107421875, -2.692333984374983 48.53681640625, -2.4461914062499943 48.648291015625, -2.0794433593749773 48.64501953125, -2.0037109374999886 48.582080078124996, -1.97314453125 48.635107421875, -1.905712890624983 48.697119140625, -1.8519531249999943 48.668847656249994, -1.82470703125 48.630517578124994, -1.4376464843749943 48.641406249999996, -1.37646484375 48.652587890625, -1.48046875 48.697607421875, -1.5654785156249886 48.805517578125, -1.5831054687499773 49.202392578125, -1.6903320312499943 49.31318359375, -1.813427734374983 49.490136718749994, -1.870068359374983 49.595117187499994, -1.8753906249999943 49.631396484374996, -1.8564453125 49.6837890625, -1.7051269531249886 49.680957031249996, -1.5882324218749773 49.66767578125, -1.36572265625 49.707275390625, -1.2586425781249773 49.68017578125, -1.2649414062499886 49.5982421875, -1.2322753906249773 49.494873046875, -1.1385253906249773 49.387890625, -0.9591308593749943 49.3931640625, -0.7655273437499943 49.359716796875, -0.5208984374999943 49.354541015624996, -0.1634765624999943 49.296777343749994, -0.0111816406249829 49.330224609374994, 0.1361328125000227 49.401513671874994, 0.4168945312500227 49.448388671874994, 0.439257812500017 49.473193359374996, 0.277636718750017 49.463281249999994, 0.12939453125 49.508447265624994, 0.109375 49.557519531249994, 0.1265625000000057 49.6015625, 0.1867187500000114 49.703027343749994, 0.6162109375 49.862939453124994, 0.924121093750017 49.910205078124996, 1.2455078125000227 49.9982421875, 1.4072265625 50.088525390624994, 1.5140625000000227 50.205078125, 1.5927734375 50.252197265625, 1.551562500000017 50.2939453125, 1.5794921875000227 50.7392578125, 1.6095703125000114 50.819482421874994, 1.6722656250000227 50.885009765625, 1.7676757812500057 50.935693359374994, 1.9125000000000227 50.990624999999994, 2.4457031250000227 51.06650390625, 2.9601562500000114 51.265429687499996, 3.2251953125000057 51.351611328124996, 3.42578125 51.393505859375, 3.5894531250000057 51.3994140625, 3.7165039062500114 51.369140625, 3.8833984375000057 51.3544921875, 4.011035156250017 51.395947265625, 4.111523437500011 51.360644531249996, 4.226171875000006 51.386474609375, 4.138867187500011 51.401513671874994, 4.006542968750011 51.443212890625, 3.8218750000000057 51.409375, 3.6935546875000114 51.44990234375, 3.5869140625 51.453906249999996, 3.5205078125 51.486181640625, 3.4489257812500114 51.540771484375, 3.4996093750000057 51.57666015625, 3.548632812500017 51.589111328125, 3.743945312500017 51.596044921875, 3.886035156250017 51.57421875, 4.141308593750011 51.45576171875, 4.205761718750011 51.456689453124994, 4.274121093750011 51.471630859375, 4.239355468750006 51.50390625, 4.080468750000023 51.551123046875, 4.004785156250023 51.595849609374994, 4.1826171875 51.610302734375, 4.158007812500017 51.633447265625, 4.134570312500017 51.672900390624996, 3.9468750000000057 51.810546875, 3.9789062500000227 51.847802734375, 4.026074218750011 51.927734375, 4.084863281250023 51.994091796875, 4.131738281250023 52.0119140625, 4.208789062500017 52.058984375, 4.376269531250017 52.196826171874996, 4.482812500000023 52.3091796875, 4.562109375000006 52.442578125, 4.678320312500006 52.809765625, 4.710552872517509 52.86823292491809, 4.818091990974412 52.86628912198725, 16.283747660841755 51.68232678713387, 17.929389577718855 51.387435739088104, 25.24360685229753 49.591313124335464, 32.53115757151185 48.531780756953246, 34.22992322323606 48.17205845536452, 35.85200497169314 47.70329020340117, 37.555770283771814 47.07548648052053, 37.54335937500002 47.074560546875)), ((48.22773437500001 29.936328124999996, 48.348242187500006 29.782666015624997, 48.34736328125001 29.719970703125, 48.34023437500002 29.694726562499994, 48.275390625 29.624316406249996, 48.21826171875 29.601953124999994, 48.1796875 29.61142578125, 48.142578125 29.665283203125, 48.08144531250002 29.79892578125, 48.11474609375 29.848779296874994, 48.1201171875 29.886328125, 48.13886718750001 29.89658203125, 48.15859375000002 29.9595703125, 48.18476562500001 29.978857421875, 48.22773437500001 29.936328124999996)), ((36.924414062500006 25.425537109375, 36.95478515625001 25.41464843749999, 36.90166015625002 25.383056640625, 36.87519531250001 25.383056640625, 36.76386718750001 25.50058593749999, 36.72207031250002 25.53403320312499, 36.5302734375 25.6015625, 36.50429687500002 25.64511718749999, 36.53359375000002 25.688720703125, 36.55410156250002 25.64536132812499, 36.58876953125002 25.619824218749997, 36.74755859375 25.558740234374994, 36.924414062500006 25.425537109375)), ((36.57988281250002 25.79541015625, 36.59560546875002 25.73486328125, 36.59550781250002 25.712792968749994, 36.58613281250001 25.69921875, 36.5439453125 25.734277343749994, 36.546484375000006 25.81162109374999, 36.58271484375001 25.855517578125003, 36.57988281250002 25.79541015625)), ((33.51445312500002 34.806445312499996, 33.41494140625002 34.750878906249994, 33.29658203125001 34.717724609375, 33.11552734375002 34.695556640625, 33.06230468750002 34.6748046875, 33.02490234375 34.6369140625, 33.02392578125 34.599999999999994, 33.007910156250006 34.569580078125, 32.94179687500002 34.57587890625, 32.91425781250001 34.635498046875, 32.8671875 34.6611328125, 32.750097656250006 34.647802734375, 32.692968750000006 34.649365234375, 32.44902343750002 34.729443359375, 32.41376953125001 34.77802734375, 32.31718750000002 34.9533203125, 32.30097656250001 35.082958984375, 32.39091796875002 35.0498046875, 32.47500000000002 35.089990234374994, 32.55595703125002 35.15576171875, 32.65234375 35.182666015624996, 32.77236328125002 35.159570312499994, 32.8798828125 35.180566406249994, 32.926367187500006 35.278076171875, 32.94160156250001 35.390429687499996, 33.12343750000002 35.358203124999996, 33.30781250000001 35.34150390625, 33.45878906250002 35.335888671875, 33.60761718750001 35.354150390624994, 34.0634765625 35.473974609375, 34.192480468750006 35.545703124999996, 34.27236328125002 35.569970703124994, 34.4111328125 35.629296874999994, 34.55605468750002 35.662060546875, 34.46318359375002 35.593505859375, 33.941992187500006 35.292041015624996, 33.90791015625001 35.202392578125, 33.931250000000006 35.140380859375, 34.02363281250001 35.045556640624994, 34.05019531250002 34.98837890625, 33.9365234375 34.971484374999996, 33.69941406250001 34.969873046874994, 33.51445312500002 34.806445312499996)), ((31.7001953125 46.2140625, 31.563867187500023 46.257763671875, 31.528710937500023 46.306591796875, 31.5087890625 46.37314453125, 31.584863281250023 46.303173828125, 31.638476562500017 46.27255859375, 32.01220703125 46.203906249999996, 32.15009765625001 46.154687499999994, 32.009375000000006 46.167822265625, 31.7001953125 46.2140625)), ((28.230078125000006 36.370263671874994, 28.14404296875 36.209863281249994, 28.067675781250017 36.129687499999996, 28.087792968750023 36.065332031249994, 27.96552734375001 36.047509765624994, 27.8427734375 35.929296875, 27.770605468750006 35.90830078125, 27.745703125000006 35.911035156249994, 27.71552734375001 35.957324218749996, 27.75732421875 36.069189453125, 27.718652343750023 36.14111328125, 27.71630859375 36.17158203125, 27.7744140625 36.213769531249994, 27.815234375000017 36.276953125, 27.914453125000023 36.3453125, 28.171484375000006 36.426220703125, 28.231835937500023 36.433642578124996, 28.230078125000006 36.370263671874994)), ((27.785742187500006 36.60751953125, 27.86250000000001 36.641162109374996, 27.86982421875001 36.622509765625, 27.869042968750023 36.582666015624994, 27.860156250000017 36.55390625, 27.838281250000023 36.537988281249994, 27.7880859375 36.58369140625, 27.785742187500006 36.60751953125)), ((26.918359375000023 36.725927734375, 26.95556640625 36.774218749999996, 27.061132812500006 36.840380859374996, 27.214941406250006 36.8986328125, 27.265625 36.905126953125, 27.352148437500006 36.868896484375, 27.193164062500017 36.809130859374996, 27.150976562500006 36.777587890625, 27.033593750000023 36.770751953125, 26.949609375000023 36.727099609374996, 26.918359375000023 36.725927734375)), ((27.176074218750017 35.465283203125, 27.13789062500001 35.409082031249994, 27.09912109375 35.456445312499994, 27.115820312500006 35.511132812499994, 27.070703125000023 35.59775390625, 27.156054687500017 35.72626953125, 27.158007812500017 35.788671875, 27.22314453125 35.820458984374994, 27.20703125 35.714453125, 27.1572265625 35.6294921875, 27.208886718750023 35.558935546875, 27.23359375000001 35.478564453124996, 27.176074218750017 35.465283203125)), ((26.638671875 37.780859375, 26.74335937500001 37.809765625, 26.82441406250001 37.811425781249994, 26.947363281250006 37.778466796874994, 26.981542968750006 37.781982421875, 27.039648437500006 37.77001953125, 27.055078125000023 37.709277343749996, 26.978125000000006 37.700488281249996, 26.84492187500001 37.6447265625, 26.78828125000001 37.656982421875, 26.720507812500017 37.705468749999994, 26.612890625000006 37.710498046874996, 26.5810546875 37.72373046875, 26.638671875 37.780859375)), ((26.966601562500017 37.052099609375, 27.016015625000023 37.009667968749994, 27.040136718750006 37.0015625, 27.034570312500023 36.975976562499994, 27.01972656250001 36.959033203124996, 26.919921875 36.945214843749994, 26.93769531250001 37.024609375, 26.888671875 37.087255859375, 26.966601562500017 37.052099609375)), ((26.16083984375001 39.02587890625, 26.10791015625 39.0810546875, 26.2451171875 39.164111328124996, 26.27314453125001 39.197558593749996, 26.17597656250001 39.194287109375, 26.072363281250006 39.095605468749994, 25.90625 39.138964843749996, 25.85546875 39.178662109375, 25.844140625000023 39.200048828125, 25.909570312500023 39.287548828125, 26.026464843750006 39.284619140625, 26.08837890625 39.304296875, 26.164843750000017 39.331982421875, 26.165429687500023 39.37353515625, 26.347753906250006 39.3830078125, 26.41015625 39.329443359375, 26.39277343750001 39.2701171875, 26.531054687500017 39.171777343749994, 26.578222656250006 39.109521484374994, 26.595605468750023 39.048828125, 26.583984375 39.0314453125, 26.531542968750017 39.064355468749994, 26.488671875000023 39.0748046875, 26.50312500000001 39.0314453125, 26.547167968750017 38.994140625, 26.46875 38.972802734374994, 26.39013671875 38.973925781249996, 26.16083984375001 39.02587890625)), ((26.27001953125 36.546923828124996, 26.269824218750017 36.59541015625, 26.337011718750006 36.58056640625, 26.384179687500023 36.607861328125, 26.370019531250023 36.638574218749994, 26.421289062500023 36.62421875, 26.46064453125001 36.585400390625, 26.381640625000017 36.5615234375, 26.331445312500023 36.511376953124994, 26.27001953125 36.546923828124996)), ((26.086328125000023 37.634912109374994, 26.211523437500006 37.63828125, 26.325585937500023 37.673046875, 26.351367187500017 37.67431640625, 26.296875 37.619580078125, 26.204882812500017 37.568505859374994, 26.029296875 37.52939453125, 25.982421875 37.5255859375, 25.99677734375001 37.565576171874994, 26.086328125000023 37.634912109374994)), ((24.25537109375 35.468603515625, 24.257714843750023 35.423144531249996, 24.27490234375 35.385986328125, 24.312890625000023 35.363818359374996, 24.35400390625 35.35947265625, 24.534570312500023 35.380761718749994, 24.626953125 35.409912109375, 24.721289062500006 35.4248046875, 25.00312500000001 35.40986328125, 25.104296875000017 35.346923828125, 25.296777343750023 35.33935546875, 25.475683593750006 35.306201171874996, 25.569628906250017 35.328076171875, 25.73017578125001 35.348583984375, 25.755859375 35.3263671875, 25.735156250000017 35.184033203125, 25.745019531250023 35.142724609374994, 25.791308593750017 35.122851562499996, 25.83710937500001 35.132568359375, 25.893359375000017 35.17919921875, 26.02802734375001 35.215283203125, 26.167871093750023 35.215087890625, 26.285546875000023 35.309765625, 26.320214843750023 35.31513671875, 26.298632812500017 35.268603515624996, 26.280859375000006 35.159228515624996, 26.24433593750001 35.044677734375, 26.165625000000006 35.018603515624996, 26.046679687500017 35.01416015625, 25.829687500000006 35.025195312499996, 25.610937500000006 35.00732421875, 25.20576171875001 34.959277343749996, 24.7998046875 34.934472656249994, 24.745214843750006 34.950634765625, 24.735156250000017 35.05830078125, 24.708886718750023 35.0890625, 24.583398437500023 35.11533203125, 24.463671875000017 35.1603515625, 23.99433593750001 35.221923828125, 23.883593750000017 35.24609375, 23.638085937500023 35.235156249999996, 23.5927734375 35.257226562499994, 23.561621093750006 35.295166015625, 23.54755859375001 35.415576171874996, 23.56982421875 35.534765625, 23.608691406250017 35.566259765625, 23.626562500000006 35.53037109375, 23.672656250000017 35.513916015625, 23.715429687500006 35.550146484375, 23.71503906250001 35.604736328125, 23.736914062500006 35.655517578125, 23.770800781250017 35.634228515625, 23.793359375000023 35.556201171874996, 23.85224609375001 35.535449218749996, 24.013281250000006 35.529443359374994, 24.03437500000001 35.535400390625, 24.093359375000006 35.59384765625, 24.166015625 35.59521484375, 24.19775390625 35.537451171875, 24.1240234375 35.51083984375, 24.108984375000006 35.49580078125, 24.178515625000017 35.459521484374996, 24.25537109375 35.468603515625)), ((26.141210937500006 38.486181640625, 26.14960937500001 38.46845703125, 26.157031250000017 38.3029296875, 26.110742187500023 38.279638671875, 26.094042968750017 38.218066406249996, 25.99853515625 38.161523437499994, 25.891894531250017 38.243310546874994, 25.874316406250017 38.26962890625, 25.95263671875 38.302636718749994, 25.99140625000001 38.353515625, 25.9599609375 38.416015625, 25.85126953125001 38.5083984375, 25.846093750000023 38.574023437499996, 26.012500000000017 38.601708984374994, 26.110449218750006 38.54462890625, 26.16035156250001 38.54072265625, 26.141210937500006 38.486181640625)), ((25.771093750000006 36.7822265625, 25.7431640625 36.78974609375, 25.796777343750023 36.807031249999994, 25.834375000000023 36.825390625, 25.852441406250023 36.847558593749994, 25.941992187500006 36.886572265625, 26.00068359375001 36.937402343749994, 26.064453125 36.902734374999994, 25.984667968750017 36.879687499999996, 25.859375 36.790429687499994, 25.771093750000006 36.7822265625)), ((25.918359375000023 40.23798828125, 25.97705078125 40.17783203125, 25.970019531250017 40.136328125, 25.740234375 40.10546875, 25.6689453125 40.135888671874994, 25.74091796875001 40.1962890625, 25.874804687500017 40.233691406249996, 25.918359375000023 40.23798828125)), ((25.66425781250001 40.4638671875, 25.68574218750001 40.426562499999996, 25.572656250000023 40.400439453124996, 25.448046875000017 40.482812499999994, 25.56855468750001 40.515869140625, 25.624316406250017 40.491992187499996, 25.66425781250001 40.4638671875)), ((25.525292968750023 37.19638671875, 25.564355468750023 37.185107421874996, 25.587890625 37.1525390625, 25.584277343750017 37.039306640625, 25.5458984375 36.967578124999996, 25.45673828125001 36.9296875, 25.395898437500023 36.984375, 25.361914062500006 37.07041015625, 25.525292968750023 37.19638671875)), ((25.39716796875001 36.378955078124996, 25.412890625000017 36.4048828125, 25.414648437500006 36.442285156249994, 25.396875000000023 36.46533203125, 25.408984375000017 36.47373046875, 25.467382812500006 36.43505859375, 25.482421875 36.392626953124996, 25.435937500000023 36.340087890625, 25.370507812500023 36.358935546874996, 25.39716796875001 36.378955078124996)), ((25.402734375000023 37.419140625, 25.30712890625 37.412988281249994, 25.31269531250001 37.489306640624996, 25.34814453125 37.509179687499994, 25.462988281250006 37.471093749999994, 25.457421875000023 37.447070312499996, 25.402734375000023 37.419140625)), ((25.06220703125001 39.852392578125, 25.065234375000017 39.90986328125, 25.052343750000006 39.976367187499996, 25.058007812500023 39.999658203124994, 25.234179687500017 40.005419921874996, 25.285742187500006 39.956298828125, 25.348046875000023 39.984765624999994, 25.373632812500006 40.015527343749994, 25.449121093750023 40.034814453124994, 25.43769531250001 39.983300781249994, 25.39990234375 39.949560546875, 25.3720703125 39.89130859375, 25.357031250000006 39.80810546875, 25.298730468750023 39.806103515625, 25.26337890625001 39.82294921875, 25.251757812500017 39.854394531249994, 25.249414062500023 39.894140625, 25.22382812500001 39.892578125, 25.203222656250006 39.849414062499996, 25.185156250000006 39.829931640625, 25.12646484375 39.825830078124994, 25.06220703125001 39.852392578125)), ((25.40693359375001 36.717333984374996, 25.364355468750006 36.658349609374994, 25.288671875000006 36.721533203125, 25.25996093750001 36.758447265624994, 25.2958984375 36.78916015625, 25.40693359375001 36.717333984374996)), ((25.10546875 37.034960937499996, 25.146484375 37.107421875, 25.23505859375001 37.14853515625, 25.275292968750023 37.137841796874994, 25.271484375 37.0841796875, 25.278906250000006 37.068408203124996, 25.19941406250001 36.99130859375, 25.13330078125 36.999658203124994, 25.10546875 37.034960937499996)), ((25.156347656250006 37.545068359374994, 25.05195312500001 37.614453125, 25.01630859375001 37.645947265625, 24.996484375000023 37.676904296874994, 25.039355468750017 37.6806640625, 25.091796875 37.647998046874996, 25.225390625000017 37.630664062499996, 25.255859375 37.599609375, 25.21875 37.535107421875, 25.156347656250006 37.545068359374994)), ((24.94843750000001 37.857666015625, 24.99169921875 37.759619140625, 24.962207031250017 37.6923828125, 24.884082031250017 37.7705078125, 24.79853515625001 37.824023437499996, 24.766503906250023 37.870703125, 24.71435546875 37.898876953125, 24.7001953125 37.961669921875, 24.76337890625001 37.9875, 24.790429687500023 37.990136718749994, 24.855078125000006 37.913671875, 24.956347656250017 37.90478515625, 24.94843750000001 37.857666015625)), ((24.906542968750017 37.50888671875, 24.94287109375 37.493505859375, 24.937890625000023 37.389697265624996, 24.911523437500023 37.390576171875, 24.89619140625001 37.406591796875, 24.906542968750017 37.50888671875)), ((24.515527343750023 40.647021484374996, 24.516699218750006 40.68720703125, 24.585546875000006 40.76875, 24.623339843750017 40.792919921875, 24.719140625000023 40.786279296874994, 24.77363281250001 40.730273437499996, 24.78632812500001 40.703857421875, 24.768652343750006 40.65888671875, 24.774218750000017 40.615185546875, 24.645898437500023 40.579443359375, 24.515527343750023 40.647021484374996)), ((24.681445312500017 37.021630859374994, 24.716113281250017 37.023828124999994, 24.76318359375 36.94921875, 24.70263671875 36.91708984375, 24.67646484375001 36.959277343749996, 24.670996093750006 36.998583984374996, 24.681445312500017 37.021630859374994)), ((24.56904296875001 38.784814453124994, 24.541015625 38.788671875, 24.56640625 38.832373046875, 24.461035156250006 38.888623046875, 24.473437500000017 38.961669921875, 24.485644531250017 38.980273437499996, 24.564062500000006 38.942236328125, 24.58125000000001 38.878857421875, 24.674707031250023 38.809228515624994, 24.56904296875001 38.784814453124994)), ((24.220117187500023 38.338623046875, 24.275781250000023 38.220019531249996, 24.359667968750017 38.162499999999994, 24.463964843750006 38.1451171875, 24.563281250000017 38.147509765624996, 24.58837890625 38.123974609375, 24.578515625000023 38.020166015624994, 24.536523437500023 37.979736328125, 24.502343750000023 37.969921875, 24.41650390625 38.016552734375, 24.359472656250006 38.0185546875, 24.317773437500023 38.060351562499996, 24.212011718750006 38.117529296875, 24.19257812500001 38.151660156249996, 24.189062500000006 38.204296875, 24.144140625000006 38.243066406249994, 24.102832031250017 38.316845703125, 24.063574218750006 38.337207031249996, 24.040136718750006 38.389990234375, 23.7587890625 38.401220703125, 23.650781250000023 38.44306640625, 23.61738281250001 38.552539062499996, 23.505273437500023 38.612939453124994, 23.465234375000023 38.655859375, 23.364062500000017 38.735009765624994, 23.25214843750001 38.801220703125, 23.143945312500023 38.84482421875, 23.029101562500017 38.873388671875, 22.93574218750001 38.839648437499996, 22.88134765625 38.84765625, 22.87031250000001 38.870507812499994, 22.986328125 38.915917968749994, 23.145800781250017 39.002685546875, 23.258203125000023 39.03134765625, 23.31269531250001 39.034912109375, 23.415429687500023 38.958642578124994, 23.471972656250017 38.85009765625, 23.525000000000006 38.8134765625, 23.63623046875 38.77021484375, 23.6884765625 38.764697265624996, 23.878222656250017 38.686572265624996, 24.099023437500023 38.67099609375, 24.127539062500006 38.648486328124996, 24.154687500000023 38.588281249999994, 24.19970703125 38.541015625, 24.211035156250006 38.504248046875, 24.1875 38.463427734374996, 24.220117187500023 38.338623046875)), ((24.325976562500017 36.655615234375, 24.357421875 36.744287109374994, 24.425195312500023 36.712939453124996, 24.4501953125 36.728955078125, 24.460351562500023 36.747460937499994, 24.535742187500006 36.76376953125, 24.537500000000023 36.705029296875, 24.530664062500023 36.683984374999994, 24.325976562500017 36.655615234375)), ((24.529101562500017 37.192333984375, 24.535937500000017 37.16767578125, 24.523535156250006 37.12509765625, 24.48652343750001 37.11005859375, 24.4248046875 37.131982421874994, 24.441210937500017 37.186865234375, 24.483789062500023 37.210205078125, 24.529101562500017 37.192333984375)), ((24.394824218750017 37.450390625, 24.431250000000006 37.4751953125, 24.4814453125 37.408007812499996, 24.43574218750001 37.34443359375, 24.37890625 37.314111328124994, 24.397753906250017 37.383447265624994, 24.369726562500006 37.41962890625, 24.394824218750017 37.450390625)), ((24.400781250000023 37.6490234375, 24.35595703125 37.57685546875, 24.288964843750023 37.528271484375, 24.277441406250006 37.601123046874996, 24.320410156250006 37.677734375, 24.37910156250001 37.68271484375, 24.400781250000023 37.6490234375)), ((23.888085937500023 39.226367187499996, 23.97089843750001 39.267724609374994, 23.939746093750017 39.200537109375, 23.887988281250017 39.15830078125, 23.841210937500023 39.14658203125, 23.888085937500023 39.226367187499996)), ((23.59394531250001 39.20859375, 23.77978515625 39.114404296874994, 23.735156250000017 39.08056640625, 23.666113281250006 39.095361328124994, 23.59394531250001 39.20859375)), ((23.51142578125001 37.901171874999996, 23.43525390625001 37.911474609375, 23.419335937500023 37.93125, 23.439062500000006 37.940673828125, 23.462207031250017 37.980371093749994, 23.483691406250017 37.991113281249994, 23.515527343750023 37.98603515625, 23.53486328125001 37.97021484375, 23.55097656250001 37.92587890625, 23.51142578125001 37.901171874999996)), ((22.939453125 36.176220703125, 22.91083984375001 36.220996093749996, 22.905664062500023 36.3203125, 22.9326171875 36.36875, 22.950488281250017 36.383935546874994, 22.997851562500017 36.328125, 23.097070312500023 36.24658203125, 23.053808593750006 36.189794921875, 23.04218750000001 36.146386718749994, 22.939453125 36.176220703125)), ((20.909082031250023 37.73212890625, 20.81855468750001 37.66474609375, 20.70380859375001 37.743457031249996, 20.635058593750017 37.823144531249994, 20.619531250000023 37.855029296874996, 20.691503906250006 37.929541015625, 20.758691406250023 37.852978515625, 20.83984375 37.840722656249994, 20.993945312500017 37.7080078125, 20.909082031250023 37.73212890625)), ((20.4521484375 38.234179687499996, 20.391015625000023 38.188427734375, 20.3525390625 38.1798828125, 20.35224609375001 38.221728515624996, 20.40869140625 38.336767578125, 20.43505859375 38.356201171875, 20.4814453125 38.318212890625, 20.519628906250006 38.332324218749996, 20.54833984375 38.39453125, 20.55029296875 38.45654296875, 20.56318359375001 38.474951171875, 20.6123046875 38.383349609374996, 20.62470703125001 38.267871093749996, 20.695214843750023 38.24619140625, 20.788867187500017 38.14208984375, 20.78076171875 38.088818359375, 20.761328125000006 38.070556640625, 20.60615234375001 38.1197265625, 20.568945312500006 38.09765625, 20.523535156250006 38.106640625, 20.495507812500023 38.16416015625, 20.49873046875001 38.184374999999996, 20.4521484375 38.234179687499996)), ((20.709277343750017 38.318603515625, 20.646386718750023 38.414306640625, 20.623632812500006 38.480322265625, 20.649707031250017 38.483984375, 20.6748046875 38.476318359375, 20.701269531250006 38.451416015625, 20.701074218750023 38.425927734374994, 20.71162109375001 38.3986328125, 20.758691406250023 38.329443359375, 20.709277343750017 38.318603515625)), ((20.647851562500023 38.600976562499994, 20.583984375 38.601708984374994, 20.5546875 38.582568359374996, 20.557910156250017 38.661865234375, 20.59248046875001 38.760156249999994, 20.634667968750023 38.817578125, 20.694140625000017 38.84423828125, 20.719628906250023 38.799169921875, 20.71484375 38.638330078124994, 20.68671875000001 38.608691406249996, 20.647851562500023 38.600976562499994)), ((19.936816406250017 39.746728515624994, 19.862207031250023 39.692626953125, 19.8466796875 39.668115234374994, 19.904101562500017 39.619482421875, 19.927343750000006 39.505908203124996, 19.95527343750001 39.47041015625, 20.027734375000023 39.44208984375, 20.077929687500017 39.43271484375, 20.099609375 39.376611328124994, 19.975000000000023 39.411425781249996, 19.88398437500001 39.4615234375, 19.808886718750017 39.585302734375, 19.64892578125 39.726171875, 19.646484375 39.76708984375, 19.707324218750017 39.798095703125, 19.83857421875001 39.820117187499996, 19.926074218750017 39.773730468749996, 19.936816406250017 39.746728515624994)), ((17.744238281250006 42.700341796874994, 17.344140625000023 42.790380859375, 17.431933593750017 42.800390625, 17.607812500000023 42.76904296875, 17.744238281250006 42.700341796874994)), ((17.124121093750006 43.1154296875, 16.67919921875 43.12314453125, 16.5498046875 43.143896484375, 16.37646484375 43.213769531249994, 16.521386718750023 43.229248046875, 16.65595703125001 43.213769531249994, 16.697265625 43.174951171874994, 17.19404296875001 43.125781249999996, 17.124121093750006 43.1154296875)), ((16.650683593750017 42.99658203125, 16.835546875000006 42.968652343749994, 16.971093750000023 42.981494140624996, 17.093652343750023 42.96435546875, 17.169824218750023 42.9326171875, 17.188281250000017 42.917041015624996, 17.08935546875 42.914892578125, 16.9775390625 42.927783203124996, 16.850683593750006 42.8955078125, 16.738867187500006 42.912744140624994, 16.696386718750006 42.93369140625, 16.666308593750017 42.959912109375, 16.650683593750017 42.99658203125)), ((16.490332031250006 43.286181640624996, 16.423144531250017 43.317236328125, 16.44892578125001 43.387060546875, 16.6015625 43.381884765624996, 16.834375000000023 43.350830078125, 16.89130859375001 43.3146484375, 16.873632812500006 43.29794921875, 16.785253906250006 43.270654296874994, 16.62744140625 43.26806640625, 16.490332031250006 43.286181640624996)), ((15.193652343750017 37.282861328124994, 15.230273437500017 37.2443359375, 15.174121093750017 37.2091796875, 15.236035156250011 37.138720703124996, 15.288671875000006 37.096923828125, 15.294531250000006 37.01328125, 15.185156250000006 36.934814453125, 15.142382812500017 36.8916015625, 15.115820312500006 36.839257812499994, 15.104296875000017 36.78525390625, 15.116308593750006 36.736474609374994, 15.112597656250017 36.687841796875, 15.00244140625 36.693896484374996, 14.8896484375 36.723535156249994, 14.775976562500006 36.710400390625, 14.501855468750023 36.798681640625, 14.367285156250006 36.9728515625, 14.259082031250017 37.046435546874996, 14.142968750000023 37.103662109374994, 13.905468750000011 37.100634765624996, 13.800585937500017 37.135888671874994, 13.587109375000011 37.254150390625, 13.360937500000006 37.34873046875, 13.264941406250017 37.4103515625, 13.221093750000023 37.451806640624994, 13.169921875 37.479296874999996, 13.040332031250017 37.50654296875, 12.924121093750017 37.5705078125, 12.699023437500017 37.571826171874996, 12.640234375000006 37.5943359375, 12.526757812500023 37.66953125, 12.454394531250017 37.773779296875, 12.435546875 37.819775390625, 12.48681640625 37.938720703125, 12.547656250000017 38.0529296875, 12.601660156250006 38.0849609375, 12.664355468750017 38.10791015625, 12.734375 38.183056640625, 12.850683593750006 38.063720703125, 12.902734375000023 38.03486328125, 12.955468750000023 38.041308593749996, 13.049023437500011 38.08408203125, 13.056835937500011 38.130908203124996, 13.159960937500017 38.190332031249994, 13.291113281250006 38.191455078124996, 13.351660156250006 38.180517578125, 13.383496093750011 38.126806640625, 13.433496093750023 38.110253906249994, 13.491308593750006 38.103125, 13.681542968750023 38.000732421875, 13.73486328125 37.984033203124994, 13.788867187500017 37.981201171875, 13.936621093750006 38.024169921875, 14.050000000000011 38.04052734375, 14.287695312500006 38.016845703125, 14.416210937500011 38.042578125, 14.505957031250006 38.0455078125, 14.63671875 38.08505859375, 14.737207031250023 38.150781249999994, 14.789648437500006 38.1669921875, 14.98193359375 38.167578125, 15.118750000000006 38.152734374999994, 15.176074218750017 38.16806640625, 15.224023437500023 38.21103515625, 15.279589843750017 38.230371093749994, 15.340722656250023 38.217333984374996, 15.498730468750011 38.290869140625, 15.568359375 38.2958984375, 15.634667968750023 38.267578125, 15.576562500000023 38.2203125, 15.475683593750006 38.062939453125, 15.234472656250006 37.784814453124994, 15.164843750000017 37.58955078125, 15.099511718750023 37.45859375, 15.105664062500011 37.37548828125, 15.116992187500017 37.334716796875, 15.14599609375 37.308007812499994, 15.193652343750017 37.282861328124994)), ((15.374218750000011 43.914794921875, 15.30859375 43.960791015625, 15.27001953125 44.0107421875, 15.371386718750017 43.973828125, 15.437207031250011 43.89951171875, 15.374218750000011 43.914794921875)), ((15.121875000000017 44.093310546874996, 15.074609375000023 44.137841796874994, 15.065820312500023 44.157666015625, 15.231054687500006 44.062304687499996, 15.246679687500006 44.02705078125, 15.121875000000017 44.093310546874996)), ((15.006445312500006 44.534228515624996, 15.112988281250011 44.4357421875, 15.239941406250011 44.3501953125, 15.1884765625 44.335742187499996, 15.16259765625 44.3091796875, 15.03857421875 44.393017578125, 14.99609375 44.434326171875, 14.912792968750011 44.48583984375, 14.884667968750023 44.544726562499996, 14.760449218750011 44.66474609375, 14.741894531250011 44.69736328125, 14.803808593750006 44.648681640625, 14.855371093750023 44.61826171875, 14.898046875000006 44.61083984375, 15.006445312500006 44.534228515624996)), ((15.149804687500023 43.91181640625, 15.135839843750006 43.907275390624996, 14.891308593750011 44.125537109374996, 14.865039062500017 44.16796875, 14.952539062500023 44.1171875, 15.188769531250017 43.92236328125, 15.203027343750023 43.90771484375, 15.20166015625 43.897753906249996, 15.149804687500023 43.91181640625)), ((14.762500000000017 44.754638671875, 14.67822265625 44.769873046875, 14.660351562500011 44.7998046875, 14.690527343750006 44.84814453125, 14.754199218750017 44.84482421875, 14.763769531250006 44.82138671875, 14.831445312500023 44.758935546874994, 14.856640625000011 44.71484375, 14.762500000000017 44.754638671875)), ((14.739160156250023 45.065478515624996, 14.810253906250011 44.97705078125, 14.68701171875 44.955615234374996, 14.628320312500023 44.993945312499996, 14.612988281250011 45.025439453124996, 14.51171875 45.035400390625, 14.450390625000011 45.07919921875, 14.437890625000023 45.0986328125, 14.524609375000011 45.146826171875, 14.571093750000017 45.224755859374994, 14.629980468750006 45.178027343749996, 14.701171875 45.0900390625, 14.739160156250023 45.065478515624996)), ((14.448339843750006 35.957421874999994, 14.537011718750023 35.886279296874996, 14.566210937500017 35.852734375, 14.53271484375 35.820214843749994, 14.436425781250023 35.821679687499994, 14.352343750000017 35.872265625, 14.351269531250011 35.978417968749994, 14.448339843750006 35.957421874999994)), ((14.369140625 45.080957031249994, 14.393750000000011 45.03125, 14.467382812500006 44.97021484375, 14.452539062500023 44.869189453124996, 14.467578125000017 44.725341796875, 14.488085937500017 44.660058593749994, 14.480371093750023 44.621240234374994, 14.419531250000006 44.670312499999994, 14.388867187500011 44.75830078125, 14.312402343750023 44.900390625, 14.302539062500017 44.9404296875, 14.342187500000023 44.979931640625, 14.340039062500011 45.019970703125, 14.285839843750011 45.14462890625, 14.331250000000011 45.164990234375, 14.358203125000017 45.167431640625, 14.369140625 45.080957031249994)), ((14.3037109375 36.062304687499996, 14.320898437500006 36.03623046875, 14.3134765625 36.027587890625, 14.253613281250011 36.012158203125, 14.194238281250023 36.042236328125, 14.180371093750011 36.060400390625, 14.263281250000006 36.07578125, 14.3037109375 36.062304687499996)), ((13.962109375000011 40.739404296874994, 13.960839843750023 40.718164062499994, 13.938281250000017 40.705615234374996, 13.893652343750006 40.69697265625, 13.853515625 40.724072265625, 13.871191406250006 40.76181640625, 13.962109375000011 40.739404296874994)), ((11.948046875000017 36.843066406249996, 12.024218750000017 36.820947265624994, 12.05126953125 36.75703125, 12.003320312500023 36.745996093749994, 11.940625000000011 36.78037109375, 11.936425781250023 36.82861328125, 11.948046875000017 36.843066406249996)), ((11.123632812500006 34.681689453124996, 11.153027343750011 34.744580078125, 11.2548828125 34.8203125, 11.281054687500017 34.802197265625, 11.278027343750011 34.753808593749994, 11.123632812500006 34.681689453124996)), ((11.03759765625 33.785058593749994, 10.957617187500006 33.722070312499994, 10.931347656250011 33.717431640624994, 10.883007812500011 33.690185546875, 10.857421875 33.687158203124994, 10.784765625000006 33.717675781249994, 10.757031250000011 33.71748046875, 10.722070312500023 33.738916015624994, 10.73388671875 33.855615234374994, 10.745214843750006 33.888671875, 10.921972656250006 33.893115234374996, 11.017871093750017 33.82333984375, 11.033593750000023 33.805029296875, 11.03759765625 33.785058593749994)), ((10.358984375000006 42.822314453124996, 10.395117187500006 42.858154296875, 10.428320312500006 42.819189453125, 10.432226562500006 42.79658203125, 10.409960937500017 42.77099609375, 10.419335937500023 42.713183593749996, 10.335644531250011 42.761132812499994, 10.208984375 42.7369140625, 10.131250000000023 42.742041015625, 10.109765625000023 42.785058593749994, 10.127539062500006 42.810302734375, 10.248242187500011 42.815771484375, 10.285742187500006 42.828076171875, 10.358984375000006 42.822314453124996)), ((9.616992187500017 39.354394531249994, 9.5625 39.166015625, 9.486328125 39.139550781249994, 9.388085937500023 39.167529296874996, 9.26416015625 39.216796875, 9.206933593750023 39.213818359375, 9.149316406250023 39.19697265625, 9.101757812500011 39.211279296875, 9.056347656250011 39.239160156249994, 9.022656250000011 39.043261718749996, 8.966601562500017 38.963720703125, 8.88134765625 38.912890624999996, 8.801171875000023 38.90966796875, 8.718554687500017 38.926708984375, 8.648535156250006 38.926562499999996, 8.595410156250011 38.964306640625, 8.553320312500006 39.030322265624996, 8.418164062500011 39.205712890624994, 8.399121093750011 39.481591796874994, 8.447070312500017 39.562792968749996, 8.461035156250006 39.647705078125, 8.451171875 39.7216796875, 8.471093750000023 39.748095703124996, 8.5107421875 39.7216796875, 8.54052734375 39.731591796874994, 8.547753906250023 39.839208984375, 8.495898437500017 39.8974609375, 8.407812500000006 39.917236328125, 8.399316406250023 39.978173828124994, 8.408593750000023 40.037646484374996, 8.455078125 40.077587890625, 8.470800781250006 40.130712890625, 8.471289062500006 40.29267578125, 8.4091796875 40.352343749999996, 8.385351562500006 40.442675781249996, 8.353222656250011 40.500537109374996, 8.295507812500006 40.558642578124996, 8.230273437500017 40.60595703125, 8.18994140625 40.651611328125, 8.180859375000011 40.771044921874996, 8.203808593750011 40.870703125, 8.224218750000006 40.913330078125, 8.245214843750006 40.907031249999996, 8.310156250000006 40.85751953125, 8.36328125 40.846337890624994, 8.468457031250011 40.834326171875, 8.571875000000006 40.8501953125, 8.698925781250011 40.895263671875, 8.821191406250023 40.94990234375, 8.998144531250006 41.1103515625, 9.107226562500017 41.142919921875, 9.1630859375 41.18515625, 9.18212890625 41.2421875, 9.228417968750023 41.257080078125, 9.283007812500017 41.20166015625, 9.350781250000011 41.1958984375, 9.455175781250006 41.150146484375, 9.500195312500011 41.106347656249994, 9.538769531250011 41.053662109375, 9.57568359375 41.030517578125, 9.615332031250006 41.01728515625, 9.621191406250006 41.0048828125, 9.589746093750023 40.992480468749996, 9.5537109375 40.93212890625, 9.632031250000011 40.88203125, 9.682031250000023 40.818115234375, 9.794335937500023 40.556201171874996, 9.805273437500006 40.499560546874996, 9.782812500000006 40.44150390625, 9.754199218750017 40.400292968749994, 9.642968750000023 40.268408203125, 9.659472656250017 40.159228515624996, 9.700781250000006 40.091796875, 9.706738281250011 40.017041015625, 9.68603515625 39.924365234374996, 9.616992187500017 39.354394531249994)), ((9.330859375000017 41.6271484375, 9.25341796875 41.46005859375, 9.186132812500006 41.384912109374994, 9.003027343750006 41.4765625, 8.89501953125 41.516162109374996, 8.807519531250023 41.58837890625, 8.829785156250011 41.627685546875, 8.879003906250006 41.6685546875, 8.886816406250006 41.70068359375, 8.717968750000011 41.76142578125, 8.718652343750023 41.804003906249996, 8.758691406250023 41.870410156249996, 8.740429687500011 41.925146484375, 8.673632812500017 41.92236328125, 8.621875000000017 41.930712890624996, 8.615136718750023 41.959130859374994, 8.702539062500023 42.043115234374994, 8.700976562500017 42.095605468749994, 8.6416015625 42.118212890624996, 8.587792968750023 42.16083984375, 8.566210937500017 42.218798828124996, 8.60791015625 42.258447265624994, 8.675488281250011 42.284033203125, 8.625878906250023 42.343408203124994, 8.592382812500006 42.3447265625, 8.565625000000011 42.357714843749996, 8.587500000000006 42.385302734374996, 8.640039062500023 42.426562499999996, 8.713085937500011 42.549755859375, 8.814843750000023 42.60791015625, 9.043652343750011 42.661669921874996, 9.08837890625 42.704980468749994, 9.137890625000011 42.73291015625, 9.198046875000017 42.72919921875, 9.287695312500006 42.694628906249996, 9.313378906250023 42.713183593749996, 9.33837890625 42.766894531249996, 9.323046875000017 42.8140625, 9.330957031250023 42.943798828125, 9.363183593750023 43.017382812499996, 9.415234375000011 43.021484375, 9.463281250000023 42.981005859374996, 9.460839843750023 42.945214843749994, 9.478613281250006 42.860498046874994, 9.480371093750023 42.805419921875, 9.454199218750006 42.658593749999994, 9.473242187500006 42.615576171875, 9.509375000000006 42.585595703124994, 9.526171875000017 42.552636718749994, 9.556445312500017 42.160937499999996, 9.550683593750023 42.129736328125, 9.428417968750011 41.972412109375, 9.40087890625 41.926220703125, 9.394824218750017 41.731201171875, 9.374218750000011 41.67880859375, 9.330859375000017 41.6271484375)), ((8.478906250000023 39.067529296874994, 8.421484375000006 38.968652343749994, 8.360937500000006 39.038671875, 8.358593750000011 39.098779296874994, 8.366796875000006 39.11591796875, 8.440625000000011 39.090624999999996, 8.478906250000023 39.067529296874994)), ((8.205664062500006 40.997460937499994, 8.267382812500017 41.09912109375, 8.320214843750023 41.121874999999996, 8.34375 41.101611328124996, 8.318945312500006 41.062744140625, 8.286035156250023 41.039843749999996, 8.252734375000017 40.994140625, 8.205664062500006 40.997460937499994)), ((4.293652343750011 39.841845703124996, 4.275292968750023 39.8302734375, 3.9676757812500227 39.945849609374996, 3.8671875 39.958740234375, 3.8426757812500227 39.976367187499996, 3.8534179687500227 40.063037109374996, 4.059179687500006 40.075097656249994, 4.225781250000011 40.032373046874994, 4.315136718750011 39.917236328125, 4.322070312500017 39.897509765624996, 4.293652343750011 39.841845703124996)), ((4.067578125000011 51.66748046875, 4.075097656250023 51.648779296875, 3.950976562500017 51.62705078125, 3.8190429687500114 51.693994140625, 3.7318359375000227 51.67822265625, 3.699023437500017 51.709912109375, 3.698535156250017 51.7296875, 3.7890625 51.746435546875, 3.9491210937500227 51.739453125, 4.067578125000011 51.66748046875)), ((2.9000976562500114 39.368359375, 2.7998046875 39.385058593749996, 2.769824218750017 39.41025390625, 2.7459960937500227 39.51025390625, 2.7005859375000227 39.542138671874994, 2.634082031250017 39.556201171874996, 2.5758789062500114 39.530664062499994, 2.49951171875 39.477880859375, 2.458789062500017 39.53046875, 2.394335937500017 39.540380859375, 2.3700195312500227 39.572070312499996, 2.3712890625000114 39.613085937499996, 2.784960937500017 39.854833984375, 2.90478515625 39.90830078125, 3.15869140625 39.970507812499996, 3.197558593750017 39.961083984374994, 3.1644531250000227 39.924218749999994, 3.1669921875 39.90771484375, 3.1986328125000227 39.88984375, 3.19091796875 39.861376953124996, 3.15869140625 39.836572265624994, 3.145312500000017 39.790087890624996, 3.2411132812500227 39.756689453125, 3.3421875000000227 39.78671875, 3.4489257812500114 39.76123046875, 3.4618164062500227 39.69775390625, 3.4146484375000057 39.6271484375, 3.3487304687500057 39.5556640625, 3.29296875 39.47705078125, 3.2447265625000057 39.386621093749994, 3.154589843750017 39.333251953125, 3.0728515625000057 39.30126953125, 2.9000976562500114 39.368359375)), ((1.65673828125 52.753710937499996, 1.716113281250017 52.67724609375, 1.7433593750000114 52.578515625, 1.74658203125 52.468994140625, 1.7003906250000114 52.368896484375, 1.6473632812500227 52.278515625, 1.6146484375000227 52.16181640625, 1.5914062500000057 52.119775390625, 1.5589843750000227 52.086865234375, 1.4134765625000227 51.994775390625, 1.3167968750000227 51.95693359375, 1.2759765625000057 51.97353515625, 1.232421875 51.971240234374996, 1.227832031250017 51.94912109375, 1.2738281250000227 51.902099609375, 1.2744140625 51.845361328125, 1.1884765625 51.803369140625, 1.1011718750000057 51.785449218749996, 0.955078125 51.8078125, 0.752246093750017 51.72958984375, 0.8980468750000057 51.689404296875, 0.9274414062500114 51.646630859375, 0.890917968750017 51.571435546874994, 0.7992187500000227 51.537890624999996, 0.697558593750017 51.523046875, 0.5934570312500114 51.519482421875, 0.5072265625000227 51.50107421875, 0.4245117187500114 51.465624999999996, 0.5283203125 51.48447265625, 0.6002929687500114 51.46796875, 0.6455078125 51.404687499999994, 0.6865234375 51.386572265625, 0.8893554687500114 51.359521484374994, 1.014941406250017 51.359716796875, 1.257128906250017 51.37509765625, 1.3734375000000227 51.37470703125, 1.4149414062500227 51.36328125, 1.4156250000000057 51.310839843749996, 1.3975585937500057 51.182031249999994, 1.365527343750017 51.15546875, 1.04443359375 51.047265624999994, 0.9786132812500057 50.9716796875, 0.9601562500000114 50.92587890625, 0.7723632812500227 50.933984374999994, 0.684375000000017 50.885546874999996, 0.5323242187500057 50.853417968749994, 0.2997070312500227 50.7759765625, 0.205078125 50.763037109375, -0.2039062499999886 50.814355468749994, -0.4507812499999773 50.81015625, -0.7852539062499773 50.765429687499996, -0.8713867187499886 50.772802734375, -1.0005859374999773 50.815625, -1.1328613281249886 50.844580078125, -1.2850585937499943 50.857324218749994, -1.416455078124983 50.896874999999994, -1.33447265625 50.82080078125, -1.5167480468749943 50.747460937499994, -1.600830078125 50.732861328125, -1.6878906249999943 50.735156249999996, -1.8660156249999886 50.715234374999994, -2.0310546874999886 50.725390624999996, -2.0062499999999943 50.673242187499994, -1.9620605468749943 50.627783203125, -1.9979003906249773 50.6080078125, -2.035839843749983 50.603076171874996, -2.3501464843749886 50.63740234375, -2.3946777343749943 50.630908203124996, -2.4334472656249773 50.59921875, -2.5477539062499943 50.61630859375, -2.6588378906249943 50.669726562499996, -2.7769531249999773 50.70556640625, -2.90087890625 50.722412109375, -2.9994140624999943 50.716601562499996, -3.4045898437499886 50.632421875, -3.4854492187499773 50.54794921875, -3.52587890625 50.428173828125, -3.5843749999999943 50.321826171874996, -3.6797851562499773 50.23994140625, -3.7933593749999943 50.229248046875, -3.9001953124999886 50.285937499999996, -4.103417968749994 50.348535156249994, -4.172558593749983 50.3908203125, -4.194580078125 50.393310546875, -4.21728515625 50.378173828125, -4.296972656249977 50.35908203125, -4.379492187499977 50.358203124999996, -4.506689453124977 50.341357421874996, -4.727978515624983 50.290478515625, -4.8173828125 50.25595703125, -5.009521484375 50.1607421875, -5.048632812499989 50.134375, -5.118505859374977 50.038330078125, -5.225244140624994 50.021386718749994, -5.322851562499977 50.082958984375, -5.433984374999994 50.104443359375, -5.551220703124983 50.083398437499994, -5.622119140624989 50.050683593749994, -5.655175781249994 50.07724609375, -5.65625 50.131884765624996, -5.570654296874977 50.19697265625, -5.34228515625 50.246142578124996, -5.141796874999983 50.37373046875, -5.04345703125 50.451513671875, -5.004443359374989 50.495263671874994, -4.956396484374977 50.52314453125, -4.8935546875 50.53369140625, -4.861279296874983 50.58203125, -4.582910156249994 50.7763671875, -4.559960937499994 50.820947265624994, -4.523095703124994 50.977441406249994, -4.296484374999977 51.027148437499996, -4.188183593749983 51.188525390624996, -4.158398437499983 51.201318359374994, -3.8423339843749886 51.230908203125, -3.60791015625 51.228564453124996, -3.3750976562499773 51.19697265625, -3.2557617187499943 51.194140624999996, -3.135986328125 51.205029296875, -3.0420410156249886 51.248583984374996, -2.8812499999999943 51.405664062499994, -2.590283203124983 51.60859375, -2.433056640624983 51.74072265625, -2.5393554687499886 51.69521484375, -2.742138671874983 51.581103515624996, -2.978515625 51.538867187499996, -3.0803710937499886 51.49580078125, -3.2587890625 51.398486328124996, -3.2931152343749943 51.390429687499996, -3.5623535156249773 51.413818359375, -3.7626953125 51.539941406249994, -3.8907714843749943 51.591650390625, -3.9436523437499886 51.597509765625, -3.9983398437499886 51.58212890625, -4.115283203124989 51.56640625, -4.234570312499983 51.569091796875, -4.173681640624977 51.62734375, -4.091015624999983 51.659912109375, -4.276171874999989 51.68251953125, -4.32763671875 51.700244140624996, -4.386279296874989 51.741064453125, -4.531494140625 51.748046875, -4.600781249999983 51.737646484375, -4.717626953124977 51.68369140625, -4.902294921874983 51.626269531249996, -5.124755859375 51.705859374999996, -5.168359374999994 51.74072265625, -5.167548068038797 51.789365799706395, -2.8198616972093027 52.36782000754458, -0.3358435910236776 52.745138186214554, 1.444672782830295 52.86166675577447, 1.65673828125 52.753710937499996)), ((1.4945312500000227 38.932519531249994, 1.4452148437500227 38.918701171875, 1.408984375000017 38.857275390625, 1.2569335937500057 38.87900390625, 1.2233398437500114 38.903857421874996, 1.2562500000000227 38.973388671875, 1.2998046875 38.981738281249996, 1.302539062500017 39.031152343749994, 1.3486328125 39.080810546875, 1.564453125 39.121044921875, 1.6131835937500227 39.08740234375, 1.6236328125000057 39.038818359375, 1.4945312500000227 38.932519531249994)), ((1.40576171875 38.67099609375, 1.4019531250000057 38.71142578125, 1.436328125000017 38.768212890624994, 1.496875000000017 38.7119140625, 1.5926757812500227 38.701464843749996, 1.5939453125000114 38.6720703125, 1.5711914062500227 38.658837890624994, 1.5049804687500057 38.67099609375, 1.40576171875 38.67099609375)), ((-1.0655761718749943 50.690234374999996, -1.149365234374983 50.655712890625, -1.1758300781249886 50.615234375, -1.1960937499999886 50.59921875, -1.25146484375 50.588818359375, -1.3062988281249943 50.588525390624994, -1.515332031249983 50.669775390625, -1.563427734374983 50.66611328125, -1.5156738281249886 50.7033203125, -1.3858398437499773 50.733544921874994, -1.3127929687499886 50.773486328124996, -1.144238281249983 50.734716796875, -1.0655761718749943 50.690234374999996)), ((-1.388671875 46.050390625, -1.2850585937499943 46.002685546875, -1.1783203124999773 45.904052734375, -1.213574218749983 45.8166015625, -1.2802734375 45.897119140624994, -1.3687011718749886 45.967675781249994, -1.388671875 46.050390625)), ((-2.1656738281249943 49.187402343749994, -2.23583984375 49.1763671875, -2.2205078124999886 49.266357421875, -2.082226562499983 49.25537109375, -2.0186523437499773 49.231249999999996, -2.0099121093749943 49.180810546874994, -2.0537597656249886 49.169824218749994, -2.091015624999983 49.187402343749994, -2.1656738281249943 49.187402343749994)), ((-2.5208984374999943 49.506298828125, -2.5123046874999773 49.494531249999994, -2.54736328125 49.4287109375, -2.6390136718749773 49.450927734375, -2.6461425781249943 49.468212890625, -2.542187499999983 49.506591796875, -2.5208984374999943 49.506298828125)), ((-13.477929687499994 29.006591796875, -13.5546875 28.960205078125, -13.715966796874994 28.91123046875, -13.783984374999989 28.845458984375, -13.859912109374989 28.869091796874997, -13.823632812499994 29.013330078124994, -13.788183593749977 29.056103515624997, -13.650097656249983 29.118994140625, -13.535058593749994 29.144287109375, -13.501416015624983 29.211230468749996, -13.463574218749983 29.237207031249994, -13.422949218749977 29.197509765625, -13.453759765624994 29.1513671875, -13.477929687499994 29.006591796875)), ((-13.857226562499989 28.738037109375, -13.8271484375 28.691210937499996, -13.827587890624983 28.585156249999997, -13.862988281249983 28.409326171874994, -13.928027343749989 28.253466796874996, -14.19677734375 28.169287109375, -14.332617187499977 28.056005859375, -14.468603515624977 28.082373046875, -14.491796874999977 28.100927734375, -14.355566406249977 28.129687499999996, -14.231982421874989 28.2158203125, -14.152587890625 28.406640624999994, -14.028369140624989 28.617431640625, -14.003369140624983 28.706689453124994, -13.954150390624989 28.741455078125, -13.886279296874989 28.744677734374996, -13.857226562499989 28.738037109375)), ((-15.682763671874994 28.154052734375, -15.452783203124994 28.136914062499997, -15.415478515624983 28.159326171874994, -15.400585937499983 28.147363281249994, -15.406689453124983 28.070507812499997, -15.383154296874977 27.992822265624994, -15.38916015625 27.874707031249997, -15.436767578125 27.810693359374994, -15.559374999999989 27.746972656249994, -15.65576171875 27.7583984375, -15.710302734374977 27.784082031249994, -15.807324218749983 27.887548828125, -15.809472656249994 27.994482421875, -15.720947265625 28.064160156249997, -15.682763671874994 28.154052734375)), ((-16.318994140624994 28.558203125, -16.123632812499977 28.575976562499996, -16.119140625 28.528271484374997, -16.33447265625 28.379931640624996, -16.418212890625 28.151416015624996, -16.496240234374994 28.061914062499994, -16.54277343749999 28.032080078125, -16.65800781249999 28.007177734375, -16.79472656249999 28.149169921875, -16.86601562499999 28.293261718749996, -16.90532226562499 28.339599609375, -16.84306640624999 28.376123046874994, -16.752050781249977 28.369824218749997, -16.517431640624977 28.4126953125, -16.318994140624994 28.558203125)), ((-17.05449218749999 32.815869140625, -16.92919921875 32.84140625, -16.77397460937499 32.77353515625, -16.693261718749994 32.7580078125, -16.765283203124994 32.709716796875, -16.83740234375 32.648291015625, -17.018261718749983 32.66279296875, -17.17119140624999 32.721875, -17.226025390624983 32.766845703125, -17.24101562499999 32.807373046875, -17.190869140624983 32.868603515625, -17.05449218749999 32.815869140625)), ((-17.27392578125 28.038281249999997, -17.324902343749983 28.11767578125, -17.29033203124999 28.176318359374996, -17.25859374999999 28.203173828124996, -17.21435546875 28.199267578124996, -17.129638671875 28.155957031249997, -17.103759765625 28.111132812499996, -17.10107421875 28.083447265624997, -17.184667968749977 28.02197265625, -17.22539062499999 28.013525390625, -17.27392578125 28.038281249999997)), ((-17.83427734374999 28.493212890624996, -17.859375 28.485693359375, -17.88212890624999 28.564599609374994, -18.00078124999999 28.758251953124997, -17.928808593749977 28.844580078125, -17.797558593749983 28.84677734375, -17.744531249999994 28.786572265624997, -17.7265625 28.724462890625, -17.751611328124994 28.68857421875, -17.744384765625 28.616015624999996, -17.758007812499983 28.569091796875, -17.83427734374999 28.493212890624996)), ((-18.043359374999994 27.768115234374996, -17.924511718749983 27.850146484374996, -17.887939453125 27.8095703125, -17.984765624999994 27.646386718749994, -18.106591796874994 27.707470703124997, -18.135937499999983 27.727929687499994, -18.160546874999994 27.761474609375, -18.043359374999994 27.768115234374996)))