MULTIPOLYGON (((-5.118505859374977 50.038330078125, -5.225244140624994 50.021386718749994, -5.322851562499977 50.082958984375, -5.433984374999994 50.104443359375, -5.551220703124983 50.083398437499994, -5.622119140624989 50.050683593749994, -5.655175781249994 50.07724609375, -5.65625 50.131884765624996, -5.570654296874977 50.19697265625, -5.34228515625 50.246142578124996, -5.141796874999983 50.37373046875, -5.04345703125 50.451513671875, -5 50.49784208468304, -5 50.16546058509371, -5.048632812499989 50.134375, -5.118505859374977 50.038330078125)), ((-16.31884765625 12.143749999999997, -16.254736328124977 12.2060546875, -16.244580078124983 12.237109374999989, -16.31230468749999 12.243017578124991, -16.43681640624999 12.204150390624989, -16.711816406249994 12.354833984374991, -16.745849609375 12.399707031249989, -16.784863281249983 12.472509765624991, -16.76030273437499 12.525781249999994, -16.677636718749994 12.56005859375, -16.55322265625 12.604882812499994, -16.48808593749999 12.581835937499989, -16.449951171875 12.580712890624994, -16.44287109375 12.609472656249991, -16.455029296874983 12.624804687499989, -16.548828125 12.663818359375, -16.59765625 12.715283203124997, -16.637841796874994 12.685156249999991, -16.672558593749983 12.622021484374997, -16.701416015625 12.603173828124994, -16.743896484375 12.58544921875, -16.767968749999994 12.62841796875, -16.778417968749977 12.670166015625, -16.758984374999983 12.702343749999997, -16.768945312499994 12.88330078125, -16.75737304687499 12.979785156249989, -16.76933593749999 13.148486328124989, -16.824804687499977 13.341064453125, -16.750390624999994 13.425390624999991, -16.669335937499994 13.474999999999994, -16.61479492187499 13.435302734375, -16.598339843749983 13.356835937499994, -16.55644531249999 13.30322265625, -16.41337890624999 13.269726562499997, -16.271679687499983 13.293798828124991, -16.18505859375 13.28271484375, -16.187890624999994 13.326171875, -16.158398437499983 13.384033203125, -15.804492187499989 13.425390624999991, -15.61767578125 13.460107421874994, -15.471289062499977 13.458642578124994, -15.427490234375 13.468359374999991, -15.438134765624994 13.483203125000003, -15.569531249999983 13.499853515624991, -15.849902343749989 13.4599609375, -16.135449218749983 13.4482421875, -16.351806640625 13.343359374999991, -16.440527343749977 13.353173828124994, -16.53007812499999 13.457958984374997, -16.587792968749994 13.689550781249991, -16.647851562499994 13.77099609375, -16.74541015624999 13.840429687499991, -16.766943359374977 13.904931640624994, -16.73388671875 13.961181640625, -16.639599609374983 14.007470703124994, -16.618115234374983 14.04052734375, -16.66748046875 14.035595703124997, -16.742138671874983 14.005810546874997, -16.791748046875 14.004150390625, -16.797753906249994 14.09326171875, -16.880517578124994 14.208349609374991, -16.973828124999983 14.403222656249994, -17.07939453124999 14.483056640624994, -17.168066406249977 14.640625, -17.260644531249994 14.701074218749994, -17.345800781249977 14.729296875000003, -17.41845703125 14.723486328124991, -17.445019531249983 14.651611328125, -17.53564453125 14.755126953125, -17.411816406249983 14.792187499999997, -17.147167968749983 14.922021484374994, -16.843408203124994 15.293994140625003, -16.570751953124983 15.734423828125003, -16.535253906249977 15.83837890625, -16.535742187499977 16.286816406249997, -16.481298828124977 16.454248046874994, -16.463623046875 16.601513671874997, -16.3466796875 16.926416015624994, -16.207470703124983 17.192578124999997, -16.07890624999999 17.545849609374997, -16.03032226562499 17.887939453125, -16.046728515624977 18.22314453125, -16.0849609375 18.521191406249997, -16.150097656249983 18.718164062499994, -16.213085937499983 19.003320312499994, -16.305908203125 19.15380859375, -16.476171874999977 19.285058593749994, -16.51445312499999 19.361962890624994, -16.474804687499983 19.390625, -16.371289062499983 19.41025390624999, -16.305273437499977 19.512646484374997, -16.44487304687499 19.47314453125, -16.283398437499983 19.787158203125003, -16.23320312499999 20.0009765625, -16.241162109374983 20.141259765624994, -16.21044921875 20.227929687499994, -16.333740234375 20.41586914062499, -16.429785156249977 20.65234375, -16.479199218749983 20.68979492187499, -16.530419921874994 20.709521484375003, -16.534912109375 20.654003906249997, -16.562695312499983 20.604150390624994, -16.622509765624983 20.634179687499994, -16.728369140624977 20.80615234375, -16.876074218749977 21.086132812499997, -16.927929687499983 21.114794921875003, -16.971142578124983 21.076464843750003, -16.998242187499983 21.039697265624994, -17.048046874999983 20.80615234375, -17.098779296874994 20.856884765624997, -17.009619140624977 21.377099609374994, -16.930859374999983 21.89999999999999, -16.79326171874999 22.159716796875003, -16.683984374999994 22.274365234374997, -16.514404296875 22.33349609375, -16.358740234374977 22.594531250000003, -16.304296874999977 22.83481445312499, -16.201855468749983 22.945361328125003, -16.16972656249999 23.031933593749997, -16.21025390624999 23.097900390625, -16.113671874999994 23.2275390625, -15.996728515624994 23.425488281249997, -15.942626953125 23.552636718749994, -15.805957031249989 23.74951171875, -15.789257812499983 23.792871093749994, -15.801660156249994 23.842236328124997, -15.855175781249983 23.800341796875003, -15.912548828124983 23.727587890625003, -15.980712890625 23.670312499999994, -15.899316406249994 23.844433593749997, -15.777783203124983 23.952929687500003, -15.586328124999994 24.07275390625, -15.188623046874994 24.478808593750003, -15.038867187499989 24.548828125, -14.904296875 24.719775390625003, -14.856054687499977 24.87158203125, -14.842919921874994 25.220117187499994, -14.794921875 25.40415039062499, -14.70703125 25.54770507812499, -14.602294921875 25.808544921874997, -14.522753906249989 25.925244140624997, -14.470556640624977 26.163037109374997, -14.413867187499989 26.253710937499996, -14.312451171874983 26.296728515625, -14.168359374999994 26.415429687499994, -13.952099609374983 26.48876953125, -13.695898437499977 26.642919921875, -13.575781249999977 26.735107421875, -13.495751953124994 26.87265625, -13.409814453124994 27.146630859374994, -13.256152343749989 27.434619140624996, -13.175976562499983 27.655712890624997, -13.040722656249983 27.769824218749996, -12.948925781249983 27.91416015625, -12.793652343749983 27.978417968749994, -12.468896484374994 28.009423828124994, -11.986083984375 28.129296874999994, -11.552685546874983 28.310107421874996, -11.43017578125 28.382031249999997, -11.299072265625 28.526074218749997, -11.080957031249994 28.713769531249994, -10.673828125 28.939208984375, -10.486474609374994 29.06494140625, -10.200585937499994 29.38037109375, -10.010498046875 29.641406249999996, -9.852636718749977 29.809228515624994, -9.743457031249989 29.958203124999997, -9.667089843749977 30.109277343749994, -9.623828124999989 30.35263671875, -9.652929687499977 30.447558593749996, -9.773144531249983 30.603125, -9.853906249999994 30.644580078124996, -9.87548828125 30.717919921874994, -9.832421874999994 30.847265625, -9.833349609374977 31.069628906249996, -9.808691406249977 31.424609374999996, -9.674951171874994 31.710986328124996, -9.347460937499989 32.086376953125, -9.286572265624983 32.240576171875, -9.249121093749977 32.48583984375, -9.245849609375 32.5724609375, -8.836230468749989 32.920458984374996, -8.596289062499977 33.187158203124994, -8.512841796874994 33.25244140625, -8.301171874999994 33.374365234375, -7.562353515624977 33.640283203124994, -7.144677734374994 33.830322265625, -6.900976562499977 33.969042968749996, -6.755761718749994 34.13291015625, -6.353124999999977 34.77607421875, -5.957568359374989 35.68115234375, -5.9248046875 35.785791015624994, -5.622851562499989 35.828906249999996, -5.522265624999989 35.86201171875, -5.397363281249994 35.9298828125, -5.27783203125 35.902734374999994, -5.337646484375 35.85654296875, -5.337646484375 35.74521484375, -5.252685546875 35.61474609375, -5.105371093749994 35.4677734375, -5 35.394501003590456, -5 12, -16.290319313226743 12, -16.328076171874983 12.051611328124991, -16.31884765625 12.143749999999997)), ((-5.282324218749977 56.08994140625, -5.410449218749989 55.995361328125, -5.418896484374983 55.975244140625, -5.418310546874977 55.95205078125, -5.372900390624977 55.827685546874996, -5.385839843749977 55.7701171875, -5.556445312499989 55.389599609375, -5.588769531249994 55.351416015625, -5.618457031249989 55.3314453125, -5.646533203124989 55.32685546875, -5.730664062499983 55.334130859375, -5.768212890624994 55.362646484375, -5.767871093749989 55.394970703125, -5.681347656249983 55.623974609375, -5.650634765625 55.674121093749996, -5.605029296874989 55.720751953124996, -5.504492187499977 55.802392578125, -5.506933593749977 55.80771484375, -5.573876953124994 55.79169921875, -5.602392578124977 55.79697265625, -5.622851562499989 55.813134765625, -5.609570312499983 56.0552734375, -5.555273437499977 56.1349609375, -5.534960937499989 56.250830078125, -5.487890624999977 56.350048828125, -5.433398437499989 56.422314453125, -5.391943359374977 56.514794921875, -5.329443359374977 56.555908203125, -5.312695312499983 56.618798828125, -5.242578124999994 56.686865234375, -5.188378906249994 56.758056640625, -5.217578124999989 56.751025390624996, -5.564208984375 56.565722656249996, -5.652441406249977 56.531982421875, -5.772802734374977 56.541015625, -5.864843749999977 56.561865234375, -5.936767578125 56.605712890625, -5.968896484374994 56.689892578125, -6.057714843749977 56.692138671875, -6.133691406249994 56.706689453125, -6.132763671874983 56.718017578125, -6.034716796874989 56.763916015625, -5.877636718749983 56.779638671875, -5.730615234374994 56.853076171874996, -5.861425781249977 56.902685546875, -5.850390624999989 56.918408203125, -5.736279296874983 56.96064453125, -5.59130859375 57.102343749999996, -5.561914062499994 57.232714843749996, -5.631249999999994 57.2939453125, -5.656347656249977 57.33408203125, -5.794921875 57.37880859375, -5.818066406249983 57.436083984374996, -5.801953124999983 57.468017578125, -5.756738281249994 57.49921875, -5.688623046874994 57.52353515625, -5.581787109375 57.54677734375, -5.678759765624989 57.5716796875, -5.714941406249977 57.60107421875, -5.742382812499983 57.64365234375, -5.744921874999989 57.668310546875, -5.694726562499994 57.77822265625, -5.665478515624983 57.823535156249996, -5.608349609374983 57.88134765625, -5.349023437499994 57.878076171875, -5.319189453124977 57.903613281249996, -5.289794921875 57.904589843749996, -5.1572265625 57.88134765625, -5.176904296874994 57.906396484375, -5.393749999999983 58.043603515624994, -5.413183593749977 58.069726562499994, -5.351367187499989 58.143701171874994, -5.346874999999983 58.176660156249994, -5.35595703125 58.2119140625, -5.338281249999994 58.238720703125, -5.26953125 58.251416015625, -5.059960937499994 58.250146484374994, -5.00830078125 58.262646484375, -5.031835937499977 58.298291015625, -5.080615234374989 58.345166015625, -5.090136718749989 58.384521484375, -5.078710937499977 58.419287109375, -5.076025390624977 58.4892578125, -5.066503906249977 58.52021484375, -5.016748046874994 58.566552734374994, -5 58.572161937722676, -5 56.23210584321723, -5.084326171874977 56.1974609375, -5.282324218749977 56.08994140625)), ((-5.329687499999977 36.235742187499994, -5.360937499999977 36.134912109374994, -5.381591796875 36.134082031249996, -5.4072265625 36.15888671875, -5.443603515625 36.1505859375, -5.462499999999977 36.073779296874996, -5.55126953125 36.038818359375, -5.62548828125 36.025927734374996, -5.808398437499989 36.088330078125, -5.960693359375 36.18173828125, -6.040673828124994 36.188427734375, -6.170458984374989 36.333789062499996, -6.226269531249983 36.42646484375, -6.265917968749989 36.526513671874994, -6.257714843749994 36.564843749999994, -6.268945312499994 36.596728515624996, -6.384130859374977 36.637011718749996, -6.412255859374994 36.728857421875, -6.328320312499983 36.84814453125, -6.259423828124994 36.898974609374996, -6.216796875 36.91357421875, -6.320947265624994 36.908496093749996, -6.396191406249983 36.831640625, -6.492431640625 36.954638671874996, -6.884619140624977 37.194238281249994, -6.859375 37.249169921874994, -6.86376953125 37.27890625, -6.929492187499989 37.21494140625, -6.974658203124989 37.1984375, -7.174951171874994 37.208789062499996, -7.493603515624983 37.168310546875, -7.834130859374994 37.005712890625, -7.939697265625 37.005419921874996, -8.136767578124989 37.077050781249994, -8.484326171874983 37.100048828125, -8.59765625 37.121337890625, -8.739111328124977 37.074609374999994, -8.848437499999989 37.07568359375, -8.935351562499989 37.016015624999994, -8.997802734375 37.032275390624996, -8.92626953125 37.166064453124996, -8.814160156249983 37.430810546874994, -8.818554687499983 37.592431640624994, -8.791845703124977 37.732812499999994, -8.822656249999994 37.871874999999996, -8.878955078124989 37.95869140625, -8.80224609375 38.183837890625, -8.810937499999994 38.299755859375, -8.881103515625 38.446679687499994, -8.668310546874977 38.42431640625, -8.733984374999977 38.482421875, -8.798876953124989 38.5181640625, -8.914794921875 38.512109374999994, -9.095996093749989 38.455224609374994, -9.186718749999983 38.43818359375, -9.213281249999994 38.448095703125, -9.203369140625 38.538964843749994, -9.250390624999994 38.65673828125, -9.177832031249977 38.687792968749996, -9.093310546874989 38.696679687499994, -9.021484375 38.746874999999996, -8.97705078125 38.8029296875, -9.00048828125 38.90302734375, -8.938085937499977 38.998095703124996, -8.791601562499977 39.078173828124996, -8.867480468749989 39.065966796874996, -8.954296874999983 39.016064453125, -9.091015624999983 38.83466796875, -9.135791015624989 38.7427734375, -9.252294921874977 38.712792968749994, -9.356738281249989 38.697900390624994, -9.410205078124989 38.70751953125, -9.47412109375 38.730859374999994, -9.479736328125 38.798779296875, -9.474755859374994 38.852929687499994, -9.431445312499989 38.96044921875, -9.414355468749989 39.112109374999996, -9.352832031249989 39.24814453125, -9.374755859375 39.338281249999994, -9.319628906249989 39.39111328125, -9.251416015624983 39.426025390625, -9.148291015624977 39.542578125, -9.004052734374994 39.820556640625, -8.837841796874983 40.115673828125, -8.851318359375 40.151806640625, -8.886621093749994 40.179443359375, -8.872656249999977 40.259082031249996, -8.772412109374983 40.6056640625, -8.731591796874994 40.650927734374996, -8.684619140624989 40.7525390625, -8.673974609374994 40.91650390625, -8.655566406249989 41.0294921875, -8.659814453124994 41.086279296875, -8.674609374999989 41.1544921875, -8.738378906249977 41.28466796875, -8.8056640625 41.560009765625, -8.810839843749989 41.651953125, -8.755419921874989 41.698388671874994, -8.846386718749983 41.70517578125, -8.887597656249994 41.764599609375, -8.878222656249989 41.832080078124996, -8.777148437499989 41.941064453124994, -8.852343749999989 41.926904296874994, -8.878320312499994 41.946875, -8.88720703125 42.105273437499996, -8.69091796875 42.274169921875, -8.729199218749983 42.287011718749994, -8.815820312499994 42.28525390625, -8.809960937499994 42.33447265625, -8.769384765624977 42.358154296875, -8.730029296874989 42.41171875, -8.776171874999989 42.434814453125, -8.812109374999977 42.470068359375, -8.809912109374977 42.562353515625, -8.799902343749977 42.599902343749996, -8.8115234375 42.64033203125, -8.98779296875 42.58564453125, -9.033105468749994 42.59384765625, -9.035058593749994 42.662353515625, -8.937207031249983 42.76669921875, -8.927197265624983 42.798583984375, -9.041601562499977 42.814013671874996, -9.127197265625 42.865234375, -9.179443359375 42.910986328125, -9.235205078124977 42.976904296875, -9.235644531249989 43.035791015624994, -9.178076171874977 43.1740234375, -9.024511718749977 43.23896484375, -8.873681640624994 43.334423828125, -8.665624999999977 43.3166015625, -8.537060546874983 43.337060546874994, -8.421582031249983 43.38583984375, -8.35546875 43.396826171875, -8.248925781249994 43.439404296875, -8.252294921874977 43.496923828125, -8.288867187499989 43.539599609374996, -8.256738281249994 43.579882812499996, -8.004687499999989 43.694384765624996, -7.852734374999983 43.706982421875, -7.698144531249994 43.764550781249994, -7.594580078124977 43.727343749999996, -7.503613281249983 43.73994140625, -7.399316406249994 43.69580078125, -7.261962890625 43.594628906249994, -7.060986328124983 43.553955078125, -6.900683593749989 43.58564453125, -6.617285156249977 43.5923828125, -6.475683593749977 43.578906249999996, -6.22412109375 43.603857421875, -6.080126953124989 43.594921875, -5.8466796875 43.645068359374996, -5.665820312499989 43.582470703125, -5.315722656249989 43.553173828125, -5.105273437499989 43.501855468749994, -5 43.486281639183574, -5 36.48060986398787, -5.171484374999977 36.423779296875, -5.230517578124989 36.3736328125, -5.329687499999977 36.235742187499994)), ((-5.167236328125 51.808056640625, -5.200585937499994 51.861376953124996, -5.262304687499977 51.880175781249996, -5.183349609375 51.949658203125, -5.088085937499983 51.995898437499996, -5 52.01521084830789, -5 51.661225474477334, -5.124755859375 51.705859374999996, -5.168359374999994 51.74072265625, -5.167236328125 51.808056640625)), ((-5.134667968749994 55.93349609375, -5.195849609374989 55.928662109375, -5.214599609375 55.8888671875, -5.228222656249983 55.886328125, -5.24560546875 55.929248046874996, -5.247314453125 56.000390625, -5.222949218749989 56.0658203125, -5.176416015624994 56.116992187499996, -5 56.231386572597785, -5 56.002886096522374, -5.092822265624989 55.9873046875, -5.114990234375 55.944628906249996, -5.134667968749994 55.93349609375)), ((-5.170117187499983 54.917919921875, -5.172705078124977 54.985888671874996, -5.11669921875 55.012255859374996, -5.055859374999983 54.988134765625, -5 55.0875205356842, -5 54.74217793126262, -5.032324218749977 54.761376953125, -5.135498046875 54.85751953125, -5.170117187499983 54.917919921875)), ((-5.231494140624989 55.448095703125, -5.277050781249983 55.45673828125, -5.331494140624983 55.4810546875, -5.392675781249977 55.618359375, -5.370800781249983 55.666943359375, -5.318115234375 55.7091796875, -5.251611328124994 55.716943359375, -5.185449218749994 55.690966796874996, -5.160400390625 55.666796874999996, -5.10498046875 55.573974609375, -5.0947265625 55.4943359375, -5.105419921874983 55.448828125, -5.231494140624989 55.448095703125)), ((-5.869189453124989 54.9162109375, -5.716845703124989 54.81748046875, -5.710742187499989 54.757080078125, -5.765185546874989 54.724658203124996, -5.879101562499983 54.684374999999996, -5.878613281249983 54.64130859375, -5.738623046874977 54.673046875, -5.58251953125 54.663427734375, -5.527929687499977 54.61962890625, -5.490185546874983 54.554052734375, -5.470410156249983 54.5001953125, -5.48388671875 54.441650390625, -5.52587890625 54.460205078125, -5.568554687499983 54.51259765625, -5.615966796875 54.53671875, -5.671093749999983 54.549755859375, -5.646093749999977 54.477880859375, -5.655957031249983 54.38173828125, -5.631884765624989 54.37265625, -5.557812499999983 54.37099609375, -5.606787109374977 54.27255859375, -5.708056640624989 54.245849609375, -5.826171875 54.23583984375, -5.854638671874994 54.200976562499996, -5.876074218749977 54.156054687499996, -5.937744140625 54.0890625, -6.01904296875 54.05126953125, -6.119531249999994 54.058886718749996, -6.218017578125 54.088720703125, -6.175732421874983 54.053515624999996, -6.156933593749983 54.017236328125, -6.230664062499983 54.00361328125, -6.3076171875 54.011035156249996, -6.345166015624983 53.98720703125, -6.347607421874983 53.94130859375, -6.321582031249989 53.882177734375, -6.270117187499977 53.840234375, -6.22900390625 53.745703125, -6.194873046874989 53.640869140625, -6.141845703125 53.5775390625, -6.130957031249977 53.49892578125, -6.138769531249977 53.460302734375, -6.129101562499983 53.390869140625, -6.151660156249989 53.36640625, -6.134716796874983 53.301220703125, -6.045019531249977 53.091162109375, -6.027392578124989 52.927099609375, -6.071484374999983 52.865625, -6.130664062499989 52.807275390625, -6.169335937499994 52.738134765625, -6.19921875 52.6634765625, -6.217236328124983 52.543115234375, -6.345410156249983 52.402001953125, -6.399951171874989 52.366943359375, -6.463183593749989 52.345361328125, -6.324999999999989 52.2466796875, -6.437939453124983 52.202685546874996, -6.561083984374989 52.188818359375, -6.697314453124989 52.213525390625, -6.7822265625 52.210498046874996, -6.890234374999977 52.159228515624996, -6.914648437499977 52.1685546875, -6.965771484374983 52.24951171875, -7.003271484374977 52.16591796875, -7.081787109375 52.139306640625, -7.216210937499994 52.144970703125, -7.440869140624983 52.122705078125, -7.527294921874983 52.098876953125, -7.563183593749983 52.06162109375, -7.58984375 52.0185546875, -7.624902343749994 51.993115234375, -7.872167968749977 51.935302734375, -7.952490234374977 51.865771484374996, -8.057812499999983 51.8255859375, -8.14501953125 51.813525390624996, -8.254296874999994 51.8783203125, -8.290234374999983 51.890673828124996, -8.4091796875 51.88876953125, -8.371630859374989 51.876269531249996, -8.347363281249983 51.847705078124996, -8.335595703124994 51.79296875, -8.34912109375 51.739306640624996, -8.407812499999977 51.712060546875, -8.477832031249989 51.70703125, -8.588281249999994 51.6513671875, -8.734472656249977 51.636181640625, -8.813427734374983 51.584912109375, -9.296484374999977 51.4982421875, -9.323876953124994 51.497216796874994, -9.390576171874983 51.519287109375, -9.462890625 51.529052734375, -9.534863281249983 51.52216796875, -9.7373046875 51.47373046875, -9.835351562499994 51.483349609375, -9.710351562499994 51.6037109375, -9.542382812499994 51.664453125, -9.52490234375 51.681103515625, -9.579833984375 51.689257812499996, -9.899023437499977 51.6470703125, -10.009912109374994 51.611132812499996, -10.120751953124994 51.60068359375, -10.069433593749977 51.655566406249996, -9.926416015624994 51.730712890625, -9.802880859374994 51.780126953125, -9.74951171875 51.824267578124996, -9.598828124999983 51.8744140625, -10.084228515625 51.77099609375, -10.211718749999989 51.78359375, -10.241748046874989 51.812451171875, -10.341064453125 51.79892578125, -10.378710937499989 51.86875, -10.231591796874994 51.97451171875, -10.145849609374977 52.02001953125, -10.044042968749977 52.044580078125, -9.946044921875 52.079833984375, -9.90966796875 52.12294921875, -9.955810546875 52.136669921875, -10.24951171875 52.125732421875, -10.390234374999977 52.134912109375, -10.382617187499989 52.169091796875, -10.356689453125 52.20693359375, -10.2109375 52.2716796875, -10.132080078125 52.282080078125, -10.061767578125 52.275927734374996, -9.937304687499989 52.237646484375, -9.772119140624994 52.25009765625, -9.841064453125 52.291455078125, -9.853222656249983 52.37548828125, -9.906054687499989 52.4037109375, -9.838476562499977 52.442675781249996, -9.761132812499994 52.466357421874996, -9.632226562499994 52.546923828124996, -9.586328124999994 52.5591796875, -9.331249999999983 52.578759765625, -9.05615234375 52.621142578124996, -8.783447265625 52.679638671875, -8.923291015624983 52.7123046875, -8.990283203124989 52.755419921874996, -9.097900390625 52.668261718749996, -9.175390624999977 52.634912109375, -9.394238281249983 52.61708984375, -9.463476562499977 52.626904296875, -9.56103515625 52.653955078125, -9.591357421874989 52.64365234375, -9.619531249999994 52.62275390625, -9.764355468749983 52.57998046875, -9.916601562499977 52.5697265625, -9.739599609374977 52.648193359375, -9.514990234374977 52.78115234375, -9.464892578124989 52.823193359375, -9.393652343749977 52.896240234375, -9.415722656249983 52.928759765624996, -9.461962890624989 52.947265625, -9.299218749999994 53.09755859375, -9.241894531249983 53.124853515625, -9.137597656249994 53.129248046875, -9.061132812499977 53.153076171875, -8.997167968749977 53.162060546875, -8.930126953124983 53.207080078124996, -9.033544921874977 53.2357421875, -9.140332031249983 53.25048828125, -9.514208984374989 53.238232421875, -9.55517578125 53.25205078125, -9.581738281249983 53.27197265625, -9.601757812499983 53.323046874999996, -9.6259765625 53.33447265625, -9.700585937499994 53.33447265625, -9.774072265624994 53.31884765625, -9.825390624999983 53.320361328124996, -9.875781249999989 53.342724609375, -9.79541015625 53.394970703125, -9.899023437499977 53.407275390624996, -10.00390625 53.397021484374996, -10.091259765624983 53.412841796875, -10.093994140625 53.445605468749996, -10.054394531249983 53.478320312499996, -10.106249999999989 53.509326171874996, -10.116992187499989 53.54853515625, -10.061718749999983 53.567822265625, -10.001367187499994 53.56142578125, -9.878271484374977 53.5904296875, -9.720654296874983 53.6044921875, -9.855859374999994 53.633105468749996, -9.909716796874989 53.6576171875, -9.912304687499983 53.695117187499996, -9.901611328125 53.727197265625, -9.745068359374983 53.781494140625, -9.578222656249977 53.805419921875, -9.590527343749983 53.841162109375, -9.578857421875 53.879833984375, -9.747509765624983 53.891015625, -9.9140625 53.863720703125, -9.896240234375 53.93759765625, -9.856347656249994 54.004296875, -9.848486328124977 54.048291015625, -9.8564453125 54.095361328125, -9.934472656249994 54.075244140624996, -9.943603515625 54.1416015625, -9.977099609374989 54.187109375, -10.092675781249994 54.15576171875, -10.089697265624977 54.2158203125, -10.056396484375 54.2578125, -9.995947265624977 54.276025390625, -9.935937499999994 54.268115234374996, -9.824560546874977 54.268896484375, -9.717138671874977 54.300439453125, -9.562304687499989 54.308544921875, -9.315527343749977 54.298632812499996, -9.145898437499994 54.209619140625, -9.102099609374989 54.225537109375, -9.034277343749977 54.281787109374996, -9.00244140625 54.28798828125, -8.746777343749983 54.263476562499996, -8.588037109374994 54.231103515625, -8.545556640624994 54.2412109375, -8.568457031249977 54.30361328125, -8.623144531249977 54.346875, -8.554443359375 54.403564453125, -8.470996093749989 54.441943359374996, -8.415234374999983 54.461083984375, -8.286523437499994 54.48486328125, -8.230371093749994 54.507275390625, -8.192968749999977 54.580126953124996, -8.133447265624994 54.6408203125, -8.45654296875 54.60927734375, -8.763916015625 54.681201171874996, -8.715185546874977 54.73203125, -8.650292968749994 54.760888671875, -8.538281249999983 54.782958984375, -8.527685546874977 54.80947265625, -8.470996093749989 54.83154296875, -8.377294921874977 54.889453124999996, -8.411718749999977 54.965087890625, -8.393261718749983 55.02041015625, -8.325781249999977 55.056445312499996, -8.3046875 55.108203124999996, -8.274609374999983 55.146289062499996, -8.1376953125 55.159912109375, -8.006103515625 55.1953125, -7.803173828124983 55.200048828125, -7.750537109374989 55.185791015625, -7.762548828124977 55.248339843749996, -7.667089843749977 55.256494140625, -7.629785156249994 55.243994140625, -7.613378906249977 55.199658203125, -7.570019531249983 55.17138671875, -7.556640625 55.122216796875, -7.585693359375 55.084228515625, -7.63427734375 55.054980468749996, -7.58984375 55.025048828125, -7.658740234374989 54.970947265625, -7.584374999999994 54.993994140625, -7.478417968749994 55.04697265625, -7.501953125 55.1447265625, -7.531445312499983 55.19384765625, -7.517871093749989 55.24794921875, -7.458300781249989 55.281787109374996, -7.3017578125 55.298779296875, -7.365966796875 55.360205078125, -7.308789062499983 55.3658203125, -7.246679687499977 55.35302734375, -7.155322265624989 55.30517578125, -6.961669921875 55.237890625, -7.056396484375 55.1783203125, -7.1728515625 55.137011718749996, -7.218652343749994 55.0919921875, -7.178613281249994 55.056884765625, -7.100634765624989 55.048291015625, -7.03076171875 55.080615234374996, -6.947167968749994 55.18251953125, -6.888964843749989 55.188916015625, -6.824853515624994 55.1806640625, -6.698828124999977 55.19345703125, -6.475048828124983 55.241015624999996, -6.375292968749989 55.241796875, -6.234228515624977 55.216845703124996, -6.129150390625 55.2173828125, -6.035791015624994 55.14453125, -5.985742187499994 55.0296875, -5.869189453124989 54.9162109375)), ((-5.949072265624977 57.045166015625, -6.014746093749977 57.051953125, -6.034374999999983 57.201220703124996, -6.162744140624994 57.18212890625, -6.26611328125 57.184326171875, -6.322705078124983 57.202490234375, -6.442431640624989 57.327490234375, -6.675439453124994 57.362890625, -6.741308593749977 57.412451171875, -6.761132812499994 57.4423828125, -6.752734374999989 57.458935546875, -6.704199218749977 57.495751953125, -6.643457031249994 57.4826171875, -6.605859374999994 57.490673828125, -6.5830078125 57.507128906249996, -6.58349609375 57.520654296875, -6.616796874999977 57.5626953125, -6.378515624999977 57.603320312499996, -6.357666015625 57.666796874999996, -6.305957031249989 57.67197265625, -6.246923828124977 57.651220703125, -6.166064453124989 57.585302734375, -6.144726562499983 57.50498046875, -6.146142578124994 57.460791015625, -6.163769531249983 57.408837890625, -6.140820312499983 57.353662109375, -6.135546874999989 57.314257812499996, -6.093408203124994 57.301708984375, -6.067626953125 57.283544921875, -5.880273437499994 57.263232421874996, -5.706005859374983 57.2689453125, -5.672460937499977 57.252685546875, -5.668652343749983 57.226904296875, -5.696191406249994 57.1984375, -5.79541015625 57.146533203124996, -5.949072265624977 57.045166015625)), ((-5.725146484374989 56.1185546875, -5.797216796874977 56.005615234375, -5.970068359374977 55.81455078125, -5.990917968749983 55.80380859375, -6.041552734374989 55.806787109375, -6.060351562499989 55.822900390625, -6.070703124999994 55.84765625, -6.071972656249983 55.893115234374996, -6.041308593749989 55.925634765625, -5.911767578124994 55.974755859375, -5.970312499999977 55.9921875, -5.97265625 56.004443359374996, -5.939062499999977 56.045263671875, -5.799609374999989 56.1087890625, -5.762255859374989 56.1203125, -5.725146484374989 56.1185546875)), ((-6.029589843749989 56.609814453125, -5.946679687499994 56.534521484375, -5.836035156249977 56.52255859375, -5.760839843749977 56.490673828125, -5.777880859374989 56.3443359375, -6.176171874999994 56.288720703125, -6.313427734374983 56.29365234375, -6.325830078124994 56.320947265625, -6.298486328124994 56.339160156249996, -6.184863281249989 56.356884765625, -6.138867187499983 56.490625, -6.310644531249977 56.5521484375, -6.319677734374977 56.56943359375, -6.306249999999977 56.598779296875, -6.286328124999983 56.611865234374996, -6.138281249999977 56.649853515625, -6.102734374999983 56.645654296875, -6.029589843749989 56.609814453125)), ((-6.451953124999989 55.704248046875, -6.491357421874994 55.697314453124996, -6.495654296874989 55.711572265625, -6.466455078124994 55.768994140625, -6.462841796874983 55.808251953125, -6.445263671874983 55.832373046875, -6.374951171874983 55.871337890625, -6.344140624999994 55.87373046875, -6.311279296875 55.856494140624996, -6.215673828124977 55.904589843749996, -6.12890625 55.93056640625, -6.092822265624989 55.8021484375, -6.0576171875 55.722509765625, -6.055322265624994 55.6953125, -6.08837890625 55.657519531249996, -6.253173828125 55.607226562499996, -6.305078124999994 55.60693359375, -6.307226562499977 55.619140625, -6.27001953125 55.6703125, -6.302050781249989 55.728369140625, -6.286425781249989 55.772509765624996, -6.3017578125 55.780615234375, -6.333886718749994 55.774365234375, -6.451953124999989 55.704248046875)), ((-6.910351562499983 57.773388671875, -6.956933593749994 57.750048828124996, -6.983105468749983 57.75, -7.01318359375 57.761767578124996, -7.083447265624983 57.813769531249996, -6.955957031249994 57.864892578125, -6.944140624999989 57.89365234375, -6.856835937499994 57.92353515625, -6.864160156249994 57.932861328125, -7.002539062499977 57.974902343749996, -7.057080078124983 58.003173828125, -7.051904296874994 58.017968749999994, -6.985302734374983 58.05048828125, -7.016894531249989 58.05478515625, -7.038232421874994 58.072314453125, -7.076904296875 58.079003906249994, -7.088476562499977 58.095361328124994, -7.095605468749994 58.13828125, -7.085253906249989 58.182177734375, -7.044921875 58.201562499999994, -7.028417968749977 58.222314453124994, -7.012060546874977 58.2287109375, -6.949560546874977 58.217675781249994, -6.88623046875 58.182568359375, -6.812304687499989 58.19609375, -6.726464843749994 58.189404296875, -6.724707031249977 58.19755859375, -6.787744140624994 58.28388671875, -6.776464843749977 58.301513671875, -6.742285156249977 58.321630859375, -6.544189453125 58.383154296875, -6.297167968749989 58.48662109375, -6.237451171874994 58.502832031249994, -6.219433593749983 58.488720703125, -6.194238281249994 58.435107421875, -6.198681640624983 58.36328125, -6.325830078124994 58.188867187499994, -6.375585937499977 58.1845703125, -6.419287109374977 58.140966796875, -6.554589843749994 58.09287109375, -6.4365234375 58.09189453125, -6.403369140624989 58.07587890625, -6.402441406249977 58.041357421875, -6.425195312499994 58.0212890625, -6.578125 57.941357421875, -6.683300781249983 57.91103515625, -6.796582031249983 57.8275390625, -6.853759765625 57.826513671875, -6.910351562499983 57.773388671875)), ((-6.322363281249977 57.050537109375, -6.278222656249994 57.031396484375, -6.261279296874989 57.009521484375, -6.260546874999989 56.98525390625, -6.279052734375 56.964697265625, -6.308740234374994 56.951806640625, -6.346240234374989 56.954296875, -6.383398437499977 56.9708984375, -6.4326171875 57.017919921875, -6.322363281249977 57.050537109375)), ((-6.552050781249989 62.278125, -6.554589843749994 62.3556640625, -6.473046874999994 62.291894531249994, -6.406054687499989 62.258642578125, -6.453857421875 62.1865234375, -6.544140624999983 62.205615234375, -6.559472656249994 62.224511718749994, -6.552050781249989 62.278125)), ((-6.607617187499983 56.585009765624996, -6.664453124999994 56.579443359375, -6.668554687499977 56.593603515625, -6.569921874999977 56.66123046875, -6.506054687499983 56.67236328125, -6.483691406249989 56.665771484375, -6.530078124999989 56.626611328125, -6.607617187499983 56.585009765624996)), ((-6.670166015625 61.76865234375, -6.764257812499977 61.815332031249994, -6.839160156249989 61.840771484375, -6.863964843749983 61.862255859375, -6.884765625 61.89912109375, -6.841796875 61.903710937499994, -6.790771484375 61.895361328125, -6.662109375 61.861767578125, -6.625830078124977 61.826708984375, -6.623193359374994 61.80595703125, -6.642773437499983 61.768310546875, -6.670166015625 61.76865234375)), ((-6.958642578124994 62.316259765625, -6.803662109374983 62.265966796875, -6.631054687499983 62.227880859375, -6.655810546874989 62.093603515625, -6.696435546874994 62.0943359375, -6.768896484374977 62.131494140624994, -6.823437499999983 62.139111328125, -6.840527343749983 62.119287109374994, -6.837695312499989 62.09541015625, -6.809472656249994 62.080419921875, -6.722558593749994 61.990380859374994, -6.714404296874989 61.96416015625, -6.725195312499977 61.95146484375, -6.809716796874994 61.977441406249994, -7.013574218749994 62.093994140625, -7.172167968749989 62.285595703125, -6.958642578124994 62.316259765625)), ((-6.6796875 61.414306640625, -6.703027343749994 61.41767578125, -6.7705078125 61.45224609375, -6.888134765624983 61.534765625, -6.929248046874989 61.602929687499994, -6.934863281249989 61.634326171875, -6.905908203124994 61.630810546875, -6.881640624999989 61.602783203125, -6.77001953125 61.584374999999994, -6.740624999999994 61.5705078125, -6.741064453124977 61.536376953125, -6.703515624999994 61.495947265625, -6.699462890625 61.44462890625, -6.6796875 61.414306640625)), ((-7.179394531249983 62.0400390625, -7.254931640624989 62.046142578125, -7.379101562499983 62.0748046875, -7.422607421875 62.140283203124994, -7.336767578124977 62.138671875, -7.235302734374983 62.151220703125, -7.186865234374977 62.139306640624994, -7.097119140624983 62.100537109375, -7.065185546875 62.0732421875, -7.116796874999977 62.046826171875, -7.179394531249983 62.0400390625)), ((-7.0927734375 57.62666015625, -7.1826171875 57.53330078125, -7.320556640625 57.533740234374996, -7.514746093749977 57.601953125, -7.515625 57.615869140625, -7.499414062499994 57.636328125, -7.470312499999977 57.6525390625, -7.440039062499977 57.656396484375, -7.391894531249989 57.64521484375, -7.324853515624994 57.663134765624996, -7.271191406249983 57.657470703125, -7.20556640625 57.682958984375, -7.0927734375 57.62666015625)), ((-7.347412109375 57.11513671875, -7.381494140624994 57.130664062499996, -7.415917968749994 57.192138671875, -7.42236328125 57.229345703125, -7.407031249999989 57.298486328125, -7.410546874999994 57.381103515625, -7.29638671875 57.38369140625, -7.267138671874989 57.37177734375, -7.24755859375 57.1263671875, -7.249853515624977 57.11533203125, -7.292041015624989 57.109765625, -7.347412109375 57.11513671875)), ((-7.406689453124983 57.000292968749996, -7.39892578125 56.983349609375, -7.416894531249994 56.9654296875, -7.504785156249994 56.95166015625, -7.537402343749989 56.959716796875, -7.54296875 56.97236328125, -7.52294921875 57.006787109375, -7.455468749999994 57.0189453125, -7.406689453124983 57.000292968749996)), ((-8.964648437499989 70.91591796875, -8.520800781249989 71.0306640625, -8.343701171874983 71.14013671875, -8.001367187499994 71.177685546875, -7.978808593749989 71.11689453125, -8.002099609374994 71.041259765625, -8.302343749999977 70.98115234375, -8.635351562499977 70.9404296875, -8.953564453124983 70.83916015625, -9.045800781249994 70.832666015625, -9.098876953125 70.8548828125, -8.964648437499989 70.91591796875)), ((-10.265820312499983 53.977734375, -10.18115234375 54.0169921875, -10.139843749999983 54.0052734375, -9.996337890625 54.003369140625, -9.956152343749977 53.987353515624996, -9.948144531249994 53.913378906249996, -9.952539062499994 53.884619140625, -10.026513671874994 53.9203125, -10.062304687499989 53.959765624999996, -10.265820312499983 53.977734375)), ((-32.03271484375 82.983447265625, -31.836767578125006 82.977880859375, -31.515576171874983 82.991650390625, -30.38603515624999 83.093701171875, -29.963574218749983 83.110498046875, -29.174999999999983 83.102001953125, -28.151464843750006 83.063720703125, -27.738525390625 83.077197265625, -27.002050781250006 83.0671875, -26.140820312499983 83.096435546875, -25.123388671874977 83.159619140625, -24.845166015624983 83.0185546875, -24.470312499999977 82.877392578125, -24.17363281249999 82.893017578125, -23.919531249999977 82.885107421875, -23.83354492187499 82.83876953125, -23.69462890624999 82.819140625, -23.406933593749983 82.8296875, -22.52490234375 82.78916015625, -21.691796874999994 82.68251953125, -21.58251953125 82.6341796875, -21.520654296874994 82.59541015625, -21.61577148437499 82.547705078125, -21.99394531249999 82.46279296875, -22.472558593749994 82.384716796875, -23.118066406249994 82.32470703125, -23.862207031249994 82.287060546875, -29.57939453124999 82.161181640625, -29.77275390624999 82.13125, -29.887402343749983 82.054833984375, -29.810986328124983 81.95546875, -29.543847656249994 81.93994140625, -28.91943359375 81.9958984375, -27.839501953124994 82.048876953125, -27.04594726562499 82.046337890625, -25.148828124999994 82.001123046875, -24.58916015624999 81.8828125, -24.293066406249977 81.7009765625, -23.63652343749999 81.741845703125, -23.49614257812499 81.773046875, -23.392968749999994 81.827197265625, -23.310546875 81.885302734375, -23.248779296875 81.947265625, -23.179833984374994 81.989453125, -23.103710937499983 82.01181640625, -22.940087890624994 82.030517578125, -22.563378906249994 82.05302734375, -21.575537109374977 82.074951171875, -21.337988281249977 82.068701171875, -21.167382812499994 81.983837890625, -21.130322265624983 81.934228515625, -21.11796874999999 81.86962890625, -21.123437499999994 81.78994140625, -21.146582031249977 81.695166015625, -21.23051757812499 81.6013671875, -21.50390625 81.4375, -21.7236328125 81.3482421875, -21.96074218749999 81.283935546875, -22.415283203125 81.137109375, -22.57275390625 81.097900390625, -23.072460937499983 80.926708984375, -23.196386718749977 80.84736328125, -23.20366210937499 80.7892578125, -23.11772460937499 80.778173828125, -22.972851562499983 80.8328125, -22.9189453125 80.871826171875, -22.82568359375 80.912646484375, -22.08940429687499 81.02021484375, -21.931347656249983 81.0501953125, -21.44975585937499 81.178173828125, -21.142431640624977 81.226171875, -20.889746093749977 81.2763671875, -20.755859375 81.31201171875, -20.015722656249977 81.56435546875, -19.62993164062499 81.639892578125, -19.224755859374994 81.6400390625, -19.152978515624994 81.51220703125, -18.667382812499994 81.492431640625, -18.45654296875 81.49794921875, -18.117871093749983 81.466845703125, -17.969384765624994 81.441162109375, -17.716650390624977 81.428173828125, -17.4560546875 81.397705078125, -17.226220703124994 81.430419921875, -17.159033203124977 81.450927734375, -16.93706054687499 81.543896484375, -16.637109374999994 81.626220703125, -16.358984374999977 81.729052734375, -16.266796874999983 81.753955078125, -16.120703124999977 81.776611328125, -15.968896484374994 81.785498046875, -15.555517578124977 81.83359375, -15.450634765624983 81.836962890625, -15.227490234374983 81.82177734375, -14.241992187499989 81.8138671875, -13.704492187499994 81.7890625, -12.956005859374983 81.72021484375, -12.434423828124977 81.68251953125, -12.19287109375 81.64912109375, -11.841113281249989 81.5775390625, -11.557470703124977 81.50263671875, -11.425537109375 81.480615234375, -11.4306640625 81.4568359375, -11.52880859375 81.4240234375, -12.231347656249994 81.309228515625, -12.461230468749989 81.23251953125, -13.126220703125 81.08779296875, -13.451171875 81.0380859375, -13.804296874999977 81.018603515625, -14.197363281249977 81.013916015625, -14.452343749999983 80.993115234375, -14.490136718749994 80.973291015625, -14.308496093749994 80.913232421875, -14.228564453124989 80.870458984375, -14.240185546874983 80.832421875, -14.431249999999977 80.77607421875, -14.503564453124994 80.76328125, -15.194238281249994 80.721435546875, -15.542675781249983 80.650390625, -15.997509765624983 80.64169921875, -16.318945312499977 80.6498046875, -16.760595703124977 80.573388671875, -16.587792968749994 80.51123046875, -16.429443359375 80.484228515625, -15.937255859375 80.42763671875, -15.9326171875 80.3951171875, -16.16777343749999 80.32939453125, -16.48876953125 80.251953125, -16.868408203125 80.1982421875, -17.011132812499994 80.190185546875, -17.191162109375 80.203662109375, -17.35722656249999 80.20078125, -17.722851562499983 80.176025390625, -18.070947265624994 80.1720703125, -18.692578124999983 80.207080078125, -19.206005859374983 80.26162109375, -19.42919921875 80.25771484375, -19.515039062499994 80.24140625, -19.866796874999977 80.1447265625, -20.039501953124983 80.0787109375, -20.150146484375 80.01123046875, -20.197412109374994 79.937646484375, -20.181347656249983 79.857958984375, -20.13847656249999 79.803369140625, -20.06884765625 79.773779296875, -19.98540039062499 79.755859375, -19.839306640624983 79.746484375, -19.51787109374999 79.75537109375, -19.391503906249994 79.750341796875, -19.35302734375 79.7341796875, -19.283593749999994 79.683154296875, -19.295996093749977 79.635009765625, -19.354199218749983 79.567333984375, -19.399316406249994 79.48837890625, -19.43120117187499 79.39814453125, -19.414013671874983 79.348828125, -19.28398437499999 79.338037109375, -19.22294921874999 79.3416015625, -19.152197265624977 79.325390625, -19.07177734375 79.289453125, -19.011328124999977 79.25146484375, -18.970800781249977 79.211376953125, -18.99199218749999 79.178369140625, -19.074951171875 79.15234375, -19.26220703125 79.122998046875, -19.723046874999994 79.0650390625, -19.76982421874999 79.04736328125, -19.806054687499994 79.012109375, -19.83159179687499 78.959130859375, -19.88720703125 78.9109375, -19.972900390625 78.867626953125, -20.050488281249983 78.841796875, -20.199902343749983 78.830322265625, -20.395703124999983 78.82880859375, -20.615576171874977 78.80390625, -21.133740234374983 78.658642578125, -21.141455078124977 78.642529296875, -20.947460937499983 78.5958984375, -20.955664062499977 78.555029296875, -21.194775390624983 78.379833984375, -21.260205078124983 78.293017578125, -21.31201171875 78.173974609375, -21.39726562499999 78.073583984375, -21.515966796874977 77.991845703125, -21.632666015624977 77.8974609375, -21.74755859375 77.790625, -21.729589843749977 77.708544921875, -21.57890624999999 77.6513671875, -21.37968749999999 77.69755859375, -21.13188476562499 77.847216796875, -20.86259765624999 77.911865234375, -20.57182617187499 77.891552734375, -20.318603515625 77.861962890625, -19.9951171875 77.80341796875, -19.724316406249983 77.766943359375, -19.490429687499983 77.718896484375, -19.393994140624983 77.678369140625, -19.296875 77.6212890625, -19.296093749999983 77.58525390625, -19.467529296875 77.5658203125, -19.524121093749983 77.57197265625, -19.953222656249977 77.666357421875, -20.162060546874983 77.68984375, -20.439208984375 77.66162109375, -20.680810546874994 77.618994140625, -20.463769531249994 77.447314453125, -20.23193359375 77.368408203125, -19.80864257812499 77.332373046875, -19.587597656249983 77.29443359375, -19.426416015624994 77.24599609375, -19.30029296875 77.22236328125, -19.131005859374994 77.232763671875, -18.903417968749977 77.28046875, -18.585888671874983 77.283056640625, -18.442626953125 77.259375, -18.339013671874994 77.215283203125, -18.292382812499994 77.132861328125, -18.302734375 77.012109375, -18.337255859374977 76.92119140625, -18.39604492187499 76.86005859375, -18.51030273437499 76.778173828125, -18.60576171874999 76.76328125, -18.74028320312499 76.767724609375, -18.865332031249977 76.784521484375, -18.98100585937499 76.81376953125, -19.156347656249977 76.836572265625, -19.5087890625 76.861083984375, -19.864941406249983 76.914404296875, -20.064355468749994 76.927587890625, -20.486718749999994 76.92080078125, -20.942089843749983 76.88701171875, -20.959912109374983 76.84267578125, -21.614697265624983 76.687890625, -21.7490234375 76.689990234375, -21.930810546874994 76.7431640625, -22.185253906249983 76.794091796875, -22.334326171874977 76.793701171875, -22.554541015624977 76.729248046875, -22.609326171874983 76.704296875, -22.606640624999983 76.68076171875, -22.444433593749977 76.625048828125, -22.378613281249983 76.61220703125, -21.877343749999994 76.573486328125, -21.75810546874999 76.400537109375, -21.569091796875 76.293701171875, -21.488232421874983 76.271875, -21.416845703124977 76.264013671875, -21.185449218749994 76.26796875, -20.887402343749983 76.30400390625, -20.783300781249977 76.275146484375, -20.563818359374977 76.23984375, -20.435400390624977 76.2310546875, -20.279296875 76.232470703125, -20.103613281249977 76.219091796875, -19.862890624999977 76.120654296875, -19.957714843749983 75.9966796875, -19.806884765625 75.89736328125, -19.566015624999977 75.794970703125, -19.508984374999983 75.75751953125, -19.485693359374977 75.689599609375, -19.48027343749999 75.644775390625, -19.462158203125 75.603857421875, -19.43144531249999 75.56689453125, -19.399511718749977 75.49443359375, -19.366455078125 75.38642578125, -19.37529296874999 75.298193359375, -19.425976562499983 75.229833984375, -19.5263671875 75.180224609375, -19.67626953125 75.149365234375, -19.798486328124994 75.157470703125, -19.893164062499977 75.204541015625, -20.198681640624983 75.307958984375, -20.484960937499977 75.3142578125, -20.905859374999977 75.15693359375, -21.093847656249977 75.149072265625, -21.246533203124983 75.1333984375, -21.409423828125 75.064794921875, -21.649316406249994 75.0234375, -21.861035156249983 75.03984375, -22.232861328124983 75.1197265625, -22.097753906249977 75.066357421875, -21.90434570312499 75.00390625, -21.783935546875 74.971484375, -21.69511718749999 74.964453125, -21.59765625 74.97197265625, -21.45732421874999 74.99755859375, -21.140576171874983 75.0685546875, -21.05668945312499 75.07939453125, -20.985791015624983 75.074365234375, -20.92778320312499 75.05341796875, -20.861083984375 74.992578125, -20.78569335937499 74.891748046875, -20.795312499999994 74.80595703125, -20.889990234374977 74.735205078125, -20.97099609374999 74.68984375, -21.038281249999983 74.669873046875, -21.038476562499994 74.654150390625, -20.861572265625 74.6359375, -20.61113281249999 74.72822265625, -20.53173828125 74.842919921875, -20.417089843749977 74.9751953125, -20.214257812499994 75.01923828125, -19.98491210937499 74.9751953125, -19.799707031249994 74.851708984375, -19.537792968749983 74.624560546875, -19.427343749999977 74.600927734375, -19.287011718749994 74.54638671875, -19.22509765625 74.4794921875, -19.241650390624983 74.4001953125, -19.271582031249977 74.342626953125, -19.31494140625 74.306787109375, -19.369140625 74.284033203125, -19.466748046874983 74.269482421875, -19.646240234375 74.257958984375, -20.047558593749983 74.282275390625, -20.256445312499977 74.2828125, -20.230566406249977 74.204638671875, -20.65312499999999 74.137353515625, -21.12944335937499 74.110888671875, -21.58056640625 74.1634765625, -21.954931640624977 74.244287109375, -21.83203125 74.357275390625, -21.761962890625 74.482763671875, -21.94291992187499 74.56572265625, -21.982617187499983 74.56748046875, -21.920166015625 74.439208984375, -21.97270507812499 74.3900390625, -22.177197265624983 74.33017578125, -22.32158203124999 74.3025390625, -22.334326171874977 74.286376953125, -22.263525390624977 74.272412109375, -22.21733398437499 74.2455078125, -22.195654296874977 74.205712890625, -22.22001953124999 74.16552734375, -22.29057617187499 74.125, -22.328955078124977 74.090966796875, -22.33525390624999 74.063427734375, -22.27055664062499 74.0298828125, -22.13481445312499 73.990478515625, -21.987695312499994 73.97099609375, -21.298291015624983 73.962451171875, -21.022216796875 73.941259765625, -20.367285156249977 73.8482421875, -20.337988281249977 73.819677734375, -20.448925781249983 73.65302734375, -20.509667968749994 73.49287109375, -20.63671875 73.46357421875, -21.325878906249983 73.456640625, -21.547998046874994 73.431689453125, -21.87285156249999 73.35810546875, -22.18505859375 73.269873046875, -22.346874999999983 73.26923828125, -22.987499999999983 73.346240234375, -23.23320312499999 73.397705078125, -23.760595703124977 73.543115234375, -24.15771484375 73.764453125, -24.33989257812499 73.672412109375, -24.451269531249977 73.628515625, -24.566308593749994 73.60576171875, -24.67724609375 73.602197265625, -24.7841796875 73.617919921875, -24.905468749999983 73.652783203125, -25.108837890624983 73.73369140625, -25.351464843749994 73.813623046875, -25.52128906249999 73.851611328125, -25.527734374999994 73.8408203125, -25.427441406249983 73.793798828125, -25.280517578125 73.739599609375, -24.908886718749983 73.58017578125, -24.7783203125 73.539892578125, -24.791259765625 73.511279296875, -25.02587890625 73.485791015625, -25.310742187499983 73.431005859375, -25.450097656249994 73.390673828125, -25.665429687499994 73.292822265625, -25.740185546874983 73.27763671875, -26.06230468749999 73.25302734375, -26.168554687499977 73.259033203125, -26.40673828125 73.312939453125, -26.765478515625006 73.348193359375, -26.976708984374994 73.379541015625, -27.270410156249994 73.436279296875, -27.169384765624983 73.374169921875, -26.603613281250006 73.2794921875, -26.541845703125006 73.248974609375, -26.657617187499994 73.192138671875, -26.728613281250006 73.17138671875, -26.86333007812499 73.1669921875, -27.061865234375006 73.17890625, -27.264892578125 73.17646484375, -27.472363281249983 73.159814453125, -27.561621093750006 73.1384765625, -27.532568359375006 73.112548828125, -27.483154296875 73.088916015625, -27.413330078125 73.067626953125, -27.348046874999994 73.067822265625, -27.189892578124983 73.132421875, -27.070019531249983 73.13701171875, -26.75322265624999 73.12109375, -26.432861328125 73.171484375, -26.202001953124977 73.193212890625, -26.028759765624983 73.198779296875, -25.399023437499977 73.27578125, -25.268310546875 73.361962890625, -25.057031249999994 73.396484375, -24.58720703124999 73.42294921875, -24.132666015624977 73.409375, -23.89897460937499 73.398291015625, -23.709619140624994 73.316796875, -23.455761718749983 73.25908203125, -23.244091796874983 73.19326171875, -22.996044921874983 73.17158203125, -22.852294921875 73.083984375, -22.4501953125 72.986083984375, -22.194238281249994 72.9650390625, -22.036328124999983 72.91845703125, -22.02348632812499 72.72080078125, -22.006738281249994 72.63544921875, -22.074804687499977 72.39921875, -22.280224609374983 72.344775390625, -22.2392578125 72.220263671875, -22.293212890625 72.11953125, -22.497509765624983 72.157763671875, -22.70683593749999 72.22392578125, -23.2080078125 72.3265625, -23.67436523437499 72.392578125, -23.855566406249977 72.45244140625, -24.069042968749983 72.49873046875, -24.358593749999983 72.6873046875, -24.547216796874977 72.921728515625, -24.629980468749977 73.037646484375, -24.78857421875 73.044140625, -24.99248046874999 73.0130859375, -25.170556640624994 72.9802734375, -25.255859375 72.92412109375, -25.86083984375 72.846875, -26.080468749999994 72.793994140625, -26.205761718749983 72.795556640625, -26.657617187499994 72.7158203125, -26.4765625 72.67763671875, -26.39208984375 72.672802734375, -26.20947265625 72.694384765625, -26.099804687499983 72.721923828125, -25.68798828125 72.79736328125, -25.357421875 72.81025390625, -25.237499999999983 72.8427734375, -24.984814453124983 72.889208984375, -24.813330078124977 72.901513671875, -24.789453124999994 72.88974609375, -24.77104492187499 72.86865234375, -24.649999999999977 72.58251953125, -24.70068359375 72.50634765625, -24.8369140625 72.47333984375, -25.128027343749977 72.419189453125, -25.203710937499977 72.39296875, -25.117871093749983 72.34697265625, -24.844189453124983 72.39033203125, -24.666845703124977 72.437353515625, -24.572363281249977 72.42021484375, -24.417187499999983 72.3482421875, -23.797705078124977 72.200732421875, -23.587109374999983 72.139794921875, -23.290917968749994 72.081005859375, -22.955761718749983 71.9994140625, -22.868505859374977 71.970654296875, -22.49687499999999 71.913818359375, -22.370214843749977 71.76982421875, -22.264501953124977 71.75380859375, -21.959667968749983 71.744677734375, -22.013330078124994 71.688818359375, -22.31103515625 71.56455078125, -22.464990234374994 71.52490234375, -22.50322265624999 71.500439453125, -22.48857421874999 71.456689453125, -22.479638671874994 71.383447265625, -22.417578124999977 71.248681640625, -22.347753906249977 71.373486328125, -22.299023437499983 71.43232421875, -22.233789062499994 71.449951171875, -22.169580078124994 71.4525390625, -21.96142578125 71.508203125, -21.75224609374999 71.4783203125, -21.697949218749983 71.337451171875, -21.67119140624999 71.20595703125, -21.689648437499983 71.0923828125, -21.666601562499977 70.915869140625, -21.674511718749983 70.856298828125, -21.625146484374994 70.804638671875, -21.573925781249983 70.590478515625, -21.522656249999983 70.526220703125, -21.62553710937499 70.4685546875, -21.943505859374994 70.44345703125, -22.069287109374983 70.471875, -22.384130859374977 70.46240234375, -22.384521484375 70.513134765625, -22.399853515624983 70.5712890625, -22.401123046875 70.6119140625, -22.422119140625 70.648681640625, -22.43701171875 70.860009765625, -22.526074218749983 70.8078125, -22.531347656249977 70.764990234375, -22.555029296874977 70.721435546875, -22.60966796874999 70.493310546875, -22.690673828125 70.4373046875, -22.942578124999983 70.45078125, -23.190624999999983 70.44248046875, -23.327832031249983 70.4509765625, -23.79179687499999 70.55517578125, -23.971386718749983 70.649462890625, -24.13037109375 70.791064453125, -24.228515625 70.923388671875, -24.265722656249977 71.046337890625, -24.37700195312499 71.14638671875, -24.562207031249983 71.22353515625, -24.781005859375 71.286083984375, -25.033398437499983 71.333935546875, -25.254980468749977 71.395703125, -25.44580078125 71.471240234375, -25.655859374999977 71.530029296875, -25.885156249999994 71.571923828125, -26.21142578125 71.58994140625, -26.68852539062499 71.583349609375, -27.010644531249994 71.63056640625, -27.08720703124999 71.6265625, -27.162304687499983 71.602197265625, -27.107031250000006 71.532666015625, -26.737207031249994 71.50078125, -26.452001953125006 71.493505859375, -26.074072265624977 71.498046875, -25.842724609374983 71.48017578125, -25.7578125 71.43994140625, -25.699414062499983 71.368310546875, -25.667578124999977 71.26533203125, -25.74223632812499 71.18359375, -26.014111328124983 71.092822265625, -26.15751953124999 71.05029296875, -26.57597656249999 70.968701171875, -26.717919921874994 70.95048828125, -27.067333984374983 70.944921875, -27.335693359375 70.952783203125, -27.68876953124999 70.99345703125, -27.888916015625 71.001708984375, -28.303124999999994 71.007177734375, -28.3984375 70.992919921875, -28.29155273437499 70.94931640625, -28.115869140624994 70.924609375, -27.9921875 70.89521484375, -27.97929687499999 70.839501953125, -28.023876953124983 70.756787109375, -28.06987304687499 70.6990234375, -28.145654296874994 70.6556640625, -28.41748046875 70.57353515625, -28.53007812499999 70.54755859375, -29.036816406249983 70.4615234375, -29.07207031249999 70.444970703125, -28.953466796875006 70.447216796875, -28.63310546874999 70.477783203125, -28.540917968749994 70.476904296875, -28.015039062499994 70.40224609375, -27.596093749999994 70.406689453125, -26.747265624999983 70.475537109375, -26.677490234375 70.47421875, -26.621777343749983 70.46337890625, -26.5654296875 70.437548828125, -26.508398437500006 70.396630859375, -26.576806640624994 70.357080078125, -26.770654296874994 70.318896484375, -27.072509765625 70.281201171875, -27.203222656250006 70.255712890625, -27.328125 70.217138671875, -27.56083984374999 70.124462890625, -27.628857421874983 70.02822265625, -27.384179687499994 69.9916015625, -27.27421874999999 70.037939453125, -27.144482421874983 70.1408203125, -27.027734374999994 70.201220703125, -26.752148437499983 70.2421875, -26.415673828124994 70.221337890625, -26.155712890624983 70.24560546875, -25.624853515624977 70.34697265625, -25.529882812499977 70.353173828125, -24.74882812499999 70.295068359375, -24.041015625 70.181201171875, -23.667333984374977 70.139306640625, -23.173242187499994 70.114599609375, -22.28447265624999 70.125830078125, -22.20659179687499 70.10791015625, -22.235449218749977 70.067578125, -22.287060546874983 70.0333984375, -22.43510742187499 69.9857421875, -22.614941406249983 69.954248046875, -22.726220703124994 69.945361328125, -22.820898437499977 69.9228515625, -23.033642578124983 69.900830078125, -23.088232421874977 69.882958984375, -23.014550781249994 69.804833984375, -23.049560546875 69.792724609375, -23.236962890624994 69.791455078125, -23.55253906249999 69.74052734375, -23.811621093749977 69.744189453125, -23.86572265625 69.73671875, -23.816552734374994 69.717822265625, -23.764257812499977 69.68134765625, -23.708984375 69.62724609375, -23.739404296874994 69.588623046875, -23.855566406249977 69.565576171875, -23.94365234374999 69.558056640625, -24.247509765624983 69.590380859375, -24.29667968749999 69.585546875, -24.252294921874977 69.562353515625, -24.22705078125 69.526953125, -24.220898437499983 69.479296875, -24.295556640624994 69.439306640625, -24.451074218749994 69.407080078125, -24.740576171874977 69.318408203125, -24.866601562499994 69.29306640625, -25.132519531249983 69.272119140625, -25.188574218749977 69.260546875, -25.080468749999994 69.19248046875, -25.092431640624994 69.165185546875, -25.272216796875 69.0916015625, -25.544042968749977 69.045703125, -25.581152343749977 69.020947265625, -25.606347656249994 68.954443359375, -25.626123046874994 68.927978515625, -25.697998046875 68.889892578125, -25.95585937499999 68.81728515625, -26.138623046874983 68.78115234375, -26.229248046875 68.7515625, -26.341406249999977 68.7021484375, -26.48291015625 68.675927734375, -26.653710937499994 68.6728515625, -26.815332031249994 68.654345703125, -27.081152343750006 68.601806640625, -27.266259765624994 68.584326171875, -27.851220703124994 68.493505859375, -28.12646484375 68.47900390625, -28.36455078124999 68.446533203125, -28.854345703125006 68.359814453125, -29.08769531249999 68.33193359375, -29.24951171875 68.298779296875, -29.426220703124983 68.289306640625, -29.713574218749983 68.31083984375, -29.868505859375006 68.311572265625, -29.963769531249994 68.29853515625, -30.051123046875006 68.271923828125, -30.195507812499983 68.198974609375, -30.318115234375 68.193310546875, -30.72001953124999 68.251171875, -30.711865234374983 68.224951171875, -30.605664062499983 68.162353515625, -30.610742187499994 68.117919921875, -30.849755859374994 68.0728515625, -30.97856445312499 68.061328125, -31.16845703125 68.079833984375, -31.41948242187499 68.128466796875, -31.74199218749999 68.22998046875, -32.13725585937499 68.384912109375, -32.32744140624999 68.4373046875, -32.31367187499998 68.38759765625, -32.269628906250006 68.339013671875, -32.195214843749994 68.291650390625, -32.18012695312498 68.257275390625, -32.224218750000006 68.235986328125, -32.282373046874994 68.225244140625, -32.354589843750006 68.22509765625, -32.366845703124994 68.213037109375, -32.248925781249994 68.139111328125, -32.15595703124998 68.06318359375, -32.16455078125 67.99111328125, -32.274804687499994 67.9228515625, -32.369531249999994 67.882763671875, -32.44873046875 67.870947265625, -32.91801757812499 67.70068359375, -33.048730468749994 67.679248046875, -33.108154296875 67.658203125, -33.156982421875 67.626708984375, -33.293603515624994 67.4857421875, -33.348876953125 67.442724609375, -33.45849609375 67.38671875, -33.50444335937499 67.377001953125, -33.517578125 67.35419921875, -33.49775390624998 67.3181640625, -33.527978515624994 67.258154296875, -33.60820312499999 67.17421875, -33.88134765625 66.94228515625, -34.101660156250006 66.725927734375, -34.1982421875 66.655078125, -34.268896484375006 66.625048828125, -34.313623046874994 66.635791015625, -34.4228515625 66.63017578125, -34.47587890624999 66.592138671875, -34.52392578125 66.52333984375, -34.576269531250006 66.4708984375, -34.6328125 66.434765625, -35.07465820312498 66.279150390625, -35.188574218750006 66.25029296875, -35.290869140625006 66.2685546875, -35.411718750000006 66.2615234375, -35.66206054687498 66.34375, -35.705468749999994 66.373974609375, -35.86723632812499 66.44140625, -35.86186523437499 66.40625, -35.812109375000006 66.3583984375, -35.755517578124994 66.32353515625, -35.63007812499998 66.13994140625, -35.81791992187499 66.059228515625, -36.044189453125 65.98662109375, -36.288720703124994 65.86484375, -36.37919921874999 65.830810546875, -36.39921874999999 65.930078125, -36.38896484374999 65.959716796875, -36.527246093749994 66.00771484375, -36.52275390624999 65.97314453125, -36.537011718749994 65.940869140625, -36.63725585937499 65.8123046875, -36.665185546874994 65.790087890625, -36.714501953124994 65.795068359375, -36.822167968749994 65.771337890625, -36.93242187499999 65.782568359375, -37.06279296874999 65.871435546875, -37.23320312499999 65.7880859375, -37.316015625000006 65.790234375, -37.329833984375 65.720166015625, -37.410058593749994 65.65634765625, -37.51606445312498 65.6287109375, -37.66376953124998 65.630859375, -37.75419921874999 65.59306640625, -37.95478515624998 65.63359375, -38.00126953124999 65.709619140625, -37.84228515625 65.813818359375, -37.79736328125 65.856787109375, -37.826513671875006 65.90966796875, -37.787841796875 65.977978515625, -37.484472656250006 66.19462890625, -37.278710937499994 66.30439453125, -37.290673828124994 66.32392578125, -37.569921875000006 66.3478515625, -37.81391601562498 66.385498046875, -38.051660156249994 66.3984375, -38.156640624999994 66.385595703125, -37.989160156249994 66.32265625, -37.752343749999994 66.2615234375, -37.868896484375 66.203125, -37.96943359374998 66.14111328125, -38.07343749999998 65.97255859375, -38.13994140624999 65.903515625, -38.39814453124998 65.982861328125, -38.520361328125006 66.00966796875, -38.44267578124999 65.9216796875, -38.21635742187499 65.838330078125, -38.20185546874998 65.810888671875, -38.203369140625 65.71171875, -38.63671875 65.624365234375, -39.088964843750006 65.6111328125, -39.9609375 65.556201171875, -40.17353515624998 65.55615234375, -40.191552734374994 65.522509765625, -39.57792968749999 65.340771484375, -39.65253906249998 65.287841796875, -39.76318359375 65.254931640625, -39.937255859375 65.1416015625, -40.02802734374998 65.1025390625, -40.25312499999998 65.048876953125, -40.667578125000006 65.108740234375, -40.88056640624998 65.081982421875, -41.08442382812498 65.100830078125, -41.08867187499999 65.0353515625, -41.027734374999994 64.987548828125, -40.96601562499998 64.86884765625, -40.82929687499998 64.878076171875, -40.65546874999998 64.91533203125, -40.521093750000006 64.82548828125, -40.432714843750006 64.673193359375, -40.278417968750006 64.595947265625, -40.209863281249994 64.536279296875, -40.182226562500006 64.479931640625, -40.278466796874994 64.423828125, -40.477636718750006 64.34443359375, -40.69853515624999 64.329736328125, -40.686425781249994 64.266943359375, -40.78173828125 64.22177734375, -40.98457031249998 64.235009765625, -41.07939453124999 64.26650390625, -41.177734375 64.2814453125, -41.58100585937498 64.29833984375, -41.17499999999998 64.177392578125, -41.03056640624999 64.121044921875, -40.96630859375 64.154443359375, -40.82568359375 64.162548828125, -40.617773437500006 64.13173828125, -40.65234375 63.927734375, -40.561279296875 63.762353515624994, -40.550390625000006 63.725244140624994, -40.77153320312499 63.626171875, -40.77519531249999 63.533642578125, -40.906835937500006 63.507861328125, -41.048730468749994 63.513818359374994, -41.05615234375 63.412255859374994, -41.152246093749994 63.34892578125, -41.13520507812498 63.30927734375, -41.10771484374999 63.273779296875, -41.195458984374994 63.209228515625, -41.27470703124999 63.1306640625, -41.38789062499998 63.061865234375, -41.447851562500006 63.0689453125, -41.6279296875 63.064501953125, -41.844482421875 63.070263671875, -42.01972656249998 63.159619140625, -42.092382812500006 63.189355468749994, -42.17451171874998 63.2087890625, -42.142968749999994 63.151318359375, -42.093994140625 63.116748046875, -41.932275390624994 63.05224609375, -41.63447265624998 62.9724609375, -41.64360351562499 62.915869140625, -41.723242187500006 62.891259765624994, -41.90898437499999 62.737109375, -41.97490234374999 62.733789062499994, -42.058251953124994 62.693994140624994, -42.31562499999998 62.70732421875, -42.423730468749994 62.72314453125, -42.741113281249994 62.713037109374994, -42.84907226562498 62.72666015625, -42.941650390625 62.72021484375, -42.85527343749999 62.676708984375, -42.673681640625006 62.6375, -42.467138671875006 62.598193359375, -42.152978515624994 62.56845703125, -42.16435546874999 62.51220703125, -42.2431640625 62.466064453125, -42.19794921874998 62.397119140624994, -42.23310546874998 62.347705078125, -42.248144531250006 62.2890625, -42.32148437499998 62.152734374999994, -42.23613281249999 62.0591796875, -42.14306640625 62.013525390625, -42.15385742187499 61.95341796875, -42.110205078125006 61.8572265625, -42.24970703124998 61.771386718749994, -42.36542968749998 61.774609375, -42.530419921874994 61.755322265625, -42.585302734375006 61.71748046875, -42.323632812499994 61.68173828125, -42.34736328124998 61.617431640625, -42.41874999999999 61.537011718749994, -42.493750000000006 61.36279296875, -42.64599609375 61.064111328124994, -42.717041015625 60.767480468749994, -43.044091796874994 60.523681640625, -43.15996093749999 60.516943359375, -43.189062500000006 60.507275390625, -43.34833984374998 60.519775390625, -43.59833984374998 60.576025390625, -43.7919921875 60.594580078125, -43.922705078125006 60.595361328124994, -43.939550781250006 60.5673828125, -43.831152343750006 60.52197265625, -43.66547851562498 60.502978515625, -43.533056640625006 60.472998046875, -43.295654296875 60.444970703124994, -43.212988281250006 60.390673828125, -43.156494140625 60.332861328125, -43.16533203124999 60.263427734375, -43.122900390625006 60.06123046875, -43.32011718749999 59.928124999999994, -43.61689453124998 59.936914062499994, -43.66850585937499 59.958935546875, -43.95502929687498 60.02548828125, -43.937402343749994 59.99423828125, -43.730126953124994 59.903759765625, -43.65791015624998 59.858642578125, -43.78984374999999 59.845947265625, -43.90654296874999 59.815478515625, -44.11699218749999 59.831933593749994, -44.10541992187498 59.877734375, -44.06547851562499 59.9248046875, -44.161718750000006 59.916796875, -44.268945312499994 59.892919921875, -44.33124999999998 59.901708984375, -44.38359374999999 59.899072265624994, -44.412939453125006 59.922607421875, -44.453466796875006 60.014550781249994, -44.404931640624994 60.060791015625, -44.231347656249994 60.1802734375, -44.176123046875006 60.244384765625, -44.224365234375 60.27353515625, -44.34833984374998 60.20478515625, -44.47636718749999 60.0955078125, -44.53315429687498 60.0294921875, -44.61328125 60.016650390625, -44.81220703124998 60.04990234375, -45.379248046875006 60.2029296875, -45.36235351562499 60.295947265625, -45.367773437500006 60.372949218749994, -45.202490234375006 60.382714843749994, -45.082275390625 60.4162109375, -44.974707031250006 60.4572265625, -44.853515625 60.53193359375, -44.742431640625 60.6552734375, -44.756738281249994 60.664599609375, -45.08271484374998 60.507177734375, -45.283300781250006 60.454541015625, -45.380517578124994 60.444921875, -45.428857421874994 60.46826171875, -45.59028320312498 60.51884765625, -45.934326171875 60.579443359375, -45.97651367187498 60.59970703125, -46.046630859375 60.61572265625, -46.141943359375006 60.776513671874994, -46.018652343750006 60.97177734375, -45.933740234374994 61.02841796875, -45.8798828125 61.094140624999994, -45.84941406249999 61.18115234375, -45.870214843750006 61.218310546875, -45.942285156249994 61.20556640625, -45.975683593750006 61.17578125, -45.97041015624998 61.12919921875, -46.01171875 61.096826171874994, -46.29667968749999 61.022363281249994, -46.582421874999994 60.962060546874994, -46.7177734375 60.904931640624994, -46.87446289062498 60.81640625, -46.97968749999998 60.820361328125, -47.124853515625006 60.811328125, -47.22441406249999 60.782861328124994, -47.369726562500006 60.800341796875, -47.46464843749999 60.842626953125, -47.57905273437498 60.8474609375, -47.70747070312498 60.827099609375, -47.796240234375006 60.828857421875, -47.78886718749999 60.800146484375, -47.72993164062498 60.7294921875, -47.82792968749999 60.724755859374994, -48.01396484374999 60.72197265625, -48.107519531250006 60.742431640625, -48.180810546874994 60.76923828125, -48.241943359375 60.8068359375, -48.205175781250006 60.855908203125, -47.90595703124998 60.945751953125, -47.77031249999999 60.99775390625, -47.858789062499994 61.015673828125, -48.146142578124994 60.999462890625, -48.193945312500006 61.012939453125, -48.38642578124998 61.004736328125, -48.37812499999998 61.1384765625, -48.424951171874994 61.1716796875, -48.42817382812498 61.187402343749994, -48.49482421874998 61.22470703125, -48.59716796875 61.247412109375, -48.92207031249998 61.27744140625, -48.964501953124994 61.352001953125, -48.987207031249994 61.4287109375, -49.049218749999994 61.523876953125, -49.204736328124994 61.548681640625, -49.2890625 61.58994140625, -49.222265625000006 61.63212890625, -49.193115234375 61.68564453125, -49.265234375000006 61.71005859375, -49.31123046874998 61.747802734375, -49.30449218749999 61.772314453125, -49.362890625000006 61.838525390624994, -49.380273437499994 61.890185546875, -49.3134765625 61.938623046874994, -49.129785156249994 61.993408203125, -49.070556640625 62.015478515625, -49.039648437500006 62.03935546875, -48.828710937500006 62.0796875, -49.008154296875006 62.108203125, -49.120458984375006 62.11259765625, -49.202294921874994 62.09931640625, -49.277929687500006 62.045751953125, -49.348535156249994 62.010205078125, -49.623779296875 61.998583984375, -49.66425781249998 62.016943359375, -49.68339843749999 62.092578125, -49.667724609375 62.15087890625, -49.553466796875 62.23271484375, -49.68525390624998 62.273339843749994, -49.806054687499994 62.286523437499994, -49.943359375 62.324462890625, -50.070214843749994 62.364501953125, -50.28520507812499 62.466210937499994, -50.319238281249994 62.473193359375, -50.25932617187499 62.578076171875, -50.256005859374994 62.67978515625, -50.298730468749994 62.72197265625, -50.203759765624994 62.8087890625, -50.076025390625006 62.903759765625, -49.793115234374994 63.04462890625, -50.09223632812498 62.9767578125, -50.33833007812498 62.828759765624994, -50.39008789062498 62.822021484375, -50.501562500000006 62.944921875, -50.572021484375 62.971142578125, -50.603515625 63.000048828125, -50.743505859375006 63.05126953125, -50.804296875000006 63.090771484375, -50.890478515625006 63.166943359375, -51.013085937499994 63.257568359375, -51.187597656250006 63.436425781249994, -51.468847656250006 63.64228515625, -51.538183593750006 63.7580078125, -51.451074218749994 63.90478515625, -51.547509765624994 64.006103515625, -51.28007812499999 64.052978515625, -50.897558593750006 64.10556640625, -50.699365234374994 64.149267578125, -50.58500976562499 64.162353515625, -50.341894531250006 64.170361328125, -50.26069335937498 64.2142578125, -50.39594726562498 64.203173828125, -50.48662109374999 64.20888671875, -50.492285156250006 64.229345703125, -50.458740234375 64.2658203125, -50.43706054687499 64.312841796875, -50.4833984375 64.304345703125, -50.721044921875006 64.22333984375, -51.07231445312499 64.159033203125, -51.3466796875 64.123095703125, -51.39111328125 64.125, -51.54228515624999 64.097021484375, -51.58491210937498 64.103173828125, -51.682031249999994 64.16474609375, -51.707861328125006 64.205078125, -51.533789062500006 64.314208984375, -51.40375976562498 64.46318359375, -51.231542968750006 64.560595703125, -51.10991210937499 64.572802734375, -50.83491210937498 64.558984375, -50.85771484374999 64.616796875, -50.849218750000006 64.644677734375, -50.684326171875 64.678173828125, -50.492089843749994 64.6931640625, -50.355126953124994 64.682568359375, -50.268945312499994 64.61474609375, -50.158203125 64.48955078125, -50.00898437499998 64.447265625, -50.015527343749994 64.507421875, -50.09296874999998 64.584912109375, -50.12163085937499 64.703759765625, -50.21992187499998 64.753857421875, -50.29887695312499 64.778564453125, -50.516992187499994 64.76650390625, -50.64814453124998 64.8533203125, -50.677880859374994 64.885205078125, -50.681298828124994 64.9275390625, -50.812158203124994 65.05185546875, -50.923730468749994 65.196728515625, -50.96064453124998 65.201123046875, -50.913720703124994 65.09697265625, -50.85234374999999 65.023681640625, -50.721582031249994 64.797607421875, -50.780175781249994 64.746142578125, -50.89106445312498 64.69521484375, -50.98906249999999 64.66484375, -51.220605468749994 64.628466796875, -51.17084960937498 64.707763671875, -51.13896484374999 64.7857421875, -51.25537109375 64.75810546875, -51.363623046875006 64.7015625, -51.40092773437499 64.623095703125, -51.470458984375 64.551806640625, -51.6767578125 64.37705078125, -51.75810546874999 64.279931640625, -51.8349609375 64.231982421875, -51.922607421875 64.21875, -51.998681640624994 64.256787109375, -52.06318359375 64.34609375, -52.093408203124994 64.41591796875, -52.09702148437499 64.5970703125, -52.0888671875 64.68154296875, -52.1240234375 64.79541015625, -52.23544921874999 65.060546875, -52.259033203125 65.154931640625, -52.44760742187499 65.205126953125, -52.450341796874994 65.221337890625, -52.53769531249999 65.32880859375, -52.506249999999994 65.348486328125, -52.46142578125 65.3626953125, -52.179589843749994 65.441943359375, -51.970703125 65.530712890625, -51.721093749999994 65.669921875, -51.619140625 65.71318359375, -51.2529296875 65.746484375, -51.09038085937499 65.751025390625, -51.091894531250006 65.77578125, -51.146386718749994 65.78564453125, -51.393798828125 65.779150390625, -51.72343749999999 65.723486328125, -51.779882812500006 65.70341796875, -51.92412109374999 65.616796875, -52.0353515625 65.569482421875, -52.34824218749999 65.461328125, -52.55126953125 65.461376953125, -52.7609375 65.5908203125, -52.99492187499999 65.566015625, -53.15292968749999 65.574560546875, -53.198974609375 65.59404296875, -53.23374023437499 65.770849609375, -53.106347656249994 65.9771484375, -53.24374999999999 65.979052734375, -53.272216796875 65.98740234375, -53.3447265625 66.034375, -53.392041015625 66.04833984375, -53.35693359375 66.073291015625, -53.01787109374999 66.1708984375, -52.510888671874994 66.36240234375, -52.292626953124994 66.437646484375, -52.15791015625 66.4701171875, -52.056103515625 66.50732421875, -51.93217773437499 66.587890625, -51.891210937500006 66.62314453125, -51.822119140625006 66.6515625, -51.676367187500006 66.68359375, -51.51708984375 66.73203125, -51.25859374999999 66.8412109375, -51.224999999999994 66.88154296875, -51.28105468749999 66.890966796875, -51.401953125000006 66.853759765625, -51.647705078125 66.75400390625, -51.82304687499999 66.6978515625, -52.42124023437499 66.4466796875, -52.67587890624999 66.355224609375, -52.814453125 66.296875, -52.92192382812499 66.24111328125, -53.035791015624994 66.201416015625, -53.15605468749999 66.177734375, -53.412744140624994 66.1599609375, -53.53876953125 66.13935546875, -53.614697265625 66.1544921875, -53.648095703124994 66.27353515625, -53.62260742187499 66.34404296875, -53.634716796875 66.413671875, -53.570703124999994 66.51328125, -53.47568359374999 66.583837890625, -53.41874999999999 66.64853515625, -53.114648437499994 66.75380859375, -53.03828125 66.826806640625, -52.60312499999999 66.852734375, -52.49106445312499 66.850146484375, -52.43144531249999 66.859912109375, -52.386865234374994 66.88115234375, -52.42973632812499 66.89755859375, -52.56010742187499 66.90908203125, -52.906689453125 66.906884765625, -53.37309570312499 66.93193359375, -53.443603515625 66.924658203125, -53.560009765625 66.945947265625, -53.687158203124994 66.986474609375, -53.884423828124994 67.135546875, -53.80546874999999 67.326904296875, -53.798583984375 67.4181640625, -53.54790039062499 67.498193359375, -53.41386718749999 67.52470703125, -53.223583984375 67.5849609375, -52.96953124999999 67.687255859375, -52.666455078125 67.74970703125, -52.51201171874999 67.761279296875, -52.38359374999999 67.75234375, -51.909082031249994 67.663720703125, -51.6650390625 67.64638671875, -51.450585937499994 67.667724609375, -51.18144531249999 67.6365234375, -50.70537109374999 67.50888671875, -50.61347656249998 67.5279296875, -50.64013671875 67.558837890625, -51.171044921874994 67.693603515625, -51.16796875 67.733837890625, -51.032080078125006 67.744384765625, -50.88701171874999 67.783544921875, -50.968847656250006 67.806640625, -51.32148437499998 67.786572265625, -51.423242187499994 67.7544921875, -51.765234375000006 67.737841796875, -51.94384765625 67.765185546875, -52.10419921875 67.7787109375, -52.34482421874999 67.8369140625, -52.54619140624999 67.817919921875, -52.673242187499994 67.794970703125, -52.898339843749994 67.7732421875, -52.97958984374999 67.757763671875, -53.41879882812499 67.574560546875, -53.60361328124999 67.536474609375, -53.73520507812499 67.5490234375, -53.642822265625 67.66826171875, -53.6162109375 67.71533203125, -53.616357421874994 67.7666015625, -53.57797851562499 67.83681640625, -53.352929687499994 67.9705078125, -53.211376953125 68.116943359375, -53.1515625 68.207763671875, -53.040966796875 68.217919921875, -52.88984375 68.204541015625, -52.43608398437499 68.145654296875, -52.058496093749994 68.07548828125, -51.77998046874998 68.05673828125, -51.59687499999998 68.05478515625, -51.51835937499999 68.0771484375, -51.45649414062498 68.116064453125, -51.43266601562499 68.143017578125, -51.414697265624994 68.198193359375, -51.393701171874994 68.2177734375, -51.33251953125 68.241845703125, -51.207275390625 68.325537109375, -51.16914062499998 68.385205078125, -51.21015624999998 68.419921875, -51.29345703125 68.416357421875, -51.45610351562499 68.393505859375, -51.47802734375 68.383984375, -51.47504882812498 68.365380859375, -51.632421875000006 68.273046875, -51.80400390624999 68.251806640625, -52.19853515624999 68.22080078125, -52.37851562499999 68.218603515625, -52.698388671874994 68.2615234375, -52.74677734375 68.278369140625, -52.780029296875 68.30986328125, -53.172509765624994 68.302734375, -53.28984374999999 68.29326171875, -53.38315429687499 68.29736328125, -53.33740234375 68.3521484375, -53.213281249999994 68.41298828125, -53.039453124999994 68.610888671875, -52.89384765624999 68.6615234375, -52.60458984374999 68.708740234375, -52.30278320312499 68.701123046875, -51.780664062499994 68.548193359375, -51.623144531250006 68.534814453125, -51.47871093749998 68.54716796875, -51.13330078125 68.5984375, -51.069921875000006 68.619189453125, -50.945703124999994 68.682666015625, -50.800634765625006 68.791259765625, -50.807714843750006 68.8169921875, -51.03022460937498 68.756298828125, -51.14887695312498 68.73994140625, -51.249414062499994 68.73994140625, -51.15605468749999 68.938427734375, -51.119726562500006 69.09052734375, -51.084863281249994 69.128271484375, -50.79228515624999 69.116845703125, -50.392675781250006 69.13740234375, -50.29736328125 69.17060546875, -50.29887695312499 69.1853515625, -50.459374999999994 69.205517578125, -50.53662109375 69.2478515625, -50.85107421875 69.20625, -51.07695312499999 69.20947265625, -51.05781249999998 69.2748046875, -50.892236328124994 69.411767578125, -50.87519531249998 69.47421875, -50.81059570312499 69.5990234375, -50.804101562499994 69.663037109375, -50.72026367187499 69.725341796875, -50.459082031250006 69.7697265625, -50.349462890625006 69.796240234375, -50.34345703124998 69.825244140625, -50.5 69.935791015625, -50.46025390624999 69.96630859375, -50.337500000000006 69.994140625, -50.29169921874998 70.014453125, -50.32294921874998 70.0271484375, -50.43608398437499 70.03935546875, -50.60986328125 70.01494140625, -50.802343750000006 70.00322265625, -50.97270507812499 70.039892578125, -51.105712890625 70.057421875, -51.18994140625 70.051904296875, -51.418847656249994 69.989208984375, -51.49907226562499 69.987158203125, -51.59809570312498 70.004541015625, -52.254638671875 70.058935546875, -52.33603515624999 70.078125, -52.571240234375 70.172119140625, -52.765039062499994 70.234130859375, -53.02304687499999 70.301904296875, -53.35751953124999 70.3533203125, -53.768505859375 70.388525390625, -54.01445312499999 70.4216796875, -54.135644531249994 70.468408203125, -54.34331054687499 70.57119140625, -54.501171875 70.656884765625, -54.53076171875 70.699267578125, -54.43798828125 70.751611328125, -54.34355468749999 70.789208984375, -54.16582031249999 70.8201171875, -53.85917968749999 70.809912109375, -53.69443359374999 70.79609375, -53.513085937499994 70.7666015625, -53.37602539062499 70.76103515625, -53.09130859375 70.769384765625, -52.801953125 70.7505859375, -52.63041992187499 70.729931640625, -52.405224609375 70.686767578125, -51.783789062500006 70.50322265625, -51.52446289062499 70.439453125, -51.411718750000006 70.431787109375, -50.946875000000006 70.363623046875, -50.87236328124999 70.364892578125, -50.68212890625 70.396875, -50.66328124999998 70.417578125, -50.7275390625 70.43798828125, -50.93266601562499 70.453857421875, -51.17333984375 70.5291015625, -51.322851562500006 70.58876953125, -51.33989257812499 70.687548828125, -51.320410156250006 70.74287109375, -51.282812500000006 70.768017578125, -51.256591796875 70.852685546875, -51.396093750000006 70.90302734375, -51.493554687499994 70.918896484375, -51.752685546875 70.992236328125, -51.774316406249994 71.01044921875, -51.65009765624998 71.01904296875, -51.528417968750006 71.014013671875, -51.26708984375 70.97685546875, -51.13007812499998 70.971728515625, -51.030419921874994 70.986279296875, -51.018945312499994 71.001318359375, -51.17778320312499 71.04345703125, -51.37666015624998 71.11904296875, -51.791894531249994 71.130126953125, -52.06137695312499 71.121630859375, -52.23359375 71.14755859375, -52.416894531249994 71.189697265625, -52.534570312499994 71.200439453125, -52.77499999999999 71.1740234375, -52.8966796875 71.170703125, -53.007568359375 71.17998046875, -53.11704101562499 71.312890625, -53.087890625 71.352734375, -53.002099609374994 71.369970703125, -52.93730468749999 71.412841796875, -52.891845703125 71.457666015625, -52.749414062499994 71.501513671875, -51.96728515625 71.59912109375, -51.769921874999994 71.671728515625, -51.77861328124999 71.68291015625, -51.911718750000006 71.66943359375, -52.081933593749994 71.63671875, -52.19580078125 71.62998046875, -52.65629882812499 71.672265625, -52.72807617187499 71.662646484375, -52.91455078125 71.601904296875, -53.16752929687499 71.5359375, -53.284082031249994 71.53994140625, -53.440087890624994 71.57900390625, -53.46484375 71.606787109375, -53.476025390625 71.640185546875, -53.30473632812499 71.685888671875, -53.24970703125 71.71015625, -53.1388671875 71.7751953125, -53.14453125 71.807421875, -53.33369140625 71.78974609375, -53.358349609375 71.81962890625, -53.35527343749999 71.8708984375, -53.37363281249999 71.9357421875, -53.4201171875 71.999755859375, -53.575390625 72.098046875, -53.639794921874994 72.12333984375, -53.69287109375 72.15966796875, -53.80986328124999 72.292578125, -53.77597656249999 72.325830078125, -53.672021484374994 72.351025390625, -53.65214843749999 72.362646484375, -53.900537109374994 72.341748046875, -53.927734375 72.318798828125, -53.88090820312499 72.2849609375, -53.84746093749999 72.23984375, -53.827539062499994 72.183447265625, -53.792871093749994 72.13408203125, -53.70292968749999 72.080029296875, -53.63095703124999 72.051513671875, -53.513671875 71.97626953125, -53.46249999999999 71.8935546875, -53.47758789062499 71.849951171875, -53.56865234374999 71.80556640625, -53.71542968749999 71.757666015625, -53.75986328124999 71.718017578125, -53.779687499999994 71.678515625, -53.89409179687499 71.6419921875, -54.019921874999994 71.657861328125, -53.954296875 71.59267578125, -53.912060546875 71.525927734375, -53.96298828124999 71.458984375, -54.09892578124999 71.418505859375, -54.17270507812499 71.41728515625, -54.31772460937499 71.38447265625, -54.68906249999999 71.367236328125, -54.818310546875 71.37529296875, -55.05537109375 71.40859375, -55.33642578125 71.4267578125, -55.447900390624994 71.47177734375, -55.59404296874999 71.553515625, -55.66782226562499 71.6267578125, -55.669335937499994 71.69150390625, -55.629785156249994 71.738623046875, -55.549218749999994 71.76826171875, -55.45244140624999 71.957666015625, -55.315576171874994 72.110693359375, -54.9708984375 72.268408203125, -54.87260742187499 72.325439453125, -54.84013671874999 72.356103515625, -54.84062499999999 72.37939453125, -54.89633789062499 72.394189453125, -55.32011718749999 72.199560546875, -55.581445312499994 72.178857421875, -55.65947265624999 72.222607421875, -55.63583984374999 72.300439453125, -55.589306640625 72.318505859375, -55.3779296875 72.3111328125, -55.29570312499999 72.35439453125, -55.427978515625 72.419873046875, -55.568749999999994 72.43701171875, -55.601708984374994 72.453466796875, -55.456787109375 72.503271484375, -55.12187499999999 72.499609375, -55.04624023437499 72.534423828125, -54.924951171874994 72.57197265625, -54.79038085937499 72.6416015625, -54.74003906249999 72.7001953125, -54.7287109375 72.75048828125, -54.757714843749994 72.791064453125, -54.76083984374999 72.83173828125, -54.737939453124994 72.872509765625, -54.773095703124994 72.917578125, -54.8662109375 72.966845703125, -55.07309570312499 73.01513671875, -55.133984375 72.96064453125, -55.1984375 72.938232421875, -55.28891601562499 72.933203125, -55.37241210937499 72.95615234375, -55.45952148437499 72.964404296875, -55.5451171875 72.984912109375, -55.633984375 72.99140625, -55.66855468749999 73.00791015625, -55.690820312499994 73.0541015625, -55.692773437499994 73.112841796875, -55.59228515625 73.140283203125, -55.45234375 73.1619140625, -55.35869140624999 73.2029296875, -55.29716796874999 73.2623046875, -55.28828125 73.327099609375, -55.33203125 73.39736328125, -55.445703124999994 73.460498046875, -55.656201171875 73.399072265625, -55.73886718749999 73.383984375, -55.75791015624999 73.4279296875, -55.787060546875 73.460498046875, -55.87553710937499 73.504638671875, -56.10405273437499 73.558154296875, -56.10917968749999 73.590771484375, -56.08261718749999 73.627490234375, -56.03300781249999 73.6703125, -55.968408203124994 73.7595703125, -55.89731445312499 73.751611328125, -55.838281249999994 73.759716796875, -55.87241210937499 73.833447265625, -55.92949218749999 73.89541015625, -55.996533203125 73.930615234375, -55.998925781249994 73.945947265625, -56.01445312499999 73.9638671875, -56.06621093749999 74.007275390625, -56.12421875 74.0390625, -56.22539062499999 74.1291015625, -56.298486328124994 74.163427734375, -56.39218749999999 74.181201171875, -56.4931640625 74.182177734375, -56.655175781249994 74.158544921875, -56.954296875 74.131201171875, -57.19111328125 74.118212890625, -57.23056640624999 74.12529296875, -57.11210937499999 74.15947265625, -56.9375 74.195068359375, -56.70634765624999 74.219189453125, -56.63896484374999 74.278369140625, -56.66391601562499 74.32958984375, -56.654296875 74.378125, -56.717675781249994 74.429248046875, -56.656005859375 74.457568359375, -56.445556640625 74.486083984375, -56.35029296875 74.490478515625, -56.25546874999999 74.526806640625, -56.52207031249999 74.614306640625, -56.80131835937499 74.6716796875, -56.87114257812499 74.694970703125, -56.932568359375 74.733349609375, -56.985546875 74.786767578125, -57.071679687499994 74.840234375, -57.190869140625 74.89375, -57.36479492187499 74.945458984375, -57.81318359375 75.039990234375, -57.96708984374999 75.10517578125, -58.108837890625 75.204931640625, -58.1796875 75.2474609375, -58.253320312499994 75.278955078125, -58.56552734374999 75.352734375, -58.603466796875 75.385302734375, -58.281201171875 75.4720703125, -58.249658203124994 75.506689453125, -58.381298828125 75.61201171875, -58.51621093749999 75.6890625, -58.6630859375 75.71640625, -58.88144531249999 75.73046875, -59.08159179687499 75.764697265625, -59.263623046875 75.818896484375, -59.4453125 75.85859375, -59.717431640624994 75.8962890625, -60.172753906249994 75.993310546875, -60.87460937499999 76.09716796875, -61.188232421875 76.157861328125, -61.37480468749999 76.17998046875, -61.620849609375 76.18564453125, -62.0966796875 76.242333984375, -62.49619140624999 76.26044921875, -62.74287109375 76.2521484375, -62.8234375 76.2615234375, -63.005810546875 76.319091796875, -63.29130859374999 76.35205078125, -63.438867187499994 76.339453125, -63.621972656249994 76.277880859375, -63.84306640624999 76.217138671875, -63.960351562499994 76.208935546875, -64.135205078125 76.264501953125, -64.22319335937499 76.3033203125, -64.307275390625 76.31650390625, -64.38730468749999 76.30400390625, -64.543408203125 76.253076171875, -64.69208984375 76.216259765625, -64.91196289062499 76.172509765625, -65.087646484375 76.151513671875, -65.313232421875 76.14638671875, -65.36992187499999 76.13056640625, -65.456787109375 76.129833984375, -65.57373046875 76.14423828125, -65.68330078125 76.172705078125, -65.78544921874999 76.21533203125, -65.875732421875 76.238330078125, -65.954052734375 76.24169921875, -66.134033203125 76.21962890625, -66.361767578125 76.15478515625, -66.465771484375 76.13916015625, -66.55322265625 76.145947265625, -66.65996093749999 76.166162109375, -66.8740234375 76.21787109375, -66.992578125 76.212939453125, -67.07871093749999 76.19482421875, -67.05478515624999 76.15185546875, -66.85390625 76.05, -66.6748046875 75.977392578125, -66.826171875 75.968798828125, -68.14873046874999 76.067041015625, -68.31728515625 76.090771484375, -68.56064453124999 76.1501953125, -68.7630859375 76.18662109375, -69.107568359375 76.280859375, -69.37290039062499 76.331884765625, -69.460888671875 76.371728515625, -69.48408203125 76.399169921875, -69.399658203125 76.436279296875, -68.864990234375 76.561376953125, -68.66074218749999 76.58662109375, -68.24541015624999 76.616748046875, -68.147216796875 76.63564453125, -68.1142578125 76.650634765625, -68.223388671875 76.677685546875, -68.76738281249999 76.668017578125, -69.25205078124999 76.6861328125, -69.673828125 76.735888671875, -69.747216796875 76.752392578125, -69.81865234374999 76.782763671875, -69.8880859375 76.82705078125, -69.872216796875 76.876611328125, -69.71171874999999 76.96904296875, -69.69423828125 76.989453125, -70.22446289062499 76.85458984375, -70.44130859375 76.807373046875, -70.61313476562499 76.821826171875, -70.73369140624999 76.844189453125, -70.79282226562499 76.869091796875, -70.79062499999999 76.896484375, -70.771240234375 76.91650390625, -70.73466796874999 76.92900390625, -71.0150390625 76.98486328125, -71.14145507812499 77.028662109375, -71.15488281249999 77.073876953125, -71.05546874999999 77.1205078125, -70.95810546874999 77.154345703125, -70.86284179687499 77.175439453125, -70.6037109375 77.19384765625, -69.65654296874999 77.22900390625, -68.97832031249999 77.1953125, -68.7474609375 77.30693359375, -68.59160156249999 77.342529296875, -68.13554687499999 77.37958984375, -67.4337890625 77.38466796875, -66.93798828125 77.364208984375, -66.70576171875 77.338037109375, -66.38945312499999 77.2802734375, -66.3712890625 77.297705078125, -66.44765625 77.3498046875, -66.453076171875 77.39306640625, -66.32529296874999 77.468212890625, -66.26645507812499 77.515380859375, -66.30644531249999 77.564501953125, -66.44536132812499 77.615673828125, -66.69121093749999 77.681201171875, -66.82353515624999 77.68662109375, -66.970654296875 77.670849609375, -67.14736328125 77.634521484375, -67.5146484375 77.542919921875, -67.68808593749999 77.523779296875, -67.97734374999999 77.518896484375, -68.13730468749999 77.53046875, -68.29189453125 77.544189453125, -68.53349609374999 77.5927734375, -68.621533203125 77.60185546875, -68.72822265625 77.58056640625, -68.853662109375 77.528857421875, -68.974560546875 77.492626953125, -69.09091796874999 77.471923828125, -69.199658203125 77.462939453125, -69.35136718749999 77.467138671875, -69.9767578125 77.54765625, -70.1181640625 77.58349609375, -70.1263671875 77.63779296875, -70.318310546875 77.690380859375, -70.535400390625 77.699560546875, -70.5619140625 77.7171875, -70.28662109375 77.7982421875, -70.081494140625 77.831396484375, -70.114453125 77.841357421875, -70.41240234374999 77.843115234375, -70.613525390625 77.8, -70.7287109375 77.792724609375, -70.993603515625 77.791552734375, -71.271630859375 77.813134765625, -71.38984375 77.83203125, -71.51240234375 77.875390625, -71.64990234375 77.8998046875, -72.06494140625 77.93681640625, -72.15854492187499 77.95693359375, -72.247265625 77.9904296875, -72.586328125 78.085205078125, -72.79150390625 78.1548828125, -72.81806640625 78.1943359375, -72.581298828125 78.2791015625, -72.570947265625 78.29873046875, -72.67246093749999 78.335302734375, -72.714794921875 78.3623046875, -72.67973632812499 78.399560546875, -72.47250976562499 78.48203125, -72.39560546874999 78.504345703125, -72.023681640625 78.552783203125, -71.651318359375 78.62314453125, -71.515625 78.63896484375, -71.394775390625 78.642626953125, -70.90576171875 78.6384765625, -70.7541015625 78.655810546875, -70.625390625 78.69013671875, -70.414208984375 78.72490234375, -69.97353515625 78.777685546875, -68.99345703124999 78.857421875, -68.929638671875 78.866796875, -68.92392578124999 78.88193359375, -69.011962890625 78.923046875, -69.030517578125 78.94287109375, -68.829833984375 78.979736328125, -68.37705078124999 79.037841796875, -68.067529296875 79.0658203125, -67.868359375 79.06787109375, -67.707763671875 79.08037109375, -67.48222656249999 79.11689453125, -67.35454101562499 79.12333984375, -66.583740234375 79.1376953125, -66.24277343749999 79.117822265625, -66.075341796875 79.118212890625, -65.96787109374999 79.132373046875, -65.82553710937499 79.17373046875, -65.559765625 79.27646484375, -65.419873046875 79.340234375, -65.28779296875 79.4373046875, -65.116943359375 79.589013671875, -64.9892578125 79.736962890625, -64.90463867187499 79.88125, -64.83896484374999 79.969189453125, -64.79228515624999 80.000634765625, -64.63242187499999 80.040576171875, -64.46572265625 80.0716796875, -64.179150390625 80.099267578125, -64.2052734375 80.112109375, -64.326806640625 80.13359375, -64.43994140625 80.141845703125, -64.54462890625 80.1369140625, -64.73525390625 80.104443359375, -64.98222656249999 80.082470703125, -65.222119140625 80.0859375, -65.394921875 80.077734375, -65.55341796875 80.047998046875, -65.81044921875 80.024072265625, -65.98193359375 80.0294921875, -66.29150390625 80.072265625, -66.447705078125 80.0802734375, -66.84365234375 80.076220703125, -66.95947265625 80.092041015625, -67.06064453124999 80.12314453125, -67.14130859375 80.166455078125, -67.20146484374999 80.22216796875, -67.19316406249999 80.280078125, -67.05063476562499 80.384521484375, -66.99589843749999 80.41298828125, -66.61005859375 80.52958984375, -66.372314453125 80.5841796875, -66.135693359375 80.625, -65.96328125 80.648974609375, -65.8009765625 80.659716796875, -65.64521484375 80.68505859375, -65.35820312499999 80.76650390625, -65.062158203125 80.836328125, -64.693798828125 80.966015625, -64.51552734375 81, -63.891552734375 81.0564453125, -63.72197265624999 81.05732421875, -63.578027343749994 81.04326171875, -63.44169921874999 81.0138671875, -63.05859375 80.885595703125, -63.02866210937499 80.88955078125, -63.095458984375 80.9380859375, -63.23520507812499 81.083349609375, -63.21249999999999 81.143115234375, -62.99326171874999 81.206982421875, -62.90336914062499 81.218359375, -62.29887695312499 81.194384765625, -62.04941406249999 81.17275390625, -61.8603515625 81.13759765625, -61.63559570312499 81.11572265625, -61.51909179687499 81.116796875, -61.435986328125 81.13359375, -61.31699218749999 81.1884765625, -61.162060546875 81.281494140625, -61.099999999999994 81.39609375, -61.130761718749994 81.53232421875, -61.1759765625 81.631884765625, -61.23569335937499 81.694580078125, -61.20292968749999 81.746875, -61.015039062499994 81.8095703125, -60.84287109374999 81.85537109375, -60.432373046875 81.920166015625, -60.09946289062499 81.937353515625, -59.90190429687499 81.9330078125, -59.64228515625 81.90263671875, -59.28193359375 81.884033203125, -58.956787109375 81.8251953125, -58.42978515624999 81.6900390625, -58.07993164062499 81.622216796875, -57.79033203124999 81.591748046875, -57.5048828125 81.539892578125, -57.08286132812499 81.429931640625, -56.862060546875 81.38271484375, -56.7306640625 81.365625, -56.615136718749994 81.362890625, -56.658154296875 81.394287109375, -56.85966796874999 81.4599609375, -57.168408203125 81.532177734375, -57.85302734375 81.66201171875, -58.23007812499999 81.753662109375, -58.56821289062499 81.858203125, -58.81674804687499 81.92041015625, -59.268017578125 81.982080078125, -59.26181640624999 82.006640625, -58.71738281249999 82.09306640625, -57.71689453124999 82.168310546875, -56.58935546875 82.2271484375, -56.21196289062499 82.221142578125, -55.54868164062499 82.245751953125, -55.486230468749994 82.282861328125, -55.34360351562499 82.299560546875, -54.72587890624999 82.3513671875, -54.54887695312499 82.350634765625, -54.27705078125 82.32607421875, -53.9873046875 82.279248046875, -53.85322265625 82.236865234375, -53.671337890625 82.1640625, -53.58203125 82.061572265625, -53.59550781249999 81.738037109375, -53.590771484375 81.67685546875, -53.5556640625 81.653271484375, -53.430126953125 81.68837890625, -53.27998046875 81.75361328125, -53.14501953125 81.799755859375, -53.0412109375 81.87099609375, -52.968505859375 81.967138671875, -52.925537109375 82.03837890625, -53.101953124999994 82.1189453125, -53.110742187499994 82.251220703125, -53.02255859374999 82.321728515625, -52.7755859375 82.321728515625, -51.754003906250006 82.07822265625, -51.35185546874999 82.025634765625, -50.894433593749994 81.89521484375, -50.36005859374998 81.90908203125, -49.867041015625006 81.893017578125, -49.648828124999994 81.897802734375, -49.54106445312499 81.91806640625, -49.69428710937498 81.972119140625, -50.39482421874999 82.120703125, -50.713134765625 82.237353515625, -50.935546875 82.3828125, -50.98994140624998 82.46015625, -50.81953124999998 82.474072265625, -50.037109375 82.472412109375, -48.861181640625006 82.405419921875, -47.357421875 82.1736328125, -46.617333984374994 82.09697265625, -45.29106445312499 81.82880859375, -44.890966796875006 81.78828125, -44.7294921875 81.779833984375, -44.60761718749998 81.812939453125, -44.53242187499998 81.84892578125, -44.52690429687499 81.896826171875, -44.59101562499998 81.956689453125, -44.62773437499999 82.02587890625, -44.637109374999994 82.104443359375, -44.54707031249998 82.26005859375, -44.33320312499998 82.310791015625, -44.238867187500006 82.3681640625, -44.326562499999994 82.471728515625, -44.577246093750006 82.542626953125, -45.55244140624998 82.725244140625, -45.556542968749994 82.747021484375, -45.359619140625 82.770947265625, -45.06743164062499 82.7849609375, -42.650732421875006 82.741455078125, -42.23295898437499 82.72548828125, -42.05463867187498 82.709814453125, -41.9765625 82.68916015625, -41.87646484375 82.680322265625, -41.357275390625006 82.70498046875, -41.36962890625 82.75, -41.434423828125006 82.77861328125, -44.23920898437498 82.856787109375, -44.761962890625 82.883544921875, -45.027929687500006 82.885595703125, -45.302978515625 82.865087890625, -45.87333984374999 82.8548828125, -46.136816406250006 82.858837890625, -46.478173828124994 82.951904296875, -46.169042968750006 83.0638671875, -45.90888671874998 83.061328125, -45.41459960937499 83.01767578125, -45.12177734374998 83.078662109375, -44.65693359374998 83.129052734375, -44.19731445312499 83.146826171875, -43.194580078125 83.255126953125, -43.00927734375 83.264599609375, -42.259521484375 83.231982421875, -42.054589843749994 83.20517578125, -41.81977539062498 83.14775390625, -41.683496093749994 83.130029296875, -41.52197265625 83.1267578125, -41.300146484375006 83.10078125, -40.979394531249994 83.18486328125, -40.689453125 83.2751953125, -40.356835937499994 83.332177734375, -39.886328125000006 83.29892578125, -39.58842773437499 83.25556640625, -39.316015625000006 83.20390625, -38.93110351562498 83.175341796875, -38.27836914062499 82.998876953125, -38.15625 82.9986328125, -38.09858398437498 83.01357421875, -38.037011718749994 83.0462890625, -38.014892578125 83.09482421875, -37.93476562499998 83.1607421875, -37.992773437500006 83.185107421875, -38.53955078125 83.258154296875, -38.642919921875006 83.286279296875, -38.747802734375 83.332568359375, -38.74956054687499 83.370849609375, -38.64824218749999 83.401025390625, -38.54145507812498 83.414794921875, -38.18793945312498 83.402294921875, -38.07109374999999 83.412109375, -37.960839843749994 83.437646484375, -37.828027343749994 83.485546875, -37.72333984374998 83.49775390625, -37.486914062500006 83.49912109375, -37.12299804687498 83.468408203125, -36.80449218749999 83.4658203125, -36.689599609374994 83.479931640625, -36.672119140625 83.509912109375, -36.644433593749994 83.528955078125, -36.60649414062499 83.536962890625, -35.45185546874998 83.538623046875, -35.16552734375 83.545751953125, -34.941650390625 83.56845703125, -34.66777343749999 83.571142578125, -34.428320312500006 83.557568359375, -34.131933593750006 83.528662109375, -33.83735351562498 83.52998046875, -33.398339843749994 83.57724609375, -32.98442382812499 83.599609375, -30.70292968749999 83.593408203125, -29.952880859375 83.56484375, -28.99199218749999 83.50478515625, -28.483789062499994 83.434912109375, -28.377050781250006 83.43720703125, -27.688378906249994 83.410400390625, -27.034423828125 83.376904296875, -25.947412109374994 83.2896484375, -25.795068359374994 83.260986328125, -25.912451171874977 83.2375, -26.182714843749977 83.22138671875, -27.571875000000006 83.192626953125, -30.091992187499983 83.157421875, -31.53398437499999 83.088916015625, -31.99267578125 83.0853515625, -32.03271484375 82.983447265625)), ((-13.715966796874994 28.91123046875, -13.783984374999989 28.845458984375, -13.859912109374989 28.869091796874997, -13.823632812499994 29.013330078124994, -13.788183593749977 29.056103515624997, -13.650097656249983 29.118994140625, -13.535058593749994 29.144287109375, -13.501416015624983 29.211230468749996, -13.463574218749983 29.237207031249994, -13.422949218749977 29.197509765625, -13.453759765624994 29.1513671875, -13.477929687499994 29.006591796875, -13.5546875 28.960205078125, -13.715966796874994 28.91123046875)), ((-15.117382812499983 66.125634765625, -15.116406249999983 66.10244140625, -15.010302734374989 66.061279296875, -14.89404296875 66.037890625, -14.787158203124989 66.05908203125, -14.740429687499983 66.050830078125, -14.698193359374983 66.02021484375, -14.674365234374989 65.989892578125, -14.668994140624989 65.95986328125, -14.688232421875 65.89697265625, -14.752539062499977 65.8337890625, -14.839306640624983 65.780908203125, -14.827099609374983 65.7642578125, -14.757519531249983 65.7556640625, -14.426220703124983 65.78994140625, -14.391845703125 65.78740234375, -14.372802734375 65.770361328125, -14.369091796874983 65.738720703125, -14.350878906249989 65.710107421875, -14.318164062499989 65.68447265625, -14.328369140625 65.658251953125, -14.473388671875 65.575341796875, -14.302294921874989 65.6275390625, -14.166943359374983 65.64228515625, -13.935449218749994 65.616064453125, -13.840722656249994 65.5859375, -13.785253906249977 65.5330078125, -13.705126953124989 65.550537109375, -13.670312499999994 65.54951171875, -13.617871093749983 65.5193359375, -13.616015624999989 65.487158203125, -13.654443359374994 65.44130859375, -13.667773437499989 65.398974609375, -13.7080078125 65.381591796875, -13.783251953124989 65.368994140625, -13.804785156249977 65.35478515625, -13.771630859374994 65.322509765625, -13.722851562499983 65.290966796875, -13.653466796874994 65.289501953125, -13.64111328125 65.275, -13.639550781249994 65.257470703125, -13.64892578125 65.236962890625, -13.7548828125 65.192529296875, -13.580810546875 65.143017578125, -13.55859375 65.124658203125, -13.556103515624983 65.09765625, -13.569677734374977 65.068115234375, -13.599316406249983 65.0359375, -13.65185546875 65.016845703125, -13.777246093749994 65.013720703125, -13.85400390625 64.99287109375, -13.827832031249983 64.9580078125, -13.829833984375 64.914013671875, -13.852929687499994 64.862158203125, -13.95166015625 64.783642578125, -14.04443359375 64.74189453125, -14.135156249999994 64.714794921875, -14.296972656249977 64.724365234375, -14.385107421874977 64.74521484375, -14.375292968749989 64.67744140625, -14.465380859374989 64.635693359375, -14.448339843749977 64.600830078125, -14.4169921875 64.58310546875, -14.432568359374983 64.538330078125, -14.475390624999989 64.493994140625, -14.547070312499983 64.445947265625, -14.628222656249989 64.415966796875, -14.78955078125 64.379833984375, -14.927392578124994 64.319677734375, -15.021582031249977 64.2958984375, -15.255859375 64.296923828125, -15.494970703124977 64.258203125, -15.832910156249994 64.17666015625, -16.060449218749994 64.11123046875, -16.236035156249983 64.03720703125, -16.46806640624999 63.916357421875, -16.640332031249983 63.865478515625, -16.739697265624983 63.8517578125, -16.933056640624983 63.84091796875, -17.095117187499994 63.80810546875, -17.633447265624994 63.74658203125, -17.81572265624999 63.71298828125, -17.839257812499994 63.682373046875, -17.91484374999999 63.636376953124994, -17.919580078124994 63.6197265625, -17.886376953124994 63.606884765625, -17.880273437499994 63.590185546875, -17.946923828124994 63.5357421875, -18.080029296874983 63.496337890625, -18.142919921874977 63.496972656249994, -18.21904296874999 63.530859375, -18.252197265625 63.529687499999994, -18.265234374999977 63.52451171875, -18.266015624999994 63.5138671875, -18.222265624999977 63.473193359375, -18.302832031249977 63.454248046874994, -18.65361328124999 63.406689453125, -19.250195312499983 63.4419921875, -19.486572265625 63.478515625, -19.778271484374983 63.536572265625, -19.95195312499999 63.55205078125, -20.198144531249994 63.555810546874994, -20.40043945312499 63.637109374999994, -20.494042968749994 63.687353515625, -20.501562499999977 63.708203125, -20.49101562499999 63.731982421875, -20.469970703125 63.748193359374994, -20.4384765625 63.756982421874994, -20.371728515624994 63.757861328125, -20.363037109375 63.76494140625, -20.413964843749994 63.80517578125, -20.46269531249999 63.792138671874994, -20.592968749999983 63.7353515625, -20.65092773437499 63.73740234375, -20.72705078125 63.765771484374994, -20.729931640624983 63.793359374999994, -20.878759765624977 63.80390625, -21.00810546874999 63.83837890625, -21.136572265624977 63.887939453125, -21.15576171875 63.9068359375, -21.09404296874999 63.934423828125, -21.10595703125 63.939843749999994, -21.15239257812499 63.94453125, -21.246240234374994 63.935449218749994, -21.387597656249994 63.872802734375, -21.448632812499994 63.8583984375, -22.37255859375 63.84375, -22.606884765624983 63.837255859375, -22.652197265624977 63.827734375, -22.693017578124994 63.868505859375, -22.729394531249994 63.95947265625, -22.74296874999999 64.019384765625, -22.733642578125 64.048388671875, -22.701171875 64.083203125, -22.65092773437499 64.077294921875, -22.60307617187499 64.049609375, -22.559814453125 64.0103515625, -22.51005859374999 63.991455078125, -22.187597656249977 64.039208984375, -22.056640625 64.071337890625, -22.0009765625 64.10185546875, -21.935449218749994 64.153759765625, -21.865917968749983 64.180322265625, -21.832763671875 64.205419921875, -21.767578125 64.28486328125, -21.722558593749994 64.32177734375, -21.668652343749983 64.3490234375, -21.60600585937499 64.3666015625, -21.463330078124983 64.379150390625, -21.55717773437499 64.3978515625, -21.646679687499983 64.3978515625, -21.95122070312499 64.313916015625, -22.053369140624994 64.313916015625, -22.049072265625 64.327001953125, -22.006005859374994 64.35068359375, -21.901269531249994 64.3916015625, -21.97319335937499 64.394677734375, -22.000683593749983 64.41318359375, -22.003808593749994 64.452197265625, -21.950341796874994 64.514990234375, -21.702392578125 64.597802734375, -21.616650390624983 64.610009765625, -21.59062499999999 64.6263671875, -21.674951171874994 64.647705078125, -21.924414062499977 64.562548828125, -22.10600585937499 64.533056640625, -22.15996093749999 64.538818359375, -22.25390625 64.571875, -22.2841796875 64.586572265625, -22.32470703125 64.6244140625, -22.32011718749999 64.647216796875, -22.233593749999983 64.71396484375, -22.24755859375 64.726904296875, -22.307031249999994 64.73349609375, -22.467041015625 64.794970703125, -22.720312499999977 64.788818359375, -23.34697265624999 64.824365234375, -23.476464843749994 64.80927734375, -23.68994140625 64.75654296875, -23.818994140624994 64.73916015625, -23.878564453124994 64.750634765625, -23.932763671874994 64.778515625, -23.98198242187499 64.81611328125, -24.02617187499999 64.863427734375, -24.007031249999983 64.896435546875, -23.924414062499977 64.915234375, -23.86381835937499 64.924169921875, -23.693212890624977 64.912744140625, -23.485302734374983 64.945849609375, -23.352685546874994 64.952783203125, -23.314599609374994 64.9580078125, -23.236523437499983 64.99326171875, -23.197998046875 65.0021484375, -23.137890624999983 64.989794921875, -23.108837890624983 64.965869140625, -22.899511718749977 65.00302734375, -22.82768554687499 65.0216796875, -22.819580078125 65.03310546875, -22.7880859375 65.046484375, -22.683984374999994 65.0263671875, -22.599707031249977 65.025732421875, -22.494482421874977 65.03955078125, -22.308447265624977 65.045654296875, -21.89213867187499 65.048779296875, -21.829785156249983 65.0791015625, -21.800439453124994 65.105908203125, -21.76372070312499 65.17373046875, -21.779980468749983 65.1876953125, -22.039990234374983 65.125244140625, -22.099316406249983 65.126220703125, -22.400292968749994 65.159326171875, -22.50908203124999 65.19677734375, -22.47343749999999 65.22685546875, -22.31396484375 65.2916015625, -22.149316406249994 65.3435546875, -21.906982421875 65.39970703125, -21.850244140624994 65.421533203125, -21.844384765624994 65.44736328125, -22.005761718749994 65.49345703125, -22.311474609374983 65.480712890625, -22.38969726562499 65.535400390625, -22.64360351562499 65.5677734375, -22.812646484374994 65.547412109375, -22.902490234374994 65.58046875, -23.1220703125 65.534765625, -23.60454101562499 65.468603515625, -23.796484374999977 65.42275390625, -23.89990234375 65.407568359375, -24.018994140624983 65.44501953125, -24.223974609374977 65.48720703125, -24.454785156249983 65.500341796875, -24.475683593749977 65.5251953125, -24.341064453125 65.601220703125, -24.248925781249994 65.614990234375, -24.156103515624977 65.6080078125, -23.97900390625 65.55498046875, -23.85673828124999 65.53837890625, -24.010009765625 65.6162109375, -24.006005859374994 65.646142578125, -24.017578125 65.69091796875, -24.065039062499977 65.71015625, -24.111914062499977 65.759716796875, -24.092626953124977 65.77646484375, -24.032421874999983 65.78232421875, -23.909082031249994 65.765576171875, -23.615917968749983 65.67958984375, -23.47197265624999 65.69482421875, -23.392968749999994 65.726513671875, -23.285351562499983 65.75, -23.31591796875 65.762255859375, -23.569287109374983 65.763720703125, -23.704736328124994 65.781201171875, -23.77324218749999 65.80634765625, -23.832617187499977 65.84921875, -23.811718749999983 65.868896484375, -23.741308593749977 65.8845703125, -23.52495117187499 65.880029296875, -23.766552734374983 65.99697265625, -23.77734375 66.017578125, -23.75712890624999 66.060791015625, -23.737158203124977 66.06943359375, -23.488867187499977 66.02607421875, -23.434472656249994 66.02421875, -23.48466796874999 66.05224609375, -23.59355468749999 66.093408203125, -23.598535156249994 66.108837890625, -23.552636718749994 66.12158203125, -23.529980468749983 66.14501953125, -23.527929687499977 66.164404296875, -23.452539062499994 66.181005859375, -23.376562499999977 66.18173828125, -23.299999999999983 66.1666015625, -23.06254882812499 66.08623046875, -23.028515624999983 66.063671875, -23.017285156249983 66.033935546875, -23.028906249999977 65.9970703125, -23.018994140624983 65.98212890625, -22.926220703124983 65.99482421875, -22.852246093749983 65.979296875, -22.815332031249994 65.98349609375, -22.723339843749983 66.039013671875, -22.659863281249983 66.025927734375, -22.62158203125 65.999951171875, -22.609716796874977 65.97646484375, -22.60405273437499 65.944189453125, -22.620214843749977 65.876953125, -22.61601562499999 65.86748046875, -22.55156249999999 65.905419921875, -22.44169921874999 65.90830078125, -22.42753906249999 65.927392578125, -22.424218749999994 65.998095703125, -22.43315429687499 66.057666015625, -22.4453125 66.07001953125, -22.80644531249999 66.152587890625, -22.869238281249977 66.1720703125, -22.947900390624994 66.212744140625, -22.931982421874977 66.233203125, -22.86162109374999 66.25146484375, -22.755517578124994 66.258740234375, -22.509374999999977 66.257763671875, -22.48442382812499 66.26630859375, -22.532128906249994 66.287744140625, -22.646093749999977 66.3015625, -22.672753906249994 66.313916015625, -22.686230468749983 66.3376953125, -22.82133789062499 66.32470703125, -22.972021484374977 66.324169921875, -23.116943359375 66.338720703125, -23.11992187499999 66.3572265625, -23.062695312499983 66.384375, -22.9443359375 66.429443359375, -22.88920898437499 66.440625, -22.723730468749977 66.432763671875, -22.559326171875 66.44541015625, -22.426123046874977 66.430126953125, -22.320458984374994 66.385498046875, -22.17021484374999 66.30712890625, -21.966992187499983 66.256982421875, -21.948388671874994 66.241259765625, -21.840234374999994 66.2001953125, -21.62529296874999 66.089697265625, -21.406884765624994 66.0255859375, -21.39677734374999 66.00927734375, -21.432714843749977 65.990087890625, -21.51665039062499 65.967578125, -21.497460937499994 65.955078125, -21.387792968749977 65.93876953125, -21.308789062499983 65.8953125, -21.303466796875 65.87646484375, -21.374902343749994 65.74189453125, -21.412841796875 65.713330078125, -21.456640624999977 65.6982421875, -21.658447265625 65.723583984375, -21.6103515625 65.68076171875, -21.466259765624983 65.63515625, -21.43364257812499 65.60966796875, -21.45512695312499 65.58466796875, -21.439404296874983 65.57890625, -21.386621093749994 65.592431640625, -21.36474609375 65.57822265625, -21.373876953124977 65.536376953125, -21.396337890624977 65.50166015625, -21.43217773437499 65.474072265625, -21.421875 65.462158203125, -21.365478515625 65.4658203125, -21.31254882812499 65.45869140625, -21.22998046875 65.42060546875, -21.162988281249994 65.304248046875, -21.12968749999999 65.2666015625, -21.105712890625 65.3, -21.075585937499994 65.3849609375, -21.047314453124983 65.428369140625, -21.020849609374977 65.4302734375, -20.997998046874983 65.44453125, -20.978857421874977 65.47119140625, -20.93974609374999 65.565185546875, -20.804345703124994 65.63642578125, -20.739697265624983 65.658251953125, -20.678955078125 65.6630859375, -20.6494140625 65.65419921875, -20.54814453124999 65.5794921875, -20.486523437499983 65.566943359375, -20.454833984375 65.571044921875, -20.411523437499994 65.621728515625, -20.356640624999983 65.71904296875, -20.344091796874977 65.827734375, -20.373925781249994 65.947705078125, -20.356591796874994 66.033251953125, -20.292138671874994 66.084375, -20.20751953125 66.10009765625, -20.102685546874994 66.08046875, -20.026074218749983 66.049267578125, -19.874755859375 65.930126953125, -19.752636718749983 65.8677734375, -19.647851562499994 65.80078125, -19.59355468749999 65.779052734375, -19.489697265624983 65.76806640625, -19.461816406249994 65.77236328125, -19.443261718749994 65.787841796875, -19.43388671874999 65.814453125, -19.456249999999983 65.984912109375, -19.42705078124999 66.03798828125, -19.382958984374994 66.07568359375, -19.1953125 66.097900390625, -19.093212890624983 66.121533203125, -18.993749999999977 66.1603515625, -18.911328124999983 66.18115234375, -18.845898437499983 66.183935546875, -18.777539062499983 66.168798828125, -18.706201171874994 66.1357421875, -18.594921874999983 66.071337890625, -18.454931640624977 65.96455078125, -18.276953124999977 65.884716796875, -18.18364257812499 65.7580078125, -18.163720703124994 65.736572265625, -18.141943359374977 65.73408203125, -18.118408203125 65.750537109375, -18.10332031249999 65.77392578125, -18.099023437499994 65.8302734375, -18.148876953124983 65.905029296875, -18.315332031249994 66.0931640625, -18.318212890624977 66.12880859375, -18.29716796874999 66.157421875, -18.179882812499983 66.160546875, -17.906982421875 66.143310546875, -17.81982421875 66.114111328125, -17.63432617187499 65.999169921875, -17.582226562499983 65.97138671875, -17.550439453124994 65.964404296875, -17.539013671874983 65.9783203125, -17.467041015625 65.999658203125, -17.417236328125 66.025537109375, -17.33427734374999 66.0888671875, -17.153027343749983 66.20283203125, -17.115380859374994 66.206201171875, -17.062451171874983 66.197216796875, -16.96953124999999 66.1673828125, -16.925439453124994 66.14345703125, -16.838037109374994 66.125244140625, -16.748437499999994 66.131640625, -16.624755859375 66.17158203125, -16.485009765624994 66.195947265625, -16.437109374999977 66.2525390625, -16.428076171874977 66.278369140625, -16.540673828124994 66.446728515625, -16.493359374999983 66.48115234375, -16.24931640624999 66.522900390625, -16.035888671875 66.52607421875, -15.985400390624989 66.5146484375, -15.850927734374977 66.432861328125, -15.759765625 66.39169921875, -15.713769531249994 66.35859375, -15.702783203124994 66.2857421875, -15.647363281249994 66.2587890625, -15.543115234374994 66.228515625, -15.428466796875 66.2248046875, -15.240917968749983 66.259130859375, -15.162402343749989 66.281689453125, -14.969970703125 66.359716796875, -14.856103515624994 66.3814453125, -14.6806640625 66.376123046875, -14.595849609374994 66.38154296875, -14.593896484374994 66.373974609375, -14.70166015625 66.34228515625, -14.788232421874994 66.3314453125, -14.912207031249977 66.28427734375, -15.029980468749983 66.177880859375, -15.117382812499983 66.125634765625)), ((-13.827587890624983 28.585156249999997, -13.862988281249983 28.409326171874994, -13.928027343749989 28.253466796874996, -14.19677734375 28.169287109375, -14.332617187499977 28.056005859375, -14.468603515624977 28.082373046875, -14.491796874999977 28.100927734375, -14.355566406249977 28.129687499999996, -14.231982421874989 28.2158203125, -14.152587890625 28.406640624999994, -14.028369140624989 28.617431640625, -14.003369140624983 28.706689453124994, -13.954150390624989 28.741455078125, -13.886279296874989 28.744677734374996, -13.857226562499989 28.738037109375, -13.8271484375 28.691210937499996, -13.827587890624983 28.585156249999997)), ((-15.452783203124994 28.136914062499997, -15.415478515624983 28.159326171874994, -15.400585937499983 28.147363281249994, -15.406689453124983 28.070507812499997, -15.383154296874977 27.992822265624994, -15.38916015625 27.874707031249997, -15.436767578125 27.810693359374994, -15.559374999999989 27.746972656249994, -15.65576171875 27.7583984375, -15.710302734374977 27.784082031249994, -15.807324218749983 27.887548828125, -15.809472656249994 27.994482421875, -15.720947265625 28.064160156249997, -15.682763671874994 28.154052734375, -15.452783203124994 28.136914062499997)), ((-16.119140625 28.528271484374997, -16.33447265625 28.379931640624996, -16.418212890625 28.151416015624996, -16.496240234374994 28.061914062499994, -16.54277343749999 28.032080078125, -16.65800781249999 28.007177734375, -16.79472656249999 28.149169921875, -16.86601562499999 28.293261718749996, -16.90532226562499 28.339599609375, -16.84306640624999 28.376123046874994, -16.752050781249977 28.369824218749997, -16.517431640624977 28.4126953125, -16.318994140624994 28.558203125, -16.123632812499977 28.575976562499996, -16.119140625 28.528271484374997)), ((-16.37333984374999 19.706445312499994, -16.43754882812499 19.609277343749994, -16.465966796874994 19.646386718749994, -16.477001953124983 19.710351562499994, -16.393261718749983 19.849267578124994, -16.343652343749994 19.8662109375, -16.37333984374999 19.706445312499994)), ((-16.77397460937499 32.77353515625, -16.693261718749994 32.7580078125, -16.765283203124994 32.709716796875, -16.83740234375 32.648291015625, -17.018261718749983 32.66279296875, -17.17119140624999 32.721875, -17.226025390624983 32.766845703125, -17.24101562499999 32.807373046875, -17.190869140624983 32.868603515625, -17.05449218749999 32.815869140625, -16.92919921875 32.84140625, -16.77397460937499 32.77353515625)), ((-17.29033203124999 28.176318359374996, -17.25859374999999 28.203173828124996, -17.21435546875 28.199267578124996, -17.129638671875 28.155957031249997, -17.103759765625 28.111132812499996, -17.10107421875 28.083447265624997, -17.184667968749977 28.02197265625, -17.22539062499999 28.013525390625, -17.27392578125 28.038281249999997, -17.324902343749983 28.11767578125, -17.29033203124999 28.176318359374996)), ((-18.450341796874994 75.327978515625, -18.229882812499994 75.3720703125, -18.00053710937499 75.40732421875, -17.92119140624999 75.301513671875, -17.885888671874994 75.204443359375, -17.762402343749983 75.1427734375, -17.49785156249999 75.151513671875, -17.391992187499994 75.0369140625, -17.586035156249977 74.9927734375, -18.35332031249999 75.01044921875, -18.670800781249994 75.00166015625, -18.891308593749983 75.07216796875, -18.882470703124994 75.195654296875, -18.856054687499977 75.319140625, -18.63554687499999 75.3896484375, -18.450341796874994 75.327978515625)), ((-19.138281249999977 79.85234375, -18.997167968749977 79.940478515625, -18.54736328125 80.011083984375, -17.98291015625 80.05517578125, -17.471386718749983 80.0287109375, -17.400830078124983 79.940478515625, -17.612499999999983 79.82587890625, -18.035839843749983 79.71123046875, -18.662011718749994 79.72001953125, -19.032421874999983 79.77294921875, -19.138281249999977 79.85234375)), ((-17.903710937499994 77.86259765625, -17.813574218749977 77.874609375, -17.68144531249999 77.85859375, -17.641357421875 77.782470703125, -17.7294921875 77.706396484375, -17.953710937499977 77.642333984375, -18.14799804687499 77.642333984375, -18.22001953124999 77.668359375, -18.174023437499983 77.71435546875, -17.903710937499994 77.86259765625)), ((-17.88212890624999 28.564599609374994, -18.00078124999999 28.758251953124997, -17.928808593749977 28.844580078125, -17.797558593749983 28.84677734375, -17.744531249999994 28.786572265624997, -17.7265625 28.724462890625, -17.751611328124994 28.68857421875, -17.744384765625 28.616015624999996, -17.758007812499983 28.569091796875, -17.83427734374999 28.493212890624996, -17.859375 28.485693359375, -17.88212890624999 28.564599609374994)), ((-17.887939453125 27.8095703125, -17.984765624999994 27.646386718749994, -18.106591796874994 27.707470703124997, -18.135937499999983 27.727929687499994, -18.160546874999994 27.761474609375, -18.043359374999994 27.768115234374996, -17.924511718749983 27.850146484374996, -17.887939453125 27.8095703125)), ((-18.882470703124994 76.70380859375, -18.732617187499983 76.642041015625, -18.662011718749994 76.40390625, -18.582617187499977 76.042333984375, -18.697265625 76.015869140625, -19.085351562499994 76.43037109375, -19.085351562499994 76.5802734375, -19.05888671874999 76.694970703125, -18.882470703124994 76.70380859375)), ((-19.369287109374994 81.91728515625, -19.594482421875 81.991259765625, -19.610546874999983 82.078125, -19.494726562499977 82.11669921875, -19.314550781249977 82.123193359375, -19.06689453125 82.049169921875, -18.812695312499983 81.949462890625, -18.664746093749983 81.846484375, -18.767675781249977 81.814306640625, -19.031445312499983 81.827197265625, -19.369287109374994 81.91728515625)), ((-19.297021484374994 78.18544921875, -19.314697265625 78.344189453125, -19.11181640625 78.423583984375, -19.005957031249977 78.4412109375, -18.935400390624977 78.423583984375, -18.953027343749994 78.352978515625, -18.953027343749994 78.2119140625, -18.882470703124994 78.114892578125, -18.997167968749977 77.973779296875, -19.129492187499977 77.938525390625, -19.217626953124977 78.0443359375, -19.297021484374994 78.18544921875)), ((-22.802636718749994 16.225537109374997, -22.749414062499994 16.22153320312499, -22.692626953125 16.16904296874999, -22.681884765625 16.11328125, -22.710107421874994 16.043359374999994, -22.820507812499983 15.986035156249997, -22.88408203124999 15.992724609375003, -22.95927734374999 16.045117187499997, -22.916113281249977 16.1484375, -22.917724609375 16.237255859374997, -22.834326171874977 16.218994140625, -22.802636718749994 16.225537109374997)), ((-22.904736328124983 16.84375, -22.903906249999977 16.732128906249997, -22.888330078124994 16.659082031249994, -22.920263671874977 16.60791015625, -22.959423828124983 16.683056640624997, -22.980615234374994 16.700878906249997, -22.990917968749983 16.808837890625, -22.93291015624999 16.841015624999997, -22.904736328124983 16.84375)), ((-23.21025390624999 15.323535156250003, -23.13774414062499 15.317724609374991, -23.119335937499983 15.268408203124991, -23.115869140624994 15.166650390624994, -23.18212890625 15.136767578125003, -23.2099609375 15.133105468750003, -23.251806640624977 15.178124999999994, -23.24248046874999 15.240527343750003, -23.247167968749977 15.256982421874994, -23.21025390624999 15.323535156250003)), ((-23.50468749999999 14.916113281249991, -23.63720703125 14.923486328124994, -23.70537109374999 14.961328124999994, -23.785009765624977 15.076904296875, -23.78251953124999 15.166113281249991, -23.754492187499977 15.243554687499994, -23.759374999999977 15.310791015625, -23.74809570312499 15.328515624999994, -23.707226562499983 15.31689453125, -23.700634765624983 15.271630859374994, -23.579980468749994 15.160888671875, -23.535253906249977 15.139257812499991, -23.444238281249994 15.007958984374994, -23.50468749999999 14.916113281249991)), ((-24.03271484375 16.572021484375, -24.094140624999994 16.56103515625, -24.243066406249994 16.599414062500003, -24.282812499999977 16.575927734375, -24.322363281249977 16.493115234374997, -24.398095703124994 16.618408203125, -24.392919921874977 16.664453124999994, -24.376708984375 16.677783203125003, -24.271093749999977 16.64487304687499, -24.08769531249999 16.622509765624997, -24.04638671875 16.593066406250003, -24.03271484375 16.572021484375)), ((-24.51708984375 14.931249999999991, -24.49687499999999 14.980273437500003, -24.391992187499994 15.038281249999997, -24.329492187499994 15.019482421874997, -24.295800781249994 14.929541015624991, -24.308251953124994 14.856298828124991, -24.386132812499994 14.818212890624991, -24.440527343749977 14.834814453124991, -24.4921875 14.874218749999997, -24.51708984375 14.931249999999991)), ((-24.936474609374983 16.922119140625, -24.89189453124999 16.846484375000003, -24.887060546874977 16.818115234375, -24.969140624999994 16.794189453125, -25.019970703124983 16.79721679687499, -25.09306640624999 16.83251953125, -25.07011718749999 16.87070312499999, -24.99101562499999 16.913232421874994, -24.936474609374983 16.922119140625)), ((-25.321923828124994 17.015380859375, -25.341552734375 17.06772460937499, -25.337109374999983 17.091015624999997, -25.113476562499983 17.193652343750003, -25.03466796875 17.176464843749997, -24.979687499999983 17.0947265625, -25.01708984375 17.04931640625, -25.169824218749994 16.946484374999997, -25.267236328124994 16.925927734374994, -25.308300781249983 16.935839843750003, -25.321923828124994 17.015380859375)), ((-25.082910156249994 37.0240234375, -25.044335937499994 37.0001953125, -25.02734375 36.9599609375, -25.03154296874999 36.941552734374994, -25.08837890625 36.948876953124994, -25.159912109375 36.943359375, -25.198388671874994 36.996533203125, -25.163525390624983 37.0185546875, -25.082910156249994 37.0240234375)), ((-25.58549804687499 37.834033203124996, -25.2666015625 37.8486328125, -25.18193359374999 37.837890625, -25.19072265624999 37.76435546875, -25.251123046874994 37.735009765624994, -25.43901367187499 37.71533203125, -25.734472656249977 37.762890625, -25.833691406249983 37.826074218749994, -25.847851562499983 37.872412109375, -25.845898437499983 37.89404296875, -25.78374023437499 37.9111328125, -25.64897460937499 37.84091796875, -25.58549804687499 37.834033203124996)), ((-26.273876953124983 70.454345703125, -26.33916015624999 70.51142578125, -26.604687499999983 70.553369140625, -27.10478515624999 70.531494140625, -27.89799804687499 70.45400390625, -28.003027343750006 70.467138671875, -28.035253906250006 70.48681640625, -28.036816406249983 70.51435546875, -27.967529296875 70.59482421875, -27.939550781250006 70.615283203125, -27.805273437500006 70.642041015625, -27.714208984375006 70.71279296875, -27.743994140625006 70.78974609375, -27.708935546874983 70.897119140625, -27.61723632812499 70.91376953125, -27.38749999999999 70.875634765625, -27.238867187500006 70.867578125, -26.9755859375 70.8626953125, -26.621777343749983 70.875634765625, -26.33745117187499 70.91923828125, -25.81889648437499 71.04365234375, -25.726806640625 71.042041015625, -25.660839843749983 70.99794921875, -25.6123046875 70.976318359375, -25.458251953125 70.942529296875, -25.432324218749983 70.921337890625, -25.397216796875 70.862451171875, -25.393652343749977 70.83466796875, -25.4013671875 70.811279296875, -25.420800781249994 70.794580078125, -25.4677734375 70.7796875, -25.380126953125 70.740576171875, -25.351660156249977 70.714306640625, -25.346337890624994 70.693310546875, -25.402246093749994 70.652685546875, -25.80058593749999 70.59892578125, -25.911328124999983 70.573046875, -26.049707031249994 70.509130859375, -26.217871093749977 70.454052734375, -26.273876953124983 70.454345703125)), ((-27.385937499999983 38.7658203125, -27.351025390624983 38.788964843749994, -27.259667968749994 38.802685546875, -27.12700195312499 38.789843749999996, -27.041943359374983 38.7412109375, -27.0419921875 38.67890625, -27.07524414062499 38.643457031249994, -27.095312500000006 38.634033203125, -27.302832031250006 38.661035156249994, -27.361914062500006 38.6978515625, -27.385937499999983 38.7658203125)), ((-27.825878906249983 38.5435546875, -28.09233398437499 38.620556640625, -28.187255859375 38.65537109375, -28.310644531250006 38.743896484375, -27.962646484375 38.636328125, -27.778466796874994 38.555615234375, -27.825878906249983 38.5435546875)), ((-28.332421874999994 38.412890624999996, -28.454492187499994 38.408642578125, -28.531152343749994 38.462548828124994, -28.548828125 38.5185546875, -28.51025390625 38.553027343749996, -28.40214843749999 38.553369140624994, -28.14726562499999 38.452685546874996, -28.064794921875006 38.412744140624994, -28.18974609374999 38.404150390625, -28.231152343749983 38.384667968749994, -28.332421874999994 38.412890624999996)), ((-28.641308593749983 38.525, -28.743847656249983 38.522363281249994, -28.842041015625 38.598437499999996, -28.69775390625 38.638476562499996, -28.624218749999983 38.586328124999994, -28.605810546875006 38.550732421875, -28.641308593749983 38.525)), ((-31.137109374999994 39.40693359375, -31.181347656249983 39.358935546874996, -31.25761718749999 39.3759765625, -31.282958984375 39.394091796874996, -31.260839843750006 39.49677734375, -31.199853515624994 39.520849609375, -31.138623046874983 39.479443359375, -31.137109374999994 39.40693359375)), ((-37.03125 65.531982421875, -37.18681640624999 65.53134765625, -37.238427734374994 65.60986328125, -37.222900390625 65.695458984375, -37.047509765624994 65.722265625, -36.95307617187498 65.663330078125, -36.986914062500006 65.5755859375, -37.03125 65.531982421875)), ((-44.86455078124999 82.083642578125, -45.06743164062499 82.066015625, -45.49077148437499 82.171826171875, -46.161035156249994 82.277685546875, -46.75190429687498 82.348193359375, -47.307519531249994 82.5333984375, -47.351220703124994 82.59921875, -47.27226562499999 82.65693359375, -46.787207031250006 82.66572265625, -46.399169921875 82.692138671875, -45.411376953125 82.5775390625, -44.91748046875 82.480517578125, -44.749902343749994 82.401123046875, -44.7763671875 82.2423828125, -44.86455078124999 82.083642578125)), ((-46.496337890625 60.686669921874994, -46.553124999999994 60.740771484375, -46.66621093749998 60.76591796875, -46.7880859375 60.7583984375, -46.78999023437498 60.779833984375, -46.393896484375006 60.9087890625, -46.205224609374994 60.943505859374994, -46.218603515625006 60.88916015625, -46.254492187500006 60.841552734375, -46.266699218750006 60.781396484374994, -46.38154296874998 60.660302734374994, -46.496337890625 60.686669921874994)), ((-50.911718750000006 69.756689453125, -50.96723632812498 69.6642578125, -50.977880859375006 69.617822265625, -50.97041015624998 69.5830078125, -51.013671875 69.552490234375, -51.17041015625 69.517138671875, -51.202050781249994 69.525, -51.233984375000006 69.55185546875, -51.31489257812498 69.674072265625, -51.3388671875 69.73203125, -51.318945312500006 69.804052734375, -51.35029296874998 69.85478515625, -51.208886718749994 69.913916015625, -51.094580078125006 69.924169921875, -50.94023437499999 69.90869140625, -50.67900390624999 69.84853515625, -50.697900390624994 69.829052734375, -50.75439453125 69.79765625, -50.911718750000006 69.756689453125)), ((-52.14804687499999 70.90439453125, -52.10673828124999 70.968017578125, -51.969824218750006 70.97646484375, -51.80693359374999 70.941650390625, -51.63134765625 70.892138671875, -51.60693359375 70.86884765625, -51.675146484375006 70.855224609375, -51.808691406250006 70.8525390625, -52.119384765625 70.870654296875, -52.144189453124994 70.882275390625, -52.14804687499999 70.90439453125)), ((-52.770458984375 69.363916015625, -53.003125 69.342626953125, -53.57841796874999 69.256640625, -53.7931640625 69.264208984375, -53.90205078125 69.302001953125, -54.051171874999994 69.337158203125, -54.121044921875 69.364404296875, -54.18271484374999 69.403515625, -54.158154296875 69.427783203125, -54.04736328125 69.4373046875, -53.889599609375 69.436669921875, -53.65830078124999 69.46513671875, -53.78305664062499 69.506298828125, -53.82499999999999 69.54033203125, -53.92148437499999 69.53369140625, -53.99374999999999 69.553173828125, -54.133203124999994 69.5654296875, -54.496972656249994 69.577197265625, -54.734130859375 69.610546875, -54.804101562499994 69.630517578125, -54.86577148437499 69.6650390625, -54.919140625 69.713623046875, -54.841259765625 69.901904296875, -54.78789062499999 69.949853515625, -54.66459960937499 69.965673828125, -54.36308593749999 69.923828125, -54.32260742187499 69.94189453125, -54.65244140624999 70.011181640625, -54.7736328125 70.0525390625, -54.809326171875 70.085107421875, -54.83076171875 70.132958984375, -54.830468749999994 70.161083984375, -54.815576171874994 70.189404296875, -54.78623046874999 70.2177734375, -54.705957031249994 70.25615234375, -54.37163085937499 70.31728515625, -54.007226562499994 70.296435546875, -53.375146484374994 70.2212890625, -53.29672851562499 70.20537109375, -53.102929687499994 70.140869140625, -52.73115234375 69.9447265625, -52.39824218749999 69.863427734375, -52.045312499999994 69.8072265625, -52.01079101562499 69.78154296875, -51.97705078125 69.722412109375, -51.985107421875 69.70361328125, -52.007470703124994 69.686279296875, -51.981689453125 69.66396484375, -51.90776367187499 69.636669921875, -51.90019531249999 69.60478515625, -51.988427734374994 69.55, -52.11259765624999 69.489111328125, -52.770458984375 69.363916015625)), ((-55.79550781249999 51.166162109374994, -55.7853515625 51.1314453125, -55.78471679687499 51.087060546874994, -55.8 51.03330078125, -55.87138671874999 50.907373046874994, -55.96201171874999 50.837695312499996, -56.078125 50.78095703125, -56.10654296874999 50.75927734375, -56.12119140624999 50.733789062499994, -56.135644531249994 50.6509765625, -56.195751953125 50.584765624999996, -56.38242187499999 50.4169921875, -56.454345703125 50.380029296874994, -56.45478515625 50.350488281249994, -56.48393554687499 50.270849609375, -56.53935546874999 50.20673828125, -56.693994140624994 50.05966796875, -56.732324218749994 50.007714843749994, -56.74956054687499 49.966552734375, -56.74716796874999 49.908496093749996, -56.7541015625 49.88291015625, -56.789501953125 49.833740234375, -56.8388671875 49.787744140624994, -56.8486328125 49.76533203125, -56.82919921874999 49.724609375, -56.809228515624994 49.710400390625, -56.806884765625 49.67333984375, -56.822167968749994 49.6134765625, -56.756787109375 49.651611328125, -56.61064453124999 49.7876953125, -56.500927734375 49.86962890625, -56.42758789062499 49.897412109375, -56.376416015625 49.93369140625, -56.32182617187499 50.01376953125, -56.2470703125 50.090087890625, -56.17939453125 50.114990234375, -56.148388671875 50.100341796875, -56.12216796874999 50.062841796875, -56.12744140625 50.01513671875, -56.16416015624999 49.957275390625, -56.161279296874994 49.94013671875, -56.07499999999999 49.9826171875, -55.927001953125 50.0177734375, -55.87333984374999 50.013134765625, -55.76474609374999 49.96044921875, -55.674462890624994 49.966552734375, -55.530029296875 49.99716796875, -55.5029296875 49.983154296875, -55.527001953124994 49.936767578125, -55.58369140625 49.892382812499996, -55.71762695312499 49.829003906249994, -56.039990234375 49.7046875, -56.14018554687499 49.619140625, -56.12119140624999 49.621728515624994, -56.05161132812499 49.6583984375, -55.978515625 49.678124999999994, -55.90185546875 49.680859375, -55.86982421875 49.670166015625, -55.88232421875 49.645947265625, -55.892041015625 49.5802734375, -56.087304687499994 49.451953124999996, -56.0412109375 49.456835937499996, -55.81523437499999 49.515283203124994, -55.678124999999994 49.434619140624996, -55.48974609375 49.4625, -55.375927734375 49.48974609375, -55.379150390625 49.472900390625, -55.3544921875 49.4376953125, -55.355371093749994 49.380859375, -55.34384765624999 49.372900390625, -55.289941406249994 49.391943359375, -55.280175781249994 49.412744140624994, -55.28300781249999 49.513818359374994, -55.266357421875 49.52392578125, -55.22954101562499 49.508154296875, -55.20703125 49.48203125, -55.20029296874999 49.408496093749996, -55.224999999999994 49.33466796875, -55.25932617187499 49.266992187499994, -55.34248046875 49.168115234374994, -55.331933593749994 49.1255859375, -55.353173828124994 49.079443359375, -55.33476562499999 49.077880859375, -55.252343749999994 49.120898437499996, -55.24736328124999 49.138574218749994, -55.253808593749994 49.179638671875, -55.244531249999994 49.1998046875, -55.17612304687499 49.244433593749996, -55.06318359375 49.29736328125, -55.02617187499999 49.30537109375, -55.010400390624994 49.293017578124996, -55.01591796874999 49.2603515625, -54.9826171875 49.268115234374996, -54.910546874999994 49.316259765625, -54.843652343749994 49.34541015625, -54.781884765624994 49.35546875, -54.71762695312499 49.388574218749994, -54.65087890625 49.44453125, -54.579052734375 49.4908203125, -54.502197265625 49.52734375, -54.469189453125 49.52978515625, -54.480615234374994 49.4693359375, -54.46542968749999 49.400537109374994, -54.46347656249999 49.341748046875, -54.4482421875 49.329443359375, -54.389062499999994 49.392138671874996, -54.35615234375 49.4150390625, -54.31674804687499 49.424121093749996, -54.27080078124999 49.419287109375, -53.95771484375 49.441845703125, -53.862451171874994 49.426318359374996, -53.61943359374999 49.321630859375, -53.569580078125 49.26416015625, -53.56005859375 49.191699218749996, -53.5734375 49.1412109375, -53.671142578125 49.077539062499994, -53.758056640625 49.035400390625, -53.809326171875 48.993408203125, -53.82490234375 48.9513671875, -53.84521484375 48.925439453124994, -53.903222656249994 48.88916015625, -54.161279296874994 48.7876953125, -54.099511718749994 48.784765625, -53.95068359375 48.806787109374994, -53.85288085937499 48.811328124999996, -53.84775390624999 48.796679687499996, -53.88681640624999 48.767822265625, -53.96152343749999 48.7388671875, -53.96958007812499 48.724902343749996, -53.966015625 48.706689453124994, -53.886132812499994 48.68466796875, -53.784082031249994 48.69541015625, -53.69804687499999 48.679833984374994, -53.70634765624999 48.655517578125, -53.774609375 48.576318359374994, -53.79462890625 48.5263671875, -53.88554687499999 48.4845703125, -54.067773437499994 48.418847656249994, -54.114453125 48.393603515624996, -54.104248046875 48.38837890625, -53.93701171875 48.43662109375, -53.79931640625 48.44921875, -53.73886718749999 48.49580078125, -53.644433593749994 48.51123046875, -53.55205078124999 48.481787109375, -53.411328125 48.562158203124994, -53.361083984375 48.572607421875, -53.27543945312499 48.563330078125, -53.22026367187499 48.577880859375, -53.127343749999994 48.632568359375, -53.057275390624994 48.659033203125, -53.04267578125 48.656640624999994, -53.027587890625 48.634716796875, -53.020751953125 48.571630859375, -53.0373046875 48.515869140625, -53.060205078124994 48.480322265625, -53.1357421875 48.40185546875, -53.18212890625 48.374365234375, -53.22509765625 48.364013671875, -53.301171874999994 48.3681640625, -53.33432617187499 48.35595703125, -53.405517578125 48.294335937499994, -53.531201171875 48.231884765625, -53.609765624999994 48.20771484375, -53.560205078124994 48.173828125, -53.54184570312499 48.108447265624996, -53.56943359374999 48.0880859375, -53.704296875 48.067919921874996, -53.71015625 48.0568359375, -53.758203124999994 48.042382812499994, -53.869580078125 48.019677734374994, -53.79355468749999 48.009716796875, -53.65302734375 48.025732421875, -53.63823242187499 48.0146484375, -53.657617187499994 47.968652343749994, -53.69501953125 47.921191406249996, -53.86166992187499 47.799267578125, -53.863671874999994 47.787011718749994, -53.83774414062499 47.72724609375, -53.80537109375 47.682031249999994, -53.76513671875 47.65009765625, -53.67236328125 47.648242187499996, -53.603759765625 47.6623046875, -53.50375976562499 47.74384765625, -53.28271484375 47.997851562499996, -53.08544921875 48.068505859374994, -52.92099609374999 48.1470703125, -52.88330078125 48.131152343749996, -52.86601562499999 48.11298828125, -52.872021484375 48.0939453125, -52.954980468749994 48.029296875, -52.9982421875 47.975927734375, -53.11083984375 47.811914062499994, -53.15385742187499 47.7345703125, -53.175537109375 47.652978515624994, -53.169824218749994 47.512109374999994, -53.157666015625 47.48779296875, -53.122460937499994 47.455126953124996, -53.0568359375 47.48310546875, -52.94501953125 47.55283203125, -52.873193359374994 47.619433593749996, -52.81694335937499 47.727880859375, -52.782421875 47.769433593749994, -52.74492187499999 47.768945312499994, -52.71142578125 47.7453125, -52.703271484374994 47.693017578124994, -52.67216796874999 47.62177734375, -52.65366210937499 47.5494140625, -52.68364257812499 47.426318359374996, -52.91240234374999 47.10322265625, -52.888134765625 47.045849609375, -52.882080078125 47.011083984375, -52.88920898437499 46.97412109375, -52.96171874999999 46.81943359375, -53.069775390625 46.68125, -53.11484374999999 46.655810546874996, -53.1669921875 46.646484375, -53.21367187499999 46.660498046875, -53.2548828125 46.697705078125, -53.29130859374999 46.717041015625, -53.32304687499999 46.718359375, -53.381738281249994 46.71142578125, -53.5361328125 46.63251953125, -53.567773437499994 46.628271484375, -53.589794921875 46.6388671875, -53.616357421874994 46.6802734375, -53.595166015625 46.888476562499996, -53.58134765624999 46.957275390625, -53.61215820312499 47.0103515625, -53.57963867187499 47.099414062499996, -53.57846679687499 47.133251953125, -53.59736328125 47.14599609375, -53.636376953124994 47.1376953125, -53.69536132812499 47.092919921874994, -53.774316406249994 47.01181640625, -53.860009765624994 46.939453125, -54.00957031249999 46.839599609375, -54.07602539062499 46.819970703124994, -54.10239257812499 46.82490234375, -54.1328125 46.83857421875, -54.173730468749994 46.88037109375, -54.173291015625 46.9171875, -54.155224609375 46.96748046875, -54.092675781249994 47.086230468749996, -53.97050781249999 47.261962890625, -53.869091796875 47.387011718749996, -53.849511718749994 47.440332031249994, -53.877880859375 47.46357421875, -53.900830078125 47.509326171874996, -53.93974609374999 47.644677734374994, -53.989013671875 47.756201171875, -54.047265624999994 47.805615234375, -54.191845703125 47.859814453125, -54.218408203124994 47.846728515624996, -54.23388671875 47.7716796875, -54.404687499999994 47.555908203125, -54.434472656249994 47.462304687499994, -54.45590820312499 47.427587890625, -54.48813476562499 47.403857421874996, -54.56254882812499 47.3751953125, -54.542382812499994 47.425097656249996, -54.46323242187499 47.53623046875, -54.47392578124999 47.5470703125, -54.57451171874999 47.457763671875, -54.65117187499999 47.408203125, -54.74467773437499 47.395458984375, -54.801513671875 47.3986328125, -54.856640625 47.385009765625, -55.09042968749999 47.17392578125, -55.09921874999999 47.103564453124996, -55.1396484375 47.045947265624996, -55.25493164062499 46.941748046875, -55.31572265624999 46.905712890625, -55.401269531249994 46.899267578125, -55.47929687499999 46.917285156249996, -55.530712890625 46.914013671875, -55.65234375 46.8814453125, -55.788525390625 46.867236328124996, -55.8447265625 46.873828124999996, -55.880615234375 46.88720703125, -55.94990234375 46.927685546875, -55.958203125 46.956396484375, -55.954492187499994 46.9732421875, -55.91923828124999 47.016894531249996, -55.83837890625 47.071630859375, -55.77182617187499 47.092089843749996, -55.61005859375 47.11962890625, -55.49150390624999 47.16064453125, -55.40122070312499 47.221484374999996, -55.36088867187499 47.258593749999996, -55.190820312499994 47.448974609375, -54.97563476562499 47.516162109374996, -54.869531249999994 47.5708984375, -54.795361328125 47.64033203125, -54.784619140625 47.66474609375, -54.891015624999994 47.6294921875, -54.945947265624994 47.620849609375, -55.03500976562499 47.63388671875, -55.07456054687499 47.657568359375, -55.19658203124999 47.650048828124994, -55.36630859374999 47.661083984375, -55.390771484374994 47.642871093749996, -55.41269531249999 47.550390625, -55.43466796874999 47.501269531249996, -55.46064453125 47.484765624999994, -55.49863281249999 47.475048828125, -55.576123046875 47.465234374999994, -55.77470703124999 47.498291015625, -55.862060546875 47.530078124999996, -56.08134765624999 47.499951171875, -56.12724609374999 47.502832031249994, -56.08369140625 47.52451171875, -55.867089843749994 47.592333984374996, -55.844384765624994 47.787841796875, -55.85791015625 47.819189453125, -55.91845703125 47.791894531249994, -56.02011718749999 47.763720703124996, -56.08964843749999 47.771874999999994, -56.12143554687499 47.78916015625, -56.1505859375 47.77451171875, -56.22128906249999 47.67138671875, -56.26298828124999 47.658447265625, -56.32578124999999 47.6544921875, -56.45957031249999 47.616943359375, -56.722314453124994 47.59228515625, -56.77412109375 47.564990234374996, -56.95249023437499 47.574462890625, -57.47343749999999 47.631103515625, -57.659814453124994 47.625390624999994, -57.88408203124999 47.660009765625, -57.925537109375 47.67490234375, -58.23930664062499 47.668847656249994, -58.333203125 47.67685546875, -58.32695312499999 47.719873046874994, -58.336865234375 47.730859374999994, -58.42802734374999 47.683398437499996, -58.50888671874999 47.652587890625, -58.61313476562499 47.626220703125, -58.941162109375 47.580468749999994, -59.116943359375 47.570703124999994, -59.21928710937499 47.6025390625, -59.259765625 47.634179687499994, -59.32065429687499 47.7369140625, -59.36240234374999 47.865673828125, -59.362060546875 47.888964843749996, -59.34086914062499 47.933642578124996, -59.27207031249999 47.995556640625, -58.960839843749994 48.159375, -58.710595703124994 48.325048828125, -58.60498046875 48.411328125, -58.50263671875 48.442041015624994, -58.33554687499999 48.513671875, -58.330224609374994 48.522119140624994, -58.49223632812499 48.513037109375, -58.60615234375 48.532861328124994, -58.722558593749994 48.54072265625, -58.943798828125 48.521777343749996, -59.16679687499999 48.521777343749996, -59.16767578125 48.558496093749994, -59.063427734375 48.627685546875, -58.841796875 48.746435546875, -58.81918945312499 48.746826171875, -58.887109374999994 48.691552734374994, -58.9064453125 48.650195312499996, -58.87724609374999 48.622705078124994, -58.843408203124994 48.605322265625, -58.716455078124994 48.598046874999994, -58.68735351562499 48.6220703125, -58.6416015625 48.749414062499994, -58.54560546875 48.896874999999994, -58.49374999999999 49.003222656249996, -58.40366210937499 49.084326171875, -58.35869140624999 49.096533203125, -58.318749999999994 49.081347656249996, -58.18613281249999 49.061914062499994, -58.04965820312499 48.987548828125, -58.00556640625 48.981249999999996, -57.99052734374999 48.987939453124994, -58.04057617187499 49.009765625, -58.08183593749999 49.044726562499996, -58.09892578124999 49.077441406249996, -58.049072265625 49.179980468749996, -57.990673828125 49.20947265625, -57.98007812499999 49.229638671874994, -58.096875 49.230078125, -58.19091796875 49.258740234375, -58.218896484374994 49.305126953125, -58.21337890625 49.386669921875, -58.18271484374999 49.435400390625, -58.107421875 49.49970703125, -58.0158203125 49.54248046875, -57.96123046874999 49.531542968749996, -57.85605468749999 49.473828125, -57.79130859374999 49.489990234375, -57.798828125 49.508544921875, -57.8974609375 49.600390624999996, -57.92905273437499 49.668408203125, -57.926171874999994 49.700830078124994, -57.71249999999999 50.02490234375, -57.60795898437499 50.198779296874996, -57.46552734375 50.463671874999996, -57.4326171875 50.505810546875, -57.36044921874999 50.583935546875, -57.33056640625 50.60517578125, -57.23740234374999 50.605371093749994, -57.179589843749994 50.61484375, -57.26416015625 50.649365234375, -57.29443359375 50.673388671874996, -57.297998046874994 50.69873046875, -57.27490234375 50.72529296875, -57.242138671875 50.744921874999996, -57.13164062499999 50.787402343749996, -57.05327148437499 50.857324218749994, -57.00566406249999 50.9396484375, -57.01274414062499 50.967724609375, -57.0373046875 50.995654296874996, -57.03593749999999 51.01083984375, -56.97636718749999 51.027978515624994, -56.825146484375 51.125732421875, -56.80546874999999 51.144482421875, -56.7501953125 51.27490234375, -56.68242187499999 51.332763671875, -56.517968749999994 51.399316406249994, -56.20737304687499 51.488623046875, -56.0255859375 51.568359375, -55.902099609375 51.563916015625, -55.86582031249999 51.50830078125, -55.6904296875 51.471337890624994, -55.659570312499994 51.511035156249996, -55.700634765625 51.559423828125, -55.666406249999994 51.578906249999996, -55.521630859374994 51.59638671875, -55.49643554687499 51.58984375, -55.45322265624999 51.562304687499996, -55.458740234375 51.536523437499994, -55.532421875 51.436962890625, -55.583398437499994 51.388574218749994, -55.630761718749994 51.372900390625, -55.730712890625 51.358691406249996, -55.941162109375 51.343017578125, -56.03110351562499 51.328369140625, -56.0439453125 51.261865234374994, -56.030664062499994 51.226904296875, -55.999902343749994 51.199267578124996, -55.960839843749994 51.19140625, -55.87353515625 51.207910156249994, -55.84111328124999 51.205078125, -55.815087890624994 51.191162109375, -55.79550781249999 51.166162109374994)), ((-53.455468749999994 71.08291015625, -53.48779296875 71.056298828125, -53.53520507812499 71.0408203125, -53.628808593749994 71.03427734375, -53.89755859374999 71.08515625, -53.941162109375 71.104296875, -53.95781249999999 71.127734375, -53.9474609375 71.155517578125, -53.86186523437499 71.2072265625, -53.70097656249999 71.2830078125, -53.58447265625 71.2970703125, -53.512353515624994 71.249609375, -53.44140625 71.18583984375, -53.43212890625 71.15341796875, -53.436914062499994 71.115234375, -53.455468749999994 71.08291015625)), ((-53.9806640625 49.661962890625, -54.23837890624999 49.591650390625, -54.26923828125 49.58701171875, -54.2861328125 49.595361328124994, -54.28876953125 49.66083984375, -54.27763671874999 49.711474609374996, -54.258984375 49.718994140625, -54.199365234374994 49.688525390624996, -54.1376953125 49.751171875, -54.093701171875 49.744433593749996, -54.019921874999994 49.679492187499996, -53.9806640625 49.661962890625)), ((-54.32597656249999 47.408105468749994, -54.32011718749999 47.438525390624996, -54.258691406249994 47.49765625, -54.22739257812499 47.539990234375, -54.22626953125 47.56552734375, -54.21494140624999 47.585107421874994, -54.168359374999994 47.607080078124994, -54.128173828125 47.646826171875, -54.14755859374999 47.573095703125, -54.22714843749999 47.441357421875, -54.27607421875 47.406542968749996, -54.32597656249999 47.408105468749994)), ((-54.53769531249999 49.619970703125, -54.55439453125 49.5888671875, -54.70869140625 49.530664062499994, -54.74384765625 49.507763671875, -54.786523437499994 49.496142578124996, -54.818505859374994 49.514453124999996, -54.86357421874999 49.576074218749994, -54.855419921875 49.596582031249994, -54.81308593749999 49.599365234375, -54.78876953125 49.591210937499994, -54.782617187499994 49.572070312499996, -54.764062499999994 49.562353515625, -54.73310546875 49.562158203124994, -54.61874999999999 49.6220703125, -54.55917968749999 49.631494140624994, -54.53769531249999 49.619970703125)), ((-56.214794921875 72.719189453125, -55.993554687499994 72.782275390625, -55.666455078125 72.793701171875, -55.57421875 72.78037109375, -55.516259765624994 72.780712890625, -55.4279296875 72.788623046875, -55.23466796874999 72.8248046875, -55.205810546875 72.841650390625, -55.03300781249999 72.8205078125, -55.01689453124999 72.79111328125, -55.158203125 72.723291015625, -55.273583984374994 72.684326171875, -55.5236328125 72.568408203125, -55.5666015625 72.56435546875, -55.63413085937499 72.579443359375, -55.6865234375 72.609912109375, -55.781005859375 72.617236328125, -55.8271484375 72.6521484375, -55.869042968749994 72.662109375, -55.935693359374994 72.668359375, -56.04267578125 72.6564453125, -56.140869140625 72.66845703125, -56.214794921875 72.719189453125)), ((-55.361230468749994 51.8896484375, -55.40888671875 51.888818359375, -55.41962890625 51.900048828125, -55.399804687499994 51.9384765625, -55.34648437499999 51.982861328125, -55.274072265624994 51.995166015624996, -55.29355468749999 51.929980468749996, -55.361230468749994 51.8896484375)), ((-55.63388671874999 50.740185546875, -55.6044921875 50.780712890625, -55.52719726562499 50.801220703125, -55.46928710937499 50.79638671875, -55.47275390624999 50.775927734374996, -55.5361328125 50.719677734375, -55.56967773437499 50.70869140625, -55.60078125 50.709033203124996, -55.629345703125 50.72080078125, -55.63388671874999 50.740185546875)), ((-92.89018554687499 71.12236328125, -92.88271484375 71.0693359375, -92.90419921875 70.916064453125, -92.92197265624999 70.887109375, -92.9814453125 70.85224609375, -92.960888671875 70.838134765625, -92.78300781249999 70.79814453125, -92.64169921874999 70.718798828125, -92.56748046874999 70.693212890625, -92.38847656249999 70.650439453125, -92.35581054687499 70.63427734375, -92.315380859375 70.60751953125, -92.21445312499999 70.492919921875, -92.04912109374999 70.3896484375, -92.03720703124999 70.3673828125, -92.07260742187499 70.31875, -92.04736328125 70.3033203125, -91.983544921875 70.285546875, -91.926220703125 70.294775390625, -91.87553710937499 70.33115234375, -91.82041015624999 70.341650390625, -91.76083984374999 70.32626953125, -91.71562499999999 70.29921875, -91.654052734375 70.232958984375, -91.56406249999999 70.178271484375, -91.57163085937499 70.161572265625, -91.61611328125 70.1478515625, -91.85859375 70.132666015625, -91.99497070312499 70.143212890625, -92.121044921875 70.169921875, -92.208642578125 70.197509765625, -92.29033203124999 70.23984375, -92.3205078125 70.2353515625, -92.36328125 70.200830078125, -92.45468749999999 70.150439453125, -92.511865234375 70.103857421875, -92.445751953125 70.083154296875, -92.12700195312499 70.084521484375, -92.05771484374999 70.071435546875, -91.976708984375 70.038671875, -92.06904296875 69.983984375, -92.28476562499999 69.892138671875, -92.88779296874999 69.668212890625, -92.85454101562499 69.6548828125, -92.80263671875 69.65146484375, -92.642822265625 69.65927734375, -92.49345703124999 69.683203125, -92.311669921875 69.672900390625, -92.23076171874999 69.653369140625, -92.25830078125 69.634326171875, -92.20908203124999 69.6033203125, -91.91196289062499 69.53125, -91.72412109375 69.54560546875, -91.532373046875 69.6150390625, -91.384228515625 69.649462890625, -91.201806640625 69.644775390625, -91.15087890625 69.637158203125, -91.1703125 69.6203125, -91.30502929687499 69.581298828125, -91.42685546874999 69.537939453125, -91.43994140625 69.52568359375, -91.28813476562499 69.543212890625, -90.9501953125 69.515478515625, -90.78574218749999 69.50859375, -90.666650390625 69.51552734375, -90.554931640625 69.5044921875, -90.45053710937499 69.475439453125, -90.41557617187499 69.456982421875, -90.51328124999999 69.4451171875, -90.60556640624999 69.4453125, -90.683984375 69.427734375, -90.74853515625 69.39248046875, -90.794580078125 69.346728515625, -90.82211914062499 69.290478515625, -90.89228515625 69.26728515625, -91.00498046874999 69.277099609375, -91.04921875 69.293017578125, -91.024853515625 69.315234375, -91.057763671875 69.318408203125, -91.1478515625 69.302587890625, -91.21796875 69.302099609375, -91.23720703125 69.285546875, -90.744775390625 69.105908203125, -90.5873046875 68.946875, -90.47900390625 68.88115234375, -90.46835937499999 68.86376953125, -90.53896484375 68.819580078125, -90.54252929687499 68.785986328125, -90.51015625 68.6888671875, -90.52524414062499 68.611279296875, -90.5736328125 68.47470703125, -90.5283203125 68.4322265625, -90.423046875 68.3947265625, -90.36005859375 68.346728515625, -90.31723632812499 68.330322265625, -90.28525390624999 68.291650390625, -90.24775390625 68.267431640625, -90.20478515625 68.257470703125, -90.17441406249999 68.27021484375, -90.15683593749999 68.305517578125, -90.11640625 68.33857421875, -90.005322265625 68.398046875, -89.897705078125 68.490771484375, -89.87949218749999 68.521533203125, -89.89658203124999 68.594384765625, -89.884228515625 68.6255859375, -89.78310546875 68.7359375, -89.75083007812499 68.812451171875, -89.720166015625 68.931591796875, -89.66660156249999 69.014599609375, -89.552001953125 69.084912109375, -89.35190429687499 69.227001953125, -89.279541015625 69.25546875, -89.198486328125 69.269482421875, -89.05673828124999 69.26611328125, -88.953515625 69.22041015625, -88.81455078124999 69.135888671875, -88.63774414062499 69.058837890625, -88.31552734374999 68.954443359375, -88.22353515625 68.9150390625, -88.04135742187499 68.81171875, -87.96435546875 68.70927734375, -87.9115234375 68.564697265625, -87.865966796875 68.47763671875, -87.82773437499999 68.448095703125, -87.810302734375 68.404150390625, -87.81357421874999 68.345703125, -87.82792968749999 68.299951171875, -87.853271484375 68.26689453125, -87.89267578124999 68.24814453125, -87.990966796875 68.242041015625, -88.11113281249999 68.251171875, -88.14580078124999 68.266015625, -88.20908203124999 68.33486328125, -88.23525390625 68.3390625, -88.34697265624999 68.28828125, -88.36069335937499 68.25986328125, -88.31962890624999 68.165771484375, -88.32509765625 67.98876953125, -88.31381835937499 67.950341796875, -88.19589843749999 67.7658203125, -87.99716796874999 67.62568359375, -87.49912109374999 67.355322265625, -87.47080078124999 67.324609375, -87.417919921875 67.21416015625, -87.39194335937499 67.191064453125, -87.359375 67.17724609375, -87.320263671875 67.1728515625, -87.266259765625 67.183837890625, -87.083203125 67.2677734375, -86.92392578124999 67.35625, -86.81279296874999 67.402392578125, -86.74985351562499 67.406103515625, -86.68203125 67.422314453125, -86.609375 67.450830078125, -86.560791015625 67.48212890625, -86.53642578124999 67.516162109375, -86.50351562499999 67.649462890625, -86.475537109375 67.713134765625, -86.39804687499999 67.80009765625, -86.36967773437499 67.8248046875, -85.98447265624999 68.045361328125, -85.952587890625 68.0724609375, -85.78886718749999 68.32802734375, -85.731103515625 68.44501953125, -85.722802734375 68.515478515625, -85.744873046875 68.578271484375, -85.733837890625 68.630126953125, -85.68979492187499 68.670947265625, -85.64316406249999 68.69970703125, -85.562451171875 68.72880859375, -85.5177734375 68.76982421875, -85.49106445312499 68.773974609375, -85.425048828125 68.774267578125, -85.3380859375 68.7462890625, -85.27509765625 68.741357421875, -84.867578125 68.77333984375, -84.86748046874999 68.790380859375, -85.106640625 68.84404296875, -85.10434570312499 68.870947265625, -85.0833984375 68.90791015625, -85.00830078125 68.94921875, -84.91606445312499 68.962255859375, -84.89531249999999 68.988525390625, -84.892724609375 69.02099609375, -84.86220703125 69.073974609375, -84.8900390625 69.0927734375, -85.113525390625 69.165869140625, -85.242626953125 69.162744140625, -85.27548828124999 69.172314453125, -85.38676757812499 69.231884765625, -85.42753906249999 69.318408203125, -85.43193359374999 69.353857421875, -85.41640625 69.410888671875, -85.40224609375 69.4267578125, -85.4091796875 69.452490234375, -85.43720703125 69.488232421875, -85.43950195312499 69.519921875, -85.415966796875 69.54775390625, -85.430126953125 69.5806640625, -85.48203124999999 69.61875, -85.50244140625 69.651513671875, -85.447900390625 69.74814453125, -85.44609374999999 69.777783203125, -85.4974609375 69.81904296875, -85.534814453125 69.83505859375, -85.50737304687499 69.845263671875, -85.41513671874999 69.84951171875, -85.30498046874999 69.8361328125, -85.17680664062499 69.805126953125, -85.01982421874999 69.80478515625, -84.833984375 69.83505859375, -84.64511718749999 69.84970703125, -84.318798828125 69.843701171875, -84.241650390625 69.835009765625, -83.9171875 69.745361328125, -83.66533203124999 69.69970703125, -83.551708984375 69.703955078125, -82.991357421875 69.685888671875, -82.74560546875 69.6951171875, -82.618359375 69.691064453125, -82.374169921875 69.641796875, -82.39023437499999 69.60087890625, -82.49570312499999 69.5322265625, -82.63330078125 69.518115234375, -82.754833984375 69.494384765625, -82.642041015625 69.4583984375, -82.30986328124999 69.410009765625, -82.2318359375 69.332568359375, -82.208154296875 69.297021484375, -82.24677734375 69.264990234375, -82.2275390625 69.248876953125, -82.150537109375 69.248876953125, -81.951806640625 69.27607421875, -81.732177734375 69.25810546875, -81.4123046875 69.19814453125, -81.37783203125 69.18564453125, -81.32158203124999 69.138916015625, -81.32866210937499 69.119921875, -81.61142578124999 69.00302734375, -81.75834960937499 68.95673828125, -81.95166015625 68.90908203125, -81.95791015625 68.883642578125, -81.6869140625 68.878955078125, -81.476025390625 68.865576171875, -81.38090820312499 68.850048828125, -81.331298828125 68.827978515625, -81.26352539062499 68.780615234375, -81.25249023437499 68.7431640625, -81.25913085937499 68.692431640625, -81.28154296874999 68.6572265625, -81.52685546875 68.55595703125, -81.63950195312499 68.524365234375, -81.83139648437499 68.486865234375, -81.91484374999999 68.4587890625, -82.006494140625 68.462646484375, -82.10634765625 68.49853515625, -82.21015625 68.50625, -82.397216796875 68.477587890625, -82.49873046875 68.47861328125, -82.54863281249999 68.468603515625, -82.552685546875 68.446484375, -82.46416015624999 68.382421875, -82.41298828125 68.357177734375, -82.39287109374999 68.338330078125, -82.4306640625 68.306591796875, -82.42270507812499 68.29658203125, -82.392529296875 68.28525390625, -82.222412109375 68.145263671875, -82.18657226562499 68.134423828125, -82.151318359375 68.139697265625, -82.07763671875 68.1796875, -82.03388671875 68.195947265625, -82.01249999999999 68.193896484375, -82.01337890625 68.173388671875, -82.09189453124999 68.05146484375, -82.10214843749999 68.018896484375, -82.10048828125 67.98984375, -82.06254882812499 67.928173828125, -81.97646484375 67.86201171875, -81.8693359375 67.802490234375, -81.70859374999999 67.72236328125, -81.49277343749999 67.6369140625, -81.4123046875 67.595361328125, -81.2943359375 67.497412109375, -81.27011718749999 67.459912109375, -81.30107421874999 67.356982421875, -81.38720703125 67.18857421875, -81.44272460937499 67.09287109375, -81.46757812499999 67.069873046875, -81.630078125 67.002001953125, -81.72236328125 66.986083984375, -81.874462890625 66.987939453125, -81.925537109375 66.97470703125, -82.005078125 66.92041015625, -82.11318359375 66.82509765625, -82.19833984374999 66.7646484375, -82.26054687499999 66.739111328125, -82.374755859375 66.709423828125, -82.553662109375 66.62138671875, -82.64150390625 66.5875, -82.948876953125 66.550830078125, -83.19877929687499 66.431494140625, -83.29838867187499 66.392138671875, -83.4064453125 66.371240234375, -83.523095703125 66.36875, -83.590283203125 66.387841796875, -83.628369140625 66.460693359375, -83.65107421875 66.484619140625, -83.739208984375 66.534375, -83.92021484374999 66.679052734375, -83.998046875 66.728515625, -84.05 66.739501953125, -84.154443359375 66.731689453125, -84.2080078125 66.736328125, -84.324365234375 66.781787109375, -84.36625976562499 66.8111328125, -84.361083984375 66.82255859375, -84.27255859374999 66.839208984375, -84.31035156249999 66.862744140625, -84.466064453125 66.92744140625, -84.5306640625 66.961328125, -84.5384765625 66.972802734375, -84.692578125 67.0166015625, -84.84575195312499 67.0287109375, -85.0400390625 66.9560546875, -85.113720703125 66.90693359375, -85.111279296875 66.89091796875, -85.01826171875 66.8720703125, -84.977978515625 66.88125, -84.89902343749999 66.9265625, -84.857373046875 66.940673828125, -84.737744140625 66.93359375, -84.63857421875 66.90234375, -84.589501953125 66.856640625, -84.31894531249999 66.71181640625, -84.223046875 66.682470703125, -84.18310546875 66.6478515625, -84.152734375 66.590234375, -84.09423828125 66.526220703125, -83.96420898437499 66.420556640625, -83.825830078125 66.289990234375, -83.79755859375 66.2384765625, -83.86904296875 66.21357421875, -83.90507812499999 66.211767578125, -84.29306640624999 66.291796875, -84.32426757812499 66.290673828125, -84.3984375 66.258740234375, -84.459375 66.18623046875, -84.47841796875 66.179296875, -84.9083984375 66.271337890625, -85.09619140625 66.325341796875, -85.19150390624999 66.369677734375, -85.3068359375 66.44033203125, -85.44223632812499 66.537353515625, -85.60385742187499 66.56826171875, -85.791748046875 66.532958984375, -86.063232421875 66.520361328125, -86.633203125 66.53134765625, -86.708154296875 66.523046875, -86.73710937499999 66.510888671875, -86.688623046875 66.457470703125, -86.700146484375 66.4427734375, -86.73837890624999 66.432861328125, -86.74697265625 66.41708984375, -86.68510742187499 66.360400390625, -86.58476562499999 66.321923828125, -86.301025390625 66.269921875, -86.11308593749999 66.22529296875, -86.00083007812499 66.18681640625, -85.9642578125 66.154443359375, -85.958740234375 66.11904296875, -86.01225585937499 66.048486328125, -86.04287109375 66.02255859375, -86.70195312499999 65.670556640625, -86.95317382812499 65.528271484375, -87.08110351562499 65.4408203125, -87.193798828125 65.383056640625, -87.291455078125 65.354833984375, -87.452880859375 65.33896484375, -87.678125 65.3353515625, -87.969970703125 65.34892578125, -88.12099609375 65.394580078125, -88.39487304687499 65.5162109375, -88.58671874999999 65.587646484375, -88.67246093749999 65.611572265625, -88.74394531249999 65.678759765625, -88.80849609375 65.691650390625, -88.94614257812499 65.70302734375, -89.08774414062499 65.73896484375, -89.420361328125 65.860791015625, -89.59267578125 65.909326171875, -89.7494140625 65.93603515625, -89.89047851562499 65.9408203125, -89.943994140625 65.93359375, -89.84775390624999 65.872265625, -89.88969726562499 65.8685546875, -90.00380859375 65.882568359375, -90.1166015625 65.882421875, -90.31625976562499 65.9263671875, -90.51328124999999 65.9205078125, -91.009521484375 65.96572265625, -91.30546874999999 65.96455078125, -91.4115234375 65.959375, -91.42724609375 65.947900390625, -91.28515625 65.89443359375, -91.04111328124999 65.829833984375, -91.0736328125 65.885546875, -91.06494140625 65.89990234375, -90.98344726562499 65.91923828125, -90.596826171875 65.884814453125, -90.158642578125 65.8126953125, -90.04755859375 65.805615234375, -89.924072265625 65.7802734375, -89.78798828125 65.73671875, -89.60039062499999 65.64775390625, -89.24174804687499 65.44638671875, -89.12656249999999 65.39560546875, -88.9740234375 65.348291015625, -88.19780273437499 65.2798828125, -87.92954101562499 65.280322265625, -87.39194335937499 65.260546875, -87.10800781249999 65.2248046875, -87.0275390625 65.198095703125, -87.002685546875 65.10859375, -87.028515625 65.063623046875, -87.18291015624999 64.926806640625, -87.280517578125 64.826171875, -87.885009765625 64.400439453125, -87.96357421875 64.302490234375, -87.99755859375 64.2439453125, -88.105615234375 64.18330078125, -88.37895507812499 64.0892578125, -88.65302734375 64.009375, -88.81772460937499 63.992236328125, -88.96440429687499 64.01123046875, -89.05961914062499 64.034423828125, -89.200634765625 64.11376953125, -89.209423828125 64.105419921875, -89.107666015625 63.981103515624994, -89.13154296875 63.968505859375, -89.21455078125 63.984130859375, -89.403515625 64.039990234375, -89.46474609375 64.0296875, -89.500927734375 64.014501953125, -89.55131835937499 64.014794921875, -89.61582031249999 64.030615234375, -89.73271484374999 64.076953125, -89.763818359375 64.09951171875, -89.79208984374999 64.16826171875, -89.81132812499999 64.18056640625, -90.041650390625 64.140869140625, -90.080029296875 64.127734375, -89.985595703125 64.1001953125, -89.953564453125 64.080615234375, -89.860595703125 63.97880859375, -89.855712890625 63.956982421875, -89.921875 63.9435546875, -90.14189453124999 63.981982421875, -90.1681640625 63.978759765625, -90.05961914062499 63.877490234375, -90.01796875 63.829345703125, -90.013427734375 63.804296875, -90.154736328125 63.6896484375, -90.2453125 63.64189453125, -90.36884765625 63.624414062499994, -90.446240234375 63.636181640625, -90.53349609374999 63.665429687499994, -90.59638671875 63.661279296874994, -90.635009765625 63.623779296875, -90.70683593749999 63.596923828125, -90.8119140625 63.580908203125, -90.94565429687499 63.587841796875, -91.108056640625 63.617822265624994, -91.538818359375 63.7255859375, -91.67465820312499 63.742236328125, -91.926025390625 63.757080078125, -91.956005859375 63.772314453125, -91.95380859375 63.78681640625, -91.91943359375 63.8005859375, -91.92890625 63.812451171875, -91.98222656249999 63.822412109374994, -92.03759765625 63.813037109375, -92.094873046875 63.784423828125, -92.19521484375 63.7759765625, -92.33842773437499 63.787646484375, -92.55009765624999 63.829541015625, -92.97021484375 63.937646484374994, -93.4296875 64.02880859375, -93.69633789062499 64.14716796875, -93.59672851562499 64.040576171875, -93.6048828125 64.0044921875, -93.65581054687499 63.972802734374994, -93.66416015624999 63.94140625, -93.559814453125 63.865283203125, -93.41557617187499 63.83798828125, -93.27021484375 63.840869140625, -93.26621093749999 63.8533203125, -93.32685546875 63.872265625, -93.3802734375 63.900048828124994, -93.40585937499999 63.9412109375, -93.37851562499999 63.948486328125, -93.250439453125 63.926904296874994, -93.16591796875 63.901757812499994, -92.529248046875 63.76123046875, -92.33920898437499 63.734912109375, -92.196484375 63.7078125, -92.156884765625 63.69169921875, -92.205029296875 63.656787109375, -92.46103515624999 63.56943359375, -92.465087890625 63.555078124999994, -92.28955078125 63.56298828125, -92.076611328125 63.639990234375, -91.95683593749999 63.675634765625, -91.84184570312499 63.69755859375, -91.68603515625 63.659716796875, -91.48930664062499 63.56220703125, -91.330078125 63.5068359375, -91.10307617187499 63.47587890625, -90.97006835937499 63.442773437499994, -90.74658203125 63.3515625, -90.71127929687499 63.304052734375, -90.69072265624999 63.110546875, -90.69858398437499 63.063867187499994, -90.72763671874999 63.017480468749994, -90.77788085937499 62.971630859375, -90.87119140624999 62.945947265624994, -91.00771484375 62.9404296875, -91.114892578125 62.92158203125, -91.34946289062499 62.818896484375, -91.448974609375 62.804052734375, -91.86962890625 62.834716796875, -92.03422851562499 62.863427734374994, -92.11005859375 62.861718749999994, -92.152099609375 62.8390625, -92.19614257812499 62.82880859375, -92.361279296875 62.819384765625, -92.388134765625 62.80087890625, -92.37773437499999 62.772412109375, -92.34526367187499 62.733837890625, -92.30517578125 62.711669921875, -92.2431640625 62.683642578125, -92.14912109375 62.665283203125, -91.95585937499999 62.644775390625, -91.93583984374999 62.5923828125, -91.94443359374999 62.57548828125, -92.00786132812499 62.54052734375, -92.08115234374999 62.544091796874994, -92.2072265625 62.585351562499994, -92.26953125 62.586962890625, -92.32407226562499 62.564599609374994, -92.39999999999999 62.5572265625, -92.49736328124999 62.564843749999994, -92.551416015625 62.546728515625, -92.56220703125 62.502880859375, -92.594970703125 62.470068359375, -92.707421875 62.418212890625, -92.76796875 62.37998046875, -92.76596679687499 62.349951171875, -92.70146484374999 62.32822265625, -92.62744140625 62.279052734375, -92.54404296874999 62.202294921874994, -92.527978515625 62.168408203125, -92.57919921874999 62.17734375, -92.648095703125 62.207763671875, -92.734765625 62.259716796875, -92.86582031249999 62.306201171875, -93.154443359375 62.366845703124994, -93.20537109374999 62.36494140625, -93.17924804687499 62.349560546875, -92.98779296875 62.2859375, -92.914453125 62.244970703125, -92.905517578125 62.21513671875, -93.065869140625 62.149755859375, -93.070263671875 62.127832031249994, -93.027734375 62.108642578125, -93.016259765625 62.092675781249994, -93.073388671875 62.060546875, -93.16748046875 62.033642578125, -93.349755859375 62.02978515625, -93.366357421875 62.014550781249994, -93.296875 61.981591796874994, -93.2734375 61.961083984374994, -93.33305664062499 61.93291015625, -93.372021484375 61.928955078125, -93.581787109375 61.942041015624994, -93.52670898437499 61.871630859375, -93.49423828124999 61.846923828125, -93.429931640625 61.812109375, -93.314404296875 61.77978515625, -93.31201171875 61.76728515625, -93.42060546875 61.705810546875, -93.70966796875 61.6025390625, -93.912744140625 61.4814453125, -93.940869140625 61.44365234375, -93.88925781249999 61.3640625, -93.888818359375 61.34404296875, -93.94199218749999 61.308007812499994, -94.0607421875 61.317822265625, -94.083447265625 61.303662109375, -94.05522460937499 61.266162109375, -94.049951171875 61.211279296875, -94.0677734375 61.1388671875, -94.154052734375 61.025439453125, -94.30869140624999 60.870996093749994, -94.427197265625 60.730712890625, -94.50937499999999 60.604541015625, -94.56889648437499 60.5419921875, -94.67875976562499 60.5376953125, -94.76171875 60.4982421875, -94.7052734375 60.4775390625, -94.670654296875 60.4533203125, -94.64677734374999 60.416406249999994, -94.67041015625 60.30107421875, -94.7416015625 60.107373046875, -94.785791015625 59.9533203125, -94.77666015624999 59.478125, -94.78828125 59.26787109375, -94.81953125 59.151318359375, -94.870263671875 59.08798828125, -94.95732421874999 59.06884765625, -94.84658203125 59.050341796875, -94.77617187499999 59.02060546875, -94.74374999999999 58.975439453125, -94.71337890625 58.9033203125, -94.67338867187499 58.8701171875, -94.62373046875 58.875732421875, -94.57919921874999 58.86845703125, -94.539697265625 58.848388671875, -94.41923828124999 58.745507812499994, -94.287060546875 58.716015625, -94.28081054687499 58.658935546875, -94.33261718749999 58.339111328125, -94.3322265625 58.29736328125, -94.27216796875 58.37802734375, -94.208935546875 58.626367187499994, -94.123193359375 58.736718749999994, -94.05576171874999 58.760009765625, -93.780029296875 58.77255859375, -93.48618164062499 58.744482421875, -93.37504882812499 58.741015625, -93.27812499999999 58.756396484375, -93.17875976562499 58.725634765625, -93.15458984374999 58.694580078125, -93.12651367187499 58.564404296875, -93.10019531249999 58.48984375, -92.92514648437499 58.224511718749994, -92.841748046875 58.07587890625, -92.73984374999999 57.844042968749996, -92.70166015625 57.777783203125, -92.4896484375 57.468603515625, -92.4494140625 57.38486328125, -92.4328125 57.3203125, -92.43979492187499 57.275048828125, -92.47836914062499 57.2052734375, -92.548486328125 57.1109375, -92.61411132812499 57.039013671875, -92.675244140625 56.989550781249996, -92.73798828125 56.95263671875, -92.802392578125 56.9283203125, -92.79814453124999 56.92197265625, -92.72529296875 56.933544921875, -92.65097656249999 56.958300781249996, -92.51030273437499 57.022314453125, -92.456298828125 57.03671875, -92.303369140625 57.045849609375, -92.298291015625 57.022753906249996, -92.37211914062499 56.975146484374996, -92.355712890625 56.97060546875, -92.2490234375 57.008984375, -92.018017578125 57.063769531249996, -91.111279296875 57.2412109375, -90.8974609375 57.25693359375, -90.5921875 57.224462890625, -90.34482421874999 57.149072265625, -90.0751953125 57.051904296875, -89.79082031249999 56.98134765625, -89.34233398437499 56.9154296875, -89.211572265625 56.883837890624996, -88.948486328125 56.851318359375, -88.82646484374999 56.814257812499996, -88.6798828125 56.725048828125, -88.44707031249999 56.608691406249996, -88.27133789062499 56.535693359374996, -88.07509765625 56.46728515625, -87.878125 56.341601562499996, -87.56088867187499 56.05634765625, -87.482421875 56.021289062499996, -87.286865234375 55.974658203124996, -86.919384765625 55.91455078125, -86.376953125 55.773242187499996, -86.138671875 55.71787109375, -85.98447265624999 55.6958984375, -85.830517578125 55.65693359375, -85.67666015625 55.60107421875, -85.559326171875 55.540185546875, -85.478466796875 55.474267578125, -85.40727539062499 55.43115234375, -85.28271484375 55.38330078125, -85.218017578125 55.348974609375, -85.21201171874999 55.2974609375, -85.36201171875 55.095458984375, -85.36528320312499 55.079296875, -85.21357421875 55.224365234375, -85.128857421875 55.2662109375, -85.0609375 55.28564453125, -84.919921875 55.283349609375, -84.70576171875 55.259228515625, -84.51796875 55.25888671875, -84.35649414062499 55.282519531249996, -84.2189453125 55.293115234375, -84.10537109375 55.290820312499996, -84.02299804687499 55.297802734375, -83.97177734374999 55.31416015625, -83.910595703125 55.3146484375, -83.66767578125 55.264501953125, -83.569482421875 55.26181640625, -83.21435546875 55.214599609375, -82.986279296875 55.231396484375, -82.947021484375 55.222216796874996, -82.86777343749999 55.160693359374996, -82.80068359375 55.155908203125, -82.6875 55.16552734375, -82.57744140624999 55.148730468749996, -82.39326171875 55.067822265625, -82.308251953125 54.99814453125, -82.22661132812499 54.855908203125, -82.219384765625 54.8134765625, -82.37060546875 54.48349609375, -82.41806640624999 54.355810546875, -82.42416992187499 54.244580078125, -82.39414062499999 54.180468749999996, -82.26357421875 54.072998046875, -82.239892578125 54.04482421875, -82.16264648437499 53.885693359375, -82.14145507812499 53.817626953125, -82.14999999999999 53.739550781249996, -82.190625 53.6109375, -82.18037109375 53.512841796875, -82.14619140625 53.364599609375, -82.1591796875 53.26416015625, -82.21923828125 53.211474609374996, -82.259912109375 53.159814453125, -82.29160156249999 53.06611328125, -82.29155273437499 53.030712890625, -82.26044921875 52.9611328125, -82.20268554687499 52.921679687499996, -82.10795898437499 52.877392578125, -82.02001953125 52.81162109375, -81.85927734375 52.651416015624996, -81.742333984375 52.563623046875, -81.59941406249999 52.4326171875, -81.5716796875 52.36728515625, -81.6115234375 52.324072265625, -81.66123046874999 52.293896484375, -81.7763671875 52.25361328125, -81.827880859375 52.22421875, -81.81455078124999 52.2171875, -81.64799804687499 52.239062499999996, -81.54951171875 52.236767578125, -81.4662109375 52.2044921875, -81.398095703125 52.142236328125, -81.28505859375 52.089208984375, -81.127197265625 52.04541015625, -80.968505859375 51.972216796874996, -80.705517578125 51.79833984375, -80.657958984375 51.758349609374996, -80.588037109375 51.667236328125, -80.495849609375 51.52509765625, -80.44760742187499 51.4322265625, -80.443310546875 51.388574218749994, -80.4955078125 51.344677734375, -80.67270507812499 51.26474609375, -80.851220703125 51.125, -80.79497070312499 51.1318359375, -80.67724609375 51.190869140625, -80.47832031249999 51.30732421875, -80.36796874999999 51.329882812499996, -80.10356445312499 51.282861328124994, -79.960400390625 51.235156249999996, -79.83623046874999 51.17333984375, -79.651513671875 51.0078125, -79.45615234374999 50.8755859375, -79.347900390625 50.762646484375, -79.38071289062499 50.834521484374996, -79.45263671875 50.917285156249996, -79.636181640625 51.0490234375, -79.71445312499999 51.117578124999994, -79.731396484375 51.15048828125, -79.737451171875 51.186279296875, -79.72324218749999 51.25166015625, -79.68881835937499 51.346582031249994, -79.64296875 51.413525390625, -79.58574218749999 51.452441406249996, -79.54746093749999 51.49384765625, -79.52802734375 51.5376953125, -79.49755859375 51.569921875, -79.33867187499999 51.628173828125, -79.29697265624999 51.622802734375, -79.26425781249999 51.552001953125, -79.22612304687499 51.5373046875, -79.152734375 51.526220703125, -79.09086914062499 51.501708984375, -79.04052734375 51.463769531249994, -79.005029296875 51.425341796874996, -78.984326171875 51.386376953124994, -78.9369140625 51.259130859375, -78.90317382812499 51.20029296875, -78.89750976562499 51.2716796875, -78.85800781249999 51.383935546874994, -78.82744140624999 51.429980468749996, -78.73134765625 51.497460937499994, -78.73642578124999 51.526611328125, -78.776318359375 51.565771484375, -78.977734375 51.7337890625, -78.981640625 51.774560546875, -78.927880859375 51.798828125, -78.89111328125 51.8451171875, -78.871240234375 51.913427734375, -78.82822265624999 51.96298828125, -78.70200195312499 52.03271484375, -78.59331054687499 52.139697265624996, -78.537353515625 52.21328125, -78.491650390625 52.252099609375, -78.44809570312499 52.261376953125, -78.5130859375 52.29111328125, -78.52607421875 52.310693359375, -78.52910156249999 52.399169921875, -78.557080078125 52.49189453125, -78.6005859375 52.535107421875, -78.723779296875 52.627734374999996, -78.744140625 52.65537109375, -78.765771484375 52.760058593749996, -78.75361328125 52.81240234375, -78.7216796875 52.8564453125, -78.73984374999999 52.898974609374996, -78.85410156249999 52.97607421875, -78.89824218749999 53.043359375, -78.94711914062499 53.206201171875, -78.99204101562499 53.4103515625, -79.043115234375 53.560498046875, -79.100341796875 53.656640625, -79.11313476562499 53.7171875, -79.0814453125 53.74228515625, -79.04033203124999 53.81796875, -79.003173828125 53.836572265625, -78.945703125 53.831591796874996, -78.94438476562499 53.840234375, -79.03203124999999 53.8810546875, -79.075146484375 53.932373046875, -79.07329101562499 53.951416015625, -78.996044921875 54.002490234374996, -79.009912109375 54.023974609374996, -79.067138671875 54.051953125, -79.24179687499999 54.098876953125, -79.17880859374999 54.116943359375, -79.138818359375 54.1572265625, -79.146728515625 54.169238281249996, -79.215966796875 54.185693359375, -79.295654296875 54.216845703124996, -79.35615234375 54.26337890625, -79.43056640625 54.33662109375, -79.4759765625 54.394775390625, -79.520654296875 54.491552734375, -79.59794921874999 54.60166015625, -79.63173828125 54.6291015625, -79.67041015625 54.646826171875, -79.71396484374999 54.65498046875, -79.712353515625 54.671826171875, -79.66552734375 54.6974609375, -78.90922851562499 54.881494140625, -78.84624023437499 54.908007812499996, -78.475048828125 55.011035156249996, -78.30361328125 55.0685546875, -78.128857421875 55.151318359375, -77.89111328125 55.23642578125, -77.77529296875 55.291259765625, -77.7021484375 55.344189453125, -77.324951171875 55.555517578125, -77.16508789062499 55.663525390625, -77.07255859374999 55.756298828125, -76.93808593749999 55.867236328124996, -76.76181640624999 55.996435546875, -76.65048828124999 56.107226562499996, -76.60405273437499 56.199560546875, -76.54638671875 56.3587890625, -76.52983398437499 56.499951171875, -76.51962890624999 56.706982421875, -76.5255859375 56.891796875, -76.57285156249999 57.181201171874996, -76.60141601562499 57.272265624999996, -76.655419921875 57.38056640625, -76.786279296875 57.598583984375, -76.809814453125 57.657958984375, -76.89091796874999 57.758105468749996, -77.15678710937499 58.018896484375, -77.48916015625 58.1953125, -77.55244140625 58.239599609375, -77.68408203125 58.291357421875, -77.88413085937499 58.350732421874994, -78.01357421875 58.399169921875, -78.351708984375 58.5806640625, -78.46298828124999 58.602441406249994, -78.50590820312499 58.64912109375, -78.515087890625 58.682373046875, -78.50229492187499 58.769091796875, -78.4826171875 58.8291015625, -78.45869140625 58.873291015625, -78.43051757812499 58.901757812499994, -78.24443359374999 59.035058593749994, -78.14023437499999 59.141748046874994, -78.06767578124999 59.2001953125, -77.98764648437499 59.245507812499994, -77.84282226562499 59.305029296875, -77.760693359375 59.380029296874994, -77.779443359375 59.410400390625, -77.844677734375 59.443505859374994, -77.859033203125 59.47578125, -77.7490234375 59.558154296875, -77.73349609374999 59.580957031249994, -77.747509765625 59.65849609375, -77.72617187499999 59.67587890625, -77.59042968749999 59.680517578125, -77.3966796875 59.569238281249994, -77.349072265625 59.578955078125, -77.41103515625 59.609619140625, -77.485302734375 59.6845703125, -77.474560546875 59.715673828125, -77.33164062499999 59.796630859375, -77.32763671875 59.833398437499994, -77.368408203125 59.884375, -77.37294921875 59.92509765625, -77.289208984375 60.022021484375, -77.31181640624999 60.042382812499994, -77.54716796874999 60.0611328125, -77.585888671875 60.08818359375, -77.57216796875 60.100976562499994, -77.461376953125 60.13349609375, -77.452880859375 60.14580078125, -77.6486328125 60.3625, -77.68144531249999 60.427099609375, -77.59814453125 60.506738281249994, -77.503564453125 60.542724609375, -77.515576171875 60.56318359375, -77.63945312499999 60.56689453125, -77.714990234375 60.577783203124994, -77.79082031249999 60.63984375, -77.76123046875 60.679052734375, -77.73422851562499 60.69697265625, -77.66064453125 60.789501953125, -77.58955078125 60.80859375, -77.60302734375 60.8251953125, -77.871533203125 60.78583984375, -77.99814453124999 60.818212890625, -78.1224609375 60.809619140625, -78.18134765625 60.819140625, -78.15966796875 60.852197265624994, -77.93417968749999 61.00263671875, -77.83012695312499 61.084033203125, -77.7650390625 61.15751953125, -77.730615234375 61.206396484375, -77.726806640625 61.2306640625, -77.74960937499999 61.393017578125, -77.73618164062499 61.437353515625, -77.51435546875 61.556298828124994, -77.6984375 61.626416015625, -77.81376953124999 61.694775390625, -77.889892578125 61.7287109375, -77.94755859374999 61.761865234374994, -78.02138671875 61.832080078125, -78.07749023437499 61.923388671875, -78.137158203125 62.107373046875, -78.14697265625 62.20869140625, -78.13339843749999 62.282275390625, -78.10859375 62.318115234375, -78.068115234375 62.355419921875, -77.89990234375 62.4265625, -77.603955078125 62.531396484374994, -77.37241210937499 62.572509765625, -77.2052734375 62.549951171874994, -76.87939453125 62.525390625, -76.616357421875 62.465673828125, -75.81689453125 62.315869140625, -75.675537109375 62.24951171875, -75.809228515625 62.193408203125, -75.78984374999999 62.179589843749994, -75.48881835937499 62.28642578125, -75.40922851562499 62.307080078125, -75.3412109375 62.312109375, -75.114013671875 62.270751953125, -75.02275390624999 62.264453125, -74.90756835937499 62.230029296875, -74.632568359375 62.115673828125, -74.61289062499999 62.1251953125, -74.689892578125 62.183447265625, -74.64580078124999 62.2111328125, -74.42919921875 62.271826171875, -74.20546875 62.32138671875, -74.04648437499999 62.370019531249994, -73.87783203125 62.434375, -73.76396484374999 62.46875, -73.705078125 62.47314453125, -73.62998046874999 62.45419921875, -73.428369140625 62.36884765625, -73.298974609375 62.325048828125, -73.19516601562499 62.279150390625, -73.04936523437499 62.1982421875, -72.9923828125 62.180419921875, -72.8818359375 62.125390624999994, -72.73496093749999 62.131103515625, -72.686962890625 62.124560546875, -72.67080078125 62.1138671875, -72.64599609375 62.076611328125, -72.63310546874999 62.052783203125, -72.63212890624999 62.027246093749994, -72.666015625 61.955322265625, -72.771630859375 61.8404296875, -72.72739257812499 61.838623046875, -72.573876953125 61.907128906249994, -72.50556640625 61.92265625, -72.3607421875 61.88779296875, -72.22612304687499 61.831591796875, -72.178466796875 61.801806640625, -72.126123046875 61.75322265625, -72.0814453125 61.728271484375, -72.0400390625 61.6802734375, -72.04296875 61.664697265624994, -72.08203125 61.64140625, -72.2470703125 61.60205078125, -72.21586914062499 61.587255859375, -72.023095703125 61.611962890624994, -71.96440429687499 61.636279296875, -71.922265625 61.676953125, -71.86611328125 61.688525390625, -71.63828124999999 61.6171875, -71.60478515624999 61.5923828125, -71.61943359374999 61.572900390624994, -71.656201171875 61.550927734374994, -71.75576171875 61.526757812499994, -71.841015625 61.466015625, -71.85439453125 61.439794921875, -71.79365234375 61.42119140625, -71.64531249999999 61.413134765625, -71.646435546875 61.39873046875, -71.73212890625 61.3720703125, -71.74345703124999 61.337255859375, -71.551513671875 61.213281249999994, -71.42270507812499 61.158935546875, -71.34843749999999 61.148974609375, -71.17514648437499 61.146533203125, -71.03496093749999 61.125537109375, -70.72324218749999 61.05517578125, -70.540771484375 61.04248046875, -70.38364257812499 61.06396484375, -70.279296875 61.06865234375, -70.18720703125 61.04052734375, -70.157958984375 61.020654296874994, -70.14414062499999 60.981103515624994, -70.1458984375 60.921826171875, -70.09531249999999 60.880273437499994, -69.992431640625 60.856494140625, -69.90922851562499 60.860107421875, -69.800439453125 60.906689453125, -69.7083984375 60.9146484375, -69.67758789062499 60.949560546875, -69.65043945312499 61.01416015625, -69.62363281249999 61.04951171875, -69.55698242187499 61.05966796875, -69.5033203125 61.040429687499994, -69.471923828125 61.0109375, -69.41435546874999 60.9224609375, -69.39833984375 60.882861328125, -69.404736328125 60.84677734375, -69.43344726562499 60.8142578125, -69.48994140625 60.77958984375, -69.57421875 60.742724609375, -69.64047851562499 60.689794921875, -69.72138671875 60.567431640625, -69.75126953124999 60.487451171874994, -69.75947265625 60.440234375, -69.75590820312499 60.388525390625, -69.74057617187499 60.332275390625, -69.70849609375 60.2859375, -69.63310546874999 60.220361328124994, -69.62875976562499 60.198583984375, -69.62314453124999 60.145458984375, -69.62978515625 60.122119140625, -69.67373046875 60.07587890625, -69.795654296875 60.029736328125, -69.962841796875 60.017822265625, -70.50932617187499 60.015185546875, -70.65483398437499 60.026220703125, -70.61972656249999 59.984277343749994, -70.46665039062499 59.970849609374994, -70.32685546875 59.97138671875, -69.8056640625 59.944873046875, -69.73393554687499 59.918017578125, -69.67343749999999 59.870751953124994, -69.63022460937499 59.821826171875, -69.58740234375 59.722314453124994, -69.57939453124999 59.67509765625, -69.60234374999999 59.622705078124994, -69.656201171875 59.565087890624994, -69.6923828125 59.488427734374994, -69.710888671875 59.392529296875, -69.681884765625 59.341748046875, -69.39999999999999 59.337792968749994, -69.34404296874999 59.303076171875, -69.35043945312499 59.277197265625, -69.45048828124999 59.180029296875, -69.45976562499999 59.15244140625, -69.41411132812499 59.086865234375, -69.4203125 59.068212890625, -69.44809570312499 59.049169921875, -69.47465820312499 59, -69.50009765624999 58.920654296875, -69.531640625 58.86923828125, -69.60820312499999 58.829492187499994, -69.648388671875 58.82080078125, -69.67734374999999 58.83134765625, -69.75302734374999 58.939599609374994, -69.7841796875 58.955712890624994, -69.813671875 58.945556640625, -69.828515625 58.928759765625, -69.82861328125 58.90537109375, -69.84160156249999 58.88115234375, -69.867578125 58.85615234375, -69.979150390625 58.816357421875, -70.15996093749999 58.789404296875, -70.15434570312499 58.760595703125, -70.03300781249999 58.745166015625, -69.878564453125 58.69697265625, -69.78989257812499 58.689306640625, -69.650537109375 58.728271484375, -69.3818359375 58.850732421874994, -69.27109374999999 58.883935546874994, -69.173486328125 58.896630859374994, -69.063623046875 58.8982421875, -68.94150390624999 58.888916015625, -68.698193359375 58.904541015625, -68.63730468749999 58.89287109375, -68.562890625 58.86591796875, -68.47490234374999 58.823486328125, -68.414306640625 58.78271484375, -68.38115234374999 58.743505859375, -68.32646484374999 58.59541015625, -68.25297851562499 58.556640625, -68.23515624999999 58.528173828125, -68.22939453125 58.4845703125, -68.23388671875 58.39921875, -68.314697265625 58.226904296875, -68.35654296874999 58.163232421874994, -68.4681640625 58.076318359374994, -68.596875 58.036865234375, -68.82578124999999 57.999853515625, -68.9453125 57.968798828124996, -69.03544921874999 57.926025390625, -69.04082031249999 57.902490234375, -68.78095703125 57.975830078125, -68.495068359375 58.011669921875, -68.41357421875 58.0517578125, -68.35185546874999 58.090722656249994, -68.28911132812499 58.177685546875, -68.175537109375 58.402587890625, -68.11103515625 58.47333984375, -68.02104492187499 58.485302734375, -67.98115234375 58.46123046875, -67.88779296874999 58.32939453125, -67.88828124999999 58.295751953125, -67.91142578124999 58.267236328124994, -68.0638671875 58.13896484375, -68.008984375 58.15205078125, -67.855859375 58.272607421874994, -67.82333984374999 58.31025390625, -67.80522460937499 58.365478515625, -67.75595703124999 58.40458984375, -67.737060546875 58.38544921875, -67.689697265625 58.243798828124994, -67.68818359375 58.140234375, -67.68056640625 58.10703125, -67.69765625 58.008740234375, -67.67827148437499 57.99111328125, -67.6322265625 58.076123046875, -67.6171875 58.14033203125, -67.596337890625 58.1861328125, -67.56962890624999 58.2134765625, -67.381982421875 58.3, -67.162841796875 58.370361328125, -67.01943359375 58.43291015625, -66.900390625 58.462792968749994, -66.72216796875 58.491015625, -66.60791015625 58.54892578125, -66.55771484374999 58.636621093749994, -66.5150390625 58.697314453125, -66.47998046875 58.730908203125, -66.36240234374999 58.791162109374994, -66.29853515625 58.79453125, -66.23740234374999 58.772265625, -66.168212890625 58.727099609375, -66.09091796874999 58.659033203125, -66.04462890625 58.605615234374994, -66.029541015625 58.566796874999994, -66.017041015625 58.430810546874994, -66.002392578125 58.431201171875, -65.93124999999999 58.535058593749994, -65.92290039062499 58.57197265625, -65.9279296875 58.6109375, -65.949658203125 58.649853515625, -66.02128906249999 58.734765624999994, -66.04936523437499 58.787890625, -66.04306640624999 58.820654296875, -65.967041015625 58.839208984375, -65.85483398437499 58.846630859375, -65.8359375 58.860498046874994, -65.918408203125 58.89560546875, -65.92070312499999 58.9146484375, -65.84140624999999 58.97705078125, -65.79482421875 58.98046875, -65.703564453125 58.970605468749994, -65.721923828125 59.002587890624994, -65.72099609374999 59.023779296875, -65.695263671875 59.03203125, -65.54399414062499 59.011865234374994, -65.526318359375 59.03623046875, -65.396240234375 59.038427734375, -65.383544921875 59.060205078124994, -65.49599609375 59.09130859375, -65.60624999999999 59.110742187499994, -65.63984375 59.127734375, -65.66562499999999 59.152783203125, -65.69999999999999 59.213330078125, -65.69169921874999 59.229394531249994, -65.66074218749999 59.2296875, -65.60712890625 59.213134765625, -65.57802734375 59.244970703125, -65.5453125 59.319726562499994, -65.51279296874999 59.350390625, -65.41171874999999 59.314990234375, -65.40727539062499 59.330224609374994, -65.48935546874999 59.44775390625, -65.47509765625 59.4703125, -65.34970703124999 59.47880859375, -65.27377929687499 59.46416015625, -65.07431640624999 59.37802734375, -65.038232421875 59.387890625, -65.06884765625 59.411474609375, -65.17094726562499 59.462255859375, -65.26318359375 59.495458984375, -65.34550781249999 59.51103515625, -65.407421875 59.53935546875, -65.47519531249999 59.616796875, -65.486474609375 59.648681640625, -65.480859375 59.690234375, -65.43339843749999 59.776513671874994, -65.40615234375 59.79521484375, -65.35791015625 59.80908203125, -65.28876953125 59.81806640625, -65.21225585937499 59.809521484375, -65.05449218749999 59.752783203125, -65.02817382812499 59.770703125, -65.11328125 59.801611328125, -65.15922851562499 59.830126953125, -65.181396484375 59.866650390625, -65.17172851562499 59.9080078125, -65.1048828125 59.993408203125, -65.073388671875 60.06220703125, -64.93124999999999 60.252001953125, -64.817333984375 60.3310546875, -64.70585937499999 60.3361328125, -64.4994140625 60.26826171875, -64.43632812499999 60.228125, -64.419580078125 60.17138671875, -64.527734375 60.09453125, -64.71328125 60.037158203125, -64.76845703125 60.012109374999994, -64.732568359375 59.99755859375, -64.55917968749999 60.043408203125, -64.40771484375 60.064794921875, -64.28349609374999 60.0640625, -64.182861328125 59.97294921875, -64.16879882812499 59.846533203125, -64.226318359375 59.7412109375, -64.15068359374999 59.793603515624994, -64.0560546875 59.82255859375, -63.9787109375 59.7537109375, -63.969482421875 59.697607421875, -63.92880859374999 59.644921874999994, -63.7501953125 59.512597656249994, -63.85039062499999 59.447802734375, -63.970703125 59.409082031249994, -63.945458984374994 59.38017578125, -63.78085937499999 59.349267578124994, -63.75859374999999 59.31865234375, -63.77587890625 59.2771484375, -63.75200195312499 59.27734375, -63.63749999999999 59.341455078124994, -63.53989257812499 59.332861328125, -63.41513671874999 59.194384765625, -63.50620117187499 59.115185546875, -63.6455078125 59.07890625, -63.75639648437499 59.0634765625, -63.91049804687499 59.065576171874994, -63.971142578125 59.05380859375, -63.94101562499999 59.027392578125, -63.79365234375 59.027001953124994, -63.56787109375 59.047021484374994, -63.39897460937499 59.079638671875, -63.32553710937499 59.081591796875, -63.248437499999994 59.068310546875, -63.22250976562499 59.057177734375, -63.3037109375 59.034423828125, -63.30986328124999 59.02646484375, -63.279443359374994 59.003173828125, -63.21640624999999 58.927978515625, -63.221923828125 58.911035156249994, -63.282128906249994 58.8673828125, -63.18535156249999 58.857763671875, -63.05029296875 58.878173828125, -63.00834960937499 58.855419921875, -62.92607421874999 58.765039062499994, -62.87387695312499 58.6724609375, -63.10234374999999 58.545751953125, -63.218652343749994 58.51953125, -63.38994140624999 58.452539062499994, -63.437939453125 58.398828124999994, -63.537060546875 58.329931640625, -63.4736328125 58.3306640625, -63.29648437499999 58.4412109375, -63.2099609375 58.466943359374994, -63.1455078125 58.46044921875, -63.119531249999994 58.441748046875, -63.13212890624999 58.41083984375, -63.07568359375 58.414794921875, -62.83740234375 58.479394531249994, -62.7373046875 58.4921875, -62.607861328125 58.49638671875, -62.59384765624999 58.474023437499994, -62.67431640625 58.319189453125, -62.81206054687499 58.200390625, -63.06279296874999 58.127099609374994, -63.15166015624999 58.0841796875, -63.26152343749999 58.014697265625, -63.22001953124999 58.0021484375, -62.980908203125 58.093310546875, -62.817529296874994 58.129248046875, -62.5880859375 58.158105468749994, -62.486230468749994 58.154052734375, -62.3056640625 57.972265625, -62.20151367187499 57.954638671874996, -62.117431640625 57.964111328125, -61.958642578124994 57.911767578125, -61.899072265624994 57.861328125, -61.9140625 57.825048828125, -61.9677734375 57.8033203125, -61.99492187499999 57.76943359375, -61.93124999999999 57.6685546875, -61.96796875 57.6119140625, -62.083984375 57.5619140625, -62.166894531249994 57.536572265625, -62.25361328125 57.528759765625, -62.33857421875 57.484521484375, -62.3771484375 57.477978515625, -62.495556640625 57.489208984375, -62.454980468749994 57.461962890624996, -62.396484375 57.448193359375, -62.30322265625 57.440673828125, -62.194238281249994 57.45458984375, -62.0880859375 57.45283203125, -61.921142578125 57.42080078125, -61.85107421875 57.381298828125, -61.8498046875 57.370410156249996, -61.88583984374999 57.3478515625, -61.938867187499994 57.274365234375, -61.977441406249994 57.24794921875, -61.94453125 57.228125, -61.86083984375 57.197558593749996, -61.79833984375 57.18623046875, -61.71630859375 57.19619140625, -61.62851562499999 57.183154296874996, -61.333740234375 57.010595703125, -61.34575195312499 56.92158203125, -61.39047851562499 56.852978515625, -61.372802734375 56.775830078125, -61.37163085937499 56.680810546875, -61.531689453125 56.654589843749996, -62.0625 56.699072265625, -62.366113281249994 56.7669921875, -62.381738281249994 56.7876953125, -62.295800781249994 56.832812499999996, -62.372021484375 56.836181640625, -62.460205078125 56.81845703125, -62.497265625 56.801708984375, -62.3955078125 56.730029296874996, -62.11650390624999 56.666845703125, -61.991601562499994 56.5908203125, -61.854931640625 56.584277343749996, -61.813378906249994 56.5705078125, -61.737744140625 56.526025390625, -61.76005859374999 56.5107421875, -61.8994140625 56.505419921874996, -62.009667968749994 56.453857421875, -61.9404296875 56.423583984375, -61.69248046874999 56.3970703125, -61.514599609375 56.39033203125, -61.42529296875 56.360644531249996, -61.498681640624994 56.327587890625, -61.70712890624999 56.288720703125, -61.7130859375 56.23095703125, -61.55859375 56.207812499999996, -61.42109375 56.221826171875, -61.364697265625 56.216015625, -61.3244140625 56.076220703124996, -61.30112304687499 56.047167968749996, -61.44892578125 56.02236328125, -61.44951171874999 55.995703125, -61.35126953125 55.973681640624996, -61.187890624999994 55.955371093749996, -61.13388671874999 55.9302734375, -61.122998046875 55.88857421875, -61.08935546875 55.866357421875, -60.995751953124994 55.862353515624996, -60.89267578124999 55.914208984375, -60.83183593749999 55.957861328125, -60.74326171874999 55.941455078124996, -60.73662109374999 55.886962890625, -60.63095703124999 55.824999999999996, -60.59257812499999 55.81484375, -60.56210937499999 55.727001953125, -60.475830078125 55.805126953125, -60.41259765625 55.78857421875, -60.341015625 55.78466796875, -60.3654296875 55.70908203125, -60.40830078124999 55.649560546875, -60.351953124999994 55.612353515624996, -60.30830078125 55.556982421875, -60.1923828125 55.480908203125, -60.224023437499994 55.444384765624996, -60.36093749999999 55.36630859375, -60.43310546875 55.2427734375, -60.450097656249994 55.199951171875, -60.5205078125 55.12900390625, -60.617138671875 55.060205078125, -60.556542968749994 55.06748046875, -60.340771484375 55.1939453125, -60.212548828124994 55.23642578125, -59.930322265624994 55.259423828125, -59.86210937499999 55.294873046875, -59.7587890625 55.3095703125, -59.6955078125 55.269140625, -59.68906249999999 55.196337890624996, -59.60546875 55.17333984375, -59.51767578124999 55.19736328125, -59.437890624999994 55.175927734375, -59.48583984375 55.130175781249996, -59.74169921875 54.942578125, -59.81640625 54.867236328124996, -59.837792968749994 54.81396484375, -59.749902343749994 54.887011718749996, -59.42856445312499 55.055517578125, -59.394189453124994 55.080712890625, -59.324169921875 55.15283203125, -59.25957031249999 55.199951171875, -59.086328124999994 55.183251953125, -58.99711914062499 55.149462890624996, -58.955810546875 55.055078125, -58.88579101562499 54.95224609375, -58.780175781249994 54.83837890625, -58.499902343749994 54.78310546875, -58.39814453125 54.77412109375, -58.2228515625 54.8126953125, -58.195263671875 54.86591796875, -58.058496093749994 54.8822265625, -57.96245117187499 54.875732421875, -57.92929687499999 54.77314453125, -57.82685546875 54.71865234375, -57.72490234374999 54.67373046875, -57.626611328124994 54.650341796875, -57.48300781249999 54.640283203125, -57.4044921875 54.590869140624996, -57.404443359374994 54.57041015625, -57.4853515625 54.51748046875, -57.563232421875 54.4404296875, -57.69926757812499 54.386572265625, -57.889111328125 54.384082031249996, -58.1513671875 54.350439453125, -58.16191406249999 54.319970703125, -58.2197265625 54.286474609375, -58.435205078124994 54.228125, -58.55839843749999 54.102978515625, -58.633203124999994 54.049560546875, -58.71943359375 54.039404296875, -58.8408203125 54.044482421874996, -58.92021484374999 54.03310546875, -58.978466796875 54.01025390625, -59.012646484375 53.97626953125, -59.038818359375 53.963623046875, -59.201416015625 53.9291015625, -59.496533203125 53.8341796875, -59.65268554687499 53.83125, -59.749462890625 53.84228515625, -59.82304687499999 53.834423828125, -59.87333984374999 53.807763671875, -60.01416015625 53.761572265625, -60.056542968749994 53.733349609375, -60.08134765624999 53.701025390625, -60.100488281249994 53.634228515625, -60.11728515624999 53.610107421875, -60.144921874999994 53.596142578125, -60.263330078124994 53.61005859375, -60.395410156249994 53.6533203125, -60.369531249999994 53.607470703124996, -60.16025390624999 53.52998046875, -60.10029296875 53.486962890625, -60.157128906249994 53.4498046875, -60.290283203125 53.391455078125, -60.30576171874999 53.360107421875, -60.251171875 53.343554687499996, -60.272705078125 53.31708984375, -60.345703125 53.289013671875, -60.329492187499994 53.26611328125, -60.148339843749994 53.30654296875, -59.98710937499999 53.392822265625, -59.881738281249994 53.480078125, -59.829052734375 53.504541015625, -59.62109375 53.53681640625, -59.49814453124999 53.574755859374996, -59.322265625 53.64375, -59.12939453125 53.743945312499996, -58.919580078124994 53.875292968749996, -58.65205078125 53.977880859375, -58.32670898437499 54.051806640624996, -58.0880859375 54.089501953125, -57.935986328125 54.091162109375, -57.92827148437499 54.103564453124996, -58.064843749999994 54.126757812499996, -58.17744140625 54.131298828125, -58.31748046874999 54.114453125, -58.360791015625 54.1544921875, -58.35615234375 54.171923828124996, -58.309960937499994 54.20166015625, -58.19208984375 54.228173828125, -57.61494140625 54.19111328125, -57.41606445312499 54.162744140625, -57.198876953124994 53.924365234374996, -57.14897460937499 53.847705078124996, -57.1349609375 53.791845703125, -57.15693359375 53.756884765624996, -57.24399414062499 53.715478515625, -57.489453125 53.633105468749996, -57.524072265624994 53.61142578125, -57.52734375 53.599902343749996, -57.42021484374999 53.583251953125, -57.386132812499994 53.560546875, -57.33173828125 53.469091796875, -57.22138671875 53.528515625, -57.012158203125 53.672607421875, -56.84086914062499 53.739453125, -56.69658203124999 53.757666015625, -56.464990234374994 53.7650390625, -56.4443359375 53.718310546874996, -56.35400390625 53.624462890625, -56.27021484375 53.60009765625, -56.11015624999999 53.58759765625, -55.96611328124999 53.471142578125, -55.91123046874999 53.3908203125, -55.859375 53.343896484375, -55.86337890624999 53.312255859375, -55.85478515624999 53.28583984375, -55.81689453125 53.245751953125, -55.79794921874999 53.211962890624996, -55.80820312499999 53.13466796875, -55.892333984375 53.000439453125, -55.82988281249999 52.87841796875, -55.85791015625 52.823388671875, -55.872509765625 52.735693359375, -55.81865234374999 52.6771484375, -55.80283203124999 52.6431640625, -55.84843749999999 52.623339843749996, -56.1669921875 52.574755859374996, -56.292382812499994 52.573779296874996, -56.32490234375 52.54453125, -56.228417968749994 52.535986328125, -56.05258789062499 52.537402343749996, -55.84018554687499 52.507617187499996, -55.746484374999994 52.474560546875, -55.705957031249994 52.428271484374996, -55.716210937499994 52.39150390625, -55.77714843749999 52.3642578125, -55.8966796875 52.369580078125, -56.01171875 52.394482421875, -56.004638671875 52.370410156249996, -55.833642578124994 52.310400390625, -55.78349609374999 52.279931640625, -55.691064453124994 52.2416015625, -55.672802734375 52.19013671875, -55.695214843749994 52.13779296875, -56.017480468749994 51.929296875, -56.28256835937499 51.7970703125, -56.548583984375 51.681005859375, -56.975976562499994 51.457666015624994, -57.01826171875 51.44677734375, -57.095605468749994 51.442529296874994, -57.299218749999994 51.478271484375, -57.461669921875 51.469091796875, -57.76958007812499 51.425927734374994, -57.853759765625 51.39951171875, -58.02265625 51.322070312499996, -58.08940429687499 51.310986328125, -58.270458984375 51.295214843749996, -58.442285156249994 51.305908203125, -58.51035156249999 51.295068359374994, -58.59326171875 51.257128906249996, -58.61474609375 51.237060546875, -58.637597656249994 51.171679687499996, -59.054931640625 50.8791015625, -59.16538085937499 50.7798828125, -59.37802734374999 50.675439453124994, -59.61191406249999 50.492089843749994, -59.815332031249994 50.418261718749996, -59.88632812499999 50.31640625, -60.08017578124999 50.25458984375, -60.43808593749999 50.2388671875, -60.60820312499999 50.221142578125, -60.80722656249999 50.249804687499996, -60.956298828125 50.205419921875, -61.18071289062499 50.19150390625, -61.28974609375 50.201953124999996, -61.724853515625 50.104052734374996, -61.835351562499994 50.19697265625, -61.91953124999999 50.232861328125, -62.165234375 50.238916015624994, -62.36166992187499 50.277294921875, -62.540917968749994 50.284521484375, -62.71542968749999 50.301660156249994, -62.94975585937499 50.291357421875, -63.135644531249994 50.293798828125, -63.23862304687499 50.242578124999994, -63.586669921875 50.258203124999994, -63.73359375 50.304638671875, -63.853955078125 50.314355468749994, -64.0158203125 50.303955078125, -64.17041015625 50.269433593749994, -64.508935546875 50.308935546875, -64.86787109375 50.27548828125, -65.180908203125 50.297900390624996, -65.26860351562499 50.32001953125, -65.762451171875 50.25927734375, -65.95537109374999 50.294140625, -66.12553710937499 50.201025390625, -66.2421875 50.220361328124994, -66.36884765625 50.206640625, -66.411083984375 50.224267578124994, -66.4955078125 50.211865234375, -66.550048828125 50.161181640624996, -66.621728515625 50.155419921874994, -66.740869140625 50.06552734375, -66.941162109375 49.993701171874996, -67.234375 49.6017578125, -67.2619140625 49.451171875, -67.372021484375 49.348437499999996, -67.549267578125 49.332275390625, -68.05624999999999 49.256787109375, -68.28193359375 49.197167968749994, -68.22060546875 49.149658203125, -68.29453124999999 49.11435546875, -68.41440429687499 49.099511718749994, -68.54384765625 49.05615234375, -68.627880859375 49.007177734375, -68.66904296874999 48.939501953124996, -68.92905273437499 48.828955078125, -69.23076171874999 48.573632812499994, -69.374951171875 48.38642578125, -69.55009765624999 48.250781249999996, -69.67387695312499 48.199169921875, -69.7619140625 48.191162109375, -69.851708984375 48.207373046875, -70.00102539062499 48.270947265625, -70.11064453124999 48.277978515624994, -70.38369140625 48.366503906249996, -71.01826171875 48.455615234374996, -70.922607421875 48.422314453125, -70.83876953125 48.3673828125, -70.67109375 48.35322265625, -70.500634765625 48.354345703125, -70.14531249999999 48.243554687499994, -69.97119140625 48.20576171875, -69.86552734374999 48.172265624999994, -69.77499999999999 48.098095703125, -69.83984375 47.952587890625, -69.90556640624999 47.8322265625, -69.99443359374999 47.739892578124994, -70.30009765624999 47.50302734375, -70.44804687499999 47.4234375, -70.70585937499999 47.139794921874994, -70.97270507812499 47.006689453125, -71.115625 46.924951171874994, -71.2677734375 46.795947265624996, -71.624755859375 46.698388671874994, -71.757275390625 46.673583984375, -71.87958984375 46.686816406249996, -72.028466796875 46.607421875, -72.20463867187499 46.558886718749996, -72.25664062499999 46.48505859375, -72.680126953125 46.2873046875, -72.84267578125 46.26240234375, -72.98100585937499 46.209716796875, -73.021923828125 46.120263671874994, -73.14541015625 46.066308593749994, -73.28354492187499 45.899853515625, -73.47661132812499 45.738232421875, -73.711865234375 45.711181640625, -73.7978515625 45.654931640624994, -73.897412109375 45.56416015625, -74.037841796875 45.501855468749994, -74.315087890625 45.531054687499996, -74.24765624999999 45.49287109375, -73.99960937499999 45.433349609375, -73.973828125 45.345117187499994, -74.098095703125 45.324023437499996, -74.35830078125 45.206396484375, -74.70888671875 45.003857421875, -74.56630859375 45.0416015625, -74.26904296875 45.188281249999996, -74.0498046875 45.24140625, -73.7646484375 45.395458984375, -73.55810546875 45.425097656249996, -73.518798828125 45.458984375, -73.465283203125 45.63232421875, -73.36884765625 45.7578125, -73.25302734374999 45.863671874999994, -73.1595703125 46.010058593749996, -72.98994140625 46.10361328125, -72.73344726562499 46.1818359375, -72.49619140624999 46.352685546874994, -72.366162109375 46.40478515625, -72.24013671875 46.44208984375, -72.18720703125 46.511523437499996, -72.10927734375 46.551220703125, -71.90092773437499 46.63193359375, -71.6712890625 46.653759765625, -71.439208984375 46.720751953124996, -71.261181640625 46.756249999999994, -71.152001953125 46.819091796875, -70.99326171874999 46.852197265624994, -70.519482421875 47.032519531249996, -70.3880859375 47.116943359375, -70.2177734375 47.289843749999996, -70.069580078125 47.377783203125, -70.01713867187499 47.471435546875, -69.80224609375 47.623437499999994, -69.5810546875 47.823681640625, -69.47104492187499 47.96728515625, -69.30634765625 48.047021484374994, -68.987060546875 48.275, -68.815673828125 48.366015624999996, -68.746044921875 48.376416015625, -68.552001953125 48.457324218749996, -68.43149414062499 48.54169921875, -68.23818359375 48.626416015625, -67.88901367187499 48.730908203125, -67.56088867187499 48.85595703125, -67.11748046874999 48.964160156249996, -66.598095703125 49.126367187499994, -66.178173828125 49.213134765625, -65.8828125 49.22568359375, -65.523388671875 49.266162109374996, -65.396142578125 49.262060546875, -64.836328125 49.191748046875, -64.56772460937499 49.104785156249996, -64.26181640624999 48.921875, -64.2162109375 48.8736328125, -64.20878906249999 48.806201171874996, -64.370751953125 48.83896484375, -64.51372070312499 48.841113281249996, -64.41455078125 48.803613281249994, -64.24609375 48.69111328125, -64.25375976562499 48.550390625, -64.348828125 48.423193359375, -64.63315429687499 48.360498046874994, -64.70576171875 48.310595703124996, -64.76450195312499 48.228076171874996, -64.82207031249999 48.196484375, -64.959912109375 48.15986328125, -65.036083984375 48.106249999999996, -65.259423828125 48.021240234375, -65.360009765625 48.011132812499994, -65.47587890624999 48.031494140625, -65.75468749999999 48.111669921875, -65.926708984375 48.188867187499994, -66.08310546874999 48.102685546874994, -66.24863281249999 48.117333984374994, -66.32426757812499 48.097900390625, -66.448974609375 48.11962890625, -66.70439453124999 48.0224609375, -66.63154296875 48.011083984375, -66.42880859374999 48.066943359374996, -66.359619140625 48.06064453125, -66.210205078125 47.988574218749996, -65.84941406249999 47.911035156249994, -65.75571289062499 47.859765624999994, -65.666455078125 47.696142578125, -65.60722656249999 47.67001953125, -65.48349609374999 47.68701171875, -65.3439453125 47.767919921875, -65.228173828125 47.811279296875, -65.00166015625 47.846826171874994, -65.04638671875 47.793017578124996, -64.873974609375 47.797216796875, -64.70322265624999 47.724853515625, -64.76630859375 47.673486328124994, -64.85214843749999 47.569873046874996, -64.91220703124999 47.36865234375, -65.0861328125 47.233789062499994, -65.31889648437499 47.101220703124994, -65.260205078125 47.069238281249994, -65.19208984375 47.049560546875, -65.0423828125 47.088818359375, -64.94243164062499 47.086181640625, -64.83139648437499 47.060791015625, -64.865869140625 46.957812499999996, -64.90576171875 46.887939453125, -64.88251953125 46.8228515625, -64.81669921874999 46.698681640625, -64.72587890624999 46.671435546874996, -64.68950195312499 46.5123046875, -64.641357421875 46.425585937499996, -64.6478515625 46.35595703125, -64.5568359375 46.311425781249994, -64.54150390625 46.24033203125, -64.21181640625 46.22021484375, -64.14501953125 46.19287109375, -63.915917968749994 46.165820312499996, -63.87265624999999 46.14619140625, -63.831933593749994 46.107177734375, -64.056396484375 46.021337890625, -63.87470703125 45.959228515625, -63.702880859375 45.8580078125, -63.56767578124999 45.8779296875, -63.509228515625 45.87470703125, -63.35800781249999 45.811279296875, -63.31591796875 45.7798828125, -63.29277343749999 45.751953125, -63.21689453124999 45.757958984374994, -63.10791015625 45.782421875, -62.910791015624994 45.7763671875, -62.70068359375 45.740576171875, -62.71835937499999 45.685986328125, -62.75009765624999 45.648242187499996, -62.58564453125 45.660693359374996, -62.483056640624994 45.621826171875, -62.447265625 45.640527343749994, -62.421875 45.6646484375, -62.217724609375 45.730859374999994, -61.955517578125 45.8681640625, -61.923583984375 45.851171875, -61.91162109375 45.799121093749996, -61.87724609374999 45.714208984375, -61.776513671874994 45.655615234375, -61.656884765624994 45.6421875, -61.49228515624999 45.68701171875, -61.427636718749994 45.648291015625, -61.350488281249994 45.573681640625, -61.27705078125 45.476025390625, -61.281982421875 45.441064453124994, -61.376123046874994 45.410595703125, -61.46098632812499 45.36669921875, -61.10673828124999 45.3486328125, -61.07080078125 45.33017578125, -61.03154296874999 45.291748046875, -61.06767578124999 45.252832031249994, -61.10107421875 45.233447265624996, -61.16533203124999 45.256103515625, -61.28378906249999 45.235498046874994, -61.38725585937499 45.18505859375, -61.49790039062499 45.157031249999996, -61.568749999999994 45.15380859375, -61.647412109375 45.130517578124994, -61.71923828125 45.094482421875, -61.793896484375 45.084423828125, -62.026806640625 44.994482421875, -62.26499023437499 44.936474609375, -62.51401367187499 44.843652343749994, -63.03183593749999 44.714794921875, -63.155712890625 44.711328124999994, -63.306298828124994 44.642578125, -63.380810546875 44.651904296874996, -63.45683593749999 44.639941406249996, -63.544335937499994 44.655078124999996, -63.60400390625 44.683203125, -63.558251953124994 44.610595703125, -63.544824218749994 44.543749999999996, -63.609765624999994 44.47998046875, -63.761132812499994 44.48642578125, -63.82065429687499 44.510644531249994, -63.89130859375 44.546337890625, -63.92368164062499 44.603857421875, -63.99970703125 44.644921874999994, -64.044921875 44.587890625, -64.04462890625 44.54541015625, -64.10087890624999 44.487451171874994, -64.1669921875 44.586669921875, -64.286083984375 44.550341796874996, -64.338525390625 44.444873046874996, -64.312255859375 44.41474609375, -64.27568359374999 44.33408203125, -64.33457031249999 44.2919921875, -64.37822265624999 44.303564453125, -64.46879882812499 44.18515625, -64.57846679687499 44.142041015625, -64.6916015625 44.021337890625, -64.825634765625 43.929345703124994, -64.86235351562499 43.86787109375, -65.08681640625 43.727197265624994, -65.23491210937499 43.7267578125, -65.32958984375 43.668115234374994, -65.34428710937499 43.549609374999996, -65.38608398437499 43.565283203125, -65.42851562499999 43.561425781249994, -65.450439453125 43.524218749999996, -65.481689453125 43.51806640625, -65.564453125 43.553271484374996, -65.66191406249999 43.534033203125, -65.73813476562499 43.5607421875, -65.83530273437499 43.734375, -65.8869140625 43.795214843749996, -65.97841796875 43.814843749999994, -66.03764648437499 43.7421875, -66.125732421875 43.813818359375, -66.192529296875 44.0796875, -66.19306640625 44.143847656249996, -66.099560546875 44.367480468749996, -65.86801757812499 44.568798828125, -65.94194335937499 44.575537109375, -66.14638671875 44.435937499999994, -66.09062499999999 44.504931640624996, -66.0216796875 44.56171875, -65.91704101562499 44.615087890625, -65.77768554687499 44.64619140625, -65.6818359375 44.650927734374996, -65.61577148437499 44.680419921875, -65.52001953125 44.732666015625, -65.50224609374999 44.760400390624994, -65.587158203125 44.728515625, -65.72822265625 44.697119140625, -65.692041015625 44.73828125, -65.65673828125 44.760302734374996, -64.90292968749999 45.12080078125, -64.75126953124999 45.180224609374996, -64.44882812499999 45.2560546875, -64.406884765625 45.305712890624996, -64.44814453125 45.337451171874996, -64.33076171875 45.309326171875, -64.34042968749999 45.268212890624994, -64.358837890625 45.238232421875, -64.36572265625 45.187255859375, -64.354248046875 45.138232421874996, -64.235009765625 45.114306640624996, -64.135498046875 45.023046875, -64.18271484374999 45.147021484374996, -64.0931640625 45.217089843749996, -63.74833984374999 45.310888671875, -63.46025390624999 45.321093749999996, -63.36801757812499 45.364794921874996, -63.614453125 45.394140625, -63.9064453125 45.378173828125, -64.087158203125 45.410888671875, -64.33642578125 45.389550781249994, -64.60019531249999 45.410058593749994, -64.681103515625 45.382958984374994, -64.74667968749999 45.324365234374994, -64.83193359375 45.350244140624994, -64.87314453124999 45.35458984375, -64.91289062499999 45.374804687499996, -64.827392578125 45.475537109375, -64.56005859375 45.62548828125, -64.39707031249999 45.755859375, -64.35112304687499 45.783203125, -64.3146484375 45.835693359375, -64.404052734375 45.826904296875, -64.48222656249999 45.80634765625, -64.536328125 45.866601562499994, -64.63271484375 45.946630859375, -64.642041015625 45.913330078125, -64.59365234375 45.813671875, -64.778515625 45.638427734375, -64.897900390625 45.6259765625, -65.057275390625 45.544238281249996, -65.28232421874999 45.473095703125, -65.54501953124999 45.337304687499994, -65.88447265625 45.222900390625, -65.95561523437499 45.222460937499996, -66.109765625 45.3166015625, -66.066650390625 45.35947265625, -66.0265625 45.417578125, -66.064892578125 45.400830078125, -66.08974609375 45.375634765624994, -66.18271484374999 45.335205078125, -66.10732421875 45.25693359375, -66.14375 45.227587890624996, -66.25156249999999 45.189013671874996, -66.351953125 45.133203124999994, -66.43984375 45.0958984375, -66.5109375 45.143359374999996, -66.707177734375 45.083398437499994, -66.8724609375 45.067285156249994, -66.908203125 45.09765625, -66.918701171875 45.14560546875, -66.9765625 45.157177734375, -67.08408203124999 45.143945312499994, -67.12485351562499 45.16943359375, -67.13037109375 45.139013671875, -67.10224609375 45.087744140625, -67.08046875 44.989160156249994, -67.113916015625 44.944384765624996, -67.10673828124999 44.885058593749996, -67.01401367187499 44.8677734375, -66.991455078125 44.849609375, -66.98701171875 44.827685546874996, -67.19125976562499 44.675585937499996, -67.36406249999999 44.696875, -67.45781249999999 44.656542968749996, -67.55600585937499 44.644775390625, -67.599072265625 44.576806640624994, -67.652978515625 44.562402343749994, -67.726806640625 44.56650390625, -67.790478515625 44.585693359375, -67.8390625 44.57626953125, -67.90703124999999 44.45361328125, -67.96269531249999 44.464306640625, -67.98486328125 44.420166015625, -68.056640625 44.384326171874996, -68.093701171875 44.438818359375, -68.11728515624999 44.490624999999994, -68.15205078125 44.502001953124996, -68.1982421875 44.515234375, -68.27744140624999 44.507373046874996, -68.31674804687499 44.473876953125, -68.37373046875 44.445117187499996, -68.41684570312499 44.469091796875, -68.4505859375 44.507617187499996, -68.521435546875 44.380224609375, -68.51445312499999 44.30390625, -68.53251953124999 44.258642578125, -68.57236328124999 44.270849609375, -68.61201171875 44.310546875, -68.723291015625 44.34228515625, -68.8119140625 44.33935546875, -68.793896484375 44.381738281249994, -68.710107421875 44.442578125, -68.73588867187499 44.454492187499994, -68.777001953125 44.446044921875, -68.794921875 44.454492187499994, -68.76552734375 44.509765625, -68.7626953125 44.570751953125, -68.8001953125 44.5494140625, -68.84736328125 44.48505859375, -68.96147460937499 44.433837890625, -68.95615234374999 44.348095703125, -69.06357421874999 44.17236328125, -69.068359375 44.097558593749994, -69.13725585937499 44.037841796875, -69.22607421875 43.986474609374994, -69.34453124999999 44.000927734375, -69.4349609375 43.956298828125, -69.480859375 43.905078124999996, -69.520751953125 43.897363281249994, -69.54155273437499 43.96259765625, -69.55668945312499 43.982763671875, -69.589990234375 43.886572265625, -69.62392578125 43.880615234375, -69.65288085937499 43.993896484375, -69.69912109375 43.955029296875, -69.72983398437499 43.852001953125, -69.76201171874999 43.860693359375, -69.77226562499999 43.8990234375, -69.7953125 43.91064453125, -69.80322265625 43.866845703124994, -69.79160156249999 43.805224609374996, -69.808349609375 43.772314453125, -69.872509765625 43.81953125, -69.92558593749999 43.797021484374994, -69.97431640625 43.787890624999996, -69.965234375 43.855078125, -70.06235351562499 43.834619140624994, -70.17880859374999 43.766357421875, -70.26923828125 43.671923828124996, -70.202587890625 43.626123046874994, -70.35966796874999 43.480224609375, -70.520703125 43.348828125, -70.642333984375 43.134423828124994, -70.691162109375 43.109326171875, -70.73310546875 43.07001953125, -70.77763671874999 42.940576171874994, -70.829052734375 42.825341796874994, -70.78134765624999 42.721240234374996, -70.73569335937499 42.669287109375, -70.69687499999999 42.664599609374996, -70.65483398437499 42.673974609374994, -70.623974609375 42.671777343749994, -70.604150390625 42.649707031249996, -70.612939453125 42.6232421875, -70.66142578124999 42.616650390625, -70.75185546875 42.570361328124996, -70.83115234374999 42.552587890625, -70.93046874999999 42.431982421875, -71.04619140624999 42.331103515624996, -70.996728515625 42.3, -70.81796874999999 42.264941406249996, -70.73828125 42.228857421875, -70.61767578125 42.040429687499994, -70.64521484375 42.02158203125, -70.65615234375 41.987060546875, -70.54892578124999 41.938623046874994, -70.51469726562499 41.8033203125, -70.42666015625 41.757275390625, -70.29545898437499 41.728955078125, -70.135009765625 41.769873046875, -70.001416015625 41.826171875, -70.006103515625 41.872314453125, -70.0900390625 41.9796875, -70.11025390625 42.030126953125, -70.17255859375 42.062792968749996, -70.196240234375 42.035107421875, -70.2365234375 42.071044921875, -70.24106445312499 42.091210937499994, -70.203515625 42.101025390625, -70.15986328125 42.097119140625, -70.10893554687499 42.0783203125, -69.97788085937499 41.961279296875, -69.9416015625 41.807861328125, -69.933837890625 41.71044921875, -69.9486328125 41.677148437499994, -69.986767578125 41.683984374999994, -70.059521484375 41.67734375, -70.4046875 41.626904296875, -70.48134765625 41.582470703125, -70.65712890625 41.534228515624996, -70.66806640624999 41.55830078125, -70.65537109374999 41.60810546875, -70.666455078125 41.710107421874994, -70.701123046875 41.71484375, -70.97421874999999 41.54853515625, -71.07978515625 41.5380859375, -71.16855468749999 41.489404296874994, -71.188427734375 41.516406249999996, -71.204296875 41.64111328125, -71.14873046874999 41.745703125, -71.17832031249999 41.744042968749994, -71.27109374999999 41.68125, -71.3107421875 41.719873046874994, -71.33061523437499 41.762255859374996, -71.35917968749999 41.78623046875, -71.39013671875 41.795312499999994, -71.363671875 41.702734375, -71.42656249999999 41.63330078125, -71.443798828125 41.4537109375, -71.5228515625 41.378955078124996, -71.769287109375 41.330908203125, -71.929931640625 41.341064453125, -72.073876953125 41.326123046875, -72.265283203125 41.291650390624994, -72.371044921875 41.312158203124994, -72.47939453125 41.275781249999994, -72.84716796875 41.265869140625, -72.92470703125 41.28515625, -73.02373046874999 41.216455078124994, -73.182275390625 41.175830078124996, -73.5830078125 41.021874999999994, -73.67138671875 40.965869140624996, -73.77900390625 40.87841796875, -73.85126953125 40.831396484375, -73.91069335937499 40.81611328125, -73.947216796875 40.776953125, -73.98710937499999 40.751367187499994, -73.90673828125 40.912451171875, -73.87197265625 41.05517578125, -73.8822265625 41.17060546875, -73.92534179687499 41.218066406249996, -73.969921875 41.24970703125, -73.91767578125 41.135791015624996, -73.90922851562499 40.99609375, -73.927197265625 40.9142578125, -74.02548828124999 40.756396484374996, -74.067333984375 40.719628906249994, -74.187158203125 40.647998046874996, -74.226708984375 40.6080078125, -74.26420898437499 40.528613281249996, -74.24150390624999 40.45625, -74.04985351562499 40.429833984374994, -73.9984375 40.4521484375, -73.97226562499999 40.400341796875, -73.95761718749999 40.328369140625, -73.97197265624999 40.250537109374996, -74.00400390624999 40.171337890625, -74.0283203125 40.072998046875, -74.04892578124999 39.923046875, -74.07993164062499 39.788134765624996, -74.083984375 39.8291015625, -74.064599609375 39.993115234375, -74.09599609374999 39.975976562499994, -74.117626953125 39.938134765624994, -74.17612304687499 39.726611328124996, -74.25654296875 39.6138671875, -74.33061523437499 39.535888671875, -74.40703124999999 39.548779296875, -74.38984375 39.48681640625, -74.41083984375 39.454541015625, -74.42880859374999 39.38720703125, -74.474365234375 39.342578124999996, -74.51718749999999 39.346875, -74.57871093749999 39.31611328125, -74.602978515625 39.292578125, -74.60478515624999 39.247509765625, -74.645947265625 39.207861328125, -74.79448242187499 39.001904296875, -74.92343749999999 38.94111328125, -74.954296875 38.949951171875, -74.9203125 39.047167968749996, -74.89702148437499 39.145458984375, -74.97529296875 39.188232421875, -75.0501953125 39.210839843749994, -75.1361328125 39.207861328125, -75.23105468749999 39.28427734375, -75.35341796875 39.33984375, -75.52421874999999 39.490185546875, -75.52353515624999 39.601855468749996, -75.471630859375 39.71240234375, -75.421875 39.789697265624994, -75.353173828125 39.829736328124994, -75.15380859375 39.870507812499994, -75.10380859374999 39.9318359375, -75.074169921875 39.98349609375, -75.17294921874999 39.894775390625, -75.32089843749999 39.864697265625, -75.400634765625 39.831591796874996, -75.46440429687499 39.78095703125, -75.5021484375 39.7173828125, -75.58759765625 39.640771484374994, -75.58159179687499 39.589453125, -75.56728515625 39.552978515625, -75.573876953125 39.476953124999994, -75.51982421874999 39.40283203125, -75.41264648437499 39.281396484374994, -75.39218749999999 39.0927734375, -75.31040039062499 38.966552734375, -75.18505859375 38.819384765624996, -75.08867187499999 38.7775390625, -75.083984375 38.722802734374994, -75.12846679687499 38.632421875, -75.18710937499999 38.591113281249996, -75.11083984375 38.599365234375, -75.07285156249999 38.5787109375, -75.035888671875 38.503320312499994, -75.03876953125 38.4263671875, -75.05126953125 38.3830078125, -75.074365234375 38.36572265625, -75.073388671875 38.410009765625, -75.08974609375 38.425390625, -75.11674804687499 38.406201171875, -75.134228515625 38.384326171874996, -75.14150390625 38.298144531249996, -75.16000976562499 38.255078125, -75.22543945312499 38.24228515625, -75.29179687499999 38.129199218749996, -75.353515625 38.0650390625, -75.59638671875 37.631201171875, -75.587109375 37.55869140625, -75.63154296875 37.5353515625, -75.69882812499999 37.516357421875, -75.76689453124999 37.472998046875, -75.81206054687499 37.425195312499994, -75.85400390625 37.296630859375, -75.93437499999999 37.151904296874996, -75.984521484375 37.212207031249996, -75.99736328124999 37.263818359374994, -75.975048828125 37.3984375, -75.888134765625 37.619140625, -75.7923828125 37.75634765625, -75.71933593749999 37.82138671875, -75.65927734374999 37.953955078125, -75.73515624999999 37.97373046875, -75.850830078125 37.971582031249994, -75.829052734375 38.032763671874996, -75.7953125 38.086669921875, -75.855615234375 38.140380859375, -75.89130859375 38.147216796875, -75.92807617187499 38.169238281249996, -75.8849609375 38.21396484375, -75.863916015625 38.26123046875, -75.87675781249999 38.318749999999994, -75.85869140624999 38.362060546875, -75.888818359375 38.355517578124996, -75.96738281249999 38.291357421875, -75.9857421875 38.331933593749994, -76.00668945312499 38.32275390625, -76.02031249999999 38.294873046875, -76.051220703125 38.279541015625, -76.211669921875 38.361328125, -76.2646484375 38.436425781249994, -76.294873046875 38.49462890625, -76.26416015625 38.599951171875, -76.198388671875 38.61865234375, -76.112939453125 38.6015625, -76.000927734375 38.601708984374994, -76.01694335937499 38.62509765625, -76.05693359374999 38.621240234374994, -76.175 38.706689453124994, -76.21298828124999 38.75830078125, -76.2783203125 38.7724609375, -76.30810546875 38.7228515625, -76.34116210937499 38.70966796875, -76.30034179687499 38.818212890625, -76.24697265625 38.822656249999994, -76.1681640625 38.852734375, -76.191064453125 38.915576171874996, -76.24082031249999 38.94306640625, -76.33066406249999 38.908593749999994, -76.32958984375 38.952783203124994, -76.312744140625 39.009375, -76.24501953125 39.009179687499994, -76.185693359375 38.99072265625, -76.135205078125 39.08212890625, -76.132958984375 39.122949218749994, -76.21684570312499 39.063623046874994, -76.23569335937499 39.1916015625, -76.15312499999999 39.3150390625, -76.074365234375 39.36884765625, -75.9759765625 39.36728515625, -75.8759765625 39.3759765625, -75.938720703125 39.398583984374994, -76.003125 39.41083984375, -75.954736328125 39.459619140624994, -75.9134765625 39.468359375, -75.87294921875 39.510888671874994, -75.97041015625 39.50458984375, -75.958935546875 39.58505859375, -76.006298828125 39.568701171875, -76.06298828125 39.5611328125, -76.08505859374999 39.527001953124994, -76.080712890625 39.4703125, -76.09726562499999 39.43310546875, -76.141357421875 39.403222656249994, -76.2158203125 39.379931640624996, -76.223046875 39.420312499999994, -76.24765624999999 39.438623046874994, -76.2568359375 39.3521484375, -76.2763671875 39.32275390625, -76.330810546875 39.40390625, -76.34716796875 39.387548828125, -76.34506835937499 39.364501953125, -76.35898437499999 39.324658203125, -76.4056640625 39.30390625, -76.402783203125 39.252832031249994, -76.4208984375 39.224999999999994, -76.57041015624999 39.269335937499996, -76.57392578125 39.254296874999994, -76.48935546874999 39.15869140625, -76.42758789062499 39.126025390624996, -76.420068359375 39.073876953124994, -76.473095703125 39.030615234375, -76.54624023437499 39.06796875, -76.558544921875 39.065234374999996, -76.49374999999999 38.945214843749994, -76.51953125 38.898339843749994, -76.52109374999999 38.78828125, -76.536865234375 38.742626953125, -76.50131835937499 38.532177734375, -76.41640625 38.420214843749996, -76.39409179687499 38.368994140625, -76.43876953124999 38.3615234375, -76.572412109375 38.435791015625, -76.646875 38.538525390625, -76.67734374999999 38.611962890624994, -76.66855468749999 38.537499999999994, -76.6419921875 38.454345703125, -76.40878906249999 38.26826171875, -76.33291015625 38.140771484374994, -76.34116210937499 38.08701171875, -76.40195312499999 38.125048828124996, -76.45439453124999 38.17353515625, -76.59360351562499 38.228320312499996, -76.76914062499999 38.262939453125, -76.868115234375 38.390283203124994, -76.86777343749999 38.337158203125, -76.88974609374999 38.29208984375, -76.95024414062499 38.347021484375, -76.98837890624999 38.393896484375, -77.001171875 38.445263671875, -77.07670898437499 38.441748046875, -77.155908203125 38.397119140624994, -77.23251953124999 38.40771484375, -77.2416015625 38.49482421875, -77.2208984375 38.540966796875, -77.134912109375 38.65009765625, -77.05390625 38.705810546875, -77.01816406249999 38.777734374999994, -77.03037109374999 38.8892578125, -77.04560546875 38.775781249999994, -77.09189453124999 38.719531249999996, -77.16464843749999 38.676562499999996, -77.260400390625 38.599999999999994, -77.313671875 38.396630859374994, -77.27324218749999 38.3517578125, -77.23193359375 38.3400390625, -77.10991210937499 38.3701171875, -77.04677734375 38.356689453125, -76.90634765624999 38.197070312499996, -76.64487304687499 38.133935546874994, -76.54951171875 38.094482421875, -76.47177734374999 38.011181640625, -76.354931640625 37.963232421875, -76.26425781249999 37.8935546875, -76.26181640624999 37.848095703125, -76.293212890625 37.794335937499994, -76.305615234375 37.721582031249994, -76.344140625 37.675683593749994, -76.43662109374999 37.67041015625, -76.49248046874999 37.6822265625, -76.82861328125 37.9615234375, -76.93999023437499 38.095458984375, -77.07065429687499 38.1671875, -77.111083984375 38.165673828124994, -76.92509765624999 38.033007812499996, -76.84916992187499 37.940234374999996, -76.71542968749999 37.81015625, -76.61982421875 37.755078125, -76.549462890625 37.669140625, -76.48408203125 37.628857421875, -76.30556640625 37.571484375, -76.367626953125 37.5302734375, -76.2685546875 37.495166015624996, -76.25439453125 37.430615234375, -76.26347656249999 37.35703125, -76.40097656249999 37.386132812499994, -76.40546875 37.331933593749994, -76.39316406249999 37.299951171874994, -76.45390624999999 37.27353515625, -76.53837890624999 37.309374999999996, -76.75771484375 37.505419921874996, -76.755859375 37.47919921875, -76.73808593749999 37.448779296874996, -76.61088867187499 37.322558593749996, -76.49736328124999 37.246874999999996, -76.401123046875 37.212695312499996, -76.32695312499999 37.149267578125, -76.30078125 37.110888671874996, -76.28330078124999 37.052685546875, -76.33828125 37.013134765625, -76.40087890625 36.99130859375, -76.46201171874999 37.03076171875, -76.602294921875 37.142871093749996, -76.63090820312499 37.221728515624996, -76.703515625 37.217675781249994, -77.006982421875 37.317675781249996, -77.25087890625 37.32919921875, -77.19619140625 37.295703124999996, -77.001953125 37.271044921874996, -76.9251953125 37.224999999999994, -76.76542968749999 37.184130859374996, -76.671875 37.17294921875, -76.633935546875 37.047412109374996, -76.504638671875 36.96103515625, -76.48784179687499 36.897021484374996, -76.399560546875 36.88984375, -76.24423828124999 36.95263671875, -76.143994140625 36.930615234375, -75.9994140625 36.912646484374996, -75.96635742187499 36.861962890624994, -75.941552734375 36.765527343749994, -75.89042968749999 36.657031249999996, -75.75786132812499 36.229248046875, -75.55869140624999 35.879345703125, -75.5341796875 35.819091796875, -75.58046875 35.871972656249994, -75.72822265625 36.1037109375, -75.809765625 36.271044921874996, -75.91787109375 36.632666015625, -75.946484375 36.659082031249994, -75.96533203125 36.637597656249994, -75.97343749999999 36.599951171875, -75.95976562499999 36.571044921875, -75.99277343749999 36.473779296874994, -75.978466796875 36.429150390625, -75.92485351562499 36.3830078125, -75.8666015625 36.267871093749996, -75.820068359375 36.112841796874996, -75.8830078125 36.175683593749994, -75.9501953125 36.208984375, -76.05473632812499 36.234521484374994, -76.1478515625 36.279296875, -76.141064453125 36.215087890625, -76.14999999999999 36.145751953125, -76.27060546874999 36.189892578125, -76.22739257812499 36.116015624999996, -76.32119140625 36.13818359375, -76.38369140625 36.133544921875, -76.42431640625 36.06796875, -76.47880859374999 36.028173828125, -76.55937499999999 36.01533203125, -76.67890625 36.07529296875, -76.71762695312499 36.148095703124994, -76.733642578125 36.229150390624994, -76.74003906249999 36.13330078125, -76.71875 36.033496093749996, -76.726220703125 35.9576171875, -76.61113281249999 35.943652343749996, -76.50351562499999 35.9560546875, -76.35830078125 35.952880859375, -76.26357421875 35.967089843749996, -76.20654296875 35.9912109375, -76.069775390625 35.9703125, -76.06005859375 35.878662109375, -76.08359374999999 35.69052734375, -76.04570312499999 35.691162109375, -76.001171875 35.72216796875, -75.97890625 35.895947265625, -75.85390625 35.96015625, -75.81201171875 35.95576171875, -75.772216796875 35.89990234375, -75.75883789062499 35.84326171875, -75.74472656249999 35.765478515625, -75.77392578125 35.64697265625, -75.965966796875 35.5083984375, -76.103515625 35.380273437499994, -76.173828125 35.354150390624994, -76.27524414062499 35.369042968749994, -76.39023437499999 35.401269531249994, -76.44663085937499 35.407763671874996, -76.489501953125 35.397021484374996, -76.515625 35.436474609375, -76.532470703125 35.508447265624994, -76.57719726562499 35.53232421875, -76.61103515625 35.529687499999994, -76.63413085937499 35.45322265625, -76.74140625 35.431494140625, -76.88725585937499 35.4630859375, -77.039990234375 35.527392578124996, -76.97446289062499 35.458398437499994, -76.595458984375 35.3296875, -76.55278320312499 35.305615234375, -76.512939453125 35.270410156249994, -76.56596679687499 35.215185546875, -76.60751953124999 35.152978515624994, -76.61337890624999 35.104150390624994, -76.62802734374999 35.07333984375, -76.77915039062499 34.99033203125, -76.86103515625 35.00498046875, -77.070263671875 35.154638671875, -76.97495117187499 35.025195312499996, -76.8986328125 34.970263671874996, -76.74497070312499 34.940966796874996, -76.45673828125 34.98935546875, -76.36220703125 34.9365234375, -76.43979492187499 34.842919921874994, -76.51689453124999 34.777246093749994, -76.61801757812499 34.769921874999994, -76.70708007812499 34.7521484375, -76.73320312499999 34.706982421875, -77.04951171875 34.69736328125, -77.13388671874999 34.707910156249994, -77.25175781249999 34.615624999999994, -77.29624023437499 34.602929687499994, -77.3583984375 34.620263671874994, -77.38447265625 34.694384765624996, -77.412255859375 34.730810546875, -77.41293945312499 34.592138671875, -77.40205078125 34.55478515625, -77.37978515625 34.526611328125, -77.51767578124999 34.4513671875, -77.69697265625 34.331982421875, -77.750732421875 34.284960937499996, -77.86083984375 34.149169921875, -77.92783203124999 33.939746093749996, -77.932861328125 33.989453125, -77.926025390625 34.073144531249994, -77.953271484375 34.168994140624996, -77.97055664062499 33.993408203125, -78.013330078125 33.91181640625, -78.40585937499999 33.917578125, -78.57768554687499 33.8732421875, -78.841455078125 33.724072265625, -78.9203125 33.65869140625, -79.13818359375 33.405908203124994, -79.193798828125 33.244140625, -79.23837890624999 33.312158203124994, -79.22646484375 33.4048828125, -79.28134765624999 33.3154296875, -79.229248046875 33.18515625, -79.276025390625 33.135400390624994, -79.419921875 33.042529296874996, -79.587109375 33.000878906249994, -79.61494140625 32.90927734375, -79.735009765625 32.8248046875, -79.80498046874999 32.787402343749996, -79.93310546875 32.81005859375, -79.89365234374999 32.7287109375, -79.94072265624999 32.667138671874994, -80.02177734374999 32.619921874999996, -80.12255859375 32.589111328125, -80.180322265625 32.59287109375, -80.2296875 32.576513671875, -80.26835937499999 32.537353515625, -80.36284179687499 32.500732421875, -80.46098632812499 32.521337890625, -80.572216796875 32.53369140625, -80.6341796875 32.51171875, -80.530029296875 32.475390624999996, -80.474267578125 32.422753906249994, -80.4857421875 32.351806640625, -80.513623046875 32.3244140625, -80.579345703125 32.2873046875, -80.60820312499999 32.292822265625, -80.647216796875 32.395947265625, -80.67778320312499 32.381103515625, -80.683056640625 32.3486328125, -80.70932617187499 32.337060546874994, -80.80253906249999 32.448046874999996, -80.79790039062499 32.36337890625, -80.76533203125 32.29833984375, -80.733837890625 32.26533203125, -80.70205078125 32.245898437499996, -80.69423828125 32.215722656249994, -80.7580078125 32.1421875, -80.79082031249999 32.125830078125, -80.84921874999999 32.113916015624994, -80.882080078125 32.068603515625, -80.87236328124999 32.029589843749996, -80.92343749999999 31.944921875, -81.045556640625 31.892041015624997, -81.08286132812499 31.894091796874996, -81.11328125 31.878613281249997, -81.09550781249999 31.84091796875, -81.06503906249999 31.8134765625, -81.06611328125 31.787988281249994, -81.098388671875 31.753369140624997, -81.162109375 31.743701171874996, -81.197900390625 31.70419921875, -81.18657226562499 31.666943359374997, -81.16552734375 31.646142578124994, -81.169921875 31.610302734374997, -81.2423828125 31.57431640625, -81.25937499999999 31.538916015625, -81.223388671875 31.528466796874994, -81.195703125 31.538916015625, -81.175439453125 31.531298828124996, -81.218896484375 31.472119140624997, -81.25791015624999 31.43603515625, -81.29497070312499 31.37119140625, -81.38095703124999 31.353271484375, -81.37773437499999 31.332324218749996, -81.32915039062499 31.313769531249996, -81.2884765625 31.263916015625, -81.364892578125 31.171875, -81.41259765625 31.179443359375, -81.44174804687499 31.19970703125, -81.4603515625 31.12705078125, -81.45322265624999 31.088281249999994, -81.47138671875 31.009033203125, -81.50058593749999 30.913769531249997, -81.52041015625 30.874658203124994, -81.51621093749999 30.801806640624996, -81.50395507812499 30.7314453125, -81.457177734375 30.640771484374994, -81.3857421875 30.269970703124997, -81.337109375 30.1412109375, -81.24951171875 29.793798828125, -81.10454101562499 29.456982421874997, -80.89999999999999 29.049853515624996, -80.56430664062499 28.556396484375, -80.52412109375 28.486083984375, -80.567822265625 28.426464843749997, -80.58115234374999 28.364697265624997, -80.5849609375 28.27158203125, -80.57285156249999 28.180859374999997, -80.533154296875 28.070068359375, -80.45688476562499 27.900683593749996, -80.49956054687499 27.934472656249994, -80.610009765625 28.177587890625, -80.62285156249999 28.320361328124996, -80.60693359375 28.522900390624997, -80.63286132812499 28.518017578124997, -80.65390624999999 28.452197265624996, -80.665478515625 28.374902343749994, -80.693505859375 28.344970703125, -80.73173828124999 28.462890625, -80.72905273437499 28.5162109375, -80.6884765625 28.578515624999994, -80.70024414062499 28.600927734375, -80.76591796874999 28.6328125, -80.77988281249999 28.682958984375, -80.77099609375 28.732470703124996, -80.80869140624999 28.758935546874994, -80.83818359374999 28.757666015625, -80.81840820312499 28.635595703125, -80.78720703124999 28.56064453125, -80.74863281249999 28.381005859374994, -80.68637695312499 28.272167968749997, -80.22612304687499 27.20703125, -80.12578124999999 27.0830078125, -80.08867187499999 26.993945312499996, -80.050048828125 26.80771484375, -80.04130859374999 26.568603515625, -80.110595703125 26.131591796875, -80.1263671875 25.83349609375, -80.13627929687499 25.84262695312499, -80.14291992187499 25.8740234375, -80.158935546875 25.878320312499994, -80.21909179687499 25.741748046875003, -80.30083007812499 25.618554687499994, -80.32773437499999 25.42709960937499, -80.366943359375 25.331249999999997, -80.48466796874999 25.22983398437499, -80.5576171875 25.232421875, -80.7365234375 25.15634765624999, -80.86220703125 25.176171874999994, -81.011962890625 25.133251953124997, -81.110498046875 25.13803710937499, -81.1673828125 25.228515625, -81.15869140625 25.268994140624997, -81.13603515624999 25.30966796874999, -81.09765625 25.319140625000003, -80.96538085937499 25.224316406249997, -80.9404296875 25.264208984375003, -80.98037109375 25.311669921874994, -81.0568359375 25.338134765625, -81.11333007812499 25.367236328125003, -81.22714843749999 25.583398437499994, -81.34506835937499 25.731835937499994, -81.36494140625 25.8310546875, -81.56826171875 25.891552734374997, -81.715478515625 25.983154296875, -81.811474609375 26.14609375, -81.86655273437499 26.435009765624997, -81.93149414062499 26.467480468749997, -81.958935546875 26.489941406249997, -81.8955078125 26.59716796875, -81.82866210937499 26.687060546874996, -81.88154296875 26.664697265624994, -81.920556640625 26.6314453125, -81.970166015625 26.552050781249996, -82.00639648437499 26.539843749999996, -82.03959960937499 26.552050781249996, -82.077880859375 26.704345703125, -82.06694335937499 26.891552734374997, -82.01328124999999 26.961572265624994, -82.095703125 26.963427734374996, -82.181103515625 26.936767578125, -82.168603515625 26.874365234375, -82.1806640625 26.840087890625, -82.24287109375 26.848876953125, -82.2900390625 26.870800781249997, -82.35405273437499 26.935742187499997, -82.441357421875 27.05966796875, -82.62045898437499 27.401074218749997, -82.65537109374999 27.44921875, -82.714599609375 27.499609375, -82.68671875 27.515283203124994, -82.63583984374999 27.524560546874994, -82.52084960937499 27.678271484374996, -82.43051757812499 27.771142578124994, -82.400537109375 27.835400390624997, -82.40576171875 27.862890625, -82.445703125 27.90283203125, -82.49814453124999 27.867919921875, -82.52060546874999 27.877880859374997, -82.57958984375 27.958447265624997, -82.6359375 27.981201171875, -82.6751953125 27.963769531249994, -82.6337890625 27.897753906249996, -82.59658203125 27.873242187499997, -82.610986328125 27.777246093749994, -82.62602539062499 27.745996093749994, -82.660888671875 27.718408203124994, -82.71533203125 27.733105468749997, -82.74287109375 27.709374999999994, -82.77529296875 27.734375, -82.807568359375 27.776562499999997, -82.843505859375 27.845996093749996, -82.74853515625 28.23681640625, -82.66064453125 28.48583984375, -82.64404296875 28.81201171875, -82.65146484374999 28.887499999999996, -82.76933593749999 29.051562499999996, -83.290478515625 29.451904296875, -83.69438476562499 29.925976562499997, -84.04423828124999 30.103808593749996, -84.30966796874999 30.064746093749996, -84.355615234375 30.029003906249997, -84.37534179687499 29.982275390625, -84.35869140624999 29.929394531249997, -84.3828125 29.907373046874994, -84.454052734375 29.91015625, -84.55 29.897851562499994, -84.800537109375 29.773046875, -84.888916015625 29.777636718749996, -85.029296875 29.721093749999994, -85.18603515625 29.707910156249994, -85.31894531249999 29.680224609374996, -85.3763671875 29.695214843749994, -85.413818359375 29.767578125, -85.413818359375 29.842480468749997, -85.383447265625 29.785058593749994, -85.33642578125 29.740136718749994, -85.314892578125 29.758105468749996, -85.3068359375 29.7978515625, -85.35361328124999 29.875732421875, -85.504296875 29.975781249999997, -85.67578125 30.121923828125, -85.623486328125 30.117089843749994, -85.61025390625 30.148388671874997, -85.66342773437499 30.189453125, -85.64096679687499 30.2369140625, -85.603515625 30.286767578124994, -85.67587890624999 30.279296875, -85.74082031249999 30.244384765625, -85.74296874999999 30.20126953125, -85.755810546875 30.1669921875, -85.790771484375 30.17197265625, -85.8556640625 30.214404296874996, -86.17514648437499 30.33251953125, -86.45444335937499 30.399121093749997, -86.24008789062499 30.429101562499994, -86.12382812499999 30.405810546874996, -86.1376953125 30.441552734374994, -86.165673828125 30.464257812499994, -86.25737304687499 30.493017578125, -86.374169921875 30.482080078124994, -86.44794921875 30.49560546875, -86.60605468749999 30.424707031249994, -86.679638671875 30.402880859374996, -87.201171875 30.339257812499994, -87.163720703125 30.374218749999997, -87.123779296875 30.396679687499997, -86.985791015625 30.430859374999997, -86.96513671874999 30.501904296874997, -86.99755859375 30.5703125, -87.03388671875 30.553906249999997, -87.072021484375 30.500439453124997, -87.118798828125 30.538964843749994, -87.17060546875 30.538769531249997, -87.18466796874999 30.4537109375, -87.25107421874999 30.396679687499997, -87.28105468749999 30.339257812499994, -87.47578125 30.294287109375, -87.500732421875 30.309277343749997, -87.44375 30.363818359374996, -87.44829101562499 30.394140625, -87.51328124999999 30.368115234374997, -87.622265625 30.26474609375, -88.00595703124999 30.230908203124997, -87.985009765625 30.25439453125, -87.90400390625 30.259082031249996, -87.790283203125 30.291796874999996, -87.81328124999999 30.346874999999997, -87.85712890625 30.407421874999997, -87.897607421875 30.41416015625, -87.92431640625 30.449658203124997, -87.922998046875 30.5615234375, -87.948876953125 30.626904296874997, -88.01132812499999 30.694189453125, -88.032421875 30.68125, -88.078369140625 30.566210937499996, -88.13544921875 30.366601562499994, -88.24921875 30.363183593749994, -88.34990234374999 30.373486328124997, -88.69208984375 30.355371093749994, -88.81992187499999 30.406494140625, -88.905224609375 30.41513671875, -89.05405273437499 30.36826171875, -89.2236328125 30.332373046875, -89.26357421875 30.343652343749994, -89.320556640625 30.3453125, -89.443505859375 30.22314453125, -89.58847656249999 30.165966796874997, -89.954248046875 30.268749999999997, -90.04521484374999 30.351416015625, -90.1259765625 30.369091796874997, -90.22529296875 30.379296874999994, -90.331982421875 30.277587890625, -90.413037109375 30.140332031249997, -90.28496093749999 30.065087890624994, -90.17534179687499 30.029101562499996, -89.99418945312499 30.059277343749997, -89.89404296875 30.125878906249994, -89.812255859375 30.123681640624994, -89.77314453125 30.13720703125, -89.737451171875 30.17197265625, -89.66752929687499 30.14453125, -89.6650390625 30.117041015625, -89.71469726562499 30.078320312499997, -89.77724609375 30.045703124999996, -89.815185546875 30.007275390624997, -89.743798828125 29.929833984374994, -89.63168945312499 29.90380859375, -89.589501953125 29.9150390625, -89.56337890625 30.002099609374994, -89.49443359374999 30.058154296874996, -89.40073242187499 30.046044921874994, -89.4140625 30.010888671874994, -89.40092773437499 29.977685546874994, -89.357861328125 29.92099609375, -89.36279296875 29.839794921874997, -89.354443359375 29.820214843749994, -89.45541992187499 29.784374999999997, -89.5306640625 29.772216796875, -89.59086914062499 29.725292968749997, -89.559326171875 29.698046874999996, -89.62065429687499 29.674121093749996, -89.662109375 29.68369140625, -89.68295898437499 29.674853515624996, -89.689208984375 29.646044921874996, -89.7208984375 29.619287109374994, -89.6748046875 29.538671875, -89.580322265625 29.486035156249997, -89.513671875 29.420068359374994, -89.24570312499999 29.333203124999997, -89.18076171874999 29.335693359375, -89.116845703125 29.248242187499997, -89.06533203125 29.218164062499994, -89.01572265624999 29.202880859375, -89.02138671875 29.142724609374994, -89.109521484375 29.098681640624996, -89.155517578125 29.0166015625, -89.236083984375 29.081103515624996, -89.33056640625 28.998681640624994, -89.376123046875 28.981347656249994, -89.353515625 29.070214843749994, -89.38920898437499 29.105029296874996, -89.44316406249999 29.194140624999996, -89.52177734374999 29.249267578125, -89.5771484375 29.267529296874997, -89.620263671875 29.302392578124994, -89.67246093749999 29.31650390625, -89.7169921875 29.312890624999994, -89.7923828125 29.333203124999997, -89.79736328125 29.380615234375, -89.81826171875 29.41611328125, -89.87724609374999 29.4580078125, -90.15908203125 29.537158203124996, -90.160791015625 29.50439453125, -90.141259765625 29.479736328125, -90.05234374999999 29.431396484375, -90.05278320312499 29.336816406249994, -90.07373046875 29.296777343749994, -90.10136718749999 29.181787109374994, -90.13583984374999 29.136083984375, -90.21279296875 29.104931640624997, -90.246728515625 29.131005859374994, -90.30161132812499 29.255810546874997, -90.37919921874999 29.295117187499997, -90.50249023437499 29.299755859374997, -90.58623046874999 29.271533203124996, -90.677490234375 29.150634765625, -90.75102539062499 29.130859375, -91.00273437499999 29.193505859374994, -91.29013671874999 29.288964843749994, -91.28271484375 29.320751953124997, -91.2375 29.330957031249994, -91.15078125 29.317919921874996, -91.15537109374999 29.35068359375, -91.24399414062499 29.457324218749996, -91.26025390625 29.50546875, -91.24882812499999 29.564208984375, -91.277734375 29.562890624999994, -91.33095703125 29.513574218749994, -91.51420898437499 29.555371093749997, -91.56479492187499 29.605322265625, -91.67246093749999 29.74609375, -91.8244140625 29.750683593749997, -91.89316406249999 29.83603515625, -92.017333984375 29.80029296875, -92.080224609375 29.7607421875, -92.135498046875 29.699462890625, -92.11396484375 29.667675781249997, -92.05888671874999 29.6171875, -92.08403320312499 29.592822265624996, -92.26083984374999 29.556835937499997, -92.6712890625 29.597070312499994, -92.79130859374999 29.634667968749994, -92.952392578125 29.714160156249996, -93.17568359375 29.778955078124994, -93.283203125 29.789404296875, -93.38847656249999 29.776562499999997, -93.69482421875 29.769921874999994, -93.76591796874999 29.752685546875, -93.82646484374999 29.725146484374996, -93.86572265625 29.755615234375, -93.88388671874999 29.810009765624997, -93.84833984375 29.81884765625, -93.8087890625 29.850830078125, -93.773095703125 29.9140625, -93.76904296875 29.952294921874994, -93.79399414062499 29.977246093749997, -93.841455078125 29.979736328125, -93.9462890625 29.814990234374996, -93.886376953125 29.72265625, -93.89047851562499 29.689355468749994, -94.09965820312499 29.67041015625, -94.574462890625 29.484521484374994, -94.75961914062499 29.38427734375, -94.750146484375 29.418017578124996, -94.52626953125 29.54794921875, -94.60532226562499 29.567822265624997, -94.7326171875 29.535351562499997, -94.778271484375 29.5478515625, -94.724365234375 29.6552734375, -94.741943359375 29.75, -94.83232421874999 29.752587890624994, -94.889892578125 29.676953124999997, -94.9298828125 29.68017578125, -94.98227539062499 29.712597656249997, -95.0228515625 29.702343749999997, -94.992822265625 29.530957031249997, -94.93588867187499 29.46044921875, -94.88828124999999 29.370556640624997, -95.1390625 29.167822265625, -95.15214843749999 29.079248046874994, -95.27348632812499 28.9638671875, -95.65585937499999 28.74462890625, -95.732373046875 28.711718749999996, -95.85341796875 28.640332031249997, -96.02041015625 28.586816406249994, -96.18051757812499 28.501855468749994, -96.234521484375 28.488964843749997, -96.132275390625 28.560888671875, -96.01103515624999 28.63193359375, -96.11503906249999 28.622216796874994, -96.275341796875 28.655126953125, -96.3734375 28.657031249999996, -96.37412109374999 28.631103515625, -96.44873046875 28.594482421875, -96.526025390625 28.648291015625, -96.559716796875 28.684472656249994, -96.57568359375 28.715722656249994, -96.60849609374999 28.723291015624994, -96.6400390625 28.708789062499996, -96.524658203125 28.488720703124997, -96.47548828125 28.479199218749997, -96.42109375 28.457324218749996, -96.48881835937499 28.406054687499996, -96.56171875 28.367138671874997, -96.67636718749999 28.34130859375, -96.77353515624999 28.421630859375, -96.806884765625 28.22021484375, -96.839501953125 28.194384765624996, -96.8916015625 28.157568359375, -96.919873046875 28.185351562499996, -96.93330078125 28.224267578124994, -96.96665039062499 28.18955078125, -97.01547851562499 28.163476562499994, -97.09604492187499 28.158251953124996, -97.156494140625 28.144335937499996, -97.15507812499999 28.10263671875, -97.141259765625 28.060742187499997, -97.034326171875 28.09384765625, -97.07309570312499 27.986083984375, -97.17143554687499 27.879589843749997, -97.25156249999999 27.854443359374997, -97.37412109374999 27.870019531249994, -97.40439453124999 27.859326171874997, -97.43149414062499 27.837207031249996, -97.288720703125 27.670605468749997, -97.38046874999999 27.419335937499994, -97.439111328125 27.328271484374994, -97.523876953125 27.31396484375, -97.68212890625 27.394921874999994, -97.76845703125 27.45751953125, -97.6923828125 27.287158203124996, -97.485107421875 27.23740234375, -97.47451171875 27.17294921875, -97.47568359374999 27.117871093749997, -97.51650390625 27.05322265625, -97.5546875 26.967333984374996, -97.526513671875 26.907519531249996, -97.493798828125 26.759619140625, -97.4658203125 26.691748046875, -97.43505859375 26.48583984375, -97.40234375 26.396533203124996, -97.21391601562499 26.06787109375, -97.150390625 26.065332031249994, -97.14018554687499 26.029736328124997, -97.164453125 25.754931640625003, -97.22490234374999 25.58544921875, -97.424072265625 25.233105468749997, -97.507080078125 25.014550781249994, -97.66767578125 24.38999023437499, -97.717041015625 23.980615234374994, -97.72861328124999 23.78793945312499, -97.74267578125 23.760644531249994, -97.72739257812499 23.732226562500003, -97.765869140625 23.30615234375, -97.74521484374999 22.9423828125, -97.75834960937499 22.886035156250003, -97.81669921874999 22.776318359374997, -97.8578125 22.62451171875, -97.84160156249999 22.557080078124997, -97.84248046875 22.510302734375003, -97.782373046875 22.279296875, -97.76328124999999 22.105859374999994, -97.58476562499999 21.808544921874997, -97.484521484375 21.704833984375, -97.36015624999999 21.614941406249997, -97.31450195312499 21.564208984375, -97.336865234375 21.437890624999994, -97.38754882812499 21.373925781249994, -97.4091796875 21.27255859374999, -97.43413085937499 21.356494140625003, -97.42441406249999 21.46533203125, -97.38481445312499 21.523828124999994, -97.383447265625 21.566699218750003, -97.45659179687499 21.61240234374999, -97.59038085937499 21.762011718750003, -97.75380859375 22.026660156250003, -97.63754882812499 21.603662109374994, -97.597607421875 21.535888671875, -97.566552734375 21.507714843749994, -97.51455078125 21.477978515624997, -97.50107421874999 21.432031249999994, -97.50058593749999 21.39804687499999, -97.35712890625 21.10400390625, -97.194970703125 20.800097656250003, -97.18632812499999 20.717041015625, -97.12143554687499 20.614990234375, -96.70869140625 20.188281250000003, -96.4560546875 19.869775390624994, -96.368359375 19.56723632812499, -96.31533203125 19.472851562499997, -96.28955078125 19.34375, -96.123974609375 19.19907226562499, -96.073388671875 19.105664062499997, -95.98466796874999 19.053759765625003, -95.913037109375 18.897167968749997, -95.77812499999999 18.80551757812499, -95.81035156249999 18.803857421874994, -95.92822265625 18.85009765625, -95.920361328125 18.819580078125, -95.82109374999999 18.754638671875, -95.62680664062499 18.690576171874994, -95.5783203125 18.6904296875, -95.654931640625 18.723681640625003, -95.71982421874999 18.768359375000003, -95.69711914062499 18.77490234375, -95.56142578125 18.719140624999994, -95.1818359375 18.700732421875003, -95.01469726562499 18.570605468750003, -94.79814453124999 18.514599609374997, -94.681640625 18.34848632812499, -94.54619140624999 18.174853515625003, -94.45976562499999 18.166650390624994, -94.39228515625 18.165966796874997, -94.18901367187499 18.195263671874997, -93.87314453124999 18.304443359375, -93.764404296875 18.35791015625, -93.55234374999999 18.430468750000003, -93.2279296875 18.443798828124997, -93.12734375 18.42343749999999, -92.884765625 18.468652343749994, -92.76909179687499 18.524121093749997, -92.728955078125 18.574511718750003, -92.710107421875 18.61166992187499, -92.44101562499999 18.67529296875, -92.21318359374999 18.684863281250003, -92.10322265625 18.704394531250003, -91.973779296875 18.715869140625003, -91.88037109375 18.63779296874999, -91.88046874999999 18.599658203125003, -91.94267578124999 18.563427734374997, -91.91357421875 18.528515624999997, -91.802978515625 18.470605468749994, -91.59970703124999 18.447167968749994, -91.53398437499999 18.45654296875, -91.44047851562499 18.54184570312499, -91.27524414062499 18.624462890624997, -91.278759765625 18.720654296874997, -91.30830078125 18.77329101562499, -91.35629882812499 18.776562499999997, -91.36777343749999 18.806103515624997, -91.334228515625 18.87680664062499, -91.34306640624999 18.900585937499997, -91.445556640625 18.832812500000003, -91.469189453125 18.8330078125, -91.45786132812499 18.864648437499994, -91.436669921875 18.889794921874994, -91.1359375 19.037499999999994, -91.05893554687499 19.098193359375003, -90.955029296875 19.151660156250003, -90.7392578125 19.352246093749997, -90.69316406249999 19.729882812499994, -90.65009765625 19.795947265625003, -90.507080078125 19.911865234375, -90.49169921875 19.94677734375, -90.482421875 20.02573242187499, -90.48637695312499 20.224023437499994, -90.47832031249999 20.37998046874999, -90.484130859375 20.556347656249997, -90.458447265625 20.71372070312499, -90.43515624999999 20.757519531249997, -90.35312499999999 21.009423828124994, -90.18291015624999 21.120898437500003, -89.887646484375 21.252636718749997, -89.819775390625 21.274609374999997, -88.87871093749999 21.414111328125003, -88.74667968749999 21.448144531249994, -88.584912109375 21.53867187499999, -88.46669921875 21.569384765625003, -88.25102539062499 21.56689453125, -88.184765625 21.57895507812499, -88.17172851562499 21.591455078124994, -88.17138671875 21.603515625, -88.13164062499999 21.615869140624994, -88.0068359375 21.604052734375003, -87.68881835937499 21.535839843749997, -87.48046875 21.472460937500003, -87.25087890625 21.446972656249997, -87.18759765624999 21.477294921875, -87.164306640625 21.514208984375003, -87.18828124999999 21.546435546875003, -87.249462890625 21.526611328125, -87.29575195312499 21.524951171875003, -87.386669921875 21.551464843749997, -87.36850585937499 21.57373046875, -87.27573242187499 21.57163085937499, -87.216455078125 21.582421874999994, -87.12846679687499 21.621484374999994, -87.03476562499999 21.592236328124997, -86.91171874999999 21.462841796874997, -86.82407226562499 21.421679687500003, -86.81708984375 21.23422851562499, -86.77177734374999 21.150537109374994, -86.81552734374999 21.00522460937499, -86.864697265625 20.885058593750003, -86.926220703125 20.78647460937499, -87.0595703125 20.631249999999994, -87.22124023437499 20.507275390624997, -87.42138671875 20.231396484374997, -87.4671875 20.10214843749999, -87.4658203125 19.99853515625, -87.43193359374999 19.898486328125003, -87.44174804687499 19.861523437499997, -87.4662109375 19.824169921874997, -87.50688476562499 19.82749023437499, -87.58579101562499 19.779492187499997, -87.6876953125 19.637109374999994, -87.690087890625 19.593701171874997, -87.64531249999999 19.553906249999997, -87.5873046875 19.572998046875, -87.511669921875 19.57470703125, -87.469384765625 19.586474609375003, -87.424755859375 19.58334960937499, -87.434716796875 19.501708984375, -87.482666015625 19.443749999999994, -87.512890625 19.425585937500003, -87.56699218749999 19.415722656249997, -87.62753906249999 19.382714843749994, -87.65869140625 19.352343750000003, -87.65576171875 19.257861328125003, -87.6220703125 19.25048828125, -87.55078125 19.320947265624994, -87.50947265625 19.31748046874999, -87.50107421874999 19.287792968749997, -87.59355468749999 19.04638671875, -87.65302734375 18.798535156249997, -87.733544921875 18.655029296875, -87.76181640624999 18.44614257812499, -87.85322265625 18.268994140624997, -87.881982421875 18.273876953124997, -87.95966796875 18.440869140624997, -88.0390625 18.48388671875, -88.05644531249999 18.524462890625003, -88.0111328125 18.726855468750003, -88.03173828125 18.838916015625003, -88.07377929687499 18.83447265625, -88.12675781249999 18.77304687499999, -88.19677734375 18.719677734374997, -88.1953125 18.642626953125003, -88.27573242187499 18.514550781249994, -88.349267578125 18.358837890624997, -88.295654296875 18.34409179687499, -88.247265625 18.354687499999997, -88.1302734375 18.350732421874994, -88.08525390624999 18.226123046875003, -88.09721679687499 18.121630859375003, -88.207470703125 17.846093749999994, -88.221435546875 17.751367187499994, -88.271728515625 17.60986328125, -88.20346679687499 17.5166015625, -88.26718749999999 17.392578125, -88.288818359375 17.312695312499997, -88.29399414062499 17.192138671875, -88.26181640624999 16.963037109374994, -88.313427734375 16.632763671874997, -88.404541015625 16.48862304687499, -88.4611328125 16.433789062499997, -88.56230468749999 16.290429687499994, -88.69516601562499 16.24765624999999, -88.8791015625 16.016650390625003, -88.91171874999999 15.956005859374997, -88.89404296875 15.890625, -88.839990234375 15.868994140624991, -88.79833984375 15.862499999999997, -88.708642578125 15.806542968749994, -88.60336914062499 15.76416015625, -88.53623046874999 15.849609375, -88.59799804687499 15.927343749999991, -88.5939453125 15.950292968749991, -88.22832031249999 15.72900390625, -88.131103515625 15.701025390624991, -88.05458984375 15.764843749999997, -88.010400390625 15.786181640625003, -87.874951171875 15.879345703124997, -87.70185546875 15.91064453125, -87.6181640625 15.909863281249997, -87.54497070312499 15.832373046874991, -87.48691406249999 15.790185546874994, -87.37749023437499 15.826464843750003, -87.285888671875 15.834423828124997, -86.9072265625 15.762353515624994, -86.75703125 15.794238281250003, -86.48081054687499 15.801074218750003, -86.356640625 15.783203125, -86.18120117187499 15.885156249999994, -86.0685546875 15.905664062499994, -85.936279296875 15.953417968750003, -85.95390624999999 16.002246093750003, -85.98564453124999 16.024169921875, -85.78398437499999 16.002832031249994, -85.48369140624999 15.899511718749991, -85.16367187499999 15.918164062499997, -85.0482421875 15.973974609374991, -84.97373046874999 15.989892578124994, -84.64609374999999 15.883593750000003, -84.55966796874999 15.802001953125, -84.49228515624999 15.7939453125, -84.44003906249999 15.812597656249991, -84.4259765625 15.829492187499994, -84.490380859375 15.847265624999991, -84.51962890624999 15.872753906249997, -84.26142578125 15.822607421874991, -83.77548828124999 15.436865234374991, -83.765283203125 15.405468749999997, -83.972802734375 15.519628906249991, -84.082763671875 15.510888671874994, -84.111328125 15.492431640625, -84.09506835937499 15.400927734375003, -84.04794921874999 15.397607421874994, -84.01318359375 15.414404296874991, -83.92744140625 15.39404296875, -83.80166015625 15.289257812499997, -83.76044921875 15.220361328124994, -83.71591796874999 15.21923828125, -83.67216796874999 15.2607421875, -83.58964843749999 15.265771484374994, -83.53593749999999 15.219384765624994, -83.49794921875 15.222119140624997, -83.55107421874999 15.293994140625003, -83.67612304687499 15.365429687499997, -83.64638671875 15.368408203125, -83.36918945312499 15.239990234375, -83.29086914062499 15.078906250000003, -83.15751953124999 14.993066406249994, -83.18535156249999 14.956396484374991, -83.21591796874999 14.932373046875, -83.27988281249999 14.812792968750003, -83.302001953125 14.802099609374991, -83.30634765625 14.890527343749994, -83.344384765625 14.902099609375, -83.38901367187499 14.870654296875003, -83.413720703125 14.825341796874994, -83.37485351562499 14.76611328125, -83.34072265625 14.765283203124994, -83.29921875 14.7490234375, -83.187744140625 14.340087890625, -83.21171874999999 14.267138671875003, -83.28081054687499 14.153613281250003, -83.34658203125 14.056982421874991, -83.4123046875 13.996484374999994, -83.49374999999999 13.738818359375003, -83.567333984375 13.3203125, -83.51445312499999 12.943945312499991, -83.5412109375 12.596289062499991, -83.51796875 12.514111328124997, -83.5109375 12.411816406249997, -83.56523437499999 12.393408203124991, -83.5958984375 12.396484375, -83.627197265625 12.459326171874991, -83.623681640625 12.514550781249994, -83.5912109375 12.579345703125, -83.578076171875 12.667138671874994, -83.59335937499999 12.713085937499997, -83.62534179687499 12.612890624999991, -83.681640625 12.568115234375, -83.71835937499999 12.552636718749994, -83.75424804687499 12.501953125, -83.7162109375 12.40673828125, -83.66733398437499 12.337060546874994, -83.65126953125 12.287060546874997, -83.66923828124999 12.2275390625, -83.680419921875 12.024316406249994, -83.697705078125 12.029980468749997, -83.715576171875 12.057421874999989, -83.76718749999999 12.059277343749997, -83.76933593749999 11.931640625, -83.81318359375 11.896386718749994, -83.82890624999999 11.861035156249997, -83.79296875 11.836181640625, -83.753369140625 11.8212890625, -83.70458984375 11.824560546874991, -83.664306640625 11.723876953125, -83.6517578125 11.642041015624997, -83.74497070312499 11.566503906249991, -83.776611328125 11.503955078124989, -83.82939453124999 11.428173828124997, -83.85908203125 11.353662109374994, -83.86787109375 11.300048828125, -83.83183593749999 11.130517578124994, -83.76791992187499 11.01025390625, -83.7140625 10.933837890625, -83.6419921875 10.917236328125, -83.61728515624999 10.877490234374989, -83.58818359374999 10.814990234374989, -83.57529296874999 10.734716796874991, -83.4482421875 10.465917968749991, -83.346826171875 10.315380859374997, -83.12460937499999 10.041601562499991, -83.028515625 9.991259765624989, -82.86630859374999 9.770947265624997, -82.810302734375 9.734570312499997, -82.77841796874999 9.669531249999991, -82.61015624999999 9.616015624999989, -82.50034179687499 9.523242187499989, -82.37080078125 9.428564453124991, -82.36318359375 9.381933593749991, -82.375390625 9.337255859374991, -82.33974609375 9.209179687499997, -82.2724609375 9.190624999999997, -82.20488281249999 9.215429687499991, -82.188134765625 9.191748046874991, -82.20068359375 9.168115234374994, -82.23544921874999 9.141650390624989, -82.24418945312499 9.031494140625, -82.13330078125 8.980078124999991, -82.077880859375 8.934863281249989, -81.89414062499999 8.956103515624989, -81.826416015625 8.944091796875, -81.780224609375 8.957226562499997, -81.831494140625 9.045605468749997, -81.900146484375 9.111035156249997, -81.894482421875 9.140429687499989, -81.84238281249999 9.118701171874989, -81.80258789062499 9.074121093749994, -81.71220703124999 9.018945312499994, -81.54560546875 8.827001953124991, -81.35478515624999 8.780566406249989, -81.203759765625 8.786718749999991, -81.06308593749999 8.812646484374994, -80.83867187499999 8.88720703125, -80.67646484375 9.021874999999994, -80.546875 9.081933593749994, -80.127099609375 9.209912109374997, -79.977978515625 9.343701171874997, -79.85507812499999 9.378076171874994, -79.723095703125 9.479296874999989, -79.65224609375 9.558203124999991, -79.577294921875 9.597851562499997, -79.35546875 9.569238281249994, -79.21162109375 9.531933593749997, -79.112255859375 9.536767578124994, -79.01669921874999 9.510449218749997, -78.975 9.452978515624991, -78.931640625 9.428466796875, -78.696923828125 9.434765624999997, -78.504345703125 9.406298828124989, -78.082763671875 9.236279296874997, -77.830810546875 9.068115234375, -77.697216796875 8.889453124999989, -77.344140625 8.63671875, -77.26157226562499 8.493701171874989, -77.130126953125 8.400585937499997, -77.0842633063036 8.350595699714146, -77.3 7.2, -77.87011459852201 7.2, -77.92978515624999 7.25634765625, -78.1701171875 7.5437988281249915, -78.37822265624999 7.89990234375, -78.42158203125 8.060986328124997, -78.367626953125 8.070556640625, -78.3154296875 8.066943359374989, -78.287353515625 8.091796875, -78.2548828125 8.138623046874997, -78.281201171875 8.24755859375, -78.18002929687499 8.330273437499997, -78.14189453124999 8.386083984374991, -78.11386718749999 8.379589843749997, -78.04775390625 8.284765624999991, -77.833642578125 8.151171874999989, -77.76054687499999 8.133251953124997, -77.8529296875 8.216210937499994, -78.01249999999999 8.325390624999997, -78.05717773437499 8.397119140624994, -78.09946289062499 8.496972656249994, -78.16181640625 8.453710937499991, -78.19077148437499 8.417333984374991, -78.223046875 8.396630859374994, -78.251123046875 8.421435546874989, -78.256103515625 8.453710937499991, -78.35014648437499 8.460009765624989, -78.39921874999999 8.505664062499989, -78.387890625 8.443408203124989, -78.369384765625 8.404931640624994, -78.379296875 8.358593749999997, -78.40986328125 8.355322265624991, -78.46943359375 8.446679687499994, -78.5140625 8.628173828125, -78.62089843749999 8.713720703124991, -78.66982421875 8.7421875, -78.710205078125 8.7529296875, -78.769677734375 8.811083984374989, -78.84824218749999 8.842187499999994, -78.95517578124999 8.932519531249994, -79.086376953125 8.997167968749991, -79.24667968749999 9.020068359374989, -79.44150390624999 9.006005859374994, -79.507080078125 8.970068359374991, -79.57236328124999 8.903271484374997, -79.687451171875 8.850976562499994, -79.758544921875 8.711572265624994, -79.81591796875 8.639208984374989, -79.750439453125 8.595507812499989, -80.12578124999999 8.349658203124989, -80.20009765625 8.31396484375, -80.36870117187499 8.288769531249997, -80.458984375 8.2138671875, -80.46586914062499 8.139941406249989, -80.45810546874999 8.077050781249994, -80.409130859375 8.028564453125, -80.36557617187499 7.997998046874997, -80.2609375 7.8516601562499915, -80.0751953125 7.667041015624989, -80.0400390625 7.599804687499997, -80.01123046875 7.500048828124989, -80.06728515625 7.4532226562499915, -80.110595703125 7.4334472656249915, -80.2873046875 7.4256347656249915, -80.34824218749999 7.385693359374997, -80.37294921875 7.324658203124997, -80.4388671875 7.274951171874989, -80.66669921875 7.2256835937499915, -80.84555664062499 7.2200683593749915, -80.90122070312499 7.277148437499989, -80.91464843749999 7.4375, -81.035107421875 7.711132812499997, -81.0638671875 7.8997558593749915, -81.0939453125 7.8763183593749915, -81.15781249999999 7.854394531249994, -81.17939453125 7.807519531249994, -81.195458984375 7.668408203124997, -81.21904296874999 7.6209472656249915, -81.26840820312499 7.62548828125, -81.369580078125 7.67529296875, -81.504150390625 7.72119140625, -81.67568359375 8.015917968749989, -81.72763671874999 8.137548828124991, -81.86025390625 8.165429687499994, -81.973291015625 8.215087890625, -82.09672851562499 8.222753906249991, -82.15986328125 8.19482421875, -82.22431640625 8.230371093749994, -82.23544921874999 8.31103515625, -82.36484374999999 8.274853515624997, -82.53095703125 8.287402343749989, -82.67954101562499 8.321972656249997, -82.78115234375 8.303515624999989, -82.86611328125 8.246337890625, -82.85434570312499 8.099511718749994, -82.879345703125 8.070654296874991, -82.947265625 8.181738281249991, -83.041455078125 8.287744140624994, -83.12333984374999 8.353076171874989, -83.12958984375 8.505468749999991, -83.16240234374999 8.588183593749989, -83.285791015625 8.664355468749989, -83.39140624999999 8.717724609374997, -83.4697265625 8.706835937499989, -83.42177734375 8.619238281249991, -83.29775390625 8.506884765624989, -83.28955078125 8.463818359374997, -83.29150390625 8.406005859375, -83.37680664062499 8.414892578124991, -83.45205078125 8.4384765625, -83.54374999999999 8.445849609374989, -83.604736328125 8.480322265624991, -83.73408203125 8.614453124999997, -83.64218749999999 8.728906249999994, -83.613720703125 8.804052734374991, -83.616162109375 8.959814453124991, -83.63725585937499 9.035351562499997, -83.73691406249999 9.150292968749994, -83.89555664062499 9.276416015624989, -84.11787109375 9.379443359374989, -84.22236328125 9.462499999999991, -84.482666015625 9.526171874999989, -84.58159179687499 9.568359375, -84.65888671875 9.646679687499997, -84.67045898437499 9.702880859375, -84.64306640625 9.789404296874991, -84.71494140624999 9.8994140625, -85.025048828125 10.11572265625, -85.1984375 10.1953125, -85.23564453124999 10.242089843749994, -85.26318359375 10.256640624999989, -85.2365234375 10.107373046874997, -85.16074218749999 10.017431640624991, -84.96279296875 9.933447265624991, -84.908349609375 9.884570312499989, -84.88642578125 9.820947265624994, -85.00126953124999 9.699267578124989, -85.059716796875 9.668310546874991, -85.07705078125 9.601953124999994, -85.114501953125 9.581787109375, -85.31455078124999 9.810937499999994, -85.62485351562499 9.902441406249991, -85.68100585937499 9.958593749999991, -85.79648437499999 10.132861328124989, -85.84965820312499 10.292041015624989, -85.83061523437499 10.398144531249997, -85.703125 10.5634765625, -85.663330078125 10.635449218749997, -85.67143554687499 10.679785156249991, -85.667236328125 10.745019531249994, -85.71484375 10.790576171874989, -85.83286132812499 10.849951171874991, -85.90800781249999 10.897558593749991, -85.88740234375 10.921289062499994, -85.75224609374999 10.985253906249994, -85.74521484374999 11.088574218749997, -85.828515625 11.19873046875, -85.9611328125 11.331347656249989, -86.468896484375 11.73828125, -86.655517578125 11.981542968749991, -86.755615234375 12.156640624999994, -86.8509765625 12.247753906249997, -87.1251953125 12.434130859374989, -87.188427734375 12.508349609374989, -87.46015625 12.757568359375, -87.66752929687499 12.903564453125, -87.670166015625 12.965673828124991, -87.58505859374999 13.043310546874991, -87.54331054687499 13.039697265624994, -87.49794921875 12.984179687499989, -87.42436523437499 12.921142578125, -87.3896484375 12.920654296875, -87.33857421875 12.949951171875, -87.33251953125 13.084716796875, -87.41279296875 13.12744140625, -87.49838867187499 13.27490234375, -87.48515624999999 13.310595703125003, -87.48911132812499 13.352929687499994, -87.60224609375 13.385595703124991, -87.70834960937499 13.360058593749997, -87.76938476562499 13.376660156249997, -87.814208984375 13.399169921875, -87.83837890625 13.385791015625003, -87.820703125 13.28515625, -87.930859375 13.1806640625, -88.0234375 13.168749999999989, -88.1806640625 13.164013671874997, -88.417138671875 13.213525390624994, -88.591552734375 13.281054687500003, -88.68564453124999 13.281494140625, -88.65585937499999 13.259179687499994, -88.58154296875 13.244970703124991, -88.48388671875 13.197167968749994, -88.51201171874999 13.183935546874991, -88.86704101562499 13.283251953125003, -89.27763671874999 13.478076171875003, -89.52324218749999 13.509130859374991, -89.80419921875 13.560107421875003, -89.970458984375 13.683154296875003, -90.47910156249999 13.900927734375003, -90.60693359375 13.929003906250003, -91.14604492187499 13.925585937500003, -91.37734375 13.990185546874997, -91.64091796874999 14.114941406249997, -91.819091796875 14.228222656249997, -92.26455078125 14.567773437499994, -92.53095703125 14.839648437500003, -92.80893554687499 15.138574218749994, -92.918408203125 15.236132812500003, -93.0244140625 15.310253906249997, -93.16689453125 15.448046875000003, -93.541162109375 15.750390624999994, -93.734375 15.888476562500003, -93.91606445312499 16.05356445312499, -94.07895507812499 16.145263671875, -94.311279296875 16.23935546874999, -94.374169921875 16.28476562499999, -94.40903320312499 16.287353515625, -94.426416015625 16.226269531249997, -94.30283203124999 16.169335937499994, -94.24951171875 16.167529296875003, -94.19340820312499 16.14560546874999, -94.0283203125 16.062060546875003, -94.00126953124999 16.018945312499994, -94.47075195312499 16.186572265625003, -94.6615234375 16.201904296875, -94.682275390625 16.228222656249997, -94.587109375 16.315820312499994, -94.616845703125 16.347558593749994, -94.65078125 16.351806640625, -94.75283203125 16.291210937499997, -94.79082031249999 16.287158203125003, -94.79746093749999 16.327050781249994, -94.792919921875 16.36459960937499, -94.85869140624999 16.419726562500003, -94.90043945312499 16.41748046875, -94.934716796875 16.379101562499997, -95.02353515624999 16.30624999999999, -95.02084960937499 16.277636718750003, -94.785791015625 16.22910156249999, -94.79941406249999 16.209667968749997, -94.94931640624999 16.210009765625003, -95.13437499999999 16.176953124999997, -95.46440429687499 15.974707031249991, -95.77177734374999 15.887792968749991, -96.21357421875 15.693066406249997, -96.408642578125 15.68310546875, -96.51083984374999 15.651904296875003, -96.80795898437499 15.726416015624991, -97.18466796874999 15.909277343749991, -97.75478515625 15.966845703125003, -98.13896484374999 16.206298828125, -98.52031249999999 16.304833984374994, -98.76220703125 16.53476562499999, -98.907958984375 16.544580078124994, -99.00166015625 16.581445312499994, -99.348046875 16.664746093749997, -99.690673828125 16.719628906249994, -100.02451171874999 16.92050781249999, -100.24301757812499 16.984179687500003, -100.431884765625 17.06406249999999, -100.847802734375 17.200488281250003, -101.001953125 17.276123046875, -101.1478515625 17.393115234375003, -101.385498046875 17.514208984375003, -101.487060546875 17.61533203124999, -101.60029296875 17.651562499999997, -101.76240234375 17.841992187499997, -101.8470703125 17.922265624999994, -101.918701171875 17.959765625000003, -101.9955078125 17.972705078125003, -102.21660156249999 17.957421874999994, -102.54697265624999 18.041406249999994, -102.69956054687499 18.06284179687499, -103.018505859375 18.18686523437499, -103.4416015625 18.325390624999997, -103.69892578125 18.632958984374994, -103.91245117187499 18.82846679687499, -104.045654296875 18.911816406249997, -104.277001953125 19.010986328125, -104.40517578125 19.091210937499994, -104.602978515625 19.152880859375003, -104.9384765625 19.309375000000003, -105.04521484375 19.443261718749994, -105.107666015625 19.562207031249997, -105.286376953125 19.706494140624997, -105.482080078125 19.97607421875, -105.532421875 20.075390624999997, -105.57041015624999 20.227832031250003, -105.61591796875 20.316308593749994, -105.66943359375 20.38559570312499, -105.642138671875 20.435986328124997, -105.54257812499999 20.497949218749994, -105.37705078124999 20.511865234374994, -105.26015625 20.579052734374997, -105.244677734375 20.634179687499994, -105.25229492187499 20.668505859375003, -105.32705078125 20.752978515625003, -105.4201171875 20.775390625, -105.4923828125 20.776611328125, -105.51083984374999 20.808740234374994, -105.45634765625 20.843798828125003, -105.393994140625 20.92612304687499, -105.301953125 21.026562499999997, -105.237060546875 21.119189453125003, -105.225 21.249707031249997, -105.23325195312499 21.380419921875003, -105.20869140625 21.49082031249999, -105.4314453125 21.61826171874999, -105.52744140624999 21.81845703124999, -105.64912109375 21.988085937500003, -105.6455078125 22.326904296875, -105.791796875 22.627490234375003, -105.943359375 22.777001953124994, -106.021728515625 22.829052734374997, -106.2345703125 23.060937499999994, -106.40224609375 23.195605468750003, -106.56650390624999 23.449462890625, -106.728759765625 23.61069335937499, -106.935498046875 23.881249999999994, -107.08486328125 24.01611328125, -107.76494140625 24.471923828125, -107.726611328125 24.471923828125, -107.52724609375 24.360058593749997, -107.493701171875 24.369384765625, -107.488916015625 24.423974609374994, -107.5119140625 24.489160156249994, -107.548876953125 24.504785156249994, -107.602001953125 24.490136718749994, -107.67368164062499 24.503564453124994, -107.709521484375 24.525048828124994, -107.81669921875 24.539013671874997, -107.951171875 24.614892578124994, -108.0087890625 24.693554687499997, -108.015087890625 24.783398437499997, -108.207666015625 24.974804687499997, -108.28076171875 25.08154296875, -108.243310546875 25.073681640624997, -108.192041015625 25.030664062499994, -108.140087890625 25.01840820312499, -108.079638671875 25.01806640625, -108.035693359375 25.035351562499997, -108.05146484375 25.067041015624994, -108.092822265625 25.093505859375, -108.373681640625 25.1943359375, -108.466259765625 25.26513671875, -108.69638671874999 25.38291015624999, -108.7509765625 25.424218749999994, -108.787255859375 25.538037109374997, -108.84360351562499 25.54331054687499, -108.89316406249999 25.51157226562499, -109.02880859375 25.48046875, -109.0634765625 25.51669921874999, -109.06845703124999 25.551562500000003, -108.97275390624999 25.58847656249999, -108.88486328124999 25.696044921875, -108.88657226562499 25.733447265625003, -108.93515624999999 25.69028320312499, -109.008349609375 25.641992187499994, -109.08408203124999 25.615039062500003, -109.196484375 25.592529296875, -109.253955078125 25.608789062499994, -109.30429687499999 25.63315429687499, -109.3849609375 25.72714843749999, -109.42563476562499 26.032568359375, -109.354150390625 26.138476562499996, -109.270654296875 26.243115234374997, -109.19970703125 26.305224609374996, -109.15878906249999 26.258349609374996, -109.11669921875 26.252734374999996, -109.14633789062499 26.305712890624996, -109.216015625 26.355273437499996, -109.240625 26.404687499999994, -109.24326171874999 26.449951171875, -109.27626953125 26.533886718749997, -109.482861328125 26.710351562499994, -109.67607421875 26.696826171874996, -109.75478515625 26.702929687499996, -109.828369140625 26.7701171875, -109.89091796875 26.8833984375, -109.943994140625 27.079345703125, -110.2771484375 27.16220703125, -110.37729492187499 27.233300781249994, -110.477783203125 27.322656249999994, -110.56064453124999 27.450146484374997, -110.59267578125 27.544335937499994, -110.615478515625 27.65390625, -110.578271484375 27.795654296875, -110.52988281249999 27.864208984374997, -110.759033203125 27.915185546874994, -110.8486328125 27.917578125, -110.92080078125 27.888867187499997, -110.986083984375 27.925976562499997, -111.12138671875 27.966992187499997, -111.282421875 28.115234375, -111.4716796875 28.383984374999997, -111.680078125 28.470556640625, -111.747216796875 28.56396484375, -111.832421875 28.648144531249997, -111.90703125 28.752490234374996, -111.918603515625 28.797900390624996, -111.9408203125 28.823193359374997, -112.044873046875 28.895898437499994, -112.161767578125 29.018896484375, -112.192041015625 29.117968749999996, -112.22348632812499 29.269482421874997, -112.301416015625 29.322900390624994, -112.37822265625 29.347705078124996, -112.393212890625 29.419726562499996, -112.388671875 29.460107421874994, -112.41455078125 29.536425781249996, -112.572900390625 29.719531249999996, -112.653125 29.870068359374997, -112.69716796875 29.916845703125, -112.73837890624999 29.98544921875, -112.759228515625 30.125683593749997, -112.82480468749999 30.300146484375, -112.95175781249999 30.510009765625, -113.057666015625 30.651025390624994, -113.11044921874999 30.793310546875, -113.08701171874999 30.9380859375, -113.10498046875 31.027197265625, -113.118603515625 31.048095703125, -113.107958984375 31.077294921874994, -113.072802734375 31.060888671875, -113.042919921875 31.08701171875, -113.04672851562499 31.179248046874996, -113.083642578125 31.207177734374994, -113.2314453125 31.25595703125, -113.48081054687499 31.293603515624994, -113.623486328125 31.345898437499997, -113.6330078125 31.467626953125, -113.699951171875 31.523339843749994, -113.759423828125 31.557763671874994, -113.94775390625 31.629345703124997, -113.977490234375 31.592724609374997, -114.002685546875 31.525146484375, -114.08090820312499 31.5103515625, -114.14931640625 31.507373046874996, -114.2640625 31.554443359375, -114.54868164062499 31.733544921874994, -114.6087890625 31.762255859374996, -114.69760742187499 31.77744140625, -114.74130859374999 31.806494140625, -114.93359375 31.900732421875, -114.895068359375 31.850634765624996, -114.839501953125 31.798535156249997, -114.78989257812499 31.647119140624994, -114.84814453125 31.537939453125, -114.881884765625 31.156396484374994, -114.844677734375 31.080468749999994, -114.76103515625 30.958740234375, -114.703369140625 30.765185546874996, -114.68544921875 30.62119140625, -114.63330078125 30.506884765624996, -114.64975585937499 30.238134765625, -114.629931640625 30.156298828124996, -114.55048828125 30.022265624999996, -114.40341796874999 29.896484375, -114.372607421875 29.830224609374994, -114.17919921875 29.734326171874997, -114.0619140625 29.609521484374994, -113.82895507812499 29.439453125, -113.75546874999999 29.367480468749996, -113.5453125 29.102246093749997, -113.5384765625 29.023388671874997, -113.49970703125 28.926708984374997, -113.3818359375 28.946679687499994, -113.32890625 28.873046875, -113.335009765625 28.839062499999997, -113.320703125 28.813134765624994, -113.25888671874999 28.81884765625, -113.20556640625 28.798779296874997, -113.09365234375 28.511767578124996, -113.03359375 28.472607421874997, -112.95664062499999 28.455859374999996, -112.870849609375 28.424218749999994, -112.86845703125 28.2919921875, -112.795703125 28.20712890625, -112.808056640625 28.092187499999994, -112.74931640625 27.994873046875, -112.758203125 27.900634765625, -112.734033203125 27.825976562499996, -112.55263671875 27.657470703125, -112.32919921874999 27.5234375, -112.2826171875 27.347460937499996, -112.191455078125 27.186669921874994, -112.09814453125 27.145947265624997, -112.003955078125 27.0791015625, -112.015576171875 27.009716796874997, -112.00908203125 26.967089843749996, -111.88315429687499 26.840185546875, -111.86264648437499 26.678515624999996, -111.75400390624999 26.572705078124997, -111.723388671875 26.564404296874997, -111.6994140625 26.580957031249994, -111.778515625 26.687255859375, -111.816845703125 26.756249999999994, -111.82177734375 26.865087890625, -111.79526367187499 26.879687499999996, -111.56967773437499 26.7076171875, -111.5458984375 26.57919921875, -111.470166015625 26.506640624999996, -111.464501953125 26.408447265625, -111.418505859375 26.349951171875, -111.40458984375 26.265039062499994, -111.33212890624999 26.125439453124997, -111.33037109375 25.931347656249997, -111.29160156249999 25.789794921875, -111.149560546875 25.57260742187499, -111.034423828125 25.52695312499999, -111.013623046875 25.420312499999994, -110.8939453125 25.144238281249997, -110.7556640625 24.994580078124997, -110.686767578125 24.86767578125, -110.67724609375 24.788525390624997, -110.72900390625 24.671533203124994, -110.734521484375 24.58984375, -110.659326171875 24.341455078124994, -110.54697265624999 24.214160156250003, -110.42148437499999 24.183398437500003, -110.399658203125 24.16513671874999, -110.409619140625 24.13095703124999, -110.367431640625 24.100488281249994, -110.319970703125 24.139453125000003, -110.296826171875 24.194873046875003, -110.32089843749999 24.259179687499994, -110.32509765625 24.305957031250003, -110.303759765625 24.33945312499999, -110.262890625 24.344531250000003, -110.02280273437499 24.174609375000003, -109.98251953124999 24.109375, -109.89316406249999 24.033007812500003, -109.811328125 23.939013671875003, -109.77597656249999 23.864892578124994, -109.71054687499999 23.80380859374999, -109.6765625 23.661572265624997, -109.50961914062499 23.597900390625, -109.420849609375 23.480126953124994, -109.414990234375 23.405566406250003, -109.458056640625 23.214746093749994, -109.49570312499999 23.159814453124994, -109.63046874999999 23.078662109375003, -109.72841796875 22.981835937499994, -109.823046875 22.922167968750003, -109.92343749999999 22.885888671874994, -110.00625 22.89404296875, -110.08603515624999 23.00546874999999, -110.180615234375 23.341503906249997, -110.244091796875 23.412255859374994, -110.28876953125 23.51767578124999, -110.3626953125 23.604931640624997, -110.62998046874999 23.7373046875, -110.764892578125 23.877001953125003, -110.895556640625 23.970263671875003, -111.036181640625 24.105273437500003, -111.4193359375 24.329003906249994, -111.57822265624999 24.443017578124994, -111.68291015625 24.555810546874994, -111.750390625 24.554150390624997, -111.802490234375 24.542529296875003, -111.822265625 24.573388671874994, -111.8251953125 24.631787109374997, -111.84824218749999 24.670068359374994, -112.07255859375 24.840039062499997, -112.11904296875 24.934033203124997, -112.12851562499999 25.043115234374994, -112.05576171874999 25.488232421874997, -112.069873046875 25.57285156249999, -112.09335937499999 25.584374999999994, -112.11459960937499 25.63037109375, -112.119775390625 25.765527343749994, -112.173828125 25.91259765625, -112.37724609375 26.213916015624996, -112.6583984375 26.316748046875, -113.020751953125 26.583251953125, -113.11923828124999 26.716503906249997, -113.143212890625 26.792187499999997, -113.155810546875 26.946240234374997, -113.20576171875 26.856982421874996, -113.272265625 26.790966796874997, -113.42587890624999 26.795800781249994, -113.59853515625 26.7212890625, -113.70126953124999 26.791357421875, -113.756640625 26.870849609375, -113.840966796875 26.966503906249997, -113.9359375 26.985253906249994, -113.996484375 26.987695312499994, -114.11005859375 27.10595703125, -114.20185546875 27.143505859374997, -114.3333984375 27.158007812499996, -114.445263671875 27.218164062499994, -114.4796875 27.283593749999994, -114.498291015625 27.376220703125, -114.53989257812499 27.431103515624997, -114.715625 27.53955078125, -114.85874023437499 27.6591796875, -114.99350585937499 27.736035156249997, -115.033203125 27.798876953124996, -115.03647460937499 27.841845703124996, -114.82353515625 27.829931640625, -114.57001953125 27.783935546875, -114.448486328125 27.796875, -114.3005859375 27.872998046874997, -114.2890625 27.838574218749997, -114.30224609375 27.775732421875, -114.232666015625 27.718115234375, -114.13720703125 27.671435546874996, -114.0693359375 27.675683593749994, -114.13505859375 27.726611328124996, -114.17539062499999 27.83056640625, -114.15732421874999 27.867968749999996, -114.1583984375 27.919677734375, -114.25263671875 27.908007812499996, -114.265869140625 27.934472656249994, -114.18525390625 28.01328125, -114.092724609375 28.221337890624994, -114.048486328125 28.426171874999994, -114.1455078125 28.605419921874997, -114.309228515625 28.729931640624997, -114.664013671875 29.094580078125, -114.875927734375 29.281884765624994, -114.9373046875 29.351611328124996, -114.99350585937499 29.384423828124994, -115.16635742187499 29.42724609375, -115.311181640625 29.531933593749997, -115.56528320312499 29.680029296875, -115.673828125 29.756396484374996, -115.748681640625 29.935742187499997, -115.80830078125 29.960205078125, -115.78955078125 30.084179687499997, -115.815625 30.303613281249994, -115.858203125 30.359814453124997, -115.99580078125 30.414453124999994, -116.028564453125 30.56357421875, -116.0353515625 30.705468749999994, -116.062158203125 30.804150390624997, -116.2962890625 30.970507812499996, -116.30961914062499 31.050976562499997, -116.30966796875 31.127343749999994, -116.333447265625 31.202783203124994, -116.45849609375 31.360986328124994, -116.6095703125 31.499072265624996, -116.66215820312499 31.564892578124997, -116.66845703125 31.698632812499994, -116.7220703125 31.734570312499997, -116.70170898437499 31.74365234375, -116.652099609375 31.74033203125, -116.623876953125 31.758007812499997, -116.62080078125 31.85107421875, -116.847998046875 31.997363281249996, -116.913671875 32.198535156249996, -117.034765625 32.305029296875, -117.063134765625 32.343603515625, -117.13046875 32.53974609375, -117.13740234375 32.649169921875, -117.183740234375 32.687890624999994, -117.24345703124999 32.664013671875, -117.270703125 32.80625, -117.25576171875 32.873388671875, -117.26298828124999 32.938867187499994, -117.31884765625 33.100048828125, -117.467431640625 33.2955078125, -117.788525390625 33.538476562499994, -117.952099609375 33.61962890625, -118.080517578125 33.72216796875, -118.16191406249999 33.75068359375, -118.264404296875 33.758593749999996, -118.294189453125 33.712304687499994, -118.41044921874999 33.743945312499996, -118.39296875 33.858300781249994, -118.506201171875 34.017382812499996, -118.598828125 34.035009765625, -118.83203125 34.024462890624996, -119.14375 34.11201171875, -119.23583984375 34.164111328124996, -119.26767578125 34.257421875, -119.413671875 34.33857421875, -119.6060546875 34.418017578124996, -119.71318359374999 34.399658203125, -119.85332031249999 34.411962890625, -120.052978515625 34.469287109374996, -120.16953125 34.476464843749994, -120.396484375 34.4595703125, -120.481201171875 34.471630859375, -120.559814453125 34.543896484375, -120.644677734375 34.579980468749994, -120.626708984375 34.6689453125, -120.63759765625 34.749365234375, -120.62490234375 34.811962890625, -120.663037109375 34.949267578124996, -120.63359374999999 35.076464843749996, -120.65908203125 35.122412109375, -120.70703125 35.157666015625, -120.857373046875 35.20966796875, -120.88486328125 35.274951171874996, -120.860302734375 35.3654296875, -120.899609375 35.425097656249996, -121.0228515625 35.480761718749996, -121.137939453125 35.60712890625, -121.283837890625 35.676318359374996, -121.34384765625 35.792236328125, -121.433740234375 35.8638671875, -121.464990234375 35.927392578124994, -121.66435546874999 36.154052734375, -121.877392578125 36.3310546875, -121.91015625 36.432910156249996, -121.91865234375 36.57236328125, -121.83515625 36.657470703125, -121.789990234375 36.732275390625, -121.79453125 36.8009765625, -121.80742187499999 36.851220703124994, -121.88066406249999 36.938916015625, -122.164208984375 36.990966796875, -122.394921875 37.20751953125, -122.408447265625 37.37314453125, -122.49921875 37.542626953124994, -122.500439453125 37.652783203125, -122.51420898437499 37.77197265625, -122.44560546874999 37.797998046874994, -122.38408203124999 37.788525390625, -122.390283203125 37.741064453125, -122.3697265625 37.655859375, -122.297607421875 37.591845703124996, -122.228662109375 37.563916015625, -122.166015625 37.50166015625, -122.11904296875 37.482812499999994, -122.0705078125 37.478271484375, -122.096533203125 37.518212890624994, -122.12412109375 37.543798828125, -122.158056640625 37.62646484375, -122.22221679687499 37.73203125, -122.29599609375 37.790332031249996, -122.333447265625 37.89658203125, -122.365478515625 37.921191406249996, -122.38544921875 37.960595703124994, -122.31425781249999 38.00732421875, -122.217041015625 38.040625, -122.08671874999999 38.049609374999996, -121.71684570312499 38.034082031249994, -121.6380859375 38.061279296875, -121.572998046875 38.052392578124994, -121.525341796875 38.055908203125, -121.625732421875 38.083935546875, -121.6822265625 38.0748046875, -121.7486328125 38.080468749999994, -121.88076171875 38.074999999999996, -121.9341796875 38.086816406249994, -121.993115234375 38.1201171875, -122.031494140625 38.12353515625, -122.153759765625 38.06552734375, -122.20830078124999 38.072558593749996, -122.337109375 38.135888671874994, -122.39335937499999 38.144824218749996, -122.48388671875 38.108837890625, -122.49492187499999 37.953564453125, -122.46689453125 37.838183593749996, -122.521337890625 37.826416015625, -122.5841796875 37.874072265624996, -122.68071289062499 37.90234375, -122.760400390625 37.945654296875, -122.87294921875 38.02607421875, -122.931982421875 38.055468749999996, -122.998779296875 37.988623046875, -123.00146484375 38.019287109375, -122.9681640625 38.097021484375, -122.97758789062499 38.227343749999996, -122.876806640625 38.123339843749996, -122.908154296875 38.196582031249996, -122.9865234375 38.277099609375, -123.04619140624999 38.305078124999994, -123.12114257812499 38.449267578124996, -123.28974609375 38.53583984375, -123.4248046875 38.675634765625, -123.701123046875 38.907275390624996, -123.71953124999999 39.110986328124994, -123.8203125 39.368408203125, -123.777783203125 39.514941406249996, -123.78349609374999 39.618701171874996, -123.83291015625 39.77548828125, -123.88447265625 39.860791015625, -124.10849609375 40.094531249999996, -124.32402343749999 40.251953125, -124.35654296875 40.37109375, -124.3716796875 40.4912109375, -124.28369140625 40.710546875, -124.25390625 40.740283203124996, -124.242333984375 40.727880859375, -124.2505859375 40.703906249999996, -124.22001953124999 40.696484375, -124.208447265625 40.74609375, -124.19023437499999 40.771728515625, -124.222509765625 40.775048828124994, -124.219189453125 40.79072265625, -124.13310546874999 40.969775390624996, -124.1400390625 41.155908203124994, -124.068505859375 41.384179687499994, -124.071923828125 41.459521484374996, -124.11767578125 41.621728515624994, -124.163232421875 41.718994140625, -124.24462890625 41.787939453125, -124.208740234375 41.888574218749994, -124.211669921875 41.984619140625, -124.35527343749999 42.122900390625, -124.410009765625 42.304345703124994, -124.4205078125 42.381005859374994, -124.40615234375 42.58369140625, -124.443798828125 42.670214843749996, -124.5396484375 42.812890624999994, -124.49858398437499 42.936865234375, -124.454443359375 43.012353515624994, -124.34658203125 43.341650390625, -124.32060546874999 43.368212890624996, -124.27548828125 43.3673828125, -124.196923828125 43.42333984375, -124.233154296875 43.436376953125, -124.28798828125 43.409716796874996, -124.239208984375 43.5400390625, -124.18437499999999 43.6515625, -124.14873046874999 43.691748046875, -124.13066406249999 44.0556640625, -124.09916992187499 44.333789062499996, -124.0474609375 44.42548828125, -124.0654296875 44.520068359374996, -124.04453125 44.648242187499996, -124.0591796875 44.777734374999994, -123.948583984375 45.400830078125, -123.9630859375 45.47607421875, -123.929345703125 45.576953124999996, -123.96123046874999 45.84296875, -123.947119140625 46.140576171875, -123.975244140625 46.1783203125, -123.98930664062499 46.219384765624994, -123.96293945312499 46.225439453125, -123.91166992187499 46.182177734374996, -123.67363281249999 46.1826171875, -123.521630859375 46.22265625, -123.46635742187499 46.209423828125, -123.402294921875 46.15498046875, -123.32158203124999 46.143994140625, -123.22060546875 46.153613281249996, -123.251318359375 46.167285156249996, -123.298681640625 46.170849609375, -123.404736328125 46.220996093749996, -123.46484375 46.27109375, -123.650341796875 46.267724609374994, -123.68837890625 46.299853515624996, -123.895703125 46.2677734375, -123.95976562499999 46.300732421875, -124.07275390625 46.279443359374994, -124.0451171875 46.372900390625, -124.0501953125 46.490527343749996, -124.0443359375 46.605078125, -124.01640624999999 46.521386718749994, -123.946142578125 46.432568359375, -123.91240234374999 46.533349609374994, -123.88916015625 46.660009765625, -123.95771484375 46.70869140625, -124.0716796875 46.744775390624994, -124.112548828125 46.862695312499994, -123.84287109375 46.963183593749996, -123.98603515625 46.98447265625, -124.042236328125 47.029687499999994, -124.11171875 47.035205078124996, -124.116796875 47.000341796875, -124.1392578125 46.9546875, -124.16357421875 47.01533203125, -124.1705078125 47.086669921875, -124.198828125 47.208544921874996, -124.30927734375 47.404589843749996, -124.37602539062499 47.658642578125, -124.46005859375 47.784228515624996, -124.62109375 47.904150390625, -124.6630859375 47.97412109375, -124.70166015625 48.151660156249996, -124.67998046874999 48.285888671875, -124.7099609375 48.38037109375, -124.63261718749999 48.375048828124996, -124.429052734375 48.30078125, -124.17548828125 48.242431640625, -124.098779296875 48.199999999999996, -123.97578125 48.16845703125, -123.29443359375 48.119531249999994, -123.24990234375 48.12421875, -123.161865234375 48.154541015625, -123.1244140625 48.150927734374996, -123.02421874999999 48.081591796874996, -122.973876953125 48.073291015624996, -122.90888671875 48.076904296875, -122.86088867187499 48.0900390625, -122.77861328124999 48.137597656249994, -122.767529296875 48.120019531249994, -122.76909179687499 48.075976562499996, -122.73974609375 48.013232421874996, -122.67949218749999 47.931787109374994, -122.656640625 47.881152343749996, -122.77841796875 47.738427734374994, -122.8017578125 47.7353515625, -122.80537109375 47.783642578125, -122.82138671875 47.7931640625, -123.050634765625 47.551953125, -123.1310546875 47.437744140625, -123.136328125 47.355810546875, -123.10419921875 47.348388671875, -123.030908203125 47.360205078125, -122.92216796874999 47.407666015625, -122.91689453125 47.41796875, -123.066796875 47.399658203125, -123.06015625 47.453662109374996, -123.04863281249999 47.479345703125, -122.98247070312499 47.559374999999996, -122.91289062499999 47.607373046875, -122.8140625 47.658544921875, -122.75712890624999 47.700537109375, -122.71787109375 47.762109374999994, -122.608154296875 47.835498046874996, -122.587890625 47.85595703125, -122.59267578125 47.916406249999994, -122.58574218749999 47.927880859374994, -122.5328125 47.919726562499996, -122.51079101562499 47.815722656249996, -122.52392578125 47.769335937499996, -122.618408203125 47.712792968749994, -122.63017578124999 47.692822265625, -122.613623046875 47.615624999999994, -122.628271484375 47.608154296875, -122.664306640625 47.617236328124996, -122.67548828125 47.612353515624996, -122.58583984375 47.52841796875, -122.55742187499999 47.463183593749996, -122.553564453125 47.404931640624994, -122.577880859375 47.2931640625, -122.60390625 47.274609375, -122.6486328125 47.2814453125, -122.70771484375 47.31640625, -122.7208984375 47.305126953125, -122.7677734375 47.218359375, -122.78330078125 47.225976562499994, -122.81254882812499 47.328955078125, -122.828466796875 47.336572265624994, -122.91953125 47.2896484375, -122.956201171875 47.244580078125, -122.987646484375 47.17255859375, -123.027587890625 47.138916015625, -122.91416015625 47.131494140624994, -122.811962890625 47.14599609375, -122.7298828125 47.11181640625, -122.70195312499999 47.110888671874996, -122.62705078125 47.14423828125, -122.604150390625 47.1669921875, -122.5421875 47.2755859375, -122.511083984375 47.29501953125, -122.46484375 47.295800781249994, -122.4201171875 47.312109375, -122.35380859374999 47.37158203125, -122.35112304687499 47.39521484375, -122.375244140625 47.528369140624996, -122.368359375 47.603906249999994, -122.38076171875 47.627832031249994, -122.410498046875 47.652636718749996, -122.40678710937499 47.6767578125, -122.383642578125 47.716455078124994, -122.381982421875 47.752343749999994, -122.401806640625 47.78427734375, -122.39287109374999 47.820556640625, -122.330322265625 47.8986328125, -122.31845703125 47.933056640625, -122.24199218749999 48.0107421875, -122.26127929687499 48.042041015624996, -122.31748046875 48.08017578125, -122.352978515625 48.113818359374996, -122.388671875 48.166357421875, -122.41582031249999 48.183935546875, -122.42470703125 48.175927734374994, -122.38662109375 48.08994140625, -122.394775390625 48.084130859374994, -122.49404296875 48.13046875, -122.5169921875 48.15966796875, -122.529150390625 48.19931640625, -122.52031249999999 48.2291015625, -122.467041015625 48.25849609375, -122.40336914062499 48.269189453124994, -122.408544921875 48.293896484375, -122.488427734375 48.374316406249996, -122.541650390625 48.410937499999996, -122.58256835937499 48.428662109375, -122.63779296875 48.43330078125, -122.6625 48.44638671875, -122.66899414062499 48.465234374999994, -122.65727539062499 48.489990234375, -122.62797851562499 48.497900390625, -122.54267578125 48.48798828125, -122.49677734375 48.50556640625, -122.50107421875 48.537499999999994, -122.514794921875 48.55517578125, -122.51274414062499 48.66943359375, -122.5451171875 48.7623046875, -122.56201171875 48.777978515624994, -122.58017578125 48.779589843749996, -122.59941406249999 48.76708984375, -122.65302734375 48.7638671875, -122.6859375 48.794287109375, -122.72246093749999 48.85302734375, -122.78876953125 48.993017578125, -122.82670898437499 49.02841796875, -122.924169921875 49.074658203125, -122.96269531249999 49.074609374999994, -123.002294921875 49.060888671875, -123.02724609375 49.038525390625, -123.06328124999999 48.977734375, -123.077294921875 48.980224609375, -123.117626953125 49.05634765625, -123.109326171875 49.084619140624994, -123.077294921875 49.118359375, -123.079541015625 49.130615234375, -123.150146484375 49.121044921875, -123.181884765625 49.1294921875, -123.19633789062499 49.147705078125, -123.191064453125 49.219531249999996, -123.229443359375 49.260498046875, -123.183935546875 49.277734374999994, -123.06728515625 49.291552734374996, -122.94765625 49.293261718749996, -122.91298828125 49.323193359375, -122.8791015625 49.39892578125, -122.964453125 49.329345703125, -123.01552734375 49.322167968749994, -123.174267578125 49.348193359374996, -123.2767578125 49.3439453125, -123.29052734375 49.35947265625, -123.286279296875 49.374951171875, -123.2640625 49.390478515625, -123.247705078125 49.443017578124994, -123.222998046875 49.590478515624994, -123.190673828125 49.644287109375, -123.17958984375 49.67353515625, -123.1875 49.680322265624994, -123.32499999999999 49.577685546874996, -123.336669921875 49.5451171875, -123.322412109375 49.516992187499994, -123.33564453125 49.4591796875, -123.39897460937499 49.44189453125, -123.436962890625 49.451318359374994, -123.508203125 49.40244140625, -123.53056640624999 49.397314453125, -123.85893554687499 49.482861328125, -123.891845703125 49.4947265625, -123.948388671875 49.534716796874996, -124.02861328124999 49.602880859375, -124.05380859375 49.66171875, -124.0240234375 49.711328124999994, -123.992626953125 49.736181640625, -123.95952148437499 49.736181640625, -123.92275390625 49.717529296875, -123.847119140625 49.636669921875, -123.81718749999999 49.586572265624994, -123.73906249999999 49.593554687499996, -123.612744140625 49.657568359375, -123.582470703125 49.68125, -123.70830078124999 49.65693359375, -123.7626953125 49.658496093749996, -123.818017578125 49.68515625, -123.8744140625 49.73681640625, -123.90380859375 49.795458984374996, -123.904248046875 49.98115234375, -123.8849609375 50.017041015625, -123.823828125 50.043701171875, -123.78466796875 50.08798828125, -123.7876953125 50.106738281249996, -123.825439453125 50.14423828125, -123.880126953125 50.173632812499996, -123.93359375 50.188281249999996, -123.9458984375 50.183935546875, -123.863037109375 50.102587890624996, -123.86572265625 50.072070312499996, -123.957421875 49.9927734375, -123.97138671875 49.969531249999996, -123.972119140625 49.892041015625, -123.98491210937499 49.8755859375, -124.0587890625 49.853662109374994, -124.1416015625 49.79267578125, -124.28125 49.772119140624994, -124.41259765625 49.778124999999996, -124.483251953125 49.808203125, -124.702294921875 49.957666015624994, -124.782373046875 50.0201171875, -124.78427734375 50.072802734374996, -124.9341796875 50.258056640625, -124.933349609375 50.297900390624996, -124.985595703125 50.355615234374994, -125.043603515625 50.36376953125, -125.05668945312499 50.41865234375, -124.93681640624999 50.537402343749996, -124.862646484375 50.6373046875, -124.854248046875 50.66865234375, -124.85751953125 50.717333984374996, -124.875439453125 50.825634765625, -124.85986328125 50.872412109375, -124.93359375 50.810595703124996, -124.94926757812499 50.764697265624996, -124.9310546875 50.718408203124994, -124.942529296875 50.665673828124994, -124.98540039062499 50.591943359374994, -125.0587890625 50.5138671875, -125.20986328125 50.476318359375, -125.476318359375 50.49716796875, -125.507177734375 50.507275390625, -125.5259765625 50.534130859375, -125.53935546874999 50.6490234375, -125.55556640625 50.63486328125, -125.58583984375 50.573632812499994, -125.61015624999999 50.48603515625, -125.64130859375 50.466210937499994, -125.69755859374999 50.46455078125, -125.7412109375 50.478564453124996, -125.772412109375 50.508203124999994, -125.839599609375 50.510644531249994, -125.9650390625 50.487353515624996, -126.0943359375 50.497607421874996, -126.236572265625 50.523291015625, -126.4044921875 50.5298828125, -126.449951171875 50.549707031249994, -126.4474609375 50.587744140625, -126.41611328125 50.606982421874996, -126.238916015625 50.623828124999996, -126.067236328125 50.664306640625, -125.897607421875 50.684374999999996, -125.90410156249999 50.704931640625, -125.980712890625 50.711376953125, -126.3703125 50.666748046875, -126.49296874999999 50.672119140625, -126.51435546875 50.67939453125, -126.517333984375 50.724462890625, -126.47221679687499 50.76728515625, -126.397119140625 50.807080078125, -126.374609375 50.837353515625, -126.418212890625 50.8501953125, -126.48818359375 50.841845703124996, -126.52177734374999 50.866064453125, -126.484619140625 50.960498046874996, -126.517333984375 51.0568359375, -126.562890625 50.965478515624994, -126.631787109375 50.91513671875, -126.960400390625 50.893701171874994, -127.0140625 50.866796875, -127.057568359375 50.867529296875, -127.26748046875 50.916064453124996, -127.35693359375 50.945556640625, -127.70810546875 51.151171874999996, -127.714306640625 51.26865234375, -127.68916015625 51.34345703125, -127.63271484375 51.427294921874996, -127.419677734375 51.608056640625, -127.34658203125 51.642382812499996, -127.2806640625 51.654101562499996, -126.968115234375 51.669921875, -126.73540039062499 51.692626953125, -126.69145507812499 51.703417968749996, -127.03408203125 51.71669921875, -127.338720703125 51.707373046875, -127.442724609375 51.678955078125, -127.57573242187499 51.562939453125, -127.644873046875 51.478466796875, -127.668701171875 51.477587890624996, -127.7140625 51.490185546875, -127.7287109375 51.505517578124994, -127.747509765625 51.5435546875, -127.8189453125 51.60390625, -127.850537109375 51.673193359375, -127.869140625 51.775244140625, -127.863232421875 51.82080078125, -127.82998046875 51.87900390625, -127.72763671875 51.993212890624996, -127.8587890625 51.990283203124996, -127.84331054687499 52.086474609374996, -127.795361328125 52.191015625, -127.67333984375 52.2529296875, -127.54970703125 52.297607421875, -127.437939453125 52.35615234375, -127.24223632812499 52.3951171875, -127.175732421875 52.31484375, -127.007958984375 52.290673828125, -126.95947265625 52.254541015625, -126.9 52.188330078125, -126.826318359375 52.125146484375, -126.73857421874999 52.06494140625, -126.71396484375 52.060693359375, -126.75263671875 52.112353515624996, -126.89521484375 52.22548828125, -126.90141601562499 52.26533203125, -126.93818359375 52.30859375, -127.12705078125 52.370947265625, -127.160595703125 52.394873046875, -127.193994140625 52.457666015625, -127.208251953125 52.4982421875, -127.187109375 52.5376953125, -126.99521484375 52.65791015625, -126.951318359375 52.721240234374996, -126.9513671875 52.751025390624996, -126.96640625 52.78466796875, -127.008251953125 52.842578124999996, -127.01933593749999 52.84248046875, -127.00639648437499 52.75458984375, -127.01323242187499 52.719970703125, -127.03486328125 52.68173828125, -127.06621093749999 52.652685546875, -127.107080078125 52.6328125, -127.51923828125 52.35927734375, -127.560302734375 52.343212890625, -127.71337890625 52.318505859375, -127.79189453125 52.289355468749996, -127.834326171875 52.2509765625, -127.902197265625 52.15087890625, -127.99541015624999 51.950537109375, -128.10224609375 51.788427734375, -128.1935546875 51.998291015625, -128.3576171875 52.15888671875, -128.0375 52.318164062499996, -128.029150390625 52.34248046875, -128.060302734375 52.427539062499996, -128.0515625 52.4533203125, -128.0212890625 52.490673828125, -127.94023437499999 52.545166015625, -127.943359375 52.550732421875, -128.038232421875 52.53115234375, -128.183984375 52.40791015625, -128.240966796875 52.36826171875, -128.271533203125 52.36298828125, -128.275146484375 52.435498046875, -128.19677734375 52.623291015625, -128.132373046875 52.805810546875, -128.1087890625 52.858056640625, -128.053271484375 52.910693359374996, -128.10595703125 52.906884765625, -128.3650390625 52.82578125, -128.451953125 52.876611328125, -128.52470703125 53.140673828124996, -128.65234375 53.24384765625, -128.8685546875 53.328125, -129.080908203125 53.36728515625, -129.129541015625 53.44228515625, -129.17158203125 53.53359375, -129.114453125 53.64111328125, -129.021435546875 53.692138671875, -128.935595703125 53.715185546875, -128.85458984375 53.704541015625, -128.850439453125 53.665185546875, -128.905615234375 53.559326171875, -128.833056640625 53.5494140625, -128.542138671875 53.420654296875, -128.47861328125 53.410302734375, -128.358056640625 53.459814453125, -128.291064453125 53.457861328125, -128.13271484375 53.417773437499996, -128.07919921875 53.369433593749996, -127.92783203125 53.274707031249996, -127.950048828125 53.329833984375, -128.11513671875 53.445947265625, -128.2072265625 53.483203124999996, -128.369140625 53.490380859375, -128.46962890625 53.4708984375, -128.511767578125 53.4765625, -128.600341796875 53.506103515625, -128.675537109375 53.55458984375, -128.75078125 53.66083984375, -128.76787109375 53.710205078125, -128.763671875 53.746874999999996, -128.745947265625 53.78017578125, -128.71474609375 53.810009765625, -128.652880859375 53.831640625, -128.56044921875 53.845068359375, -128.53212890625 53.85810546875, -128.65087890625 53.91884765625, -128.70478515625 53.918603515625, -128.890185546875 53.82978515625, -128.92783203125 53.822802734374996, -128.943994140625 53.8400390625, -128.959375 53.841455078125, -129.01396484375 53.7974609375, -129.056396484375 53.777783203125, -129.20810546875 53.6416015625, -129.23173828125 53.576416015625, -129.24033203125 53.479052734374996, -129.257861328125 53.41796875, -129.28427734375 53.3931640625, -129.46240234375 53.34658203125, -129.563720703125 53.25146484375, -129.82177734375 53.412744140625, -129.911865234375 53.5513671875, -130.074365234375 53.575634765625, -130.26328125 53.654150390625, -130.33525390625 53.723925781249996, -130.232861328125 53.867431640625, -130.0859375 53.97578125, -130.063525390625 54.1056640625, -130.043310546875 54.133544921875, -129.790771484375 54.165771484375, -129.626025390625 54.230273437499996, -129.794970703125 54.236132812499996, -129.8984375 54.226367187499996, -130.084228515625 54.181396484375, -130.29033203125 54.270361328125, -130.39677734375 54.35166015625, -130.4302734375 54.42099609375, -130.39345703125 54.479638671875, -130.388623046875 54.539355468749996, -130.37001953125 54.62001953125, -130.35048828125 54.655322265624996, -130.3072265625 54.70029296875, -130.2189453125 54.730273437499996, -130.140869140625 54.82275390625, -130.108642578125 54.887255859374996, -129.94853515625 55.0810546875, -129.89013671875 55.1646484375, -129.78076171875 55.28046875, -129.56064453125 55.462548828125, -129.630126953125 55.45224609375, -129.666650390625 55.436669921875, -129.701318359375 55.43857421875, -129.7341796875 55.4580078125, -129.765478515625 55.4982421875, -129.795166015625 55.5595703125, -129.8119140625 55.5326171875, -129.815625 55.417578125, -129.837744140625 55.319091796875, -129.8771484375 55.250634765625, -129.985205078125 55.111474609375, -130.048486328125 55.057275390625, -130.091796875 55.107763671875, -130.0583984375 55.194775390625, -129.995849609375 55.2640625, -129.98515625 55.358837890625, -130.04404296875 55.471923828125, -130.07998046875 55.562890625, -130.09296875 55.6318359375, -130.094677734375 55.694775390625, -130.085107421875 55.751708984375, -130.0603515625 55.813720703125, -130.0203125 55.88076171875, -130.02509765625 55.888232421874996, -130.074658203125 55.83603515625, -130.111962890625 55.77978515625, -130.137060546875 55.719384765625, -130.146533203125 55.6544921875, -130.1404296875 55.585009765624996, -130.12041015625 55.5244140625, -130.05947265625 55.4123046875, -130.0392578125 55.343603515625, -130.036572265625 55.297900390624996, -130.171826171875 55.137011718749996, -130.218505859375 55.06025390625, -130.20390625 54.947021484375, -130.3494140625 54.81455078125, -130.535498046875 54.74873046875, -130.6158203125 54.79091796875, -130.849609375 54.8076171875, -130.934619140625 54.950390625, -130.9796875 55.061181640625, -131.0478515625 55.157666015625, -131.0458984375 55.17958984375, -130.983935546875 55.243945312499996, -130.750390625 55.29697265625, -130.748193359375 55.318017578125, -130.83505859375 55.332080078124996, -130.85595703125 55.355126953125, -130.87978515625 55.459521484374996, -130.873388671875 55.551123046875, -130.879638671875 55.61181640625, -130.9185546875 55.735986328125, -130.977001953125 55.811962890625, -131.127685546875 55.96015625, -131.140380859375 55.997509765625, -131.0740234375 56.044384765625, -131.032763671875 56.0880859375, -131.28759765625 56.012109375, -131.63525390625 55.9322265625, -131.7841796875 55.8765625, -131.815478515625 55.85419921875, -131.826171875 55.8353515625, -131.799072265625 55.7828125, -131.803271484375 55.765966796875, -131.83359375 55.734912109374996, -131.86943359375 55.64716796875, -131.94501953125 55.554150390625, -131.9833984375 55.535009765625, -132.118994140625 55.569775390625, -132.155419921875 55.599560546875, -132.2234375 55.721044921875, -132.20751953125 55.75341796875, -132.157958984375 55.7806640625, -132.090673828125 55.83955078125, -132.005712890625 55.930078125, -131.84384765625 56.160107421875, -131.738037109375 56.16123046875, -131.5513671875 56.206787109375, -131.84423828125 56.229638671875, -131.887890625 56.241650390625, -131.927294921875 56.272998046874996, -131.9623046875 56.323681640625, -132.021923828125 56.380078125, -132.133251953125 56.399853515625, -132.18203125 56.420654296875, -132.25556640625 56.489111328125, -132.30498046875 56.519873046875, -132.33203125 56.557910156249996, -132.336669921875 56.603125, -132.357666015625 56.62587890625, -132.434423828125 56.634130859375, -132.475927734375 56.649658203125, -132.487109375 56.766406249999996, -132.639501953125 56.796435546874996, -132.701953125 56.822265625, -132.802197265625 56.895166015625, -132.8298828125 56.930615234375, -132.838818359375 56.960205078125, -132.8142578125 57.04072265625, -132.824609375 57.055810546875, -132.913427734375 57.0474609375, -133.465869140625 57.172167968749996, -133.436669921875 57.336865234375, -133.53896484375 57.554150390625, -133.64873046875 57.64228515625, -133.626953125 57.676513671875, -133.603369140625 57.694677734375, -133.55419921875 57.695068359375, -133.342333984375 57.631103515625, -133.142822265625 57.555126953125, -133.117041015625 57.566210937499996, -133.4357421875 57.72705078125, -133.515478515625 57.775146484375, -133.535205078125 57.832958984375, -133.53642578125 57.8638671875, -133.5111328125 57.880126953125, -133.212060546875 57.865673828125, -133.1943359375 57.877685546875, -133.497412109375 57.924658203125, -133.559375 57.924462890625, -133.625732421875 57.856982421874996, -133.657275390625 57.841015625, -133.722314453125 57.84423828125, -133.744140625 57.85458984375, -133.82138671875 57.936376953125, -133.894482421875 57.99326171875, -134.031103515625 58.072167968749994, -134.05673828125 58.128369140625, -134.063330078125 58.211083984374994, -134.045263671875 58.2892578125, -133.933642578125 58.46787109375, -133.888525390625 58.49873046875, -133.8767578125 58.5181640625, -133.9111328125 58.515234375, -133.94384765625 58.498291015625, -134.0361328125 58.41533203125, -134.131201171875 58.279345703125, -134.208837890625 58.232958984375, -134.2576171875 58.244189453125, -134.3314453125 58.299609375, -134.48544921875 58.3671875, -134.663623046875 58.384716796875, -134.776123046875 58.453857421875, -134.942529296875 58.6462890625, -134.964794921875 58.7421875, -134.9861328125 58.765625, -135.07646484375 58.796777343749994, -135.1318359375 58.84287109375, -135.2173828125 59.076611328125, -135.330322265625 59.2390625, -135.358447265625 59.32490234375, -135.34892578125 59.410058593749994, -135.363671875 59.41943359375, -135.4025390625 59.353076171875, -135.412744140625 59.31845703125, -135.48408203125 59.30869140625, -135.416943359375 59.24150390625, -135.400146484375 59.207910156249994, -135.50234375 59.202294921874994, -135.3861328125 59.087548828124994, -135.33408203125 58.909619140625, -135.25703125 58.777734374999994, -135.207080078125 58.6708984375, -135.1845703125 58.589746093749994, -135.151904296875 58.51220703125, -135.06201171875 58.340869140625, -135.04970703125 58.306787109374994, -135.060498046875 58.27890625, -135.090234375 58.245849609375, -135.141552734375 58.2333984375, -135.3025390625 58.255908203125, -135.363134765625 58.298291015625, -135.449951171875 58.376123046874994, -135.57177734375 58.412060546875, -135.8734375 58.39423828125, -135.89755859375 58.4001953125, -135.896337890625 58.463818359375, -135.86171875 58.577050781249994, -135.88955078125 58.622705078124994, -136.0455078125 58.789111328125, -136.043115234375 58.821630859375, -135.8263671875 58.89794921875, -135.931689453125 58.903759765625, -136.0166015625 58.873974609375, -136.049365234375 58.893212890624994, -136.100634765625 58.999853515625, -136.13369140625 59.03955078125, -136.150048828125 59.048095703125, -136.15947265625 58.94677734375, -136.12353515625 58.893457031249994, -136.118408203125 58.86259765625, -136.124169921875 58.81962890625, -136.146826171875 58.788818359375, -136.186328125 58.770166015624994, -136.225830078125 58.765478515625, -136.2990234375 58.7869140625, -136.3802734375 58.827294921874994, -136.451171875 58.846337890624994, -136.477587890625 58.8625, -136.511181640625 58.907080078125, -136.5662109375 58.94091796875, -136.83095703125 58.983837890625, -136.989013671875 59.03447265625, -137.0021484375 59.021142578124994, -136.95283203125 58.966943359374994, -136.948046875 58.934912109375, -136.987890625 58.925146484375, -137.059033203125 58.87373046875, -137.03837890625 58.866650390625, -136.963037109375 58.883544921875, -136.8791015625 58.88154296875, -136.74013671875 58.8501953125, -136.613916015625 58.80927734375, -136.568212890625 58.786328125, -136.54931640625 58.752392578125, -136.53349609375 58.740234375, -136.410107421875 58.700634765625, -136.40419921875 58.67978515625, -136.483740234375 58.61767578125, -136.319873046875 58.624462890625, -136.224609375 58.60224609375, -136.102880859375 58.506298828125, -136.061474609375 58.452734375, -136.05595703125 58.384179687499994, -136.08125 58.364208984375, -136.129638671875 58.350390625, -136.46240234375 58.327978515625, -136.5826171875 58.24521484375, -136.607421875 58.243994140625, -136.69892578125 58.266455078125, -136.864990234375 58.332421874999994, -137.071923828125 58.39521484375, -137.543994140625 58.581201171874994, -137.55693359375 58.58994140625, -137.564599609375 58.625878906249994, -137.5970703125 58.64423828125, -137.661083984375 58.659912109375, -137.75 58.707080078125, -137.863720703125 58.785546874999994, -137.933984375 58.846875, -137.960888671875 58.891015624999994, -138.026904296875 58.941455078125, -138.24072265625 59.046826171875, -138.352490234375 59.087304687499994, -138.451318359375 59.110107421875, -138.537158203125 59.115087890625, -138.560302734375 59.129150390625, -138.520703125 59.152246093749994, -138.514892578125 59.165917968749994, -138.70419921875 59.187548828125, -138.884326171875 59.2369140625, -139.340966796875 59.375634765624994, -139.576806640625 59.462451171875, -139.714453125 59.503955078125, -139.773291015625 59.527294921875, -139.79912109375 59.546240234375, -139.766064453125 59.566064453124994, -139.67412109375 59.586816406249994, -139.61162109375 59.610302734375, -139.513037109375 59.698095703125, -139.50556640625 59.726318359375, -139.55849609375 59.790185546874994, -139.582177734375 59.848291015624994, -139.58115234375 59.880517578124994, -139.569140625 59.912353515625, -139.5541015625 59.93330078125, -139.5123046875 59.953564453125, -139.4830078125 59.963769531249994, -139.446875 59.9568359375, -139.33095703125 59.877001953125, -139.3146484375 59.84794921875, -139.32001953125 59.738720703125, -139.28671875 59.6109375, -139.27626953125 59.620361328125, -139.265625 59.66259765625, -139.258740234375 59.743310546874994, -139.245703125 59.782080078125, -139.22080078125 59.819873046875, -139.178857421875 59.83984375, -139.048291015625 59.82822265625, -138.9880859375 59.835009765625, -139.24248046875 59.8927734375, -139.402490234375 60.0009765625, -139.4314453125 60.012255859375, -139.5189453125 60.01708984375, -139.611669921875 59.9734375, -139.8501953125 59.830712890624994, -139.91689453125 59.8056640625, -140.216748046875 59.72666015625, -140.41982421875 59.7107421875, -140.648388671875 59.723193359375, -140.8431640625 59.748876953125, -141.33193359375 59.873779296875, -141.40830078125 59.902783203125, -141.29462890625 59.980029296875, -141.28994140625 60.004150390625, -141.329541015625 60.0828125, -141.362158203125 60.1052734375, -141.408740234375 60.11767578125, -141.4216796875 60.108837890625, -141.42216796875 60.085498046875, -141.409716796875 60.04228515625, -141.4470703125 60.019433593749994, -141.53017578125 59.994775390624994, -141.670166015625 59.969873046874994, -142.1041015625 60.033447265625, -142.548583984375 60.08603515625, -142.945654296875 60.09697265625, -143.506103515625 60.055029296875, -143.805078125 60.012890625, -143.9794921875 60.0087890625, -144.147216796875 60.01640625, -144.1609375 60.045800781249994, -144.08427734375 60.063037109375, -144.088525390625 60.084326171875, -144.185498046875 60.150732421875, -144.3326171875 60.191015625, -144.52998046875 60.205224609374994, -144.64296875 60.224658203125, -144.67158203125 60.24921875, -144.74140625 60.272705078125, -144.85244140625 60.295068359374994, -144.901318359375 60.33515625, -144.862451171875 60.4591796875, -144.8244140625 60.533593749999994, -144.786572265625 60.584619140624994, -144.69111328125 60.669091796874994, -144.7244140625 60.662841796875, -144.8630859375 60.60087890625, -144.984033203125 60.5369140625, -145.09599609375 60.453662109375, -145.1626953125 60.415380859375, -145.248291015625 60.380126953125, -145.381787109375 60.388574218749994, -145.563134765625 60.44072265625, -145.71845703125 60.467578125, -145.84775390625 60.46923828125, -145.898876953125 60.478173828124994, -145.81064453125 60.524658203125, -145.759814453125 60.56201171875, -145.690234375 60.621972656249994, -145.67490234375 60.651123046875, -146.1490234375 60.660693359375, -146.16640625 60.692285156249994, -146.16708984375 60.71552734375, -146.18232421875 60.734765624999994, -146.251025390625 60.749072265625, -146.34716796875 60.738134765625, -146.502978515625 60.70078125, -146.570458984375 60.729150390624994, -146.54638671875 60.7451171875, -146.4955078125 60.756787109375, -146.3919921875 60.81083984375, -146.53193359375 60.8388671875, -146.603564453125 60.870947265625, -146.638427734375 60.897314453125, -146.63603515625 60.992529296875, -146.59912109375 61.053515625, -146.284912109375 61.112646484375, -146.384375 61.13583984375, -146.58271484375 61.127832031249994, -146.71591796875 61.077539062499994, -146.8740234375 61.0048828125, -146.98017578125 60.977783203125, -147.034326171875 60.99619140625, -147.10595703125 61.0025390625, -147.19501953125 60.996826171875, -147.2548828125 60.978271484375, -147.285595703125 60.94677734375, -147.32109375 60.92548828125, -147.361376953125 60.914501953125, -147.390576171875 60.918017578125, -147.4333984375 60.95029296875, -147.523291015625 60.9703125, -147.56728515625 60.994921875, -147.592578125 60.979443359375, -147.623291015625 60.933007812499994, -147.6556640625 60.909521484375, -147.8076171875 60.885400390624994, -147.89111328125 60.889892578125, -147.990771484375 60.948291015625, -148.005126953125 60.9685546875, -147.97119140625 61.01904296875, -147.75185546875 61.2189453125, -147.773779296875 61.217822265625, -147.84482421875 61.186376953125, -147.986376953125 61.106494140625, -148.0494140625 61.082666015624994, -148.15791015625 61.0796875, -148.20869140625 61.088281249999994, -148.27001953125 61.081787109375, -148.34189453125 61.060400390625, -148.38876953125 61.036962890625, -148.4107421875 61.011474609375, -148.395849609375 61.00712890625, -148.28740234375 61.03623046875, -148.22587890625 61.04404296875, -148.20869140625 61.029931640624994, -148.2931640625 60.939697265625, -148.34443359375 60.853564453125, -148.393310546875 60.831884765625, -148.471044921875 60.835498046875, -148.55615234375 60.827001953125, -148.557373046875 60.8029296875, -148.398681640625 60.734033203124994, -148.341259765625 60.72431640625, -148.26787109375 60.69970703125, -148.25673828125 60.67529296875, -148.284228515625 60.609326171875, -148.30498046875 60.583349609375, -148.338427734375 60.56982421875, -148.4677734375 60.5720703125, -148.5095703125 60.565234375, -148.596630859375 60.523779296875, -148.64013671875 60.489453125, -148.624267578125 60.48642578125, -148.54912109375 60.514794921874994, -148.43984375 60.52998046875, -148.29638671875 60.532080078125, -148.189453125 60.547119140625, -148.119189453125 60.575146484375, -148.05068359375 60.5671875, -147.984033203125 60.523339843749994, -147.964111328125 60.48486328125, -147.990966796875 60.45185546875, -148.04599609375 60.4283203125, -148.12919921875 60.414208984374994, -148.181689453125 60.39306640625, -148.203564453125 60.36494140625, -148.215869140625 60.323144531249994, -148.21865234375 60.26767578125, -148.197607421875 60.1677734375, -148.21376953125 60.154248046875, -148.291357421875 60.145458984375, -148.33310546875 60.122021484375, -148.430712890625 59.989111328125, -148.465087890625 59.97470703125, -148.5060546875 59.98896484375, -148.5423828125 59.98740234375, -148.574072265625 59.970068359375, -148.643603515625 59.9568359375, -148.75087890625 59.94775390625, -148.842724609375 59.951220703125, -149.004248046875 59.97998046875, -149.0701171875 60.000244140625, -149.12158203125 60.03349609375, -149.2666015625 59.998291015625, -149.304931640625 60.013671875, -149.395263671875 60.10576171875, -149.41484375 60.100244140624994, -149.4322265625 60.001025390625, -149.459716796875 59.966259765625, -149.549169921875 59.8943359375, -149.598046875 59.770458984375, -149.612890625 59.766845703125, -149.629638671875 59.78466796875, -149.68466796875 59.8953125, -149.7138671875 59.919580078124994, -149.794775390625 59.855810546875, -149.803662109375 59.83271484375, -149.782470703125 59.750341796875, -149.80126953125 59.737939453124994, -149.964990234375 59.782275390625, -150.005322265625 59.784423828125, -150.015966796875 59.776953125, -149.96015625 59.713037109374994, -149.96650390625 59.6900390625, -150.198046875 59.566552734374994, -150.25849609375 59.570947265624994, -150.296484375 59.583251953125, -150.338134765625 59.58134765625, -150.4853515625 59.535302734374994, -150.5259765625 59.5373046875, -150.58154296875 59.564599609374994, -150.607373046875 59.563378906249994, -150.621142578125 59.535058593749994, -150.622900390625 59.479638671874994, -150.67744140625 59.426953125, -150.852783203125 59.341845703125, -150.89931640625 59.302685546875, -150.934521484375 59.24912109375, -150.9607421875 59.243994140625, -151.06357421875 59.27841796875, -151.182763671875 59.30078125, -151.19921875 59.2896484375, -151.163037109375 59.25693359375, -151.170703125 59.2369140625, -151.222265625 59.229394531249994, -151.366357421875 59.24560546875, -151.477001953125 59.23056640625, -151.619384765625 59.1873046875, -151.73818359375 59.188525390625, -151.903857421875 59.259765625, -151.94951171875 59.265087890625, -151.9640625 59.285107421875, -151.931689453125 59.342724609375, -151.884619140625 59.386328125, -151.849951171875 59.40634765625, -151.692578125 59.46220703125, -151.5126953125 59.48271484375, -151.399609375 59.51630859375, -151.262109375 59.585595703124994, -151.189404296875 59.6376953125, -151.046484375 59.771826171875, -151.05732421875 59.782177734375, -151.089453125 59.789404296875, -151.403662109375 59.662255859374994, -151.45009765625 59.650390625, -151.51259765625 59.651269531249994, -151.763818359375 59.7, -151.816943359375 59.7208984375, -151.85322265625 59.782080078125, -151.783447265625 59.921142578125, -151.734521484375 59.988330078125, -151.611865234375 60.092041015625, -151.45146484375 60.20263671875, -151.39599609375 60.274462890625, -151.3126953125 60.466455078124994, -151.317529296875 60.553564453125, -151.355029296875 60.65986328125, -151.3564453125 60.72294921875, -151.32177734375 60.742919921875, -150.953759765625 60.841210937499994, -150.7794921875 60.914794921875, -150.441259765625 61.023583984374994, -150.34912109375 61.02265625, -150.281494140625 60.985205078125, -150.202783203125 60.955224609374994, -150.113037109375 60.9328125, -149.99755859375 60.93515625, -149.85625 60.962255859375, -149.632470703125 60.952001953125, -149.1728515625 60.880419921875, -149.07509765625 60.876416015625, -149.0712890625 60.885546875, -149.142236328125 60.935693359374994, -149.459130859375 60.964746093749994, -149.59248046875 60.99384765625, -149.967724609375 61.121728515624994, -150.053271484375 61.17109375, -150.0185546875 61.194238281249994, -149.9267578125 61.213281249999994, -149.8953125 61.23173828125, -149.88203125 61.263720703125, -149.82919921875 61.307519531249994, -149.7369140625 61.363330078125, -149.59599609375 61.41728515625, -149.329052734375 61.49736328125, -149.433544921875 61.50078125, -149.625439453125 61.48603515625, -149.695263671875 61.470703125, -149.82373046875 61.41337890625, -149.873681640625 61.372998046875, -149.94521484375 61.29423828125, -149.97568359375 61.279345703125, -150.108935546875 61.267919921875, -150.47177734375 61.2599609375, -150.533203125 61.300244140625, -150.567236328125 61.306787109374994, -150.612255859375 61.301123046875, -150.9455078125 61.1982421875, -151.064990234375 61.145703125, -151.150146484375 61.085839843749994, -151.281884765625 61.041943359375, -151.460107421875 61.014111328125, -151.593505859375 60.979638671874994, -151.733984375 60.9107421875, -151.781640625 60.857958984375, -151.784423828125 60.833154296874994, -151.75048828125 60.7548828125, -151.785107421875 60.740234375, -151.866162109375 60.73408203125, -151.996240234375 60.6822265625, -152.270703125 60.528125, -152.306591796875 60.472216796875, -152.305078125 60.453027343749994, -152.260302734375 60.409423828125, -152.29150390625 60.381103515625, -152.36884765625 60.336328124999994, -152.54091796875 60.2654296875, -152.653955078125 60.238427734374994, -152.727294921875 60.237060546875, -152.797900390625 60.24716796875, -152.923388671875 60.292871093749994, -153.025 60.295654296875, -153.03125 60.2892578125, -152.892919921875 60.240380859374994, -152.752392578125 60.177490234375, -152.66474609375 60.12529296875, -152.630126953125 60.0837890625, -152.628564453125 60.04111328125, -152.660107421875 59.997216796874994, -152.75947265625 59.9208984375, -152.85693359375 59.898095703124994, -153.1060546875 59.875048828125, -153.186376953125 59.856884765625, -153.21123046875 59.842724609375, -153.040087890625 59.810498046875, -153.024609375 59.793994140625, -153.04814453125 59.730029296875, -153.093603515625 59.709130859374994, -153.236181640625 59.670947265625, -153.364013671875 59.65986328125, -153.38349609375 59.6671875, -153.359619140625 59.71748046875, -153.366455078125 59.729833984375, -153.414404296875 59.740136718749994, -153.4826171875 59.720947265625, -153.6525390625 59.647021484375, -153.670703125 59.634814453125, -153.609375 59.6150390625, -153.622265625 59.598486328125, -153.71435546875 59.545263671875, -153.752587890625 59.50986328125, -153.81416015625 59.47373046875, -154.088330078125 59.36328125, -154.06748046875 59.336376953125, -154.138818359375 59.240136718749994, -154.1783203125 59.15556640625, -154.129833984375 59.119873046875, -153.899560546875 59.078027343749994, -153.787939453125 59.067919921875, -153.656396484375 59.038671875, -153.41826171875 58.9599609375, -153.33896484375 58.908544921875, -153.32705078125 58.884326171875, -153.334423828125 58.857861328125, -153.362939453125 58.822216796875, -153.43759765625 58.754833984375, -153.617333984375 58.654736328125, -153.698583984375 58.626367187499994, -153.821484375 58.6041015625, -153.861962890625 58.587841796875, -154.019873046875 58.49296875, -154.062451171875 58.441748046875, -154.055712890625 58.39716796875, -154.085888671875 58.3658203125, -154.289013671875 58.304345703124994, -154.281787109375 58.29345703125, -154.208056640625 58.28876953125, -154.235107421875 58.234619140625, -154.247021484375 58.159423828125, -154.282275390625 58.14677734375, -154.409228515625 58.147314453125, -154.57060546875 58.118066406249994, -154.58193359375 58.109765624999994, -154.584912109375 58.0556640625, -155.006884765625 58.016064453125, -155.099267578125 57.913330078125, -155.14736328125 57.8818359375, -155.312744140625 57.80712890625, -155.41396484375 57.77705078125, -155.529638671875 57.75888671875, -155.590234375 57.73359375, -155.595849609375 57.70107421875, -155.6287109375 57.673046875, -155.728955078125 57.626611328125, -155.777978515625 57.568212890625, -155.813671875 57.559033203125, -156.0001953125 57.544970703124996, -156.037353515625 57.526513671875, -156.05537109375 57.447558593749996, -156.089892578125 57.445068359375, -156.156005859375 57.463427734374996, -156.2421875 57.44921875, -156.435888671875 57.3599609375, -156.47841796875 57.327880859375, -156.473681640625 57.310693359375, -156.4435546875 57.29365234375, -156.39765625 57.240576171875, -156.40048828125 57.204833984375, -156.475146484375 57.10517578125, -156.501318359375 57.089794921875, -156.592041015625 57.065087890625, -156.62900390625 57.0099609375, -156.712646484375 57.016064453125, -156.7798828125 57.005615234375, -156.823876953125 56.96884765625, -156.871728515625 56.94765625, -156.9234375 56.94208984375, -156.988427734375 56.912939453125, -157.06669921875 56.860205078125, -157.13916015625 56.8265625, -157.20576171875 56.812060546874996, -157.270556640625 56.80849609375, -157.33359375 56.815869140625, -157.390234375 56.809814453125, -157.440576171875 56.790332031249996, -157.4896484375 56.759765625, -157.5287109375 56.673193359375, -157.578369140625 56.63447265625, -157.609765625 56.627685546875, -157.770703125 56.651660156249996, -157.869091796875 56.64521484375, -158.027880859375 56.592138671875, -158.0783203125 56.552050781249996, -157.978271484375 56.5431640625, -157.9287109375 56.531689453125, -157.92998046875 56.520458984375, -157.982177734375 56.509570312499996, -158.070947265625 56.5103515625, -158.124365234375 56.501025390624996, -158.189404296875 56.478173828125, -158.352490234375 56.453515625, -158.414404296875 56.435839843749996, -158.53740234375 56.33544921875, -158.5521484375 56.3126953125, -158.536376953125 56.307666015624996, -158.467333984375 56.31826171875, -158.3861328125 56.301562499999996, -158.343994140625 56.280322265624996, -158.3169921875 56.254150390625, -158.29140625 56.203662109374996, -158.275634765625 56.196240234375, -158.4318359375 56.111474609375, -158.476123046875 56.075488281249996, -158.5046875 56.062109375, -158.52333984375 56.0724609375, -158.54267578125 56.166845703125, -158.554443359375 56.182861328125, -158.591162109375 56.184521484375, -158.6267578125 56.1546875, -158.7048828125 56.043115234375, -158.78984375 55.9869140625, -159.429443359375 55.842724609375, -159.5232421875 55.810009765625, -159.54130859375 55.748486328125, -159.567626953125 55.69521484375, -159.61005859375 55.652783203125, -159.65966796875 55.625927734375, -159.670263671875 55.64501953125, -159.66533203125 55.794873046875, -159.678515625 55.824658203125, -159.743017578125 55.84375, -159.77138671875 55.841113281249996, -159.810400390625 55.83271484375, -159.874365234375 55.80029296875, -159.913525390625 55.7921875, -159.9623046875 55.794873046875, -160.045654296875 55.762939453125, -160.243798828125 55.660546875, -160.373193359375 55.635107421875, -160.407421875 55.613818359374996, -160.4626953125 55.5578125, -160.49931640625 55.5373046875, -160.553515625 55.535498046875, -160.625244140625 55.552392578125, -160.68291015625 55.5404296875, -160.726513671875 55.499658203125, -160.770849609375 55.483544921875, -160.896728515625 55.513623046875, -160.952197265625 55.49306640625, -161.02421875 55.4404296875, -161.09951171875 55.405712890625, -161.17802734375 55.3888671875, -161.38193359375 55.3712890625, -161.4638671875 55.38251953125, -161.480517578125 55.397802734375, -161.476708984375 55.464892578124996, -161.443798828125 55.51328125, -161.413330078125 55.5361328125, -161.372705078125 55.556298828125, -161.31328125 55.558642578124996, -161.202099609375 55.5435546875, -161.214697265625 55.559765625, -161.255126953125 55.57900390625, -161.357470703125 55.61220703125, -161.4587890625 55.629150390625, -161.516943359375 55.618408203125, -161.598779296875 55.592822265624996, -161.654296875 55.56337890625, -161.683544921875 55.529931640625, -161.720361328125 55.420703124999996, -161.741552734375 55.391162109374996, -161.980322265625 55.1986328125, -162.073974609375 55.139306640625, -162.1666015625 55.14375, -162.211474609375 55.121337890625, -162.274658203125 55.0732421875, -162.33291015625 55.050244140625, -162.386376953125 55.05234375, -162.4279296875 55.061474609375, -162.457470703125 55.077685546874996, -162.452392578125 55.092822265624996, -162.412548828125 55.106884765625, -162.426806640625 55.14541015625, -162.495263671875 55.208447265625, -162.54189453125 55.242724609374996, -162.63037109375 55.2466796875, -162.644140625 55.218017578125, -162.614306640625 55.071484375, -162.618896484375 55.038427734375, -162.674365234375 54.99658203125, -162.819580078125 54.949999999999996, -162.8650390625 54.954541015625, -162.9958984375 55.046484375, -163.11962890625 55.064697265625, -163.12783203125 55.034765625, -163.1001953125 54.9736328125, -163.131103515625 54.916552734374996, -163.220556640625 54.86337890625, -163.288623046875 54.83759765625, -163.335302734375 54.839160156249996, -163.337890625 54.8763671875, -163.296337890625 54.949267578124996, -163.285693359375 55.0099609375, -163.30595703125 55.058544921875, -163.303662109375 55.095849609375, -163.27880859375 55.121826171875, -163.114501953125 55.1939453125, -163.045361328125 55.204736328125, -163.008251953125 55.186865234375, -162.961962890625 55.183837890625, -162.906591796875 55.195556640625, -162.87158203125 55.218603515625, -162.85712890625 55.25302734375, -162.78623046875 55.2970703125, -162.658984375 55.35078125, -162.51337890625 55.449999999999996, -162.349365234375 55.5947265625, -162.15712890625 55.71943359375, -161.93662109375 55.824169921875, -161.697314453125 55.9072265625, -161.215625 56.021435546875, -161.17861328125 56.014453124999996, -161.22255859375 55.97744140625, -161.192529296875 55.954296875, -161.145166015625 55.951318359375, -160.96865234375 55.96962890625, -160.8986328125 55.99365234375, -160.87783203125 55.970507812499996, -160.902392578125 55.94130859375, -161.0083984375 55.91171875, -161.00537109375 55.887158203125, -160.851318359375 55.771875, -160.80283203125 55.754443359374996, -160.76259765625 55.756591796875, -160.7455078125 55.771484375, -160.7583984375 55.854638671875, -160.70634765625 55.870458984375, -160.59970703125 55.874316406249996, -160.530224609375 55.8634765625, -160.497900390625 55.837890625, -160.4369140625 55.816699218749996, -160.347314453125 55.79990234375, -160.29169921875 55.805078125, -160.2701171875 55.832177734375, -160.30849609375 55.864453125, -160.4798828125 55.93544921875, -160.52744140625 55.9650390625, -160.5390625 56.006298828125, -160.514697265625 56.059130859374996, -160.46083984375 56.137499999999996, -160.377490234375 56.241455078125, -160.30205078125 56.314111328125, -160.149267578125 56.396337890625, -160.046240234375 56.43701171875, -159.78505859375 56.56162109375, -159.28310546875 56.68857421875, -159.159033203125 56.770068359374996, -158.990380859375 56.86005859375, -158.918017578125 56.882177734375, -158.918017578125 56.847412109375, -158.894873046875 56.81640625, -158.782080078125 56.795751953125, -158.708837890625 56.78857421875, -158.675146484375 56.794873046875, -158.66591796875 56.827929687499996, -158.6810546875 56.887744140624996, -158.684814453125 56.94423828125, -158.67724609375 56.997363281249996, -158.660791015625 57.039404296875, -158.585595703125 57.114062499999996, -158.47373046875 57.199072265625, -158.320947265625 57.297900390624996, -158.22451171875 57.34267578125, -158.133544921875 57.36640625, -158.045703125 57.409472656249996, -157.8943359375 57.511376953125, -157.845751953125 57.528076171875, -157.73720703125 57.548144531249996, -157.697412109375 57.5392578125, -157.6740234375 57.513720703124996, -157.645556640625 57.497802734375, -157.535302734375 57.483447265624996, -157.4619140625 57.506201171875, -157.473876953125 57.518212890625, -157.53349609375 57.52587890625, -157.571630859375 57.540673828125, -157.607568359375 57.60146484375, -157.6806640625 57.6380859375, -157.697216796875 57.679443359375, -157.683984375 57.743896484375, -157.62119140625 57.89521484375, -157.610888671875 58.050830078125, -157.555029296875 58.13994140625, -157.44267578125 58.17216796875, -157.193701171875 58.194189453125, -157.339404296875 58.234521484374994, -157.393603515625 58.234814453125, -157.48837890625 58.2537109375, -157.5244140625 58.350732421874994, -157.5236328125 58.421337890625, -157.460888671875 58.50302734375, -157.228857421875 58.64091796875, -156.974658203125 58.736328125, -157.009033203125 58.744189453125, -157.040478515625 58.77255859375, -156.80888671875 59.13427734375, -156.96337890625 58.9888671875, -157.142041015625 58.87763671875, -157.66572265625 58.748486328125, -158.021923828125 58.640185546875, -158.19091796875 58.6142578125, -158.302587890625 58.641796875, -158.3896484375 58.745654296875, -158.439306640625 58.782617187499994, -158.503173828125 58.850341796875, -158.47626953125 58.938378906249994, -158.425634765625 58.99931640625, -158.314501953125 59.009326171875, -158.189208984375 58.979931640625, -158.080517578125 58.977441406249994, -158.22060546875 59.037499999999994, -158.422802734375 59.08984375, -158.514404296875 59.0728515625, -158.58447265625 58.98779296875, -158.678271484375 58.92939453125, -158.760595703125 58.950097656249994, -158.80947265625 58.973876953125, -158.775537109375 58.9025390625, -158.837744140625 58.7939453125, -158.861376953125 58.71875, -158.772119140625 58.5203125, -158.788623046875 58.440966796875, -158.95068359375 58.404541015625, -159.082666015625 58.469775390625, -159.358203125 58.7212890625, -159.45419921875 58.792919921875, -159.670263671875 58.9111328125, -159.741455078125 58.894287109375, -159.8322265625 58.835986328125, -159.92021484375 58.819873046875, -160.152587890625 58.905908203124994, -160.260791015625 58.971533203125, -160.363134765625 59.051171874999994, -160.519921875 59.00732421875, -160.656640625 58.955078125, -160.81708984375 58.8716796875, -160.924267578125 58.872412109375, -161.21591796875 58.8009765625, -161.246826171875 58.799462890624994, -161.287890625 58.7609375, -161.328125 58.743701171875, -161.361328125 58.66953125, -161.75546875 58.61201171875, -162.144921875 58.64423828125, -162.00869140625 58.685009765625, -161.856494140625 58.71708984375, -161.724365234375 58.794287109375, -161.780517578125 58.897412109375, -161.790283203125 58.949951171875, -161.788671875 59.01640625, -161.644384765625 59.10966796875, -161.794482421875 59.10947265625, -161.890771484375 59.076074218749994, -161.9810546875 59.146142578124994, -162.023291015625 59.283984375, -161.9201171875 59.365478515625, -161.872216796875 59.428271484375, -161.831689453125 59.514501953125, -161.8287109375 59.588623046875, -161.908642578125 59.714111328125, -162.138134765625 59.980029296875, -162.24248046875 60.1783203125, -162.421337890625 60.283984375, -162.28779296875 60.456884765625, -162.1388671875 60.61435546875, -161.94658203125 60.684814453125, -161.96201171875 60.695361328125, -162.06826171875 60.694873046875, -162.138037109375 60.685546875, -162.19990234375 60.634326171875, -162.2650390625 60.59521484375, -162.468701171875 60.394677734374994, -162.59970703125 60.29697265625, -162.6849609375 60.268945312499994, -162.547705078125 60.2310546875, -162.526953125 60.199121093749994, -162.50048828125 60.1265625, -162.53564453125 60.03837890625, -162.570751953125 59.98974609375, -162.7326171875 59.99365234375, -162.87783203125 59.922753906249994, -163.219384765625 59.845605468749994, -163.68037109375 59.801513671875, -163.906884765625 59.806787109374994, -164.142822265625 59.89677734375, -164.13154296875 59.99423828125, -164.4705078125 60.149316406249994, -164.662255859375 60.30380859375, -164.799951171875 60.3072265625, -164.9197265625 60.3484375, -165.0611328125 60.412548828125, -165.04873046875 60.464257812499994, -165.026513671875 60.500634765624994, -165.11328125 60.52607421875, -165.22451171875 60.523583984374994, -165.35380859375 60.5412109375, -165.016015625 60.7400390625, -164.8998046875 60.87314453125, -164.80517578125 60.892041015625, -164.682373046875 60.871533203125, -164.512939453125 60.81904296875, -164.370068359375 60.7958984375, -164.318505859375 60.7712890625, -164.265673828125 60.724658203125, -164.32138671875 60.646630859374994, -164.37236328125 60.591845703125, -164.30966796875 60.60673828125, -164.1318359375 60.69150390625, -163.999560546875 60.766064453125, -163.894921875 60.745166015625, -163.82138671875 60.66826171875, -163.72998046875 60.589990234374994, -163.5287109375 60.66455078125, -163.420947265625 60.757421875, -163.511865234375 60.79814453125, -163.623046875 60.822216796875, -163.90654296875 60.85380859375, -163.8373046875 60.880419921875, -163.655419921875 60.877490234375, -163.5869140625 60.902978515624994, -163.658935546875 60.938232421875, -163.7490234375 60.9697265625, -163.99462890625 60.864697265625, -164.441552734375 60.869970703125, -164.753955078125 60.931298828124994, -165.065625 60.920654296875, -165.11484375 60.9328125, -165.17548828125 60.965673828125, -164.99990234375 61.04365234375, -164.8755859375 61.086767578125, -164.868994140625 61.111767578125, -164.9412109375 61.114892578124994, -165.077099609375 61.094189453125, -165.1376953125 61.130126953125, -165.127783203125 61.192431640625, -165.150048828125 61.186865234375, -165.203759765625 61.15283203125, -165.27978515625 61.16962890625, -165.344873046875 61.197705078125, -165.2439453125 61.26875, -165.2736328125 61.274853515625, -165.33369140625 61.26611328125, -165.392041015625 61.212304687499994, -165.379296875 61.16875, -165.38076171875 61.106298828125, -165.48046875 61.094873046874994, -165.565869140625 61.10234375, -165.627587890625 61.165185546874994, -165.691357421875 61.29990234375, -165.86396484375 61.335693359375, -165.906298828125 61.40380859375, -165.797119140625 61.491162109375, -165.8453125 61.53623046875, -165.961328125 61.55087890625, -166.093994140625 61.506738281249994, -166.152734375 61.545947265625, -166.168115234375 61.650830078125, -166.13115234375 61.65732421875, -166.10048828125 61.645068359375, -165.8345703125 61.67939453125, -165.808935546875 61.69609375, -166.019921875 61.748291015625, -166.07880859375 61.803124999999994, -165.99140625 61.8341796875, -165.833837890625 61.836816406249994, -165.61279296875 61.869287109374994, -165.705810546875 61.92744140625, -165.725244140625 61.959374999999994, -165.7439453125 62.01171875, -165.707275390625 62.100439453125, -165.44765625 62.30390625, -165.19453125 62.473535156249994, -165.115625 62.5126953125, -164.99970703125 62.5337890625, -164.891845703125 62.517578125, -164.77919921875 62.48115234375, -164.757861328125 62.496728515624994, -164.79609375 62.511621093749994, -164.844384765625 62.5810546875, -164.68798828125 62.608251953125, -164.5962890625 62.686669921874994, -164.589453125 62.709374999999994, -164.68896484375 62.6767578125, -164.79267578125 62.623193359374994, -164.81865234375 62.67705078125, -164.84541015625 62.8009765625, -164.799658203125 62.91806640625, -164.7640625 62.970605468749994, -164.67744140625 63.020458984375, -164.428125 63.040429687499994, -164.384228515625 63.03046875, -164.37509765625 63.05400390625, -164.5251953125 63.12763671875, -164.46328125 63.185205078124994, -164.409033203125 63.2150390625, -164.1076171875 63.26171875, -163.94287109375 63.247216796874994, -163.73623046875 63.192822265625, -163.61630859375 63.125146484374994, -163.633740234375 63.0904296875, -163.748974609375 63.030322265625, -163.737841796875 63.01640625, -163.649365234375 63.056787109374994, -163.504345703125 63.105859374999994, -163.423193359375 63.084521484375, -163.358837890625 63.045751953125, -163.287841796875 63.046435546875, -163.062255859375 63.079736328124994, -162.947705078125 63.114990234375, -162.807763671875 63.206591796875, -162.621484375 63.2658203125, -162.359814453125 63.452587890625, -162.2828125 63.529199218749994, -162.193310546875 63.540966796875, -162.1125 63.5341796875, -162.05625 63.471337890624994, -161.973974609375 63.4529296875, -161.505419921875 63.468164062499994, -161.266015625 63.496972656249994, -161.09970703125 63.55791015625, -160.926708984375 63.660546874999994, -160.826513671875 63.729345703125, -160.778564453125 63.8189453125, -160.840478515625 63.934912109375, -160.903955078125 64.031201171875, -160.987548828125 64.25126953125, -161.2201171875 64.39658203125, -161.385693359375 64.43994140625, -161.49072265625 64.4337890625, -161.414599609375 64.5263671875, -161.19306640625 64.51640625, -161.048779296875 64.53447265625, -160.93193359375 64.5791015625, -160.83603515625 64.68193359375, -160.855908203125 64.755615234375, -160.886962890625 64.795556640625, -161.063232421875 64.90400390625, -161.13017578125 64.925439453125, -161.1869140625 64.9240234375, -161.466357421875 64.794873046875, -161.633984375 64.79248046875, -161.759375 64.816259765625, -161.868310546875 64.74267578125, -162.172265625 64.678076171875, -162.334619140625 64.612841796875, -162.6357421875 64.450830078125, -162.711083984375 64.3775390625, -162.80703125 64.37421875, -162.876416015625 64.51640625, -163.20390625 64.652001953125, -163.30283203125 64.605908203125, -163.248291015625 64.56328125, -163.174072265625 64.532958984375, -163.0517578125 64.5197265625, -163.1044921875 64.47861328125, -163.1443359375 64.423828125, -163.267041015625 64.4751953125, -163.486181640625 64.5498046875, -163.7130859375 64.588232421875, -164.303955078125 64.583935546875, -164.691845703125 64.507421875, -164.76494140625 64.529638671875, -164.829541015625 64.511376953125, -164.857275390625 64.480322265625, -164.89951171875 64.46064453125, -164.978759765625 64.453662109375, -165.138134765625 64.465234375, -165.44619140625 64.512841796875, -166.1427734375 64.582763671875, -166.32509765625 64.625732421875, -166.481396484375 64.728076171875, -166.478125 64.79755859375, -166.40869140625 64.826953125, -166.415234375 64.926513671875, -166.55087890625 64.952978515625, -166.826953125 65.09609375, -166.92841796875 65.157080078125, -166.906396484375 65.163818359375, -166.856787109375 65.147265625, -166.762548828125 65.134912109375, -166.531005859375 65.154736328125, -166.45166015625 65.247314453125, -166.2796875 65.273779296875, -166.121484375 65.2607421875, -166.15703125 65.28583984375, -166.197412109375 65.30556640625, -166.609375 65.352734375, -166.665380859375 65.33828125, -167.40400390625 65.422119140625, -167.987255859375 65.5677734375, -168.035009765625 65.59560546875, -168.08837890625 65.657763671875, -168.00966796875 65.719140625, -167.93056640625 65.74814453125, -167.91435546875 65.681201171875, -167.580029296875 65.75830078125, -167.405322265625 65.859326171875, -167.07421875 65.87705078125, -166.997216796875 65.904931640625, -166.89443359375 65.9591796875, -166.74765625 66.05185546875, -166.54013671875 66.100634765625, -166.39873046875 66.14443359375, -166.214599609375 66.170263671875, -166.057421875 66.12724609375, -166.008935546875 66.121337890625, -165.723681640625 66.112548828125, -165.629931640625 66.131201171875, -165.589990234375 66.1451171875, -165.560205078125 66.16708984375, -165.840234375 66.245068359375, -165.811865234375 66.2884765625, -165.776171875 66.31904296875, -165.4494140625 66.409912109375, -165.198291015625 66.43994140625, -165.06396484375 66.437841796875, -164.67412109375 66.555029296875, -164.460498046875 66.588427734375, -164.058251953125 66.6107421875, -163.727685546875 66.616455078125, -163.638232421875 66.574658203125, -163.81572265625 66.58349609375, -163.8939453125 66.57587890625, -163.838232421875 66.561572265625, -163.77548828125 66.531103515625, -163.793701171875 66.492626953125, -163.902880859375 66.378369140625, -163.8939453125 66.2869140625, -163.964990234375 66.25732421875, -164.033740234375 66.21552734375, -163.695361328125 66.083837890625, -163.171435546875 66.075439453125, -162.886474609375 66.09921875, -162.72177734375 66.059814453125, -162.586865234375 66.050830078125, -162.2142578125 66.071044921875, -161.93369140625 66.04287109375, -161.81630859375 66.053662109375, -161.5568359375 66.250537109375, -161.455419921875 66.281396484375, -161.345068359375 66.24716796875, -161.20107421875 66.219384765625, -161.109228515625 66.239501953125, -161.03427734375 66.188818359375, -161.06953125 66.29462890625, -161.1203125 66.334326171875, -161.54443359375 66.40703125, -161.828173828125 66.370849609375, -161.91689453125 66.41181640625, -161.88759765625 66.49306640625, -162.191162109375 66.693115234375, -162.317724609375 66.73369140625, -162.467431640625 66.73564453125, -162.54365234375 66.805126953125, -162.607421875 66.894384765625, -162.4783203125 66.930810546875, -162.36162109375 66.947314453125, -162.253564453125 66.91865234375, -162.131396484375 66.8013671875, -162.017626953125 66.784130859375, -162.050732421875 66.66728515625, -161.9095703125 66.559619140625, -161.591015625 66.459521484375, -161.3359375 66.496337890625, -161.155810546875 66.4953125, -161.04814453125 66.47421875, -160.78447265625 66.384375, -160.650537109375 66.373095703125, -160.231689453125 66.420263671875, -160.22734375 66.508544921875, -160.262548828125 66.5724609375, -160.360888671875 66.6125, -160.643798828125 66.60498046875, -160.864013671875 66.670849609375, -161.05146484375 66.652783203125, -161.398046875 66.55185546875, -161.571728515625 66.5916015625, -161.680908203125 66.6455078125, -161.856689453125 66.700341796875, -161.878759765625 66.803955078125, -161.731298828125 66.922802734375, -161.622216796875 66.979345703125, -161.719921875 67.020556640625, -161.9654296875 67.049560546875, -162.391552734375 67.019873046875, -162.411572265625 67.060302734375, -162.409423828125 67.103955078125, -162.58310546875 67.018505859375, -162.76142578125 67.03642578125, -163.001708984375 67.027294921875, -163.5318359375 67.102587890625, -163.720556640625 67.195556640625, -163.7998046875 67.27099609375, -163.94267578125 67.477587890625, -164.1251953125 67.60673828125, -165.38603515625 68.04560546875, -165.9595703125 68.155908203125, -166.2359375 68.2779296875, -166.409130859375 68.307958984375, -166.574462890625 68.320263671875, -166.786279296875 68.359619140625, -166.643896484375 68.4080078125, -166.5458984375 68.424365234375, -166.6478515625 68.373828125, -166.57041015625 68.361083984375, -166.447021484375 68.390234375, -166.380517578125 68.425146484375, -166.282958984375 68.5732421875, -166.18203125 68.797216796875, -166.20908203125 68.8853515625, -165.50947265625 68.867578125, -165.0439453125 68.882470703125, -164.889697265625 68.90244140625, -164.30234375 68.936474609375, -164.1501953125 68.961181640625, -163.867919921875 69.036669921875, -163.535693359375 69.1701171875, -163.250537109375 69.345361328125, -163.20517578125 69.392529296875, -163.187109375 69.38046875, -163.161474609375 69.387939453125, -163.131005859375 69.454345703125, -163.0935546875 69.610693359375, -162.952099609375 69.75810546875, -162.350390625 70.094140625, -162.071142578125 70.227197265625, -161.977978515625 70.287646484375, -161.88095703125 70.33173828125, -161.779931640625 70.27734375, -161.761083984375 70.257666015625, -161.818408203125 70.2484375, -161.911962890625 70.20546875, -162.0423828125 70.17666015625, -162.073876953125 70.161962890625, -161.997412109375 70.165234375, -161.7681640625 70.196533203125, -161.639013671875 70.234521484375, -160.9962890625 70.30458984375, -160.64765625 70.420556640625, -160.634130859375 70.44638671875, -160.117138671875 70.5912109375, -160.04560546875 70.585595703125, -159.963134765625 70.5681640625, -160.106396484375 70.47255859375, -160.00556640625 70.44755859375, -160.095068359375 70.33330078125, -159.907568359375 70.3314453125, -159.865673828125 70.278857421875, -159.855224609375 70.324169921875, -159.85751953125 70.3892578125, -159.842626953125 70.45302734375, -159.814990234375 70.4970703125, -159.68330078125 70.4771484375, -159.386767578125 70.52451171875, -159.74619140625 70.53046875, -159.96181640625 70.63408203125, -160.081591796875 70.63486328125, -159.680908203125 70.786767578125, -159.314501953125 70.878515625, -159.23173828125 70.8767578125, -159.191748046875 70.85966796875, -159.183154296875 70.83193359375, -159.26220703125 70.8138671875, -159.33984375 70.78125, -159.304150390625 70.7525390625, -159.251171875 70.7484375, -159.075048828125 70.7720703125, -158.9962890625 70.801611328125, -158.620947265625 70.7990234375, -158.51083984375 70.8201171875, -158.484375 70.841064453125, -157.998486328125 70.8453125, -157.909375 70.860107421875, -157.605615234375 70.941259765625, -157.324755859375 71.039599609375, -157.1953125 71.09326171875, -156.97333984375 71.230029296875, -156.78330078125 71.3189453125, -156.47021484375 71.407666015625, -156.395263671875 71.3966796875, -156.4966796875 71.3791015625, -156.567236328125 71.341552734375, -156.469970703125 71.291552734375, -155.8111328125 71.188427734375, -155.64560546875 71.182763671875, -155.579443359375 71.12109375, -155.6345703125 71.061572265625, -155.804345703125 70.99541015625, -156.14658203125 70.92783203125, -156.041943359375 70.90224609375, -155.97353515625 70.8419921875, -155.872216796875 70.83466796875, -155.708056640625 70.857275390625, -155.57939453125 70.8943359375, -155.31337890625 71.014990234375, -155.229736328125 71.0822265625, -155.166845703125 71.09921875, -154.943798828125 71.083056640625, -154.817529296875 71.048486328125, -154.673681640625 70.987109375, -154.726318359375 70.927783203125, -154.785205078125 70.894287109375, -154.5986328125 70.847998046875, -154.3921875 70.838330078125, -154.19521484375 70.801123046875, -153.918212890625 70.87734375, -153.7013671875 70.893603515625, -153.497705078125 70.891064453125, -153.23291015625 70.932568359375, -152.784912109375 70.876025390625, -152.670849609375 70.89072265625, -152.4912109375 70.88095703125, -152.300390625 70.84677734375, -152.23291015625 70.8103515625, -152.437255859375 70.733251953125, -152.47060546875 70.65361328125, -152.39921875 70.620458984375, -152.269677734375 70.61474609375, -152.253369140625 70.56826171875, -152.17294921875 70.556640625, -151.76904296875 70.56015625, -151.79990234375 70.538037109375, -151.81962890625 70.511328125, -151.944677734375 70.452099609375, -151.2248046875 70.41875, -151.12802734375 70.451611328125, -150.979052734375 70.464697265625, -150.662646484375 70.509912109375, -150.543505859375 70.49013671875, -150.40322265625 70.443896484375, -150.2736328125 70.434326171875, -150.152490234375 70.443701171875, -149.8701171875 70.50966796875, -149.54404296875 70.512890625, -149.410595703125 70.49140625, -149.26943359375 70.50078125, -148.844775390625 70.4251953125, -148.68837890625 70.41630859375, -148.47919921875 70.317919921875, -148.371142578125 70.314990234375, -148.248779296875 70.35673828125, -148.142724609375 70.35546875, -148.0390625 70.315478515625, -147.86953125 70.303271484375, -147.790576171875 70.24013671875, -147.70537109375 70.217236328125, -147.062939453125 70.17041015625, -146.744873046875 70.191748046875, -146.28125 70.1861328125, -146.057666015625 70.15625, -145.82314453125 70.16005859375, -145.440087890625 70.050927734375, -145.23681640625 70.033935546875, -145.19736328125 70.00869140625, -144.619189453125 69.98212890625, -144.41689453125 70.039013671875, -144.064111328125 70.0541015625, -143.746435546875 70.101953125, -143.56640625 70.10146484375, -143.35703125 70.08955078125, -143.27646484375 70.0953125, -143.218310546875 70.116259765625, -142.707861328125 70.0337890625, -142.422119140625 69.939501953125, -142.29697265625 69.869873046875, -141.69921875 69.770361328125, -141.5263671875 69.714697265625, -141.40791015625 69.653369140625, -141.338623046875 69.64677734375, -141.2896484375 69.664697265625, -141.080810546875 69.659423828125, -140.860009765625 69.63525390625, -140.405126953125 69.602490234375, -139.976611328125 69.621728515625, -139.18154296875 69.51552734375, -138.689892578125 69.316796875, -138.291015625 69.21904296875, -138.128369140625 69.151953125, -137.86943359375 69.092822265625, -137.2599609375 68.964111328125, -137.07041015625 68.95087890625, -136.717333984375 68.88916015625, -136.498681640625 68.897314453125, -136.12236328125 68.8822265625, -135.866650390625 68.8326171875, -135.362158203125 68.696435546875, -135.258837890625 68.684326171875, -135.231201171875 68.694287109375, -135.40693359375 68.828955078125, -135.4345703125 68.8419921875, -135.63798828125 68.892236328125, -135.876318359375 68.9169921875, -135.8947265625 68.926708984375, -135.939013671875 68.974169921875, -135.924755859375 68.992626953125, -135.8728515625 69.001025390625, -135.589990234375 69.008251953125, -135.575537109375 69.026953125, -135.65126953125 69.031298828125, -135.742626953125 69.0494140625, -135.84970703125 69.081396484375, -135.910205078125 69.111474609375, -135.691455078125 69.311181640625, -135.61494140625 69.291015625, -135.499560546875 69.337158203125, -135.292822265625 69.307861328125, -135.25498046875 69.323828125, -135.22978515625 69.4251953125, -135.1990234375 69.449609375, -135.1408203125 69.467822265625, -134.852880859375 69.485888671875, -134.49384765625 69.467919921875, -134.4568359375 69.47763671875, -134.4912109375 69.5453125, -134.495361328125 69.571923828125, -134.473681640625 69.6328125, -134.45146484375 69.665478515625, -134.408935546875 69.681787109375, -134.242041015625 69.66884765625, -134.189892578125 69.638818359375, -134.134033203125 69.587255859375, -134.077490234375 69.557861328125, -133.899951171875 69.52822265625, -133.87978515625 69.50771484375, -133.9474609375 69.4294921875, -134.018408203125 69.3884765625, -134.1650390625 69.28056640625, -134.17431640625 69.25283203125, -133.948046875 69.301318359375, -133.69404296875 69.368408203125, -133.475927734375 69.40537109375, -133.29365234375 69.412158203125, -133.163134765625 69.43388671875, -133.084423828125 69.470654296875, -133.028271484375 69.508251953125, -132.91533203125 69.629638671875, -132.84033203125 69.65068359375, -132.526806640625 69.64326171875, -132.45234375 69.646923828125, -132.40390625 69.658740234375, -132.412744140625 69.674072265625, -132.478955078125 69.69287109375, -132.568359375 69.69814453125, -132.57060546875 69.706689453125, -132.537548828125 69.7265625, -132.4884765625 69.7380859375, -132.333984375 69.751806640625, -132.232421875 69.708154296875, -132.163427734375 69.70498046875, -131.934130859375 69.753466796875, -131.5818359375 69.88212890625, -131.44091796875 69.917919921875, -131.3189453125 69.924169921875, -131.215869140625 69.90078125, -131.136376953125 69.906884765625, -131.0318359375 69.9794921875, -130.990625 70.018115234375, -130.926171875 70.051611328125, -130.665478515625 70.12705078125, -130.4984375 70.1431640625, -130.39638671875 70.129248046875, -130.274951171875 70.097998046875, -130.174951171875 70.085888671875, -130.043310546875 70.095068359375, -129.944970703125 70.09091796875, -129.898046875 70.10615234375, -129.730078125 70.19208984375, -129.675634765625 70.19296875, -129.622998046875 70.167626953125, -129.538427734375 70.10517578125, -129.53818359375 70.07392578125, -129.648291015625 69.99775390625, -130.458837890625 69.77998046875, -130.708544921875 69.685986328125, -130.832080078125 69.65146484375, -130.960107421875 69.63203125, -131.207958984375 69.615771484375, -131.30634765625 69.596630859375, -131.47294921875 69.5794921875, -131.86279296875 69.549365234375, -131.93779296875 69.534716796875, -131.98876953125 69.517626953125, -132.128759765625 69.40234375, -132.196826171875 69.364697265625, -132.33076171875 69.307958984375, -132.481201171875 69.27314453125, -132.68671875 69.25986328125, -132.81748046875 69.20576171875, -132.96796875 69.101416015625, -133.089453125 69.028759765625, -133.22822265625 68.967138671875, -133.378955078125 68.886669921875, -133.418310546875 68.844287109375, -133.373388671875 68.7884765625, -133.348388671875 68.769873046875, -133.196826171875 68.73984375, -133.138037109375 68.74658203125, -133.1921875 68.776513671875, -133.31953125 68.8197265625, -133.336669921875 68.83525390625, -133.30400390625 68.847412109375, -132.706005859375 68.814892578125, -132.57763671875 68.847802734375, -132.532666015625 68.875634765625, -132.542236328125 68.88994140625, -132.704345703125 68.8958984375, -132.739111328125 68.9224609375, -132.764697265625 68.9724609375, -132.7701171875 69.012158203125, -132.75546875 69.0416015625, -132.7189453125 69.07919921875, -132.545166015625 69.140625, -132.358056640625 69.166943359375, -132.21396484375 69.20166015625, -132.134375 69.23447265625, -131.91962890625 69.29052734375, -131.8333984375 69.335986328125, -131.7869140625 69.3712890625, -131.7810546875 69.3888671875, -131.820166015625 69.401611328125, -131.78837890625 69.431982421875, -131.631787109375 69.45908203125, -131.562939453125 69.461376953125, -131.342919921875 69.435400390625, -131.30302734375 69.415087890625, -131.32470703125 69.361181640625, -131.293896484375 69.363720703125, -131.209033203125 69.432177734375, -131.16171875 69.45498046875, -131.112841796875 69.45947265625, -131.063427734375 69.45068359375, -131.013427734375 69.4287109375, -130.986279296875 69.362890625, -130.981982421875 69.253271484375, -130.970654296875 69.20908203125, -130.914306640625 69.28486328125, -130.875048828125 69.32001953125, -130.660693359375 69.481298828125, -130.515966796875 69.569677734375, -130.35361328125 69.655810546875, -130.117626953125 69.720068359375, -129.572119140625 69.826708984375, -129.26484375 69.855419921875, -129.109130859375 69.88193359375, -129.03291015625 69.90498046875, -128.984326171875 69.933447265625, -128.89892578125 69.966162109375, -128.88369140625 69.9634765625, -128.916796875 69.894873046875, -128.938623046875 69.875, -129.138330078125 69.83251953125, -129.15791015625 69.80009765625, -129.13623046875 69.750048828125, -129.101708984375 69.717041015625, -129.054345703125 69.70107421875, -128.971435546875 69.71240234375, -128.85302734375 69.751025390625, -128.705517578125 69.81015625, -128.38671875 69.96015625, -128.3591796875 69.98759765625, -128.27861328125 70.10810546875, -128.095849609375 70.161328125, -127.76494140624999 70.221875, -127.6837890625 70.2603515625, -127.9740234375 70.292919921875, -128.0341796875 70.31533203125, -128.04365234375 70.328759765625, -127.988916015625 70.363134765625, -128.121484375 70.39736328125, -128.1701171875 70.41845703125, -128.16806640625 70.47978515625, -128.127294921875 70.523828125, -128.040478515625 70.56640625, -127.99101562499999 70.573828125, -127.86162109374999 70.549072265625, -127.75283203125 70.517138671875, -127.37685546875 70.36875, -127.2259765625 70.296142578125, -127.13847656249999 70.23935546875, -126.92680664062499 70.06171875, -126.83349609375 69.95908203125, -126.75869140625 69.853369140625, -126.684912109375 69.777099609375, -126.612158203125 69.730322265625, -126.250439453125 69.545263671875, -126.063818359375 69.46708984375, -125.907421875 69.4185546875, -125.727783203125 69.37998046875, -125.52495117187499 69.3515625, -125.38676757812499 69.34921875, -125.171875 69.427978515625, -125.166845703125 69.47978515625, -125.261572265625 69.566162109375, -125.35693359375 69.6259765625, -125.34550781249999 69.662451171875, -125.219384765625 69.732373046875, -125.227880859375 69.75673828125, -125.201171875 69.82880859375, -125.114013671875 69.8150390625, -125.07958984375 69.817822265625, -125.031005859375 69.844287109375, -124.96826171875 69.894384765625, -124.88916015625 69.935791015625, -124.79365234375 69.968505859375, -124.767919921875 69.9900390625, -124.86259765624999 70.005517578125, -124.92001953125 70.00556640625, -124.96259765625 70.01259765625, -124.990380859375 70.026611328125, -124.95244140624999 70.041748046875, -124.7451171875 70.08017578125, -124.70634765624999 70.1169921875, -124.63994140624999 70.141455078125, -124.555029296875 70.151220703125, -124.502587890625 70.14111328125, -124.444482421875 70.110595703125, -124.44150390625 70.0619140625, -124.4671875 69.982568359375, -124.471923828125 69.918505859375, -124.40693359375 69.767431640625, -124.349365234375 69.734521484375, -124.124609375 69.689990234375, -124.13847656249999 69.653173828125, -124.398388671875 69.49384765625, -124.45390624999999 69.454833984375, -124.48134765625 69.425146484375, -124.4720703125 69.400048828125, -124.426171875 69.379443359375, -124.3380859375 69.36484375, -124.11171875 69.35888671875, -124.049658203125 69.3728515625, -123.609130859375 69.37744140625, -123.52841796875 69.38935546875, -123.46044921875 69.42001953125, -123.361474609375 69.496630859375, -123.248974609375 69.52001953125, -123.21367187499999 69.54150390625, -123.144482421875 69.632470703125, -123.11040039062499 69.738134765625, -123.076611328125 69.782470703125, -123.02578125 69.810009765625, -122.956689453125 69.81884765625, -122.785400390625 69.808447265625, -122.70488281249999 69.8173828125, -122.38749999999999 69.808447265625, -122.070068359375 69.816162109375, -121.741845703125 69.797509765625, -121.531103515625 69.77578125, -121.33623046874999 69.741552734375, -120.96245117187499 69.660400390625, -120.8146484375 69.616845703125, -120.29252929687499 69.420556640625, -120.139990234375 69.38056640625, -119.85283203124999 69.342333984375, -118.86870117187499 69.257177734375, -118.744873046875 69.23427734375, -118.485595703125 69.144873046875, -118.306982421875 69.092724609375, -118.09521484375 69.042919921875, -117.830322265625 68.99990234375, -117.311279296875 68.934912109375, -117.226953125 68.913427734375, -117.13173828125 68.90712890625, -117.025732421875 68.915966796875, -116.549951171875 68.87880859375, -116.424560546875 68.880615234375, -116.33408203125 68.8736328125, -116.22270507812499 68.846826171875, -116.05947265625 68.83701171875, -116.06523437499999 68.855419921875, -116.251611328125 68.95791015625, -116.243408203125 68.974072265625, -116.166748046875 68.975341796875, -115.936083984375 68.95810546875, -115.883251953125 68.9873046875, -115.80634765625 68.98662109375, -115.63115234375 68.97255859375, -115.44228515625 68.94091796875, -115.23984374999999 68.891845703125, -114.99374999999999 68.850048828125, -114.620166015625 68.74609375, -114.4138671875 68.6595703125, -114.2181640625 68.55205078125, -114.11083984375 68.47734375, -114.092041015625 68.435400390625, -114.05112304687499 68.4146484375, -113.98818359375 68.414990234375, -113.964404296875 68.399072265625, -114.02080078125 68.306494140625, -114.05322265625 68.2833984375, -114.095947265625 68.266796875, -114.27475585937499 68.2478515625, -114.765283203125 68.27021484375, -114.852197265625 68.195263671875, -115.12705078124999 68.13203125, -115.175927734375 68.10439453125, -115.186767578125 68.0841796875, -115.16708984374999 68.0185546875, -115.20185546875 67.9984375, -115.42685546874999 67.92353515625, -115.43447265625 67.90234375, -115.2884765625 67.8716796875, -115.133203125 67.819189453125, -115.011181640625 67.806396484375, -114.85673828125 67.81357421875, -114.662890625 67.79521484375, -114.42939453125 67.751220703125, -114.267041015625 67.73115234375, -114.175732421875 67.735009765625, -113.893212890625 67.706884765625, -113.68193359375 67.699951171875, -113.214990234375 67.7017578125, -113.074951171875 67.686669921875, -112.879443359375 67.6798828125, -112.50302734374999 67.68193359375, -112.43515624999999 67.684765625, -112.31455078124999 67.719580078125, -112.23671875 67.731103515625, -112.101318359375 67.73173828125, -111.710888671875 67.75732421875, -111.575732421875 67.7568359375, -111.45068359375 67.776171875, -111.2908203125 67.815234375, -111.1921875 67.82255859375, -111.15478515625 67.7982421875, -111.08740234375 67.787646484375, -110.9900390625 67.7908203125, -110.8048828125 67.83232421875, -110.37197265625 67.95419921875, -110.216259765625 67.95400390625, -110.101953125 67.992236328125, -110.07392578125 67.992919921875, -110.04248046875 67.977197265625, -109.9365234375 67.887890625, -109.904248046875 67.87353515625, -109.83134765625 67.8658203125, -109.76015625 67.8201171875, -109.68603515625 67.7517578125, -109.63037109375 67.73271484375, -109.22431640625 67.72978515625, -109.08125 67.7107421875, -109.038037109375 67.691162109375, -108.99448242187499 67.637109375, -108.96767578125 67.532373046875, -108.94990234375 67.4939453125, -108.89096679687499 67.4380859375, -108.852001953125 67.42197265625, -108.815185546875 67.4375, -108.71513671875 67.5828125, -108.680224609375 67.606201171875, -108.613330078125 67.598046875, -108.592919921875 67.590869140625, -108.49150390625 67.48330078125, -108.34697265625 67.40341796875, -107.988720703125 67.256396484375, -107.93051757812499 67.202490234375, -107.9091796875 67.162548828125, -107.929443359375 67.126806640625, -107.99130859374999 67.095166015625, -108.088427734375 67.069775390625, -108.22080078124999 67.0505859375, -108.34433593749999 67.05751953125, -108.45908203124999 67.0904296875, -108.496044921875 67.09228515625, -108.4552734375 67.06298828125, -108.2181640625 66.941259765625, -108.157666015625 66.892626953125, -108.10146484375 66.8603515625, -108.049609375 66.8443359375, -108.0017578125 66.818017578125, -107.957958984375 66.781298828125, -107.7609375 66.68369140625, -107.7048828125 66.637109375, -107.48032226562499 66.491796875, -107.373681640625 66.43466796875, -107.29135742187499 66.401806640625, -107.25947265625 66.39853515625, -107.278076171875 66.42490234375, -107.564453125 66.618505859375, -107.7103515625 66.7400390625, -107.730859375 66.769189453125, -107.740234375 66.81376953125, -107.74599609375 66.961474609375, -107.72509765625 66.984130859375, -107.626171875 67.003125, -107.49921875 66.936181640625, -107.45126953124999 66.9267578125, -107.41884765625 66.930712890625, -107.402099609375 66.947998046875, -107.32919921874999 66.931982421875, -107.2001953125 66.882568359375, -107.156494140625 66.88173828125, -107.25375976562499 66.9763671875, -107.32333984374999 67.02255859375, -107.3478515625 67.05478515625, -107.283154296875 67.103271484375, -107.31845703124999 67.127783203125, -107.482373046875 67.19912109375, -107.56748046874999 67.273046875, -107.64404296875 67.384765625, -107.650927734375 67.42822265625, -107.63837890625 67.47421875, -107.64990234375 67.511279296875, -107.75302734374999 67.586865234375, -107.86508789062499 67.639208984375, -107.954052734375 67.7, -107.972119140625 67.73203125, -107.9583984375 67.818603515625, -107.89091796875 67.85634765625, -107.7630859375 67.9068359375, -107.72861328124999 67.958837890625, -107.78745117187499 68.0125, -107.798291015625 68.0369140625, -107.76103515625 68.032177734375, -107.50937499999999 68.059130859375, -107.44619140625 68.049658203125, -107.351123046875 68.061181640625, -107.22412109375 68.093798828125, -107.1248046875 68.108447265625, -106.99365234375 68.106298828125, -106.92255859375 68.11416015625, -106.83564453125 68.12861328125, -106.79072265625 68.14482421875, -106.710986328125 68.206787109375, -106.668408203125 68.216015625, -106.53486328125 68.20927734375, -106.45947265625 68.195654296875, -106.424267578125 68.2005859375, -106.4294921875 68.2884765625, -106.40439453124999 68.3193359375, -106.271240234375 68.383203125, -106.13212890625 68.389892578125, -106.039306640625 68.40732421875, -105.933056640625 68.443115234375, -105.85693359375 68.475146484375, -105.781201171875 68.5265625, -105.7501953125 68.59228515625, -105.77431640625 68.6111328125, -105.93222656249999 68.6365234375, -106.0271484375 68.62333984375, -106.2373046875 68.5765625, -106.458056640625 68.516455078125, -106.54331054687499 68.460595703125, -106.566650390625 68.38896484375, -106.60849609374999 68.357373046875, -106.780419921875 68.3873046875, -106.8537109375 68.38681640625, -106.94580078125 68.374365234375, -107.04331054687499 68.346826171875, -107.14619140625 68.30419921875, -107.29814453125 68.296435546875, -107.49912109374999 68.32353515625, -107.6193359375 68.3310546875, -107.74150390625 68.2857421875, -107.73422851562499 68.25205078125, -107.67763671875 68.2029296875, -107.7341796875 68.17373046875, -108.02719726562499 68.162939453125, -108.10458984374999 68.169287109375, -108.26103515625 68.14990234375, -108.322802734375 68.1541015625, -108.367919921875 68.1775390625, -108.686572265625 68.27734375, -108.71811523437499 68.2974609375, -108.64091796875 68.378515625, -108.345751953125 68.597802734375, -108.3134765625 68.610791015625, -107.766357421875 68.64892578125, -107.4359375 68.6888671875, -106.83066406249999 68.80947265625, -106.71347656249999 68.819482421875, -106.324267578125 68.899462890625, -106.164453125 68.919873046875, -106.015673828125 68.9060546875, -105.79794921874999 68.864794921875, -105.685595703125 68.828173828125, -105.60605468749999 68.782421875, -105.53984375 68.71865234375, -105.45693359375 68.578076171875, -105.42861328125 68.458251953125, -105.37744140625 68.413818359375, -105.194970703125 68.33037109375, -105.101318359375 68.297998046875, -105.043603515625 68.287890625, -104.993798828125 68.307421875, -104.95981445312499 68.310546875, -104.93671875 68.30302734375, -104.91196289062499 68.25048828125, -104.879443359375 68.245263671875, -104.76962890624999 68.2517578125, -104.65317382812499 68.230078125, -104.636376953125 68.213916015625, -104.6611328125 68.148779296875, -104.628173828125 68.121484375, -104.48681640625 68.06318359375, -104.350732421875 68.0412109375, -104.1935546875 68.031201171875, -103.9015625 68.041064453125, -103.6572265625 68.069091796875, -103.47412109375 68.1150390625, -103.3232421875 68.063818359375, -103.02177734374999 67.940234375, -102.841552734375 67.852734375, -102.69199218749999 67.811572265625, -102.389111328125 67.76220703125, -102.32036132812499 67.73564453125, -102.20976562499999 67.73271484375, -102.05722656249999 67.7533203125, -101.88364257812499 67.7453125, -101.6888671875 67.708642578125, -101.55498046874999 67.6931640625, -101.09638671875 67.762353515625, -101.02641601562499 67.765673828125, -100.855615234375 67.798974609375, -100.74560546875 67.80908203125, -100.61611328125 67.808251953125, -100.51962890624999 67.818408203125, -100.45610351562499 67.839453125, -100.21293945312499 67.83857421875, -99.77294921875 67.81484375, -99.47226562499999 67.78408203125, -99.29355468749999 67.7453125, -99.146875 67.7236328125, -99.032177734375 67.71884765625, -98.92045898437499 67.72578125, -98.81171875 67.74443359375, -98.697265625 67.779736328125, -98.452783203125 67.797900390625, -98.412109375 67.807177734375, -98.417138671875 67.82646484375, -98.46782226562499 67.855810546875, -98.60649414062499 67.91142578125, -98.703564453125 67.96572265625, -98.72221679687499 68.0001953125, -98.72006835937499 68.0419921875, -98.68984375 68.06611328125, -98.63154296875 68.07255859375, -98.53984374999999 68.046630859375, -98.414794921875 67.988427734375, -98.06254882812499 67.769677734375, -97.97763671874999 67.738623046875, -97.93076171874999 67.710791015625, -97.607421875 67.6310546875, -97.45493164062499 67.6169921875, -97.27426757812499 67.666259765625, -97.19443359374999 67.696923828125, -97.155419921875 67.726416015625, -97.157177734375 67.754833984375, -97.13984375 67.796240234375, -97.15805664062499 67.821923828125, -97.20654296875 67.855078125, -97.3361328125 67.9013671875, -97.546630859375 67.9607421875, -97.73911132812499 67.978173828125, -97.913330078125 67.953564453125, -98.110498046875 67.90302734375, -98.192529296875 67.922998046875, -98.43837890625 68.064697265625, -98.50029296874999 68.11767578125, -98.500244140625 68.132275390625, -98.38608398437499 68.11533203125, -98.380859375 68.132470703125, -98.449169921875 68.20078125, -98.49125976562499 68.2236328125, -98.6330078125 68.33115234375, -98.65048828124999 68.363525390625, -98.562255859375 68.370849609375, -98.522216796875 68.3833984375, -98.46855468749999 68.38212890625, -98.21855468749999 68.317431640625, -98.09052734375 68.346337890625, -97.79423828124999 68.38759765625, -97.91103515625 68.44951171875, -97.9388671875 68.51044921875, -97.92509765624999 68.523681640625, -97.828564453125 68.532763671875, -97.63955078125 68.481982421875, -97.548046875 68.474951171875, -97.481103515625 68.495166015625, -97.4103515625 68.496533203125, -97.33579101562499 68.479150390625, -97.26591796874999 68.4529296875, -97.135986328125 68.377978515625, -97.07177734375 68.332861328125, -96.99956054687499 68.26494140625, -96.976708984375 68.255419921875, -96.628173828125 68.25029296875, -96.4306640625 68.310595703125, -96.4349609375 68.290087890625, -96.480224609375 68.242822265625, -96.72514648437499 68.06123046875, -96.7220703125 68.03876953125, -96.5921875 68.0484375, -96.53129882812499 68.063134765625, -96.49370117187499 68.0849609375, -96.461181640625 68.13583984375, -96.43935546875 68.15087890625, -96.0755859375 68.2365234375, -95.97031249999999 68.24912109375, -96.03603515625 68.157763671875, -96.171337890625 67.831689453125, -96.19882812499999 67.717822265625, -96.228466796875 67.67919921875, -96.37138671874999 67.553857421875, -96.369140625 67.509765625, -96.212841796875 67.404296875, -96.185009765625 67.3755859375, -96.16923828124999 67.28896484375, -96.14145507812499 67.271826171875, -96.01259765625 67.2708984375, -95.8791015625 67.298486328125, -95.719921875 67.316796875, -95.69516601562499 67.29873046875, -95.78251953124999 67.193798828125, -95.77768554687499 67.184619140625, -95.626416015625 67.211572265625, -95.55703125 67.215283203125, -95.5287109375 67.2091796875, -95.41591796875 67.15556640625, -95.40458984374999 67.115576171875, -95.406982421875 67.056103515625, -95.418896484375 67.013232421875, -95.456982421875 66.989453125, -95.50224609374999 66.9798828125, -95.76865234374999 66.96669921875, -95.86181640625 66.978173828125, -95.954052734375 67.010888671875, -96.01953125 67.01875, -96.095458984375 66.9935546875, -96.215576171875 66.997705078125, -96.35043945312499 67.07001953125, -96.404248046875 67.063232421875, -96.42255859375 67.0517578125, -96.42026367187499 67.036181640625, -96.359521484375 66.989404296875, -95.88530273437499 66.741357421875, -95.81328124999999 66.69013671875, -95.79736328125 66.616552734375, -95.787548828125 66.616796875, -95.7431640625 66.6904296875, -95.772119140625 66.72607421875, -96.01611328125 66.870458984375, -96.045361328125 66.92314453125, -96.036865234375 66.9375, -95.97236328125 66.95224609375, -95.62504882812499 66.916259765625, -95.490380859375 66.92412109375, -95.399658203125 66.949462890625, -95.35410156249999 66.980712890625, -95.32109374999999 67.152490234375, -95.258740234375 67.262548828125, -95.29560546875 67.36103515625, -95.38955078125 67.517822265625, -95.46337890625 67.610205078125, -95.63369140625 67.703857421875, -95.65048828124999 67.737451171875, -95.460693359375 68.02138671875, -95.426513671875 68.045263671875, -95.38408203124999 68.05556640625, -95.23471679687499 68.059716796875, -95.12587890625 68.08330078125, -94.955224609375 68.05029296875, -94.86103515625 68.041650390625, -94.74443359374999 68.0708984375, -94.485302734375 68.190087890625, -94.38383789062499 68.227001953125, -94.25478515625 68.296826171875, -94.09814453125 68.3994140625, -93.927734375 68.473828125, -93.65170898437499 68.543115234375, -93.48300781249999 68.598876953125, -93.44892578125 68.618896484375, -93.60581054687499 68.623681640625, -93.6439453125 68.63310546875, -93.676171875 68.685986328125, -93.65986328125 68.783740234375, -93.66279296875 68.83818359375, -93.68144531249999 68.887255859375, -93.715771484375 68.9310546875, -93.76572265624999 68.969580078125, -93.81132812499999 68.99267578125, -93.85244140625 69.000341796875, -93.88071289062499 68.996826171875, -93.89609374999999 68.982177734375, -93.93808593749999 68.8890625, -93.99155273437499 68.82060546875, -94.064892578125 68.784765625, -94.216943359375 68.760546875, -94.47832031249999 68.7427734375, -94.58676757812499 68.775537109375, -94.60043945312499 68.80322265625, -94.56254882812499 68.911669921875, -94.47563476562499 68.958154296875, -94.23662109374999 69.049755859375, -94.083642578125 69.123095703125, -94.08115234374999 69.13583984375, -94.221826171875 69.136376953125, -94.25537109375 69.15146484375, -94.28496093749999 69.2416015625, -94.2767578125 69.275244140625, -94.25473632812499 69.31376953125, -94.15634765624999 69.341748046875, -93.85439453125 69.3763671875, -93.61948242187499 69.4169921875, -93.61264648437499 69.40283203125, -93.8009765625 69.280908203125, -93.820458984375 69.25263671875, -93.74853515625 69.226123046875, -93.56748046874999 69.296875, -93.4505859375 69.35517578125, -93.43095703124999 69.375048828125, -93.537060546875 69.38232421875, -93.54287109375 69.4064453125, -93.522412109375 69.45068359375, -93.53227539062499 69.480908203125, -93.6498046875 69.51904296875, -93.794384765625 69.4978515625, -93.91508789062499 69.457666015625, -94.015283203125 69.446728515625, -94.16318359374999 69.445947265625, -94.27080078124999 69.455126953125, -94.338134765625 69.474267578125, -94.419189453125 69.517041015625, -94.513916015625 69.583447265625, -94.63383789062499 69.649658203125, -94.67626953125 69.656884765625, -94.71269531249999 69.6494140625, -94.7892578125 69.58544921875, -94.822509765625 69.577783203125, -95.29208984374999 69.6673828125, -95.49125976562499 69.717626953125, -95.58759765625 69.755712890625, -95.707421875 69.77822265625, -95.85068359374999 69.785107421875, -95.96494140624999 69.802783203125, -96.05014648437499 69.83115234375, -96.119091796875 69.871875, -96.17177734375 69.924951171875, -96.26938476562499 69.991796875, -96.4923828125 70.12490234375, -96.55136718749999 70.210302734375, -96.5595703125 70.243017578125, -96.54560546875 70.32724609375, -96.336572265625 70.470166015625, -96.29770507812499 70.511376953125, -96.22641601562499 70.54169921875, -96.04814453124999 70.56708984375, -95.87861328125 70.548974609375, -95.98017578125 70.593212890625, -95.98818359375 70.616845703125, -95.88632812499999 70.694287109375, -95.906396484375 70.69775390625, -96.18642578125 70.63828125, -96.2580078125 70.64228515625, -96.35888671875 70.678662109375, -96.54892578124999 70.808740234375, -96.55107421874999 70.88974609375, -96.49130859374999 71.00234375, -96.47041015625 71.0697265625, -96.52475585937499 71.12705078125, -96.50444335937499 71.1431640625, -96.445458984375 71.159228515625, -96.42075195312499 71.17646484375, -96.44658203124999 71.239892578125, -96.4056640625 71.2736328125, -96.1396484375 71.39638671875, -96.06201171875 71.4138671875, -95.99443359374999 71.41064453125, -95.924072265625 71.39306640625, -95.85087890624999 71.361083984375, -95.72539062499999 71.328173828125, -95.632568359375 71.318798828125, -95.56425781249999 71.336767578125, -95.447509765625 71.46005859375, -95.40625 71.491650390625, -95.44541015624999 71.50537109375, -95.67421875 71.504052734375, -95.773388671875 71.5142578125, -95.83037109374999 71.52607421875, -95.872314453125 71.57314453125, -95.83774414062499 71.5982421875, -95.61591796875 71.685400390625, -95.511669921875 71.776806640625, -95.20122070312499 71.9037109375, -94.886962890625 71.96337890625, -94.73486328125 71.982958984375, -94.61113281249999 71.986865234375, -94.557080078125 71.978955078125, -94.49106445312499 71.91552734375, -94.47880859374999 71.848583984375, -94.308349609375 71.764892578125, -94.17124023437499 71.758447265625, -94.08598632812499 71.771142578125, -93.810205078125 71.766259765625, -93.7462890625 71.742822265625, -93.75087890625 71.716650390625, -93.781640625 71.67431640625, -93.762841796875 71.638037109375, -93.57587890625 71.568701171875, -93.407470703125 71.520703125, -93.25634765625 71.46083984375, -93.03129882812499 71.335693359375, -92.982568359375 71.300341796875, -92.948681640625 71.262109375, -92.89018554687499 71.12236328125)), ((-56.137353515624994 46.801562499999996, -56.13925781249999 46.778662109375, -56.15073242187499 46.76240234375, -56.17167968749999 46.752832031249994, -56.24326171874999 46.7671875, -56.2091796875 46.798242187499994, -56.18505859375 46.807275390624994, -56.15263671874999 46.811083984374996, -56.137353515624994 46.801562499999996)), ((-56.26708984375 46.8384765625, -56.35419921875 46.795312499999994, -56.384765625 46.81943359375, -56.37724609374999 46.84765625, -56.33256835937499 46.915966796875, -56.333935546875 46.93564453125, -56.3869140625 47.06796875, -56.3779296875 47.08955078125, -56.364648437499994 47.098974609375, -56.287353515625 47.07099609375, -56.27836914062499 47.035009765625, -56.314892578125 46.953857421875, -56.289794921875 46.89990234375, -56.25546874999999 46.860986328124994, -56.26708984375 46.8384765625)), ((-59.48789062499999 13.196826171874989, -59.427636718749994 13.152783203124997, -59.493310546874994 13.081982421874997, -59.521874999999994 13.062207031249997, -59.611328125 13.102099609374989, -59.6427734375 13.150292968749994, -59.6466796875 13.303124999999994, -59.59160156249999 13.317675781250003, -59.48789062499999 13.196826171874989)), ((-59.93603515625 43.939599609374994, -59.866357421874994 43.947167968749994, -59.72714843749999 44.002832031249994, -59.78759765625 43.939599609374994, -59.922265624999994 43.90390625, -60.037744140624994 43.906640624999994, -60.1142578125 43.939111328124994, -60.11748046874999 43.953369140625, -59.93603515625 43.939599609374994)), ((-60.93037109375 45.747705078124994, -60.806103515625 45.738085937499996, -60.73789062499999 45.751416015625, -60.69907226562499 45.773339843749994, -60.47236328125 45.946533203125, -60.460595703124994 45.968701171875, -60.70488281249999 45.932910156249996, -60.733300781249994 45.956591796874996, -60.573193359375 46.061425781249994, -60.58574218749999 46.116650390625, -60.50493164062499 46.203857421875, -60.37651367187499 46.284570312499994, -60.29794921874999 46.31123046875, -60.24384765625 46.2701171875, -60.226464843749994 46.195556640625, -60.09248046875 46.206005859375, -59.96142578125 46.190966796874996, -59.86503906249999 46.159521484375, -59.849999999999994 46.141406249999996, -59.848779296874994 46.112939453124994, -59.88090820312499 46.06162109375, -59.934033203125 46.019433593749994, -59.828027343749994 45.965136718749996, -59.842187499999994 45.941552734374994, -60.0158203125 45.88046875, -60.114453125 45.818896484374996, -60.205078125 45.743017578125, -60.38608398437499 45.654638671875, -60.67294921874999 45.5908203125, -60.76372070312499 45.5908203125, -60.87158203125 45.610693359375, -60.97861328124999 45.60615234375, -61.08369140625 45.582373046875, -61.186425781249994 45.585009765624996, -61.236328125 45.572509765625, -61.28369140625 45.573876953124994, -61.408349609374994 45.669091796874994, -61.44980468749999 45.716210937499994, -61.4953125 45.941455078124996, -61.480615234374994 46.059765625, -61.408642578125 46.170361328125, -61.302197265625 46.24384765625, -61.24052734374999 46.302539062499996, -60.98251953124999 46.65048828125, -60.93198242187499 46.729443359375, -60.87016601562499 46.796777343749994, -60.759667968749994 46.86337890625, -60.616650390625 46.97578125, -60.571044921875 46.998828124999996, -60.48906249999999 47.009716796875, -60.408203125 47.003515625, -60.43134765625 46.962939453124996, -60.425439453124994 46.923193359375, -60.33173828125 46.767822265625, -60.332910156249994 46.73701171875, -60.38408203124999 46.613330078124996, -60.482421875 46.413525390625, -60.507714843749994 46.303369140624994, -60.494531249999994 46.270263671875, -60.534423828125 46.21455078125, -60.57685546875 46.172167968749996, -60.74482421875 46.092675781249994, -60.83056640625 46.074121093749994, -60.91220703124999 46.044580078124994, -61.10517578125 45.944726562499994, -61.07133789062499 45.937109375, -60.93657226562499 45.985546875, -60.865234375 45.98349609375, -60.868408203125 45.948632812499994, -60.984277343749994 45.910693359374996, -61.037548828125 45.882226562499994, -60.970605468749994 45.855810546875, -60.97153320312499 45.83798828125, -61.051953125 45.79501953125, -61.09208984374999 45.748388671875, -61.059033203125 45.703369140625, -60.93037109375 45.747705078124994)), ((-61.027099609375 14.826171875, -60.952539062499994 14.756249999999994, -60.927148437499994 14.755175781250003, -60.91865234375 14.7353515625, -60.93369140624999 14.686181640624994, -60.88916015625 14.64453125, -60.86997070312499 14.613720703124997, -60.82626953124999 14.494482421874991, -60.83662109375 14.437402343749994, -60.86210937499999 14.42626953125, -60.8994140625 14.473779296874994, -61.063720703125 14.467089843750003, -61.0888671875 14.509570312500003, -61.09033203125 14.529687499999994, -61.01132812499999 14.601904296874991, -61.10429687499999 14.621240234374994, -61.14111328125 14.652392578125003, -61.2197265625 14.804394531249997, -61.213330078125 14.848583984374997, -61.180810546874994 14.871923828124991, -61.127392578125 14.875292968750003, -61.027099609375 14.826171875)), ((-61.06357421874999 13.915576171875003, -60.944580078125 14.072851562499991, -60.908105468749994 14.093359374999991, -60.88676757812499 14.011132812499994, -60.89521484375 13.821972656249997, -60.951416015625 13.717578125000003, -61.06064453124999 13.783105468749994, -61.073144531249994 13.865576171874991, -61.06357421874999 13.915576171875003)), ((-61.02597656249999 45.57734375, -60.91245117187499 45.567285156249994, -60.953027343749994 45.515527343749994, -60.961572265624994 45.48994140625, -61.002880859375 45.481738281249996, -61.01249999999999 45.496044921875, -61.076171875 45.5373046875, -61.08173828125 45.5578125, -61.02597656249999 45.57734375)), ((-61.13701171874999 56.032568359375, -61.191308593749994 56.0478515625, -61.19584960937499 56.063916015625, -61.18818359375 56.08896484375, -61.15756835937499 56.118359375, -61.0869140625 56.1408203125, -60.96640624999999 56.098828125, -60.95537109374999 56.080419921875, -60.99448242187499 56.039306640625, -60.98271484374999 56.01513671875, -61.13701171874999 56.032568359375)), ((-61.224072265625 13.330664062499991, -61.18212890625 13.35595703125, -61.13896484374999 13.358740234374991, -61.1240234375 13.294042968749991, -61.134521484375 13.202880859375, -61.17451171875 13.158105468749994, -61.20390624999999 13.142285156249997, -61.277294921875 13.209570312499991, -61.268457031249994 13.287695312499991, -61.224072265625 13.330664062499991)), ((-61.52216796875 16.22802734375, -61.539990234375 16.299609375000003, -61.50058593749999 16.36020507812499, -61.52890624999999 16.433789062499997, -61.510644531249994 16.477685546874994, -61.47119140625 16.506640625000003, -61.4064453125 16.468310546875003, -61.396142578124994 16.41342773437499, -61.35546875 16.363183593749994, -61.172607421875 16.256103515625, -61.44482421875 16.219287109375003, -61.52216796875 16.22802734375)), ((-61.25 16.006298828124997, -61.212353515625 15.959912109374997, -61.20341796874999 15.921240234374991, -61.23046875 15.889941406250003, -61.28623046874999 15.886035156250003, -61.3107421875 15.894677734374994, -61.31840820312499 15.954882812500003, -61.275292968749994 15.996240234374994, -61.25 16.006298828124997)), ((-68.46933593749999 82.653369140625, -68.1728515625 82.645947265625, -67.73588867187499 82.65244140625, -67.39707031249999 82.668115234375, -66.997705078125 82.716064453125, -66.86572265625 82.71884765625, -66.61186523437499 82.74208984375, -66.12045898437499 82.80712890625, -65.72744140625 82.842431640625, -65.54960937499999 82.826953125, -65.39999999999999 82.802392578125, -65.2990234375 82.799609375, -65.24658203125 82.818505859375, -65.16240234374999 82.8701171875, -65.11318359375 82.888916015625, -64.98388671875 82.902294921875, -64.90488281249999 82.900830078125, -64.7767578125 82.87646484375, -64.634765625 82.818603515625, -64.50400390624999 82.77841796875, -64.43339843749999 82.777734375, -64.134228515625 82.823193359375, -63.98359375 82.8291015625, -63.641015624999994 82.81259765625, -63.49873046875 82.792578125, -63.473046874999994 82.771240234375, -63.62060546875 82.729296875, -63.642529296875 82.71298828125, -63.592675781249994 82.69404296875, -63.385400390624994 82.653466796875, -63.085351562499994 82.565234375, -63.087060546874994 82.5328125, -63.25083007812499 82.466845703125, -63.24677734375 82.4501953125, -62.47519531249999 82.519580078125, -61.697167968749994 82.488623046875, -61.47705078125 82.467431640625, -61.392480468749994 82.44189453125, -61.302490234375 82.399755859375, -61.2072265625 82.341064453125, -61.27353515624999 82.279833984375, -61.615380859374994 82.184423828125, -61.968652343749994 82.11025390625, -62.176708984375 82.043408203125, -62.496484374999994 82.006787109375, -63.59228515625 81.8455078125, -64.1279296875 81.79365234375, -64.435791015625 81.742626953125, -64.57402343749999 81.733740234375, -65.22617187499999 81.743505859375, -65.399169921875 81.715380859375, -65.49541015624999 81.66806640625, -65.70107421875 81.645556640625, -66.00473632812499 81.629443359375, -66.625732421875 81.61640625, -66.7650390625 81.563037109375, -66.80058593749999 81.526806640625, -66.86113281249999 81.498681640625, -66.9140625 81.485107421875, -68.68852539062499 81.293310546875, -68.72119140625 81.26123046875, -68.54257812499999 81.247998046875, -68.31767578124999 81.26123046875, -65.73569335937499 81.49423828125, -65.239990234375 81.50966796875, -64.78007812499999 81.49287109375, -64.832763671875 81.438623046875, -65.48398437499999 81.284765625, -66.31284179687499 81.146142578125, -66.72685546874999 81.04091796875, -67.774365234375 80.859423828125, -68.63046874999999 80.6787109375, -68.959375 80.586865234375, -69.40009765625 80.4228515625, -69.55068359375 80.383251953125, -69.7337890625 80.366943359375, -69.94931640624999 80.373779296875, -70.143505859375 80.39765625, -70.40263671874999 80.458984375, -70.638671875 80.5275390625, -70.71259765625 80.539599609375, -70.66782226562499 80.50556640625, -70.21279296875 80.277734375, -70.264892578125 80.23359375, -71.10029296875 80.187060546875, -71.47006835937499 80.1458984375, -71.66083984375 80.1359375, -71.7958984375 80.143359375, -71.92763671875 80.13916015625, -72.05595703124999 80.1232421875, -72.06298828125 80.10556640625, -71.948681640625 80.086181640625, -71.61611328125 80.071044921875, -70.87705078124999 80.122314453125, -70.75849609375 80.11865234375, -70.56840820312499 80.093701171875, -70.55908203125 80.07099609375, -70.75751953125 79.9982421875, -71.35581054687499 79.911279296875, -71.27763671874999 79.90634765625, -71.10634765625 79.875537109375, -71.11015624999999 79.847802734375, -71.298583984375 79.782568359375, -71.387841796875 79.761767578125, -71.96455078125 79.70107421875, -72.21552734375 79.68681640625, -72.4365234375 79.694384765625, -73.44814453125 79.827099609375, -73.805078125 79.8462890625, -74.14423828125 79.87978515625, -74.394482421875 79.874072265625, -74.66020507812499 79.83515625, -74.54072265625 79.815576171875, -74.051025390625 79.77822265625, -73.64208984375 79.77099609375, -73.47246093749999 79.7564453125, -73.405908203125 79.732177734375, -73.22939453125 79.643994140625, -73.201123046875 79.59658203125, -73.24013671875 79.552490234375, -73.29355468749999 79.52158203125, -73.3615234375 79.50400390625, -73.466064453125 79.495166015625, -73.865966796875 79.501416015625, -74.015380859375 79.49052734375, -74.188671875 79.46474609375, -74.406005859375 79.453564453125, -74.79794921874999 79.45869140625, -75.25947265625 79.421044921875, -75.50341796875 79.41416015625, -75.773828125 79.43115234375, -76.06689453125 79.473193359375, -76.37607421874999 79.49443359375, -76.898828125 79.5123046875, -76.85507812499999 79.488232421875, -76.6708984375 79.478076171875, -76.29570312499999 79.413623046875, -76.116357421875 79.326123046875, -75.947509765625 79.311328125, -75.602734375 79.23955078125, -75.353662109375 79.2283203125, -75.09360351562499 79.20390625, -74.72724609375 79.2353515625, -74.481201171875 79.2294921875, -74.53232421874999 79.052734375, -74.64091796874999 79.035546875, -75.233154296875 79.035546875, -75.5146484375 79.06123046875, -75.63896484374999 79.087744140625, -75.91181640625 79.1177734375, -76.15756835937499 79.100390625, -76.38037109375 79.104150390625, -76.5314453125 79.0865234375, -76.771142578125 79.087158203125, -77.39804687499999 79.057275390625, -77.729248046875 79.05693359375, -77.973779296875 79.076220703125, -78.25791015624999 79.082177734375, -78.58164062499999 79.075, -78.558984375 79.05458984375, -78.42177734375 79.048388671875, -78.22197265624999 79.01513671875, -78.03681640625 78.963916015625, -77.882763671875 78.9423828125, -77.6982421875 78.954541015625, -77.510400390625 78.978466796875, -76.82480468749999 79.01787109375, -76.52412109375 79.02421875, -76.255859375 79.0068359375, -76.07734375 78.98515625, -75.95268554687499 78.959033203125, -75.795068359375 78.88974609375, -75.399853515625 78.881298828125, -75.09853515625 78.85830078125, -74.618408203125 78.75771484375, -74.486328125 78.75009765625, -74.43310546875 78.72412109375, -74.53505859375 78.65927734375, -74.54658203125 78.6203125, -74.87861328125 78.54482421875, -75.39658203124999 78.5228515625, -75.9658203125 78.529833984375, -76.373486328125 78.52109375, -76.41611328124999 78.5115234375, -76.13652343749999 78.49169921875, -75.48837890624999 78.403515625, -75.23720703125 78.355712890625, -75.19345703124999 78.327734375, -75.55068359375 78.22109375, -75.865966796875 78.009814453125, -75.96962890625 77.993115234375, -76.0775390625 77.9873046875, -76.35556640624999 77.991015625, -76.70810546874999 77.937890625, -76.9740234375 77.92724609375, -77.45595703125 77.94716796875, -78.01259765625 77.946044921875, -78.056396484375 77.91171875, -78.084130859375 77.84609375, -78.0810546875 77.74736328125, -78.04716796874999 77.615478515625, -78.076171875 77.51904296875, -78.16796875 77.45810546875, -78.28374023437499 77.4130859375, -78.49321289062499 77.369384765625, -78.70849609375 77.342138671875, -78.86953125 77.33251953125, -79.13759765625 77.331005859375, -79.906396484375 77.299560546875, -80.281689453125 77.30146484375, -80.57304687499999 77.314794921875, -80.87460937499999 77.35859375, -81.37685546875 77.48212890625, -81.519287109375 77.5095703125, -81.65908203125 77.525439453125, -81.65380859375 77.498828125, -81.503564453125 77.42978515625, -81.378173828125 77.385205078125, -81.277734375 77.365185546875, -81.30136718749999 77.34404296875, -81.52294921875 77.31083984375, -81.767333984375 77.295947265625, -82.056787109375 77.296533203125, -82.06601562499999 77.283642578125, -81.96782226562499 77.2478515625, -81.840234375 77.214111328125, -81.75634765625 77.20400390625, -81.53447265624999 77.214453125, -81.27744140624999 77.257080078125, -81.1171875 77.26962890625, -80.79819335937499 77.25947265625, -80.67255859375 77.244287109375, -80.27421874999999 77.150927734375, -80.218701171875 77.14658203125, -79.92373046875 77.193603515625, -79.497265625 77.19609375, -79.34086914062499 77.1583984375, -79.28110351562499 77.08515625, -79.273828125 77.02578125, -79.31894531249999 76.98037109375, -79.22075195312499 76.93603515625, -78.97919921875 76.89287109375, -78.79179687499999 76.88359375, -78.65854492187499 76.9080078125, -78.45595703125 76.967236328125, -78.37001953125 76.98125, -78.28886718749999 76.977978515625, -78.16508789062499 76.934912109375, -77.99873046875 76.851953125, -77.98330078125 76.75498046875, -78.11870117187499 76.64404296875, -78.284326171875 76.571240234375, -78.93427734375 76.451171875, -79.13071289062499 76.403955078125, -79.285888671875 76.35478515625, -79.51103515624999 76.310498046875, -79.953564453125 76.25126953125, -80.18681640624999 76.240185546875, -80.69028320312499 76.17646484375, -80.79970703125 76.173583984375, -80.96293945312499 76.183935546875, -80.99667968749999 76.214990234375, -80.95517578124999 76.270166015625, -80.90122070312499 76.321533203125, -80.83481445312499 76.369140625, -80.83237304687499 76.408642578125, -80.97451171875 76.470068359375, -81.074365234375 76.498486328125, -81.17070312499999 76.512744140625, -81.36479492187499 76.5044921875, -81.47446289062499 76.487646484375, -81.5919921875 76.484423828125, -81.71738281249999 76.494970703125, -81.82294921875 76.520849609375, -82.0341796875 76.62939453125, -82.113720703125 76.643212890625, -82.217919921875 76.639794921875, -82.31113281249999 76.65537109375, -82.39345703125 76.689892578125, -82.52983398437499 76.723291015625, -82.493408203125 76.697802734375, -82.35698242187499 76.63603515625, -82.261962890625 76.57470703125, -82.20834960937499 76.51376953125, -82.233154296875 76.4658203125, -83.38896484374999 76.4392578125, -83.885693359375 76.453125, -83.986328125 76.49501953125, -84.223779296875 76.675341796875, -84.275341796875 76.35654296875, -85.141259765625 76.30458984375, -85.34360351562499 76.31337890625, -85.68056640625 76.3490234375, -86.11582031249999 76.434912109375, -86.29619140624999 76.491845703125, -86.366845703125 76.5486328125, -86.41943359375 76.579638671875, -86.45371093749999 76.58486328125, -86.5619140625 76.51650390625, -86.68022460937499 76.376611328125, -87.35419921875 76.448046875, -87.48979492187499 76.58583984375, -87.49755859375 76.386279296875, -88.10434570312499 76.412744140625, -88.39599609375 76.4052734375, -88.481640625 76.580078125, -88.495849609375 76.7728515625, -88.61411132812499 76.65087890625, -88.56254882812499 76.547216796875, -88.54580078125 76.4208984375, -88.8037109375 76.4568359375, -89.36962890625 76.474462890625, -89.570068359375 76.491943359375, -89.5443359375 76.65966796875, -89.499755859375 76.826806640625, -88.7708984375 76.993359375, -88.55620117187499 77.072216796875, -88.39814453125 77.103955078125, -88.14794921875 77.1240234375, -87.82841796874999 77.136474609375, -87.610498046875 77.12685546875, -87.36171875 77.13623046875, -87.064453125 77.165869140625, -86.852197265625 77.1744140625, -86.812255859375 77.184912109375, -86.873779296875 77.20029296875, -87.10087890624999 77.30771484375, -87.18242187499999 77.33212890625, -87.265380859375 77.343017578125, -87.4296875 77.347802734375, -87.58916015624999 77.39482421875, -87.68144531249999 77.436376953125, -87.78017578125 77.492822265625, -87.937939453125 77.5998046875, -88.094677734375 77.719189453125, -88.0169921875 77.784716796875, -87.75712890624999 77.83623046875, -87.49677734375 77.871923828125, -87.23603515625 77.891796875, -87.01796875 77.892236328125, -86.755078125 77.863720703125, -86.38510742187499 77.80859375, -86.172998046875 77.746142578125, -85.906640625 77.613916015625, -85.731201171875 77.508642578125, -85.58847656249999 77.4611328125, -84.95087890625 77.374951171875, -84.738671875 77.36103515625, -84.48701171875 77.36796875, -83.973583984375 77.39052734375, -83.72128906249999 77.414208984375, -83.608056640625 77.442236328125, -83.5498046875 77.482568359375, -83.47734374999999 77.513623046875, -83.25029296874999 77.584814453125, -82.902734375 77.73271484375, -82.7103515625 77.84951171875, -82.664697265625 77.888818359375, -82.62631835937499 77.936328125, -82.59531249999999 77.992138671875, -82.703564453125 77.96240234375, -83.30375976562499 77.67373046875, -83.42822265625 77.6212890625, -83.77939453124999 77.5326171875, -83.928173828125 77.518310546875, -84.16782226562499 77.522705078125, -84.48583984375 77.561962890625, -84.860546875 77.49951171875, -85.087890625 77.515380859375, -85.28935546874999 77.559033203125, -85.29204101562499 77.7638671875, -85.54755859375 77.927685546875, -85.26533203125 78.010595703125, -85.031494140625 78.06201171875, -84.6154296875 78.195703125, -84.524169921875 78.1970703125, -84.22270507812499 78.176025390625, -84.388134765625 78.20634765625, -84.55 78.2513671875, -84.9103515625 78.239697265625, -84.783203125 78.527587890625, -85.02431640625 78.31240234375, -85.270166015625 78.19951171875, -85.41899414062499 78.142431640625, -85.5859375 78.1095703125, -86.2177734375 78.081201171875, -86.06259765624999 78.186962890625, -85.920068359375 78.34287109375, -86.070947265625 78.284619140625, -86.42705078124999 78.197021484375, -86.693603515625 78.151025390625, -86.913232421875 78.126806640625, -87.33935546875 78.132666015625, -87.5517578125 78.176611328125, -87.49111328125 78.284423828125, -87.49130859374999 78.4171875, -87.361279296875 78.4787109375, -87.164306640625 78.5576171875, -86.95292968749999 78.663916015625, -86.80791015624999 78.774365234375, -86.24189453125 78.8236328125, -85.69101562499999 78.843701171875, -85.2296875 78.902001953125, -85.00375976562499 78.912255859375, -84.787255859375 78.8845703125, -83.90791015625 78.83916015625, -83.271435546875 78.7703125, -82.98979492187499 78.844140625, -82.441796875 78.8404296875, -82.290673828125 78.8470703125, -82.15107421875 78.864111328125, -81.981103515625 78.898486328125, -81.78081054687499 78.950341796875, -81.75009765624999 78.97578125, -81.889111328125 78.974853515625, -82.0283203125 78.961865234375, -82.23740234374999 78.924072265625, -82.43876953124999 78.903662109375, -82.64409179687499 78.90751953125, -83.058544921875 78.939501953125, -83.77861328124999 78.945263671875, -84.14580078124999 78.959814453125, -84.31611328125 78.97529296875, -84.41201171875 78.99658203125, -84.495849609375 79.028564453125, -84.5677734375 79.0712890625, -84.5302734375 79.10126953125, -84.38359374999999 79.1185546875, -84.25664062499999 79.12216796875, -84.05302734374999 79.098681640625, -83.824609375 79.058837890625, -83.57587890625 79.053662109375, -83.66201171875 79.0900390625, -83.97812499999999 79.163134765625, -84.19736328124999 79.22509765625, -84.3810546875 79.30126953125, -84.522412109375 79.376611328125, -84.83642578125 79.4947265625, -85.089794921875 79.612158203125, -85.268505859375 79.664111328125, -85.45693359375 79.68984375, -86.031494140625 79.721923828125, -86.146630859375 79.742822265625, -86.42075195312499 79.84521484375, -86.4943359375 80.0181640625, -86.614501953125 80.12353515625, -86.49853515625 80.258251953125, -86.30717773437499 80.3193359375, -85.159619140625 80.27177734375, -84.675439453125 80.27890625, -84.05654296875 80.261962890625, -83.7236328125 80.228955078125, -83.34375 80.14697265625, -83.004296875 80.05458984375, -82.677490234375 79.9927734375, -82.37700195312499 79.908251953125, -82.048779296875 79.782763671875, -81.855712890625 79.72255859375, -81.68837890625 79.685791015625, -81.463037109375 79.654150390625, -81.0380859375 79.614208984375, -80.66782226562499 79.601025390625, -80.47592773437499 79.60625, -80.27060546874999 79.635205078125, -80.124462890625 79.669482421875, -80.28745117187499 79.678955078125, -80.714013671875 79.674951171875, -81.01015625 79.693115234375, -81.17905273437499 79.733447265625, -81.35869140624999 79.78779296875, -81.64423828125 79.890234375, -81.86025390625 79.957177734375, -82.33237304687499 80.066357421875, -82.681298828125 80.17490234375, -82.9611328125 80.277880859375, -82.98701171875 80.322607421875, -82.784814453125 80.353759765625, -82.5361328125 80.375537109375, -80.979638671875 80.445263671875, -80.05107421874999 80.528564453125, -79.67436523437499 80.625244140625, -79.629345703125 80.6478515625, -78.386181640625 80.784375, -77.50712890624999 80.834765625, -77.169140625 80.842919921875, -76.86298828125 80.864794921875, -76.850341796875 80.878173828125, -77.1185546875 80.896435546875, -77.38945312499999 80.905419921875, -78.00380859375 80.904833984375, -78.5509765625 80.921435546875, -78.7162109375 80.95166015625, -78.68193359374999 81.00107421875, -78.629296875 81.04345703125, -78.46396484374999 81.11435546875, -78.28681640625 81.167626953125, -77.53603515625 81.32109375, -77.030712890625 81.385693359375, -76.88510742187499 81.4302734375, -77.97236328125 81.330810546875, -78.35214843749999 81.258935546875, -78.73388671875 81.151025390625, -78.93154296875 81.11923828125, -79.0724609375 81.12763671875, -79.19833984374999 81.117578125, -79.30917968749999 81.0890625, -79.40214843749999 81.036865234375, -79.47724609375 80.960986328125, -79.54541015625 80.909326171875, -79.606640625 80.881787109375, -79.76132812499999 80.841943359375, -80.133544921875 80.763916015625, -81.00703125 80.6548828125, -81.3009765625 80.627197265625, -81.552685546875 80.622802734375, -82.36821289062499 80.561328125, -82.613037109375 80.55888671875, -82.88432617187499 80.5775390625, -82.768310546875 80.6306640625, -82.33676757812499 80.728662109375, -82.22236328125 80.772314453125, -82.4984375 80.76279296875, -82.77998046875 80.73603515625, -83.40141601562499 80.71396484375, -83.647119140625 80.674072265625, -83.88535156249999 80.6017578125, -84.07626953124999 80.55625, -84.21977539062499 80.53779296875, -84.41782226562499 80.5267578125, -85.14584960937499 80.521142578125, -85.30742187499999 80.5259765625, -85.726220703125 80.58115234375, -86.09716796875 80.562109375, -86.25034179687499 80.565771484375, -86.53159179687499 80.604736328125, -86.6154296875 80.630029296875, -86.60307617187499 80.664013671875, -86.44047851562499 80.72802734375, -86.252099609375 80.78955078125, -85.639306640625 80.924609375, -85.2462890625 80.987890625, -84.679931640625 81.0423828125, -83.34921874999999 81.1033203125, -83.288818359375 81.14794921875, -84.63544921875 81.098095703125, -85.78085937499999 81.03505859375, -85.966796875 81.0119140625, -86.23344726562499 80.95009765625, -87.0802734375 80.72626953125, -87.32988281249999 80.669775390625, -87.711669921875 80.65625, -88.003662109375 80.675390625, -88.23198242187499 80.70380859375, -88.62509765624999 80.770068359375, -88.92143554687499 80.805615234375, -89.061669921875 80.829541015625, -89.14458007812499 80.853662109375, -89.21176757812499 80.88193359375, -89.26328124999999 80.914306640625, -89.16689453125 80.94130859375, -88.4130859375 80.999755859375, -87.388671875 80.98837890625, -86.92900390624999 81.000439453125, -86.4767578125 81.0357421875, -85.8095703125 81.123583984375, -85.08330078124999 81.246875, -84.94121093749999 81.28623046875, -85.206298828125 81.294873046875, -85.402490234375 81.285302734375, -85.87504882812499 81.2412109375, -86.62275390625 81.12265625, -87.27509765625 81.080810546875, -88.88681640624999 81.05849609375, -89.398388671875 81.025341796875, -89.623046875 81.032470703125, -89.79228515624999 81.06484375, -89.98095703125 81.12470703125, -89.94731445312499 81.17265625, -89.56337890625 81.22646484375, -89.26254882812499 81.2390625, -89.20869140625 81.25009765625, -89.635693359375 81.30205078125, -89.67368164062499 81.32861328125, -89.427001953125 81.387451171875, -88.89228515625 81.47412109375, -88.62192382812499 81.501416015625, -88.12651367187499 81.518798828125, -87.61669921875 81.509326171875, -87.59702148437499 81.525830078125, -88.10136718749999 81.558642578125, -88.47905273437499 81.5646484375, -88.97836914062499 81.54150390625, -90.30351562499999 81.401123046875, -90.41630859374999 81.40537109375, -90.609033203125 81.429541015625, -90.55375976562499 81.464208984375, -89.84521484375 81.611669921875, -89.8216796875 81.63486328125, -90.33085937499999 81.63154296875, -90.48037109375 81.638525390625, -90.62631835937499 81.656005859375, -90.833740234375 81.640478515625, -91.102734375 81.5919921875, -91.2923828125 81.571240234375, -91.402783203125 81.57822265625, -91.68408203125 81.635693359375, -91.64755859374999 81.683837890625, -91.423828125 81.74423828125, -91.219482421875 81.787744140625, -90.94194335937499 81.82744140625, -90.490185546875 81.87724609375, -90.163037109375 81.89404296875, -89.63334960937499 81.89453125, -89.381005859375 81.916748046875, -89.15634765624999 81.955419921875, -88.875244140625 82.018017578125, -88.566845703125 82.061083984375, -88.06318359375 82.096484375, -87.638916015625 82.08505859375, -87.40439453124999 82.05419921875, -87.2181640625 82.00009765625, -87.018212890625 81.958740234375, -86.99921875 81.992138671875, -86.83403320312499 82.033349609375, -86.62680664062499 82.051025390625, -86.37753906249999 82.0451171875, -86.158349609375 82.025537109375, -85.87480468749999 81.97568359375, -85.645654296875 81.953271484375, -85.53798828125 81.954638671875, -85.40317382812499 81.9822265625, -85.04482421875 81.9828125, -85.05224609375 81.99453125, -85.16923828124999 82.023388671875, -85.31059570312499 82.043994140625, -86.58061523437499 82.18720703125, -86.615625 82.2185546875, -86.18759765624999 82.24794921875, -85.92001953124999 82.283056640625, -85.79443359375 82.2916015625, -85.480859375 82.36630859375, -85.27597656249999 82.405224609375, -84.89682617187499 82.4494140625, -84.74472656249999 82.437353515625, -84.553369140625 82.39833984375, -84.368115234375 82.37392578125, -83.8236328125 82.35068359375, -83.59067382812499 82.32646484375, -83.17568359375 82.18720703125, -83.01015625 82.14169921875, -82.77421874999999 82.094921875, -82.63369140625 82.077294921875, -82.35600585937499 82.066015625, -82.32744140624999 82.09248046875, -82.65708007812499 82.15830078125, -82.7474609375 82.196435546875, -82.70859374999999 82.2287109375, -82.63837890625 82.245751953125, -82.53691406249999 82.247265625, -82.2765625 82.21845703125, -81.58447265625 82.120556640625, -80.54990234374999 82.00458984375, -80.15336914062499 81.97763671875, -79.908642578125 81.93623046875, -79.685546875 81.885888671875, -79.46562499999999 81.851123046875, -79.42485351562499 81.854443359375, -79.62949218749999 81.93232421875, -80.129833984375 82.028369140625, -81.46826171875 82.1923828125, -81.99760742187499 82.278271484375, -82.253662109375 82.336328125, -82.44755859374999 82.39501953125, -82.4513671875 82.427099609375, -82.26889648437499 82.4646484375, -82.02324218749999 82.494384765625, -81.7177734375 82.50625, -81.68115234375 82.51865234375, -81.95859374999999 82.563232421875, -82.122509765625 82.6017578125, -82.116845703125 82.628662109375, -81.7853515625 82.64921875, -81.57968749999999 82.643017578125, -81.1888671875 82.594482421875, -80.8625 82.571533203125, -80.80966796874999 82.586376953125, -81.146630859375 82.715576171875, -81.17807617187499 82.744677734375, -81.128173828125 82.76171875, -81.01015625 82.779052734375, -80.65712890625 82.769091796875, -80.07578124999999 82.706201171875, -79.03505859375 82.674658203125, -78.748779296875 82.67939453125, -78.79179687499999 82.693896484375, -79.2072265625 82.732763671875, -79.6419921875 82.7849609375, -79.83378906249999 82.81650390625, -79.97431640625 82.858984375, -80.14116210937499 82.89423828125, -80.154931640625 82.9111328125, -79.88632812499999 82.938525390625, -79.18056640625 82.933203125, -78.52495117187499 82.89111328125, -77.96865234375 82.90634765625, -77.61806640625 82.895849609375, -77.47958984374999 82.883154296875, -76.42099609374999 82.6708984375, -76.33554687499999 82.64443359375, -76.24404296875 82.6041015625, -76.146484375 82.549853515625, -76.00937499999999 82.53515625, -75.7443359375 82.572412109375, -75.565625 82.608544921875, -75.64287109374999 82.643505859375, -76.08696289062499 82.7236328125, -76.18779296874999 82.75791015625, -76.40996093749999 82.8158203125, -76.908447265625 82.91943359375, -77.0412109375 82.967529296875, -77.12490234375 83.008544921875, -75.74492187499999 83.04716796875, -74.41416015624999 83.013134765625, -74.19775390625 82.989013671875, -74.055859375 82.95537109375, -73.91650390625 82.90419921875, -73.703125 82.85185546875, -73.27202148437499 82.77158203125, -72.65869140625 82.721630859375, -72.77592773437499 82.7556640625, -73.23466796874999 82.84423828125, -73.44189453125 82.904833984375, -73.44072265624999 82.945849609375, -73.40380859375 82.9771484375, -73.33115234374999 82.998779296875, -72.811669921875 83.081201171875, -72.06923828125 83.1060546875, -71.98320312499999 83.101416015625, -71.40595703125 82.974853515625, -71.13203125 82.923046875, -70.940380859375 82.90224609375, -70.9330078125 82.911279296875, -71.19833984374999 82.969580078125, -71.40239257812499 83.00126953125, -71.42353515625 83.021142578125, -71.08481445312499 83.082666015625, -70.870556640625 83.09814453125, -69.969921875 83.11611328125, -69.86767578125 83.109619140625, -69.78212890625 83.092529296875, -69.56938476562499 83.02490234375, -69.48886718749999 83.016796875, -68.6732421875 82.998779296875, -68.40903320312499 83.0052734375, -68.106884765625 82.961181640625, -67.92460937499999 82.956005859375, -67.624462890625 82.964404296875, -67.4056640625 82.95390625, -66.59165039062499 82.94404296875, -66.42255859375 82.92685546875, -66.4248046875 82.90615234375, -66.60039062499999 82.86123046875, -66.836328125 82.817919921875, -68.357568359375 82.676806640625, -68.46933593749999 82.653369140625)), ((-61.469921875 15.603466796874997, -61.45810546874999 15.633105468750003, -61.32001953125 15.585058593749991, -61.277246093749994 15.526708984374991, -61.25107421874999 15.373144531249991, -61.281689453125 15.2490234375, -61.375390624999994 15.227294921875, -61.41572265625 15.399853515624997, -61.48115234375 15.525146484375, -61.469921875 15.603466796874997)), ((-84.82373046875 71.02861328125, -84.78959960937499 71.09326171875, -84.70859374999999 71.35869140625, -84.67431640625 71.43876953125, -84.65810546875 71.514599609375, -84.65996093749999 71.5861328125, -84.6994140625 71.6314453125, -84.84013671874999 71.658642578125, -85.0322265625 71.654052734375, -85.13090820312499 71.66123046875, -85.25048828125 71.67529296875, -85.3390625 71.697265625, -85.3966796875 71.72705078125, -85.51152343749999 71.816552734375, -85.59619140625 71.86640625, -85.81333007812499 71.9564453125, -85.91162109375 71.9865234375, -85.86210937499999 72.02197265625, -85.664794921875 72.06279296875, -85.54580078125 72.1015625, -85.405908203125 72.21484375, -85.32187499999999 72.233154296875, -85.01875 72.2181640625, -84.60849609374999 72.1294921875, -84.35166015624999 72.05263671875, -84.28374023437499 72.044482421875, -84.28232421874999 72.058447265625, -84.34746093749999 72.09443359375, -84.64296875 72.18955078125, -84.7775390625 72.2587890625, -84.8419921875 72.308154296875, -84.81103515625 72.329541015625, -84.644677734375 72.351416015625, -84.623046875 72.3765625, -84.84941406249999 72.40625, -84.96416015624999 72.405615234375, -85.0568359375 72.384375, -85.156396484375 72.38291015625, -85.34111328124999 72.421533203125, -85.39130859375 72.443994140625, -85.49775390625 72.510595703125, -85.5537109375 72.568603515625, -85.61557617187499 72.604638671875, -85.637890625 72.633203125, -85.64990234375 72.72216796875, -85.64453125 72.774462890625, -85.61943359374999 72.819189453125, -85.574609375 72.856396484375, -85.45478515625 72.925146484375, -85.38759765625 72.94501953125, -85.262109375 72.95400390625, -84.98955078124999 72.919873046875, -84.25664062499999 72.796728515625, -84.27426757812499 72.83642578125, -85.09404296874999 73.00263671875, -85.38388671874999 73.04541015625, -85.454736328125 73.10546875, -85.01840820312499 73.335498046875, -84.61606445312499 73.38955078125, -84.41606445312499 73.456494140625, -84.08896484374999 73.459375, -83.781884765625 73.41689453125, -83.776513671875 73.428466796875, -83.914990234375 73.5083984375, -83.904052734375 73.5283203125, -83.72983398437499 73.57587890625, -83.4103515625 73.631689453125, -83.020458984375 73.676025390625, -82.94321289062499 73.69912109375, -82.84331054687499 73.7154296875, -82.659619140625 73.72958984375, -82.202783203125 73.736474609375, -81.94614257812499 73.729833984375, -81.60537109375 73.69599609375, -81.40615234375 73.634521484375, -81.34409179687499 73.59775390625, -81.23833007812499 73.479541015625, -81.1517578125 73.314013671875, -81.025146484375 73.24521484375, -80.821728515625 73.207177734375, -80.68115234375 73.1658203125, -80.603466796875 73.12119140625, -80.582763671875 73.06494140625, -80.619140625 72.99716796875, -80.59189453124999 72.927685546875, -80.500927734375 72.856591796875, -80.430810546875 72.816259765625, -80.27724609375 72.770166015625, -80.27470703124999 72.745556640625, -80.32265625 72.71748046875, -80.42431640625 72.67890625, -80.67509765624999 72.558642578125, -80.99873046875 72.426220703125, -81.22934570312499 72.31171875, -81.24057617187499 72.2779296875, -80.76079101562499 72.457177734375, -80.611474609375 72.450830078125, -80.6046875 72.42578125, -80.70244140624999 72.33828125, -80.821484375 72.26025390625, -80.94121093749999 72.21015625, -80.9193359375 72.191259765625, -80.69140625 72.103466796875, -80.73325195312499 72.089013671875, -80.84326171875 72.09619140625, -80.88837890625 72.08828125, -80.92109375 72.072314453125, -80.94140625 72.0482421875, -80.94267578124999 72.01435546875, -80.925048828125 71.970703125, -80.92680664062499 71.9380859375, -80.947900390625 71.916552734375, -80.92514648437499 71.907666015625, -80.85844726562499 71.91142578125, -80.80224609375 71.92919921875, -80.70541992187499 71.988134765625, -80.3861328125 72.148779296875, -80.18193359374999 72.2087890625, -80.11611328125 72.2140625, -79.92832031249999 72.174951171875, -79.88437499999999 72.177197265625, -80.09091796874999 72.30087890625, -80.10893554687499 72.332177734375, -80.06699218749999 72.3783203125, -80.04179687499999 72.39423828125, -79.926708984375 72.428173828125, -79.831298828125 72.4462890625, -79.77788085937499 72.438720703125, -79.693310546875 72.375927734375, -79.65385742187499 72.332177734375, -79.58369140625 72.3146484375, -79.42744140625 72.3373046875, -79.32333984374999 72.3908203125, -79.19438476562499 72.355712890625, -79.000244140625 72.272021484375, -79.01796875 72.188232421875, -79.0177734375 72.104345703125, -79.0078125 72.042919921875, -78.77592773437499 71.93037109375, -78.614453125 71.881005859375, -78.585107421875 71.880615234375, -78.5888671875 71.897509765625, -78.62255859375 71.9349609375, -78.7111328125 71.972412109375, -78.79082031249999 72.0302734375, -78.862744140625 72.100830078125, -78.82011718749999 72.2654296875, -78.69926757812499 72.351416015625, -78.582470703125 72.329345703125, -78.42880859374999 72.27978515625, -78.116357421875 72.280322265625, -77.726025390625 72.17998046875, -77.51650390625 72.177783203125, -77.53574218749999 72.21875, -77.694482421875 72.238427734375, -77.926171875 72.29384765625, -78.28720703124999 72.359814453125, -78.453076171875 72.435205078125, -78.48427734375 72.47060546875, -78.4794921875 72.508740234375, -78.45883789062499 72.542333984375, -78.42241210937499 72.571533203125, -78.350244140625 72.6001953125, -78.00102539062499 72.68759765625, -77.75322265624999 72.724755859375, -77.566796875 72.736865234375, -77.25537109375 72.735888671875, -76.893505859375 72.720654296875, -76.69794921875 72.695068359375, -76.47324218749999 72.633349609375, -76.18876953124999 72.572216796875, -76.0873046875 72.561328125, -75.96875 72.562744140625, -75.833203125 72.576513671875, -75.704296875 72.571533203125, -75.29423828124999 72.480859375, -75.185791015625 72.434228515625, -75.120068359375 72.377734375, -75.071484375 72.3228515625, -75.03984374999999 72.269580078125, -75.052685546875 72.2263671875, -75.39414062499999 72.039794921875, -75.54277343749999 72.007958984375, -75.64096679687499 71.937158203125, -75.78740234374999 71.803076171875, -75.911279296875 71.731298828125, -75.922802734375 71.717236328125, -75.89682617187499 71.713720703125, -75.82207031249999 71.7458984375, -75.693359375 71.83857421875, -75.59990234374999 71.91845703125, -75.428369140625 71.984375, -75.14765625 72.06298828125, -74.90317382812499 72.10048828125, -74.69492187499999 72.096923828125, -74.519677734375 72.08564453125, -74.37744140625 72.066552734375, -74.29296875 72.0505859375, -74.266357421875 72.0376953125, -74.20932617187499 71.978662109375, -74.21259765625 71.938671875, -74.2482421875 71.89365234375, -74.31572265624999 71.84267578125, -74.621484375 71.786279296875, -74.7890625 71.7419921875, -74.89296875 71.725537109375, -75.20478515625 71.709130859375, -75.191064453125 71.6916015625, -74.95947265625 71.66748046875, -74.70078124999999 71.6755859375, -74.70737304687499 71.646923828125, -74.82895507812499 71.5708984375, -74.868310546875 71.504736328125, -74.83447265625 71.4505859375, -74.84072265625 71.406591796875, -74.931298828125 71.3140625, -75.0353515625 71.230517578125, -74.99619140624999 71.218115234375, -74.758935546875 71.338134765625, -74.6953125 71.46943359375, -74.599560546875 71.58486328125, -74.48808593749999 71.648388671875, -74.40410156249999 71.672509765625, -74.1390625 71.6822265625, -73.99208984375 71.749609375, -73.8666015625 71.771044921875, -73.81406249999999 71.771435546875, -73.7072265625 71.746337890625, -73.71357421875 71.719873046875, -73.868603515625 71.599365234375, -74.197265625 71.404150390625, -74.06333007812499 71.42646484375, -73.712841796875 71.58759765625, -73.62167968749999 71.525537109375, -73.481591796875 71.479248046875, -73.39780273437499 71.3734375, -73.26240234375 71.3224609375, -73.180615234375 71.282861328125, -73.19218749999999 71.349853515625, -73.31044921875 71.48427734375, -73.27822265625 71.53798828125, -73.18681640624999 71.564892578125, -72.90195312499999 71.677783203125, -72.70302734375 71.64013671875, -72.58061523437499 71.606787109375, -72.519287109375 71.615625, -72.36459960937499 71.610986328125, -72.11650390624999 71.5927734375, -71.8751953125 71.56123046875, -71.64067382812499 71.516259765625, -71.459912109375 71.463720703125, -71.332958984375 71.403466796875, -71.2560546875 71.36181640625, -71.22939453125 71.33876953125, -71.1865234375 71.2787109375, -71.219384765625 71.238818359375, -71.39658203124999 71.146875, -71.49501953125 71.105126953125, -71.59306640624999 71.086376953125, -71.85615234375 71.10478515625, -71.937939453125 71.094287109375, -72.023876953125 71.06533203125, -72.29770507812499 70.938818359375, -72.44912109375 70.88408203125, -72.598046875 70.84921875, -72.63271484375 70.83076171875, -72.31254882812499 70.83251953125, -72.22392578124999 70.870166015625, -72.14999999999999 70.940673828125, -72.0091796875 71.013427734375, -71.74252929687499 71.046875, -71.370849609375 70.975146484375, -71.18623046875 70.97802734375, -71.045361328125 71.05, -70.88803710937499 71.0990234375, -70.82607421875 71.108740234375, -70.79248046875 71.1033203125, -70.67265624999999 71.052197265625, -70.636474609375 71.006591796875, -70.639111328125 70.90244140625, -70.655224609375 70.8708984375, -70.76171875 70.792236328125, -71.02177734374999 70.67412109375, -71.191796875 70.62978515625, -71.38046874999999 70.60595703125, -71.5859375 70.565869140625, -71.658447265625 70.533544921875, -71.72939453125 70.4876953125, -71.80014648437499 70.45703125, -71.89018554687499 70.43154296875, -71.77236328125 70.394189453125, -71.72724609375 70.39521484375, -71.68369140624999 70.417578125, -71.56499023437499 70.5056640625, -71.47666015624999 70.54404296875, -71.42666015625 70.552099609375, -71.37509765624999 70.5484375, -71.324853515625 70.53115234375, -71.27587890625 70.50029296875, -71.27958984374999 70.4251953125, -71.429443359375 70.127783203125, -71.40512695312499 70.128662109375, -71.31308593749999 70.209326171875, -71.04526367187499 70.51904296875, -70.97978515624999 70.5810546875, -70.850537109375 70.643603515625, -70.5609375 70.73828125, -70.33725585937499 70.787841796875, -70.084716796875 70.829541015625, -69.94980468749999 70.84501953125, -69.79570312499999 70.8345703125, -69.6955078125 70.785888671875, -69.56010742187499 70.7771484375, -69.39536132812499 70.7892578125, -69.2890625 70.783447265625, -69.168701171875 70.76416015625, -69.06572265624999 70.728076171875, -68.89072265624999 70.687109375, -68.495751953125 70.61025390625, -68.4466796875 70.594091796875, -68.400830078125 70.564990234375, -68.35825195312499 70.522900390625, -68.363525390625 70.48125, -68.416650390625 70.439990234375, -68.482568359375 70.41484375, -68.56132812499999 70.4056640625, -68.642822265625 70.383203125, -68.79365234375 70.3244140625, -68.842919921875 70.314453125, -69.07944335937499 70.28916015625, -69.29873046875 70.276806640625, -69.435693359375 70.253125, -69.698974609375 70.189306640625, -70.06142578125 70.070849609375, -70.05771484374999 70.042626953125, -69.9130859375 70.029052734375, -69.795849609375 70.046923828125, -69.63457031249999 70.128759765625, -69.48300781249999 70.16005859375, -69.24619140624999 70.185107421875, -68.91855468749999 70.206982421875, -68.77822265625 70.203564453125, -68.7529296875 70.199169921875, -68.734619140625 70.179833984375, -68.723291015625 70.145654296875, -68.77695312499999 70.101025390625, -68.839111328125 70.079931640625, -69.00830078125 69.978955078125, -68.89702148437499 69.952734375, -68.74404296875 69.94140625, -68.65673828125 69.96845703125, -68.57783203125 70.03046875, -68.48935546874999 70.06484375, -68.391259765625 70.071630859375, -68.305078125 70.08740234375, -68.2306640625 70.11220703125, -68.21044921875 70.12841796875, -68.318603515625 70.160595703125, -68.32719726562499 70.18017578125, -68.28310546875 70.228271484375, -68.203515625 70.281494140625, -68.12065429687499 70.314599609375, -68.05908203125 70.317236328125, -67.85532226562499 70.281787109375, -67.716015625 70.21982421875, -67.363671875 70.034423828125, -67.31840820312499 69.9984375, -67.19589843749999 69.860693359375, -67.17265624999999 69.799462890625, -67.1927734375 69.7568359375, -67.221630859375 69.730712890625, -67.25927734375 69.7212890625, -67.33671874999999 69.72099609375, -67.80620117187499 69.777392578125, -68.02041015625 69.770068359375, -68.11396484375 69.754296875, -68.189453125 69.730615234375, -68.24809570312499 69.70078125, -68.289794921875 69.664697265625, -68.3720703125 69.644384765625, -68.669921875 69.64365234375, -68.837109375 69.62353515625, -69.12451171875 69.57451171875, -69.227685546875 69.547412109375, -69.25078124999999 69.5119140625, -69.07490234375 69.518115234375, -68.78525390624999 69.564208984375, -68.51303710937499 69.577294921875, -68.05815429687499 69.47587890625, -67.90825195312499 69.460107421875, -67.824853515625 69.47470703125, -67.72451171875 69.479248046875, -67.36093749999999 69.472509765625, -67.236962890625 69.460107421875, -67.052685546875 69.42119140625, -66.77084960937499 69.336669921875, -66.716748046875 69.311865234375, -66.68525390625 69.2857421875, -66.67626953125 69.258447265625, -66.67929687499999 69.191064453125, -66.707421875 69.168212890625, -66.802880859375 69.152734375, -67.2080078125 69.170654296875, -67.33164062499999 69.184716796875, -67.4837890625 69.1669921875, -67.60722656249999 69.173193359375, -67.7650390625 69.200244140625, -67.9384765625 69.24814453125, -68.198193359375 69.202685546875, -68.40629882812499 69.2322265625, -68.618896484375 69.206005859375, -69.04062499999999 69.097998046875, -68.99345703124999 69.079345703125, -68.41552734375 69.1720703125, -68.303955078125 69.16640625, -68.1212890625 69.1326171875, -67.83261718749999 69.065966796875, -67.751708984375 69.038671875, -67.75102539062499 68.933837890625, -67.7951171875 68.863330078125, -67.883203125 68.783984375, -68.015625 68.794677734375, -68.32421875 68.84404296875, -68.450390625 68.850830078125, -68.54277343749999 68.8427734375, -68.66669921875 68.811328125, -68.72529296875 68.810205078125, -69.21884765624999 68.872802734375, -69.32978515625 68.87578125, -69.34267578125 68.869384765625, -69.319091796875 68.856982421875, -68.87143554687499 68.7599609375, -68.54062499999999 68.749365234375, -68.333203125 68.732568359375, -68.210400390625 68.702978515625, -68.152490234375 68.6810546875, -68.14833984375 68.61611328125, -68.03793945312499 68.550732421875, -67.9384765625 68.524169921875, -67.87504882812499 68.52294921875, -67.766015625 68.547021484375, -67.65595703125 68.550732421875, -67.56694335937499 68.533984375, -67.455517578125 68.497900390625, -67.320703125 68.48779296875, -67.20249023437499 68.465869140625, -67.11118164062499 68.461474609375, -66.85419921875 68.471630859375, -66.74272460937499 68.457763671875, -66.71391601562499 68.445703125, -66.76240234375 68.424658203125, -66.997265625 68.374169921875, -67.032958984375 68.32607421875, -66.900390625 68.263525390625, -66.83095703125 68.215625, -66.83432617187499 68.1798828125, -66.90512695312499 68.098486328125, -66.923095703125 68.06572265625, -66.8998046875 68.0630859375, -66.72900390625 68.12900390625, -66.70234375 68.120556640625, -66.6845703125 68.029248046875, -66.66269531249999 68.034423828125, -66.60546875 68.110009765625, -66.63095703124999 68.21064453125, -66.53076171875 68.250341796875, -66.21240234375 68.280419921875, -66.26630859375 68.122705078125, -66.27470703124999 68.040771484375, -66.41386718749999 67.904296875, -66.52998046875 67.860302734375, -66.52646484374999 67.851171875, -66.44394531249999 67.833837890625, -66.39238281249999 67.83193359375, -66.34296875 67.853271484375, -66.22519531249999 67.958740234375, -65.98583984375 68.0685546875, -65.9423828125 68.070947265625, -65.943994140625 68.031201171875, -65.97490234374999 67.957421875, -65.86435546874999 67.9228515625, -65.758935546875 67.957080078125, -65.70170898437499 67.986669921875, -65.5693359375 67.98232421875, -65.50908203124999 67.96826171875, -65.49111328125 67.935693359375, -65.552001953125 67.799365234375, -65.54086914062499 67.765625, -65.40126953125 67.674853515625, -65.387109375 67.6802734375, -65.4134765625 67.724072265625, -65.44223632812499 67.83232421875, -65.41533203124999 67.879248046875, -65.30034179687499 67.939501953125, -65.064404296875 68.026220703125, -64.97690429687499 68.043408203125, -64.922314453125 68.031640625, -64.83544921875 67.989990234375, -64.862548828125 67.96513671875, -64.95639648437499 67.939111328125, -65.026025390625 67.892041015625, -65.071435546875 67.823828125, -65.02109374999999 67.787548828125, -64.82988281249999 67.78427734375, -64.63779296874999 67.840234375, -64.5275390625 67.8126953125, -64.396435546875 67.73994140625, -64.15625 67.622998046875, -64.01943359375 67.6548828125, -63.85019531249999 67.566064453125, -64.07749023437499 67.49560546875, -64.007958984375 67.347314453125, -64.30327148437499 67.353466796875, -64.46928710937499 67.341845703125, -64.58046875 67.35517578125, -64.699951171875 67.350537109375, -64.5892578125 67.31552734375, -64.375927734375 67.30107421875, -64.3564453125 67.25615234375, -64.063232421875 67.26591796875, -63.83623046874999 67.264111328125, -63.824121093749994 67.315673828125, -63.67646484375 67.3451171875, -63.59160156249999 67.3775390625, -63.52109374999999 67.358349609375, -63.315820312499994 67.336328125, -63.04013671874999 67.235009765625, -63.16162109375 67.174365234375, -63.25839843749999 67.024658203125, -63.306787109374994 66.994482421875, -63.701562499999994 66.82236328125, -63.63623046875 66.82080078125, -63.469189453125 66.86240234375, -63.143701171874994 66.92431640625, -62.962304687499994 66.949267578125, -62.83334960937499 66.93271484375, -62.76816406249999 66.931982421875, -62.71044921875 66.9541015625, -62.60288085937499 66.92861328125, -62.37973632812499 66.90537109375, -62.12358398437499 67.046728515625, -61.96855468749999 67.01904296875, -61.824121093749994 66.93173828125, -61.51469726562499 66.778466796875, -61.353417968749994 66.689208984375, -61.299707031249994 66.64873046875, -61.30722656249999 66.608837890625, -61.453076171875 66.5666015625, -61.52783203125 66.55810546875, -61.72412109375 66.63779296875, -61.9044921875 66.678125, -62.01425781249999 66.673779296875, -62.12333984374999 66.64306640625, -62.089306640625 66.625927734375, -61.65263671874999 66.503125, -61.576416015625 66.4125, -61.57080078125 66.372900390625, -61.862695312499994 66.312841796875, -61.95634765624999 66.309326171875, -62.158447265625 66.33798828125, -62.27690429687499 66.39150390625, -62.37451171875 66.41083984375, -62.50981445312499 66.4171875, -62.553124999999994 66.4068359375, -62.405664062499994 66.31591796875, -62.419824218749994 66.28857421875, -62.495996093749994 66.2708984375, -62.533593749999994 66.227001953125, -62.242089843749994 66.14794921875, -62.02392578125 66.067529296875, -61.991601562499994 66.035302734375, -62.138671875 66.011376953125, -62.2443359375 66.005859375, -62.4677734375 66.01748046875, -62.59033203125 66.034423828125, -62.62412109374999 66.016259765625, -62.49736328124999 65.9740234375, -62.448388671874994 65.9455078125, -62.410302734374994 65.90576171875, -62.38818359375 65.868310546875, -62.381982421874994 65.83330078125, -62.48564453124999 65.8044921875, -62.610253906249994 65.7236328125, -62.65888671875 65.63994140625, -62.771728515625 65.631982421875, -62.817285156249994 65.647705078125, -62.968896484374994 65.62236328125, -63.1689453125 65.65732421875, -63.240673828125 65.695556640625, -63.458740234375 65.85302734375, -63.46435546875 65.8353515625, -63.40976562499999 65.755810546875, -63.4208984375 65.70859375, -63.65195312499999 65.67431640625, -63.65107421875 65.660986328125, -63.33745117187499 65.616748046875, -63.3642578125 65.543212890625, -63.36337890624999 65.229736328125, -63.401806640625 65.11845703125, -63.48583984375 65.021240234375, -63.606591796874994 64.928076171875, -63.73715820312499 64.989111328125, -63.78935546874999 65.0513671875, -63.833203125 65.08330078125, -63.89560546874999 65.10927734375, -63.97626953125 65.121484375, -64.06142578125 65.121923828125, -64.15185546875 65.066162109375, -64.250439453125 65.114306640625, -64.345703125 65.172412109375, -64.309765625 65.324560546875, -64.269677734375 65.40078125, -64.28574218749999 65.4001953125, -64.33994140624999 65.36416015625, -64.46982421874999 65.252734375, -64.555078125 65.1166015625, -64.66533203124999 65.1689453125, -64.764794921875 65.23408203125, -64.846923828125 65.299560546875, -64.979638671875 65.37509765625, -65.10849609374999 65.46376953125, -65.17568359375 65.5681640625, -65.206982421875 65.5896484375, -65.28203124999999 65.67666015625, -65.311474609375 65.701513671875, -65.33740234375 65.709765625, -65.401611328125 65.764013671875, -65.378125 65.8220703125, -65.27695312499999 65.890673828125, -65.18486328124999 65.93994140625, -65.0322265625 65.988525390625, -64.8537109375 66.01591796875, -64.77250976562499 66.078564453125, -64.672998046875 66.192724609375, -64.56396484375 66.27216796875, -64.44536132812499 66.317138671875, -64.50439453125 66.32548828125, -64.65517578125 66.28701171875, -64.7611328125 66.230908203125, -64.88725585937499 66.13740234375, -65.00449218749999 66.077734375, -65.30537109375 66.008447265625, -65.41557617187499 65.994580078125, -65.543701171875 65.98720703125, -65.82573242187499 65.996923828125, -65.891064453125 66.02021484375, -65.857177734375 66.08642578125, -65.65634765624999 66.204736328125, -65.68837890625 66.2130859375, -65.758984375 66.17119140625, -65.85595703125 66.142236328125, -65.94003906249999 66.12744140625, -66.063720703125 66.13271484375, -66.20859374999999 66.206396484375, -66.27739257812499 66.2291015625, -66.419189453125 66.2544921875, -66.476953125 66.279736328125, -66.7123046875 66.46044921875, -66.759765625 66.50849609375, -66.78740234374999 66.5556640625, -66.86289062499999 66.5953125, -66.986328125 66.627490234375, -67.014794921875 66.622216796875, -66.97041015625 66.581884765625, -66.968994140625 66.54716796875, -67.07685546875 66.52548828125, -67.1896484375 66.5330078125, -67.30732421875 66.5697265625, -67.31767578124999 66.520361328125, -67.19174804687499 66.432763671875, -67.18974609374999 66.321728515625, -67.22539062499999 66.31025390625, -67.31123046875 66.303759765625, -67.36884765625 66.31748046875, -67.559765625 66.400439453125, -67.74077148437499 66.458203125, -67.86845703124999 66.49013671875, -67.88339843749999 66.467431640625, -67.80058593749999 66.367333984375, -67.7044921875 66.268603515625, -67.54721679687499 66.18720703125, -67.29672851562499 66.090283203125, -67.18320312499999 66.034423828125, -67.27265625 65.95556640625, -67.35043945312499 65.929736328125, -67.39877929687499 65.921728515625, -67.55078125 65.921630859375, -67.82802734375 65.965185546875, -67.958203125 66.013818359375, -68.14726562499999 66.129833984375, -68.459912109375 66.249267578125, -68.527783203125 66.2486328125, -68.74892578125 66.200048828125, -68.71420898437499 66.192236328125, -68.5716796875 66.188720703125, -68.46708984374999 66.173193359375, -68.2171875 66.078857421875, -68.19833984374999 66.03896484375, -68.260693359375 65.994580078125, -68.2568359375 65.938623046875, -68.18671875 65.87099609375, -68.11503906249999 65.827783203125, -67.96806640624999 65.797265625, -67.894189453125 65.79326171875, -67.866455078125 65.773681640625, -67.954345703125 65.623095703125, -67.96181640625 65.58193359375, -67.936767578125 65.564892578125, -67.90605468749999 65.5634765625, -67.71713867187499 65.625341796875, -67.6380859375 65.6404296875, -67.56962890624999 65.6435546875, -67.49013671875 65.626220703125, -67.39970703124999 65.58837890625, -67.34638671875 65.549365234375, -67.330322265625 65.5091796875, -67.30341796875 65.48291015625, -67.11796874999999 65.440380859375, -67.1349609375 65.4205078125, -67.32607421875 65.356640625, -67.33652343749999 65.34658203125, -67.29833984375 65.341943359375, -67.17758789062499 65.30380859375, -67.06650390624999 65.244091796875, -66.99858398437499 65.172998046875, -66.98491210937499 65.138037109375, -66.98564453124999 65.104833984375, -66.970361328125 65.084912109375, -66.9115234375 65.08134765625, -66.88749999999999 65.093994140625, -66.86064453124999 65.0916015625, -66.83090820312499 65.074169921875, -66.79960937499999 65.019677734375, -66.73276367187499 64.86005859375, -66.697412109375 64.815185546875, -66.6771484375 64.813671875, -66.66669921875 64.973828125, -66.635498046875 65.000341796875, -66.5177734375 64.97197265625, -66.34521484375 64.909619140625, -66.22373046874999 64.8541015625, -66.209716796875 64.828125, -66.301513671875 64.777734375, -66.28212890625 64.755322265625, -66.21464843749999 64.722412109375, -66.152490234375 64.734912109375, -66.10751953124999 64.7912109375, -66.03017578125 64.84658203125, -65.93852539062499 64.8857421875, -65.76806640625 64.853564453125, -65.62675781249999 64.770751953125, -65.60527343749999 64.742333984375, -65.51318359375 64.706494140625, -65.43193359374999 64.726416015625, -65.2748046875 64.63154296875, -65.34931640625 64.588525390625, -65.51279296874999 64.5259765625, -65.52934570312499 64.50478515625, -65.17861328125 64.509716796875, -65.09453124999999 64.4845703125, -65.074609375 64.436669921875, -65.21298828124999 64.303271484375, -65.33989257812499 64.315087890625, -65.507470703125 64.318310546875, -65.59365234375 64.3111328125, -65.580322265625 64.29384765625, -65.347802734375 64.23232421875, -65.281982421875 64.181640625, -65.1927734375 64.129833984375, -65.149609375 64.087158203125, -65.150634765625 64.067529296875, -65.18730468749999 64.03798828125, -65.169873046875 64.028173828125, -65.01059570312499 64.008837890625, -64.91181640625 64.026171875, -64.78779296875 64.032763671875, -64.678466796875 64.027978515625, -64.66972656249999 64.0095703125, -64.686181640625 63.9609375, -64.79814453124999 63.915966796875, -64.76816406249999 63.905419921874994, -64.63671875 63.918359374999994, -64.576318359375 63.897363281249994, -64.498486328125 63.79033203125, -64.41093749999999 63.70634765625, -64.48222656249999 63.687060546875, -64.56157226562499 63.6796875, -64.55029296875 63.57255859375, -64.49863281249999 63.462792968749994, -64.49809570312499 63.357568359374994, -64.51435546875 63.26396484375, -64.5869140625 63.2431640625, -64.66464843749999 63.245361328125, -64.69560546874999 63.26884765625, -64.88627929687499 63.548730468749994, -64.93330078125 63.599267578124994, -64.989697265625 63.643359375, -65.191845703125 63.7642578125, -65.18393554687499 63.74482421875, -65.13383789062499 63.6890625, -65.08940429687499 63.60595703125, -65.03134765624999 63.44013671875, -65.00478515625 63.333398437499994, -65.01669921874999 63.292822265625, -65.058056640625 63.282861328124994, -65.06894531249999 63.2634765625, -65.04931640625 63.234619140625, -64.89482421874999 63.125634765624994, -64.82016601562499 63.060009765625, -64.76738281249999 62.991796875, -64.71811523437499 62.94580078125, -64.67236328125 62.92197265625, -64.68364257812499 62.902392578125, -64.75185546875 62.887158203125, -64.86870117187499 62.8798828125, -64.9232421875 62.88916015625, -65.132958984375 62.95234375, -65.16279296875 62.9326171875, -65.04658203125 62.70146484375, -65.0501953125 62.646142578124994, -65.10849609374999 62.62646484375, -65.180322265625 62.649462890625, -65.2658203125 62.715087890625, -65.39653320312499 62.78818359375, -65.572412109375 62.868896484375, -65.740380859375 62.931982421875, -65.77988281249999 62.9302734375, -65.8056640625 62.911572265625, -65.83369140625 62.908544921875, -65.86406249999999 62.921142578125, -65.92026367187499 62.968505859375, -65.97885742187499 63.00068359375, -66.2240234375 63.107177734375, -66.24921875 63.108251953125, -66.22607421875 63.076318359374994, -66.20107421875 63.006249999999994, -66.228662109375 62.990966796875, -66.29277343749999 62.9966796875, -66.414453125 63.027197265625, -66.49638671874999 63.097265625, -66.60048828125 63.218896484374994, -66.65498046875 63.26474609375, -66.659814453125 63.234912109375, -66.630859375 63.119042968749994, -66.63642578125 63.080126953125, -66.6974609375 63.06953125, -66.72324218749999 63.08017578125, -66.74853515625 63.111083984375, -66.77324218749999 63.162255859374994, -66.8314453125 63.201123046875, -66.923291015625 63.227685546874994, -66.97470703124999 63.25556640625, -67.000146484375 63.305126953125, -67.01791992187499 63.31650390625, -67.17978515624999 63.305029296875, -67.2609375 63.340722656249994, -67.49501953125 63.4814453125, -67.709228515625 63.633935546874994, -67.84423828125 63.71455078125, -67.89326171875 63.733740234375, -67.821435546875 63.635009765625, -67.74252929687499 63.4892578125, -67.72255859375 63.422753906249994, -67.7587890625 63.4197265625, -67.837890625 63.44921875, -68.2435546875 63.637060546875, -68.49374999999999 63.725488281249994, -68.63286132812499 63.741113281249994, -68.85893554687499 63.751855468749994, -68.911083984375 63.70322265625, -68.7892578125 63.595117187499994, -68.670556640625 63.513671875, -68.555126953125 63.458935546875, -68.37392578125 63.352197265624994, -68.20805664062499 63.214697265625, -68.141259765625 63.172314453125, -67.91533203124999 63.113671874999994, -67.79746093749999 63.098095703125, -67.6759765625 63.0935546875, -67.66489257812499 63.072656249999994, -67.723779296875 63.03369140625, -67.736962890625 63.0095703125, -67.468212890625 62.9482421875, -67.366650390625 62.91416015625, -67.268505859375 62.857568359374994, -67.21269531249999 62.843505859375, -66.97954101562499 62.700830078124994, -66.921533203125 62.678076171875, -66.714013671875 62.631787109375, -66.64487304687499 62.60205078125, -66.530517578125 62.5099609375, -66.458740234375 62.463134765625, -66.35727539062499 62.351904296875, -66.28125 62.302685546875, -66.09501953124999 62.24638671875, -66.015625 62.2302734375, -65.98017578125 62.208886718749994, -66.004345703125 62.15830078125, -66.02695312499999 62.13720703125, -66.13315429687499 62.102392578125, -66.11640625 62.05390625, -66.05644531249999 61.96748046875, -66.05888671874999 61.9138671875, -66.12387695312499 61.89306640625, -66.25668945312499 61.86826171875, -66.32373046875 61.870263671874994, -66.42451171875 61.89072265625, -66.55131835937499 61.9255859375, -66.803125 62.012597656249994, -67.1810546875 62.0728515625, -67.322021484375 62.105029296875, -67.36899414062499 62.13408203125, -67.44013671875 62.151269531249994, -68.37861328125 62.23515625, -68.535888671875 62.255615234375, -68.63364257812499 62.281298828125, -68.724365234375 62.318994140624994, -69.08232421874999 62.405175781249994, -69.12558593749999 62.423974609374994, -69.36601562499999 62.571875, -69.545166015625 62.744580078125, -69.604736328125 62.767724609374994, -69.79951171875 62.790478515625, -69.962109375 62.776171875, -70.070947265625 62.757226562499994, -70.23613281249999 62.76337890625, -70.34404296874999 62.79150390625, -70.57133789062499 62.869189453125, -70.801416015625 62.910498046875, -71.0021484375 62.978271484375, -71.10576171874999 63.00224609375, -71.09619140625 63.019677734374994, -70.946044921875 63.120703125, -70.99267578125 63.119287109374994, -71.25371093749999 63.042529296875, -71.34726562499999 63.06611328125, -71.50126953124999 63.126416015625, -71.617138671875 63.18720703125, -71.85546875 63.3552734375, -71.99223632812499 63.416162109374994, -71.973046875 63.4298828125, -71.81918945312499 63.435449218749994, -71.696533203125 63.430224609375, -71.6142578125 63.444091796875, -71.45585937499999 63.512255859375, -71.38740234375 63.555029296875, -71.380859375 63.580322265625, -71.51347656249999 63.586572265624994, -71.54189453125 63.598828125, -71.565625 63.6267578125, -71.62675781249999 63.66259765625, -71.72529296875 63.70615234375, -71.837548828125 63.724951171875, -72.22294921874999 63.708886718749994, -72.29013671874999 63.727978515625, -72.28876953125 63.756982421874994, -72.21347656249999 63.838720703125, -72.17246093749999 63.8716796875, -72.159375 63.889892578125, -72.174267578125 63.893408203125, -72.22646484375 63.891357421875, -72.44999999999999 63.818115234375, -72.4984375 63.823486328125, -72.5861328125 63.900781249999994, -72.639306640625 63.9890625, -72.67807617187499 64.02001953125, -72.72958984374999 64.03046875, -72.91318359374999 64.1171875, -73.17431640625 64.281884765625, -73.27031249999999 64.33349609375, -73.377099609375 64.37958984375, -73.454541015625 64.399267578125, -73.44365234374999 64.423486328125, -73.27817382812499 64.56025390625, -73.27128906249999 64.58251953125, -73.4130859375 64.574169921875, -73.626953125 64.6025390625, -73.72841796875 64.56826171875, -73.79277343749999 64.5662109375, -73.86787109375 64.5853515625, -73.9103515625 64.578125, -73.950390625 64.4658203125, -73.981103515625 64.437744140625, -74.0255859375 64.42265625, -74.06479492187499 64.424658203125, -74.09873046874999 64.443701171875, -74.097900390625 64.469921875, -74.13046874999999 64.6078125, -74.205078125 64.628125, -74.41586914062499 64.63349609375, -74.46123046874999 64.644677734375, -74.512451171875 64.670166015625, -74.55624999999999 64.717333984375, -74.59257812499999 64.786181640625, -74.63427734375 64.82392578125, -74.681396484375 64.8306640625, -74.719189453125 64.825146484375, -74.74775390625 64.80732421875, -74.813427734375 64.796240234375, -74.916259765625 64.7919921875, -74.91943359375 64.76552734375, -74.82304687499999 64.71689453125, -74.72983398437499 64.64736328125, -74.6400390625 64.557080078125, -74.6947265625 64.49658203125, -74.8939453125 64.46572265625, -75.0673828125 64.456689453125, -75.2150390625 64.469384765625, -75.32841796874999 64.4904296875, -75.48779296875 64.540771484375, -75.7150390625 64.524365234375, -75.76669921874999 64.391943359375, -75.81523437499999 64.38466796875, -76.03183593749999 64.3880859375, -76.11806640625 64.376318359375, -76.40683593749999 64.303173828125, -76.49472656249999 64.29296875, -76.5615234375 64.301611328125, -76.62651367187499 64.283935546875, -76.723828125 64.242041015625, -76.85615234375 64.237646484375, -77.02353515624999 64.270849609375, -77.165673828125 64.28505859375, -77.28251953124999 64.28037109375, -77.40288085937499 64.29990234375, -77.5267578125 64.34375, -77.62778320312499 64.3634765625, -77.760498046875 64.36015625, -77.791162109375 64.36708984375, -77.98486328125 64.461083984375, -78.04521484374999 64.499267578125, -78.174560546875 64.617724609375, -78.19755859374999 64.6646484375, -78.20087890625 64.71474609375, -78.189697265625 64.751806640625, -78.14462890624999 64.80771484375, -78.09560546875 64.9392578125, -78.05527343749999 64.98291015625, -77.994580078125 65.022607421875, -77.876171875 65.07294921875, -77.4474609375 65.161572265625, -77.36088867187499 65.196533203125, -77.36386718749999 65.219775390625, -77.46147460937499 65.328173828125, -77.460400390625 65.355908203125, -77.427685546875 65.372119140625, -77.35800781249999 65.43544921875, -77.32670898437499 65.453125, -77.251171875 65.462890625, -77.094140625 65.430859375, -76.95859374999999 65.418017578125, -76.77890624999999 65.4138671875, -76.481689453125 65.3697265625, -76.06699218749999 65.28544921875, -75.8283203125 65.22705078125, -75.64814453125 65.1408203125, -75.519921875 65.056005859375, -75.50156249999999 65.0130859375, -75.5609375 64.947021484375, -75.59086914062499 64.927685546875, -75.589111328125 64.905029296875, -75.55576171874999 64.87919921875, -75.452099609375 64.8416015625, -75.4271484375 64.855859375, -75.43515624999999 64.90078125, -75.41367187499999 64.938525390625, -75.36279296875 64.96904296875, -75.35712890625 65.008740234375, -75.3966796875 65.057568359375, -75.44580078125 65.09970703125, -75.50468749999999 65.13515625, -75.77294921875 65.25703125, -75.79868164062499 65.297509765625, -75.70859374999999 65.31572265625, -75.316650390625 65.2748046875, -75.16630859374999 65.283935546875, -75.10927734375 65.3314453125, -75.04775390625 65.36396484375, -74.98173828124999 65.3814453125, -74.849853515625 65.3890625, -74.665478515625 65.366943359375, -74.57490234375 65.363671875, -74.494775390625 65.3716796875, -74.39072265624999 65.39755859375, -74.23686523437499 65.48388671875, -74.13847656249999 65.503466796875, -73.98959960937499 65.5169921875, -73.8779296875 65.51884765625, -73.67539062499999 65.484326171875, -73.55078125 65.48525390625, -73.5607421875 65.542919921875, -73.64340820312499 65.65322265625, -73.74609375 65.76669921875, -73.82607421875 65.80517578125, -74.03310546875 65.87705078125, -74.27617187499999 66.012744140625, -74.40107421875 66.09697265625, -74.43393554687499 66.139013671875, -74.41640625 66.16708984375, -74.37490234375 66.208154296875, -73.93369140624999 66.358056640625, -73.584228515625 66.50693359375, -73.43095703124999 66.583154296875, -73.357373046875 66.636279296875, -73.28081054687499 66.674951171875, -73.201123046875 66.699169921875, -73.03325195312499 66.728173828125, -72.9853515625 66.765380859375, -72.974853515625 66.828515625, -72.94677734375 66.883251953125, -72.788818359375 67.030615234375, -72.667724609375 67.070458984375, -72.48515624999999 67.098095703125, -72.36494140625 67.1333984375, -72.22001953124999 67.254296875, -72.234130859375 67.284423828125, -72.30107421874999 67.307275390625, -72.35288085937499 67.34189453125, -72.57646484374999 67.658642578125, -72.72529296875 67.81162109375, -72.903955078125 67.944775390625, -73.063427734375 68.106982421875, -73.32822265624999 68.266748046875, -73.3314453125 68.308984375, -73.28447265624999 68.356982421875, -73.306884765625 68.367822265625, -73.58017578124999 68.29775390625, -73.644482421875 68.29453125, -73.749462890625 68.325, -73.8205078125 68.362939453125, -73.879345703125 68.42939453125, -73.87333984374999 68.46416015625, -73.834423828125 68.4970703125, -73.78251953124999 68.57802734375, -73.78061523437499 68.619287109375, -73.79843749999999 68.658642578125, -73.82211914062499 68.685986328125, -73.8515625 68.7013671875, -74.072998046875 68.71494140625, -74.11796874999999 68.700927734375, -73.966064453125 68.578759765625, -73.9892578125 68.5486328125, -74.1828125 68.53544921875, -74.27011718749999 68.5412109375, -74.35 68.5560546875, -74.42241210937499 68.579931640625, -74.64794921875 68.70751953125, -74.69580078125 68.75556640625, -74.68051757812499 68.790283203125, -74.699951171875 68.808349609375, -74.74599609375 68.796728515625, -74.808349609375 68.7958984375, -74.89296875 68.808154296875, -74.910400390625 68.82314453125, -74.752392578125 68.89208984375, -74.74326171874999 68.91337890625, -74.81611328125 68.9361328125, -74.92509765624999 68.94072265625, -74.95400390625 68.961083984375, -74.91728515624999 68.982861328125, -74.76933593749999 69.020654296875, -74.71669921875 69.0455078125, -74.80546874999999 69.0642578125, -74.8548828125 69.0658203125, -74.95444335937499 69.024609375, -75.104248046875 68.940576171875, -75.21328125 68.909375, -75.362744140625 68.948291015625, -75.456982421875 68.961279296875, -75.52265625 68.952734375, -75.623046875 68.887744140625, -75.842236328125 68.840185546875, -76.23471679687499 68.72802734375, -76.40341796874999 68.692333984375, -76.58505859374999 68.69873046875, -76.61943359374999 68.72138671875, -76.61625976562499 68.75986328125, -76.603662109375 68.791552734375, -76.58173828125 68.81630859375, -76.57456054687499 68.8466796875, -76.58769531249999 68.974462890625, -76.55722656249999 69.00947265625, -76.49516601562499 69.030419921875, -76.38090820312499 69.05244140625, -76.08920898437499 69.026171875, -75.95371093749999 69.030810546875, -75.85859375 69.060302734375, -75.76337890625 69.1029296875, -75.66796875 69.158837890625, -75.64775390624999 69.212548828125, -75.74907226562499 69.299560546875, -75.78715820312499 69.31865234375, -76.04648437499999 69.386376953125, -76.18979492187499 69.410986328125, -76.31621093749999 69.421630859375, -76.407958984375 69.44111328125, -76.46494140624999 69.46943359375, -76.52036132812499 69.5166015625, -76.52495117187499 69.548681640625, -76.51611328125 69.59091796875, -76.46328125 69.619970703125, -76.231103515625 69.653466796875, -76.23408203125 69.662109375, -76.423828125 69.68681640625, -76.51328124999999 69.683935546875, -76.5900390625 69.65625, -76.6865234375 69.591259765625, -76.742333984375 69.572900390625, -76.91557617187499 69.611181640625, -77.01962890624999 69.616845703125, -77.08994140624999 69.635107421875, -77.12880859375 69.652734375, -77.10507812499999 69.670751953125, -77.018701171875 69.6890625, -76.868603515625 69.745166015625, -76.85859375 69.775390625, -76.96225585937499 69.824853515625, -77.01596679687499 69.8361328125, -77.23247070312499 69.85458984375, -77.494287109375 69.83623046875, -77.59165039062499 69.84560546875, -77.63530273437499 69.900439453125, -77.66298828125 69.96572265625, -77.674755859375 70.04150390625, -77.721923828125 70.17080078125, -77.77402343749999 70.238525390625, -77.842529296875 70.2470703125, -78.15678710937499 70.219140625, -78.2314453125 70.218798828125, -78.28281249999999 70.229150390625, -78.49072265625 70.315576171875, -78.57480468749999 70.34619140625, -78.62143554687499 70.35341796875, -78.77265625 70.4453125, -78.83085937499999 70.46318359375, -78.89990234375 70.508544921875, -78.97978515624999 70.58134765625, -79.06640625 70.603564453125, -79.15976562499999 70.575244140625, -79.253173828125 70.534716796875, -79.346630859375 70.481884765625, -79.39731445312499 70.437255859375, -79.405224609375 70.400732421875, -79.347412109375 70.372314453125, -79.017529296875 70.3251953125, -78.933837890625 70.293701171875, -78.86284179687499 70.24189453125, -78.809814453125 70.178564453125, -78.774853515625 70.10361328125, -78.77783203125 70.04765625, -78.818798828125 70.01044921875, -78.8896484375 69.977490234375, -79.09287109374999 69.925341796875, -79.30332031249999 69.89482421875, -79.51542968749999 69.88759765625, -79.61591796875 69.8947265625, -80.162109375 69.99599609375, -80.260400390625 69.99677734375, -80.38681640624999 70.01044921875, -80.6703125 70.052099609375, -80.82578124999999 70.056640625, -81.098291015625 70.091162109375, -81.5595703125 70.11123046875, -81.65195312499999 70.09462890625, -81.529248046875 70.048046875, -81.42172851562499 70.024609375, -81.3294921875 70.024365234375, -81.19682617187499 69.9828125, -81.02373046874999 69.9, -80.9248046875 69.8505859375, -80.84287109374999 69.791650390625, -80.840283203125 69.77138671875, -80.92172851562499 69.730908203125, -81.564697265625 69.942724609375, -82.13872070312499 69.8412109375, -82.29384765625 69.8369140625, -82.487744140625 69.865966796875, -82.92539062499999 69.9681640625, -83.09116210937499 70.00390625, -83.14995117187499 70.00908203125, -83.53076171875 69.964794921875, -83.85908203125 69.962744140625, -84.521875 70.005224609375, -84.76513671875 70.033642578125, -84.82919921874999 70.063330078125, -84.90908203125 70.07822265625, -85.05263671875 70.07822265625, -85.432373046875 70.111376953125, -85.780029296875 70.036669921875, -86.198193359375 70.105126953125, -86.322021484375 70.14541015625, -86.36142578124999 70.173046875, -86.48310546875 70.28857421875, -86.49980468749999 70.350390625, -86.46538085937499 70.40625, -86.43100585937499 70.44453125, -86.396875 70.46533203125, -86.62431640624999 70.40126953125, -86.70415039062499 70.39072265625, -86.80927734375 70.38828125, -87.1224609375 70.411962890625, -87.17197265624999 70.399853515625, -87.15581054687499 70.37744140625, -87.07402343749999 70.34482421875, -87.06328124999999 70.32509765625, -87.23789062499999 70.309716796875, -87.50244140625 70.32568359375, -87.61777343749999 70.31875, -87.67021484374999 70.309814453125, -87.789453125 70.258251953125, -87.838134765625 70.24658203125, -87.90068359374999 70.251904296875, -88.17832031249999 70.368603515625, -88.402099609375 70.44248046875, -88.66298828125 70.470849609375, -88.78271484375 70.494482421875, -88.84843749999999 70.522900390625, -89.20830078124999 70.759716796875, -89.25751953125 70.810693359375, -89.371533203125 70.996142578125, -89.40976562499999 71.035693359375, -89.45590820312499 71.06171875, -89.36552734374999 71.0671875, -89.025146484375 71.04462890625, -88.69565429687499 71.04560546875, -88.51665039062499 71.03056640625, -88.30908203125 70.984326171875, -88.03857421875 70.951318359375, -87.844921875 70.944384765625, -87.534423828125 70.956591796875, -87.181591796875 70.987548828125, -87.140087890625 71.01162109375, -87.368603515625 71.05283203125, -87.57231445312499 71.107568359375, -87.76025390625 71.178515625, -87.8724609375 71.208544921875, -88.06064453124999 71.22724609375, -88.589501953125 71.240283203125, -89.079345703125 71.287939453125, -89.41767578125 71.352197265625, -89.693310546875 71.423486328125, -89.80537109375 71.4623046875, -89.84575195312499 71.49228515625, -89.88852539062499 71.5857421875, -89.93369140624999 71.742724609375, -89.97734374999999 71.848046875, -90.01953125 71.901806640625, -90.02519531249999 71.948779296875, -89.93149414062499 72.0490234375, -89.663818359375 72.157958984375, -89.65727539062499 72.175048828125, -89.71054687499999 72.180126953125, -89.822900390625 72.2078125, -89.85869140624999 72.24833984375, -89.87309570312499 72.312646484375, -89.8740234375 72.3671875, -89.8615234375 72.4119140625, -89.816845703125 72.467724609375, -89.70151367187499 72.56806640625, -89.53642578124999 72.68984375, -89.35771484374999 72.804150390625, -89.327099609375 72.841552734375, -89.31137695312499 72.94296875, -89.28769531249999 73.016943359375, -89.26323242187499 73.068994140625, -89.225341796875 73.108056640625, -89.11474609375 73.182177734375, -88.976806640625 73.252490234375, -88.7609375 73.31240234375, -88.74252929687499 73.3345703125, -88.73959960937499 73.365283203125, -88.72714843749999 73.38818359375, -88.70517578124999 73.403271484375, -88.17001953124999 73.5953125, -87.926416015625 73.67333984375, -87.71977539062499 73.722900390625, -87.47236328125 73.759423828125, -86.76875 73.833984375, -86.406396484375 73.85478515625, -85.95078124999999 73.850146484375, -85.110498046875 73.808154296875, -85.00932617187499 73.77861328125, -84.98359375 73.763720703125, -84.94677734375 73.721630859375, -84.97451171875 73.694775390625, -85.204296875 73.603564453125, -85.493603515625 73.527685546875, -85.681884765625 73.461474609375, -86.00053710937499 73.312548828125, -86.08647460937499 73.26025390625, -86.481396484375 72.96025390625, -86.574658203125 72.910546875, -86.629345703125 72.87080078125, -86.66777343749999 72.762548828125, -86.65629882812499 72.7240234375, -86.59462890625 72.6611328125, -86.380322265625 72.524658203125, -86.32255859374999 72.46083984375, -86.32402343749999 72.4021484375, -86.348046875 72.262255859375, -86.3509765625 72.19130859375, -86.34135742187499 72.123193359375, -86.29716796874999 72.02578125, -86.21845703125 71.89912109375, -86.0361328125 71.770947265625, -85.75009765624999 71.641357421875, -85.53715820312499 71.555419921875, -85.32719726562499 71.492138671875, -85.07871093749999 71.398486328125, -85.023388671875 71.35322265625, -85.13759765625 71.30341796875, -85.40537109374999 71.2267578125, -85.757275390625 71.1939453125, -85.94541015624999 71.162646484375, -86.179443359375 71.0958984375, -86.47324218749999 71.042626953125, -86.58935546875 71.010791015625, -86.54965820312499 70.98876953125, -86.3212890625 71.016796875, -86.1271484375 71.048974609375, -85.82456054687499 71.125732421875, -85.64384765624999 71.15244140625, -85.094873046875 71.151953125, -85.00156249999999 71.137451171875, -85.04277343749999 71.0916015625, -85.06577148437499 71.07861328125, -85.04765624999999 71.05869140625, -84.9884765625 71.03173828125, -84.8703125 71.001806640625, -84.82373046875 71.02861328125)), ((-61.5822265625 47.560009765625, -61.68408203125 47.49873046875, -61.750878906249994 47.430810546874994, -61.83125 47.392041015625, -61.886621093749994 47.344628906249994, -61.91411132812499 47.284521484375, -61.87871093749999 47.265527343749994, -61.81547851562499 47.267578125, -61.77255859374999 47.259814453124996, -61.833740234375 47.222607421875, -61.950830078124994 47.218994140625, -62.00830078125 47.234277343749994, -61.924707031249994 47.425146484375, -61.827294921874994 47.469091796875, -61.627832031249994 47.59384765625, -61.548046875 47.631787109375, -61.474072265625 47.646777343749996, -61.3955078125 47.637646484375, -61.475537109375 47.56396484375, -61.5822265625 47.560009765625)), ((-61.71025390624999 15.975927734374991, -61.759423828124994 16.062060546875003, -61.794091796874994 16.300976562499997, -61.748046875 16.355273437500003, -61.641503906249994 16.325976562500003, -61.59702148437499 16.292187499999997, -61.55234374999999 16.270898437499994, -61.57504882812499 16.22714843749999, -61.563867187499994 16.047753906249994, -61.58955078125 16.00693359374999, -61.67045898437499 15.962060546874994, -61.71025390624999 15.975927734374991)), ((-61.60678710937499 12.223388671875, -61.627099609374994 12.05419921875, -61.71542968749999 12.012646484374997, -61.78208007812499 12.008203124999994, -61.75595703124999 12.045703124999989, -61.749658203124994 12.108544921874994, -61.7150390625 12.18505859375, -61.66044921874999 12.2373046875, -61.60678710937499 12.223388671875)), ((-61.79526367187499 57.4224609375, -61.975488281249994 57.495410156249996, -62.01123046875 57.548486328125, -62.007226562499994 57.5576171875, -61.983300781249994 57.566748046875, -61.9375 57.5541015625, -61.89306640625 57.57314453125, -61.84833984375 57.579345703125, -61.743603515625 57.55458984375, -61.65952148437499 57.524951171874996, -61.63749999999999 57.416064453124996, -61.79526367187499 57.4224609375)), ((-61.88203125 17.063134765624994, -61.887109374999994 17.09814453125, -61.817285156249994 17.1689453125, -61.73857421874999 17.138476562500003, -61.708203125 17.10507812499999, -61.68603515625 17.098437500000003, -61.694970703124994 17.04892578124999, -61.716064453125 17.037011718749994, -61.74814453124999 16.99716796874999, -61.85966796874999 17.013330078124994, -61.88203125 17.063134765624994)), ((-64.13144531249999 49.941650390625, -63.760156249999994 49.875244140625, -63.2919921875 49.816845703125, -63.088818359375 49.772705078125, -62.858544921874994 49.705468749999994, -62.633447265624994 49.623925781249994, -62.1330078125 49.407080078125, -62.04306640624999 49.389794921874994, -61.817138671875 49.283544921875, -61.73583984375 49.203759765624994, -61.69614257812499 49.139013671875, -61.745507812499994 49.105761718749996, -61.80112304687499 49.093896484374994, -62.21953124999999 49.0791015625, -62.552636718749994 49.140869140625, -62.79960937499999 49.170703124999996, -63.04150390625 49.224951171875, -63.565869140625 49.399316406249994, -63.625878906249994 49.459912109375, -63.676220703125 49.534326171874994, -63.776611328125 49.602001953125, -63.884912109374994 49.65771484375, -64.44003906249999 49.827734375, -64.48520507812499 49.886962890625, -64.37294921875 49.925927734374994, -64.24374999999999 49.944384765624996, -64.13144531249999 49.941650390625)), ((-61.852441406249994 17.714062499999997, -61.81992187499999 17.69687499999999, -61.776757812499994 17.690478515625003, -61.74960937499999 17.661328124999997, -61.74711914062499 17.574951171875, -61.76201171874999 17.54868164062499, -61.84379882812499 17.596142578124997, -61.86874999999999 17.685449218749994, -61.866162109375 17.704296874999997, -61.852441406249994 17.714062499999997)), ((-62.68193359374999 46.459423828125, -62.16357421875 46.487207031249994, -62.07426757812499 46.465722656249994, -62.04086914062499 46.445703124999994, -62.02373046874999 46.42158203125, -62.319970703124994 46.2783203125, -62.52607421875 46.202880859375, -62.552001953125 46.165917968749994, -62.539208984374994 46.097949218749996, -62.54326171874999 46.028662109375, -62.502587890624994 46.02294921875, -62.47807617187499 45.99970703125, -62.53134765624999 45.977294921875, -62.7431640625 45.96689453125, -62.8048828125 45.973193359374996, -62.878369140625 46.001367187499994, -62.903515625 46.068261718749994, -62.99462890625 46.058447265625, -63.02207031249999 46.0666015625, -62.89453125 46.123583984374996, -62.95263671875 46.195166015625, -63.015039062499994 46.18994140625, -63.05634765625 46.223925781249996, -63.0529296875 46.269824218749996, -62.9951171875 46.292138671874994, -62.978466796875 46.316357421875, -63.056884765625 46.295361328125, -63.11699218749999 46.252832031249994, -63.194726562499994 46.236718749999994, -63.27080078124999 46.199999999999996, -63.152783203125 46.188330078125, -63.21347656249999 46.15986328125, -63.276611328125 46.153271484375, -63.56889648437499 46.209228515625, -63.641015624999994 46.23046875, -63.73178710937499 46.2890625, -63.800537109375 46.367333984374994, -63.76323242187499 46.370361328125, -63.75053710937499 46.384375, -63.75864257812499 46.397607421874994, -63.860546875 46.408154296875, -64.0197265625 46.404833984374996, -64.11083984375 46.425439453124994, -64.10654296874999 46.562109375, -64.13603515624999 46.59970703125, -64.23564453124999 46.6314453125, -64.38803710937499 46.640869140625, -64.40312499999999 46.6916015625, -64.35458984374999 46.76923828125, -64.27998046875 46.835742187499996, -64.22324218749999 46.901269531249994, -64.15693359375 46.954882812499996, -63.993554687499994 47.061572265624996, -63.997265625 46.981738281249996, -63.98149414062499 46.912988281249994, -64.087890625 46.775439453124996, -63.90302734375 46.639111328125, -63.879296874999994 46.608984375, -63.863720703125 46.57236328125, -63.875634765624994 46.538671875, -63.90556640624999 46.5087890625, -63.83359374999999 46.493896484375, -63.811279296875 46.468701171875, -63.78422851562499 46.454638671874996, -63.73701171875 46.480517578124996, -63.68144531249999 46.561914062499994, -63.534375 46.540625, -63.456494140625 46.50390625, -63.41313476562499 46.512011718749996, -63.36865234375 46.508251953125, -63.286083984375 46.460205078125, -63.12939453125 46.422216796875, -62.964013671874994 46.427734375, -62.71201171874999 46.45029296875, -62.68193359374999 46.459423828125)), ((-62.154248046875 16.681201171875003, -62.221630859375 16.699511718750003, -62.223046874999994 16.75156249999999, -62.191357421875 16.804394531249997, -62.17578125 16.8095703125, -62.1484375 16.74033203124999, -62.154248046875 16.681201171875003)), ((-62.87163085937499 67.06259765625, -62.825097656249994 67.072119140625, -62.756982421874994 67.112548828125, -62.66440429687499 67.1482421875, -62.62529296874999 67.176953125, -62.4697265625 67.1900390625, -62.41679687499999 67.1884765625, -62.39633789062499 67.1783203125, -62.484619140625 67.134228515625, -62.681542968749994 67.056298828125, -62.805419921875 67.02880859375, -62.87163085937499 67.06259765625)), ((-62.624902343749994 17.129589843749997, -62.61528320312499 17.199121093749994, -62.57470703125 17.20102539062499, -62.5341796875 17.170117187499997, -62.5322265625 17.121875000000003, -62.582421874999994 17.1005859375, -62.624902343749994 17.129589843749997)), ((-62.656494140625 17.224414062500003, -62.70200195312499 17.286035156249994, -62.775537109374994 17.30283203124999, -62.83891601562499 17.339257812499994, -62.83940429687499 17.36533203124999, -62.827050781249994 17.386425781249997, -62.79462890625 17.402587890625, -62.71372070312499 17.353271484375, -62.67578125 17.290917968749994, -62.640527343749994 17.26230468749999, -62.63066406249999 17.239990234375, -62.656494140625 17.224414062500003)), ((-63.026025390624994 18.269726562499997, -62.97958984374999 18.264794921874994, -63.001220703125 18.22177734374999, -63.16000976562499 18.17138671875, -63.1533203125 18.20029296874999, -63.026025390624994 18.269726562499997)), ((-63.06308593749999 18.11533203124999, -63.024804687499994 18.113085937500003, -63.009423828124994 18.104296875000003, -63.01230468749999 18.04541015625, -63.02304687499999 18.019189453124994, -63.09042968749999 18.041406249999994, -63.12470703125 18.06430664062499, -63.114990234375 18.090722656249994, -63.06308593749999 18.11533203124999)), ((-64.43803710937499 18.458984375, -64.44375 18.473388671875, -64.42607421874999 18.513085937499994, -64.324658203125 18.517480468749994, -64.39521484375 18.464599609375, -64.43803710937499 18.458984375)), ((-64.737939453125 60.375634765624994, -64.808984375 60.410400390625, -64.83378906249999 60.4484375, -64.83642578125 60.501025390625, -64.64628906249999 60.514599609375, -64.53251953124999 60.44140625, -64.49980468749999 60.430224609375, -64.40703124999999 60.367089843749994, -64.44194335937499 60.2978515625, -64.737939453125 60.375634765624994)), ((-64.827099609375 62.50498046875, -64.849853515625 62.525439453125, -64.848779296875 62.543310546875, -64.82382812499999 62.558740234374994, -64.6318359375 62.547998046874994, -64.51533203125 62.551806640625, -64.4650390625 62.5359375, -64.41806640624999 62.48740234375, -64.47832031249999 62.417871093749994, -64.54648437499999 62.39140625, -64.657421875 62.38359375, -64.90122070312499 62.421044921874994, -64.956494140625 62.458349609375, -64.93076171874999 62.485009765624994, -64.841943359375 62.494140625, -64.827099609375 62.50498046875)), ((-64.59130859375 47.9072265625, -64.54072265625 47.9849609375, -64.51958007812499 48.005078125, -64.5001953125 48.01376953125, -64.48124999999999 48.00693359375, -64.47607421875 47.958886718749994, -64.59130859375 47.9072265625)), ((-64.66049804687499 47.7935546875, -64.66328125 47.863037109375, -64.59111328124999 47.872460937499994, -64.56484375 47.866259765624996, -64.50859374999999 47.88671875, -64.53388671875 47.813769531249996, -64.6212890625 47.751904296875, -64.66464843749999 47.747607421874996, -64.6845703125 47.75361328125, -64.66049804687499 47.7935546875)), ((-64.69511718749999 18.411669921875003, -64.65097656249999 18.442529296874994, -64.56914062499999 18.4462890625, -64.545166015625 18.438134765624994, -64.59365234375 18.40283203125, -64.671826171875 18.399121093749997, -64.69511718749999 18.411669921875003)), ((-64.58046875 17.750195312499997, -64.686279296875 17.706103515625003, -64.889111328125 17.701708984375003, -64.884716796875 17.772265625000003, -64.765625 17.794335937499994, -64.6818359375 17.750195312499997, -64.58046875 17.750195312499997)), ((-64.75244140625 18.371972656249994, -64.659814453125 18.35434570312499, -64.7259765625 18.327880859375, -64.77060546874999 18.331591796875003, -64.78769531249999 18.341113281250003, -64.75244140625 18.371972656249994)), ((-64.73027343749999 32.29345703125, -64.82011718749999 32.259619140625, -64.84506835937499 32.2623046875, -64.86284179687499 32.273876953125, -64.77119140625 32.30771484375, -64.69462890624999 32.3869140625, -64.66831054687499 32.38193359375, -64.73027343749999 32.29345703125)), ((-64.78964843749999 61.66220703125, -64.669580078125 61.593017578125, -64.69096679687499 61.53935546875, -64.69638671874999 61.471484375, -64.73232421875 61.438427734375, -64.78759765625 61.41328125, -64.83261718749999 61.366064453125, -64.8568359375 61.354443359375, -64.87978515625 61.357080078124994, -64.954248046875 61.410400390625, -65.05439453125 61.432031249999994, -65.09150390625 61.452978515625, -65.39389648437499 61.562841796875, -65.42680664062499 61.61103515625, -65.43212890625 61.64951171875, -65.33164062499999 61.66826171875, -65.12978515625 61.685693359374994, -64.95444335937499 61.685107421875, -64.78964843749999 61.66220703125)), ((-64.942041015625 18.385205078124997, -64.889111328125 18.374218749999997, -64.84501953124999 18.330078125, -64.91997070312499 18.3212890625, -65.0236328125 18.367578124999994, -64.942041015625 18.385205078124997)), ((-65.2353515625 61.897705078125, -65.21054687499999 61.928369140624994, -65.17392578124999 61.943212890625, -65.125634765625 61.942236328125, -65.068359375 61.926025390625, -65.03056640624999 61.879052734374994, -65.008056640625 61.870263671874994, -64.98105468749999 61.880615234375, -64.96054687499999 61.8716796875, -64.9466796875 61.843359375, -64.92353515625 61.82373046875, -64.86513671875 61.79814453125, -64.84550781249999 61.7798828125, -64.8470703125 61.7615234375, -64.89658203124999 61.733300781249994, -64.927734375 61.73251953125, -65.16591796875 61.79765625, -65.23027343749999 61.864013671875, -65.2353515625 61.897705078125)), ((-65.3662109375 18.161083984374997, -65.302685546875 18.14438476562499, -65.294873046875 18.133349609375003, -65.42558593749999 18.105615234374994, -65.50400390624999 18.099511718749994, -65.555078125 18.107666015625, -65.572216796875 18.13730468749999, -65.47714843749999 18.1650390625, -65.3662109375 18.161083984374997)), ((-66.135498046875 17.949462890625, -66.285888671875 17.949951171875, -66.32578124999999 17.964160156250003, -66.40854492187499 17.950585937499994, -66.51079101562499 17.987011718749997, -66.59843749999999 17.97788085937499, -66.772412109375 17.986572265625, -66.83759765625 17.955078125, -66.89999999999999 17.947900390624994, -67.013330078125 17.96787109374999, -67.14238281249999 17.966699218749994, -67.19687499999999 17.994189453125003, -67.17431640625 18.152539062499997, -67.17246093749999 18.22421874999999, -67.20415039062499 18.283398437499997, -67.23896484375 18.32065429687499, -67.2640625 18.36459960937499, -67.21337890625 18.393603515625003, -67.17177734375 18.435791015625, -67.158642578125 18.499218749999997, -67.05961914062499 18.522167968749997, -66.812890625 18.49252929687499, -66.18857421874999 18.475781249999997, -66.153076171875 18.470654296874997, -66.09848632812499 18.425195312499994, -66.06840820312499 18.428027343750003, -66.09267578125 18.468994140625, -66.07041015624999 18.468994140625, -65.87875976562499 18.44384765625, -65.75556640625 18.401611328125, -65.62880859375 18.381396484375003, -65.620849609375 18.242333984374994, -65.718408203125 18.186669921874994, -65.7822265625 18.128613281249997, -65.834130859375 18.057324218749997, -65.97080078124999 17.974365234375, -66.135498046875 17.949462890625)), ((-66.2103515625 44.392041015625, -66.27377929687499 44.292285156249996, -66.32412109375 44.25732421875, -66.3119140625 44.2916015625, -66.25048828125 44.37900390625, -66.2103515625 44.392041015625)), ((-66.8447265625 44.763916015625, -66.8021484375 44.80537109375, -66.74541015624999 44.791406249999994, -66.76249999999999 44.681787109374994, -66.89707031249999 44.62890625, -66.8447265625 44.763916015625)), ((-68.22138671875 69.616748046875, -68.09326171875 69.65703125, -67.98911132812499 69.678759765625, -67.908837890625 69.6818359375, -67.8291015625 69.675, -67.75458984375 69.6314453125, -67.844921875 69.591748046875, -67.914697265625 69.540966796875, -67.94028320312499 69.53486328125, -68.20234375 69.580419921875, -68.22138671875 69.616748046875)), ((-68.01230468749999 60.304638671875, -68.2337890625 60.24091796875, -68.32412109375 60.23291015625, -68.365234375 60.254052734374994, -68.36787109375 60.31474609375, -68.33828125 60.360595703125, -68.234765625 60.45556640625, -68.14189453124999 60.56201171875, -68.08759765625 60.587841796875, -67.97802734375 60.57041015625, -67.914208984375 60.53984375, -67.84755859375 60.488818359375, -67.81884765625 60.44951171875, -67.84423828125 60.391650390625, -67.922314453125 60.339892578125, -68.01230468749999 60.304638671875)), ((-71.26220703125 10.143603515624989, -71.38662109375 10.263769531249991, -71.46279296875 10.46923828125, -71.49423828124999 10.533203125, -71.51787109374999 10.621826171875, -71.54462890625 10.778710937499994, -71.4611328125 10.835644531249997, -71.46953124999999 10.964160156249989, -71.26435546875 10.99951171875, -70.8205078125 11.208447265624997, -70.54560546875 11.261376953124994, -70.23251953124999 11.372998046874997, -70.15996093749999 11.428076171874991, -70.097119140625 11.519775390625, -70.04853515625 11.530322265624989, -69.88535156249999 11.4443359375, -69.80478515624999 11.474218749999991, -69.772900390625 11.541308593749989, -69.817333984375 11.672070312499997, -69.91093749999999 11.672119140625, -70.192578125 11.624609374999991, -70.2201171875 11.680859374999997, -70.22001953124999 11.730078124999991, -70.2865234375 11.886035156249989, -70.202783203125 12.098388671875, -70.122021484375 12.136621093749994, -70.00395507812499 12.177880859374994, -69.91435546874999 12.114599609374991, -69.860107421875 12.05419921875, -69.83061523437499 11.99560546875, -69.810546875 11.836865234374997, -69.76240234375 11.676025390625, -69.7119140625 11.564208984375, -69.631591796875 11.479931640624997, -69.56982421875 11.485449218749991, -69.52573242187499 11.49951171875, -69.232568359375 11.518457031249994, -69.05458984375 11.461035156249991, -68.82797851562499 11.431738281249991, -68.6162109375 11.309374999999989, -68.3986328125 11.160986328124991, -68.3431640625 11.052832031249991, -68.32480468749999 10.949316406249991, -68.27207031249999 10.880029296874994, -68.32470703125 10.808740234374994, -68.2962890625 10.689355468749994, -68.23408203125 10.569140624999989, -68.13994140624999 10.492724609374989, -68.04587080797494 10.485483142028249, -71.13120857144389 9.904713680669385, -71.2072265625 10.014599609374997, -71.26220703125 10.143603515624989)), ((-68.24545898437499 44.31298828125, -68.30927734375 44.321484375, -68.30795898437499 44.268701171874994, -68.315087890625 44.24970703125, -68.41171874999999 44.294335937499994, -68.40947265624999 44.3642578125, -68.34702148437499 44.43037109375, -68.29941406249999 44.456494140625, -68.238037109375 44.438378906249994, -68.19091796875 44.36435546875, -68.187255859375 44.332470703125, -68.24545898437499 44.31298828125)), ((-68.34843749999999 12.228076171874989, -68.37109375 12.257519531249997, -68.36923828124999 12.301953124999997, -68.219482421875 12.231249999999989, -68.205810546875 12.144580078124989, -68.254345703125 12.032080078124991, -68.2822265625 12.082275390625, -68.287255859375 12.171728515624991, -68.30712890625 12.206738281249997, -68.34843749999999 12.228076171874989)), ((-70.83388671875 19.887255859375003, -70.6859375 19.793261718750003, -70.636181640625 19.775634765625, -70.43642578125 19.771240234375, -70.30473632812499 19.676074218750003, -70.19384765625 19.63803710937499, -70.12944335937499 19.636132812499994, -70.0140625 19.67294921874999, -69.95683593749999 19.671875, -69.89121093749999 19.589746093749994, -69.8783203125 19.473291015624994, -69.8234375 19.367138671874997, -69.739404296875 19.299218749999994, -69.324951171875 19.32773437499999, -69.23247070312499 19.27182617187499, -69.26425781249999 19.22568359374999, -69.32275390625 19.201074218749994, -69.5197265625 19.21201171874999, -69.60595703125 19.206494140624997, -69.6232421875 19.16049804687499, -69.62363281249999 19.117822265624994, -69.50834960937499 19.107617187499997, -69.163037109375 19.028466796874994, -68.9013671875 18.988476562499997, -68.684765625 18.90478515625, -68.38139648437499 18.671142578125, -68.33916015624999 18.611523437499997, -68.35927734375 18.5380859375, -68.44482421875 18.417724609375, -68.49321289062499 18.37900390624999, -68.56376953124999 18.35546875, -68.61220703125 18.30624999999999, -68.658837890625 18.22202148437499, -68.68740234375 18.21494140624999, -68.72099609374999 18.218408203124994, -68.778466796875 18.26611328125, -68.81953125 18.339306640624997, -68.9349609375 18.408007812500003, -69.072265625 18.399218750000003, -69.27451171874999 18.439843749999994, -69.39697265625 18.420117187499997, -69.51943359375 18.415673828124994, -69.6447265625 18.43637695312499, -69.770654296875 18.443554687499997, -69.89638671875 18.417724609375, -70.018310546875 18.37363281249999, -70.18310546875 18.251757812500003, -70.479931640625 18.21728515625, -70.5654296875 18.267578125, -70.644677734375 18.336230468750003, -70.75883789062499 18.345605468749994, -70.92431640625 18.29248046875, -71.02783203125 18.273193359375, -71.069970703125 18.25034179687499, -71.0822265625 18.224365234375, -71.08261718749999 18.128369140624997, -71.10600585937499 18.070019531249997, -71.26728515625 17.849609375, -71.35830078125 17.694140625000003, -71.395703125 17.64609374999999, -71.43896484375 17.63559570312499, -71.51835937499999 17.724999999999994, -71.56904296875 17.757373046875003, -71.63173828125 17.773632812499997, -71.65830078124999 17.82114257812499, -71.6572265625 17.888671875, -71.67373046875 17.9541015625, -71.71245117187499 18.00546874999999, -71.768310546875 18.03916015624999, -71.8529296875 18.119140625, -71.94609374999999 18.186083984375003, -72.05986328124999 18.228564453125003, -72.503564453125 18.219921874999997, -72.63330078125 18.176220703124997, -72.7552734375 18.156152343749994, -72.87666015625 18.151757812499994, -73.38515625 18.251171874999997, -73.51484375 18.245361328125, -73.64404296875 18.229052734375003, -73.747314453125 18.190234375000003, -73.82470703125 18.121777343749997, -73.83916015624999 18.05820312499999, -73.8849609375 18.041894531249994, -73.989453125 18.14316406249999, -74.085400390625 18.215136718750003, -74.19462890624999 18.269189453124994, -74.41904296874999 18.34619140625, -74.4599609375 18.39306640625, -74.47812499999999 18.450000000000003, -74.38749999999999 18.624707031249997, -74.28447265624999 18.656689453124997, -74.227734375 18.66269531249999, -74.100341796875 18.64111328125, -73.9759765625 18.60141601562499, -73.8625 18.575439453125, -73.68701171875 18.565332031249994, -73.59160156249999 18.522363281249994, -72.91728515624999 18.455712890624994, -72.78935546874999 18.434814453125, -72.739453125 18.442138671875, -72.69599609375 18.468212890624997, -72.65976562499999 18.515332031249997, -72.61806640625 18.55078125, -72.418115234375 18.55869140624999, -72.37607421874999 18.574462890625, -72.34672851562499 18.623730468749997, -72.34765625 18.674951171874994, -72.465234375 18.743554687499994, -72.64912109375 18.89414062499999, -72.81108398437499 19.071582031250003, -72.7412109375 19.13134765625, -72.76796875 19.240624999999994, -72.74179687499999 19.341845703125003, -72.70322265624999 19.441064453124994, -72.863427734375 19.526074218749997, -73.052734375 19.610742187499994, -73.31552734374999 19.63730468749999, -73.39633789062499 19.65869140625, -73.43837890625 19.722119140624997, -73.400537109375 19.807421875000003, -73.31533203125 19.85458984374999, -73.11777343749999 19.90380859375, -72.87651367187499 19.92807617187499, -72.63701171874999 19.90087890625, -72.429931640625 19.813281250000003, -72.21982421874999 19.74462890625, -71.954296875 19.7216796875, -71.834716796875 19.696728515624997, -71.735107421875 19.735107421875, -71.7060546875 19.795166015625, -71.6673828125 19.8486328125, -71.615966796875 19.87744140625, -71.557763671875 19.89536132812499, -71.44169921874999 19.893994140624997, -71.28134765624999 19.847363281249997, -71.23593749999999 19.84814453125, -71.08193359375 19.89047851562499, -70.95415039062499 19.913964843749994, -70.83388671875 19.887255859375003)), ((-68.623193359375 44.196044921875, -68.66118164062499 44.17626953125, -68.70170898437499 44.182666015624996, -68.70302734375 44.231982421874996, -68.6767578125 44.256201171875, -68.65595703125 44.242333984374994, -68.623193359375 44.196044921875)), ((-69.15888671875 12.380273437499994, -69.11845703124999 12.373242187499997, -69.07675781249999 12.342041015625, -69.013134765625 12.231347656249994, -68.827392578125 12.158544921874991, -68.75107421874999 12.059765624999997, -68.80332031249999 12.045458984374989, -68.9951171875 12.141845703125, -69.15380859375 12.298437499999991, -69.15888671875 12.380273437499994)), ((-69.16005859375 59.040234375, -69.220849609375 58.967578125, -69.301708984375 58.976611328125, -69.330810546875 58.96162109375, -69.35283203124999 58.9607421875, -69.31630859375 59.028955078124994, -69.3115234375 59.0748046875, -69.32998046875 59.121240234374994, -69.30322265625 59.144873046875, -69.19516601562499 59.146142578124994, -69.193798828125 59.0927734375, -69.1806640625 59.072705078125, -69.15517578125 59.06357421875, -69.16005859375 59.040234375)), ((-70.06611328125 12.546972656249991, -70.05087890624999 12.597070312499994, -70.035107421875 12.614111328124991, -69.97314453125 12.567626953125, -69.91181640625 12.48046875, -69.895703125 12.422998046874994, -69.94218749999999 12.438525390624989, -70.004150390625 12.50048828125, -70.06611328125 12.546972656249991)), ((-70.0626953125 41.328466796875, -70.0412109375 41.3974609375, -69.985595703125 41.298632812499996, -69.9779296875 41.265576171875, -70.055078125 41.249462890625, -70.233056640625 41.286328125, -70.0626953125 41.328466796875)), ((-70.442626953125 62.733789062499994, -70.36679687499999 62.6658203125, -70.29150390625 62.615966796875, -70.26884765624999 62.578076171875, -70.28857421875 62.561572265625, -70.337060546875 62.548730468749994, -70.40634765624999 62.544824218749994, -70.54150390625 62.55234375, -70.68657226562499 62.573193359375, -70.766064453125 62.596875, -70.837548828125 62.648095703124994, -70.85126953125 62.704345703125, -70.98613281249999 62.78779296875, -71.1369140625 62.81591796875, -71.2201171875 62.873925781249994, -71.13486328124999 62.877978515625, -70.834619140625 62.840087890625, -70.67431640625 62.807031249999994, -70.442626953125 62.733789062499994)), ((-70.509912109375 41.376318359375, -70.785302734375 41.327441406249996, -70.82919921874999 41.358984375, -70.760498046875 41.373583984374996, -70.67373046875 41.448535156249996, -70.61601562499999 41.4572265625, -70.525341796875 41.414794921875, -70.509912109375 41.376318359375)), ((-70.9134765625 46.91953125, -71.02573242187499 46.872949218749994, -71.116650390625 46.86484375, -71.094970703125 46.899560546874994, -70.970849609375 46.96142578125, -70.879638671875 46.99609375, -70.82578124999999 46.995361328125, -70.9134765625 46.91953125)), ((-76.135498046875 9.265625, -76.02724609375 9.365771484374989, -75.905029296875 9.430908203125, -75.75556640625 9.415624999999991, -75.63935546875 9.450439453125, -75.60361328124999 9.538476562499994, -75.63535156249999 9.657812499999991, -75.68002929687499 9.729785156249989, -75.637109375 9.834277343749989, -75.59267578125 9.992724609374989, -75.5958984375 10.125830078124991, -75.53857421875 10.205175781249991, -75.55839843749999 10.236425781249991, -75.64218749999999 10.172167968749989, -75.70834960937499 10.143408203124991, -75.6708984375 10.196337890624989, -75.5537109375 10.327734374999991, -75.49277343749999 10.527636718749989, -75.44599609375 10.610888671874989, -75.28061523437499 10.727197265624994, -75.24794921875 10.783251953124989, -75.123046875 10.870410156249989, -74.92158203125 11.057568359374997, -74.84458007812499 11.109716796874991, -74.454248046875 10.989062499999989, -74.330224609375 10.996679687499991, -74.35239257812499 10.974658203124989, -74.4095703125 10.967187499999994, -74.49228515624999 10.934472656249994, -74.516259765625 10.862499999999997, -74.46025390624999 10.787060546874997, -74.40087890625 10.765234374999991, -74.35019531249999 10.813720703125, -74.299951171875 10.952246093749991, -74.219140625 11.105322265624991, -74.2001953125 11.265722656249991, -74.14291992187499 11.320849609374989, -74.05913085937499 11.340624999999989, -73.79570312499999 11.275683593749989, -73.676904296875 11.271484375, -73.31337890625 11.295751953124991, -72.721826171875 11.712158203125, -72.44707031249999 11.801708984374997, -72.27499999999999 11.889257812499991, -72.165234375 12.060205078124994, -72.1357421875 12.188574218749991, -72.055078125 12.238427734374994, -71.9701171875 12.23828125, -71.93124999999999 12.26953125, -71.919140625 12.30908203125, -71.71455078125 12.419970703124989, -71.59746093749999 12.434374999999989, -71.49399414062499 12.432275390624994, -71.262109375 12.335302734374991, -71.155029296875 12.164160156249991, -71.13730468749999 12.046337890624997, -71.2841796875 11.918310546874991, -71.34941406249999 11.81494140625, -71.41455078125 11.755175781249989, -71.48837890624999 11.71875, -71.86865234375 11.627343749999994, -71.95693359375 11.569921874999991, -71.9572265625 11.482812499999994, -71.94697265625 11.414453124999994, -71.835107421875 11.190332031249994, -71.791455078125 11.135058593749989, -71.6416015625 11.013525390624991, -71.67568359375 10.996728515624994, -71.730908203125 10.994677734374989, -71.6904296875 10.835498046874989, -71.59843749999999 10.726220703124994, -71.59433593749999 10.657373046874994, -71.66484374999999 10.443749999999994, -71.79350585937499 10.315966796874989, -71.884765625 10.167236328125, -71.955712890625 10.108056640624994, -72.11284179687499 9.815576171874994, -72.05466387990873 9.730886799076005, -76.37770721816754 8.917137464815521, -76.27685546875 8.989111328124991, -76.135498046875 9.265625)), ((-71.30747070312499 41.560498046875, -71.26445312499999 41.638232421874996, -71.23203124999999 41.654296875, -71.24140625 41.491943359375, -71.29091796875 41.464599609375, -71.34624023437499 41.469384765624994, -71.31816406249999 41.506298828125, -71.30747070312499 41.560498046875)), ((-71.40341796874999 41.515039062499994, -71.383984375 41.570556640625, -71.36430664062499 41.571826171874996, -71.3544921875 41.542285156249996, -71.36533203124999 41.485253906249994, -71.39306640625 41.466748046875, -71.40341796874999 41.515039062499994)), ((-72.02353515624999 77.316455078125, -72.3744140625 77.355419921875, -72.49492187499999 77.385546875, -72.48955078124999 77.431640625, -72.43642578125 77.44755859375, -72.24677734375 77.463525390625, -72.0890625 77.46708984375, -71.43344726562499 77.394384765625, -71.46708984374999 77.353662109375, -71.66733398437499 77.32529296875, -72.02353515624999 77.316455078125)), ((-71.668359375 21.833447265624997, -71.6369140625 21.787548828124997, -71.66142578124999 21.76523437499999, -71.66538085937499 21.751708984375, -71.72177734374999 21.790234374999997, -71.83041992187499 21.79062499999999, -71.84765625 21.843457031249997, -71.80615234375 21.852099609375003, -71.668359375 21.833447265624997)), ((-72.01904296875 21.918261718750003, -72.01064453125 21.950439453125, -71.93154296875 21.951904296875, -71.899609375 21.862499999999997, -71.87993164062499 21.84042968749999, -71.8974609375 21.829882812500003, -71.95546875 21.864404296874994, -71.96376953125 21.892041015624997, -71.984521484375 21.89340820312499, -72.01904296875 21.918261718750003)), ((-72.55556640625 40.82578125, -72.67607421874999 40.790625, -72.762841796875 40.77783203125, -73.194287109375 40.654199218749994, -73.228515625 40.651513671874994, -73.26552734375 40.66357421875, -73.62089843749999 40.599902343749996, -73.766748046875 40.592724609375, -73.899560546875 40.5705078125, -73.80131835937499 40.62177734375, -73.79916992187499 40.640966796875, -73.82265625 40.65595703125, -73.8751953125 40.651611328125, -73.92900390624999 40.598828125, -74.014892578125 40.581201171874994, -74.03203124999999 40.638671875, -73.96455078125 40.725341796875, -73.87924804687499 40.791650390624994, -73.7572265625 40.83369140625, -73.69521484375 40.870019531249994, -73.65224609375 40.838037109374994, -73.642822265625 40.881249999999994, -73.609765625 40.906201171875, -73.57382812499999 40.91962890625, -73.48740234374999 40.919970703124996, -73.372705078125 40.943798828125, -73.27817382812499 40.924218749999994, -73.18583984374999 40.929833984374994, -73.111279296875 40.956884765625, -73.03378906249999 40.965966796874994, -72.82880859375 40.972070312499994, -72.62509765624999 40.991845703124994, -72.54365234375 41.027001953124994, -72.37255859375 41.125537109374996, -72.27412109375 41.15302734375, -72.509765625 40.98603515625, -72.58085937499999 40.921337890625, -72.5166015625 40.914794921875, -72.461328125 40.9337890625, -72.40898437499999 40.97216796875, -72.28745117187499 41.024072265624994, -72.18388671874999 41.046777343749994, -72.15126953125 41.05146484375, -72.10190429687499 41.015039062499994, -72.00395507812499 41.044287109375, -71.90322265625 41.060693359374994, -72.33896484374999 40.894140625, -72.42807617187499 40.875390624999994, -72.55556640625 40.82578125)), ((-72.18154296875 21.780029296875, -72.190673828125 21.769775390625, -72.30087890624999 21.75522460937499, -72.33544921875 21.758007812499997, -72.34238281249999 21.795312499999994, -72.33281249999999 21.851367187500003, -72.21865234375 21.796289062499994, -72.1498046875 21.804492187500003, -72.14433593749999 21.792724609375, -72.18154296875 21.780029296875)), ((-72.73979492187499 20.00341796875, -72.84423828125 20.035449218750003, -72.87841796875 20.02744140624999, -72.89931640625 20.031445312499997, -72.9603515625 20.062255859375, -72.90673828125 20.085839843749994, -72.791015625 20.09189453124999, -72.623486328125 20.01416015625, -72.6388671875 19.98583984375, -72.73979492187499 20.00341796875)), ((-72.94521484375 22.41562499999999, -72.83076171875 22.38559570312499, -72.76259765625 22.344384765624994, -72.747265625 22.327392578125, -72.78388671875 22.29062499999999, -72.88916015625 22.360253906249994, -72.98105468749999 22.36923828124999, -73.11020507812499 22.367578124999994, -73.16191406249999 22.38071289062499, -73.127392578125 22.455322265625, -72.978955078125 22.414599609375003, -72.94521484375 22.41562499999999)), ((-73.06914062499999 18.932031249999994, -72.91923828124999 18.861474609374994, -72.80458984375 18.77768554687499, -72.822216796875 18.70712890624999, -73.07797851562499 18.790917968749994, -73.28525390624999 18.896728515625, -73.27641601562499 18.954052734374997, -73.17060546875 18.96728515625, -73.06914062499999 18.932031249999994)), ((-73.0626953125 21.515332031249997, -72.994775390625 21.56162109374999, -72.91611328124999 21.50668945312499, -73.04931640625 21.45761718749999, -73.0626953125 21.515332031249997)), ((-73.30156249999999 21.156152343749994, -73.2353515625 21.154492187499997, -73.13730468749999 21.204785156249997, -73.05849609375 21.313378906249994, -73.011669921875 21.299511718749997, -73.02685546875 21.1923828125, -73.058740234375 21.119042968749994, -73.16455078125 20.979150390624994, -73.40078125 20.943896484375003, -73.66103515625 20.937402343749994, -73.68115234375 20.9755859375, -73.68681640624999 21.00913085937499, -73.66782226562499 21.061572265625003, -73.68037109375 21.103320312500003, -73.58505859374999 21.125927734374997, -73.523095703125 21.190820312499994, -73.42451171875 21.20175781249999, -73.30156249999999 21.156152343749994)), ((-73.58403320312499 68.01533203125, -73.459228515625 67.989892578125, -73.43525390625 67.97001953125, -73.4015625 67.8787109375, -73.398193359375 67.829931640625, -73.407177734375 67.79306640625, -73.621728515625 67.783837890625, -74.10908203125 67.78251953125, -74.37407226562499 67.789599609375, -74.480712890625 67.8048828125, -74.573388671875 67.828662109375, -74.67861328125 67.90556640625, -74.74599609375 67.984814453125, -74.749267578125 68.01845703125, -74.7314453125 68.048779296875, -74.70654296875 68.06708984375, -74.37939453125 68.09345703125, -74.11137695312499 68.060595703125, -73.88071289062499 68.021923828125, -73.58403320312499 68.01533203125)), ((-73.92021484374999 45.441943359374996, -73.96054687499999 45.44140625, -73.8529296875 45.51572265625, -73.687451171875 45.561425781249994, -73.5224609375 45.701171875, -73.47607421875 45.704736328124994, -73.53886718749999 45.546435546874996, -73.55166015625 45.48984375, -73.56650390624999 45.469091796875, -73.6435546875 45.449121093749994, -73.775341796875 45.467626953125, -73.92021484374999 45.441943359374996)), ((-73.72465820312499 45.671826171875, -73.57236328124999 45.694482421874994, -73.6953125 45.585498046874996, -73.81591796875 45.564892578125, -73.85771484374999 45.573583984375, -73.72465820312499 45.671826171875)), ((-73.84995117187499 22.73105468749999, -73.87749023437499 22.68076171874999, -73.83652343749999 22.53842773437499, -73.974609375 22.36118164062499, -74.092919921875 22.30624999999999, -74.20673828125 22.213769531249994, -74.27690429687499 22.18369140624999, -74.26132812499999 22.235546874999997, -74.12675781249999 22.323388671874994, -73.99497070312499 22.44921875, -73.935986328125 22.477734374999997, -73.906396484375 22.52744140624999, -73.91455078125 22.568017578124994, -73.97636718749999 22.635058593750003, -73.97548828125 22.682275390624994, -73.95419921874999 22.715527343749997, -73.84995117187499 22.73105468749999)), ((-74.25351562499999 62.621972656249994, -74.49951171875 62.668798828125, -74.62646484375 62.712744140625, -74.61997070312499 62.726318359375, -74.564208984375 62.733300781249994, -74.500927734375 62.726513671875, -74.394775390625 62.69580078125, -74.10893554687499 62.680322265624994, -74.016796875 62.6626953125, -73.98818359375 62.636083984375, -74.000439453125 62.618408203125, -74.05356445312499 62.60966796875, -74.25351562499999 62.621972656249994)), ((-74.274609375 22.711669921875, -74.303125 22.764453125000003, -74.31396484375 22.80356445312499, -74.30703125 22.839599609375, -74.22148437499999 22.811572265625003, -74.17539062499999 22.759912109374994, -74.05751953125 22.72348632812499, -74.03476562499999 22.70556640625, -74.098583984375 22.665429687499994, -74.24223632812499 22.715087890625, -74.274609375 22.711669921875)), ((-74.0673828125 40.6154296875, -74.07968749999999 40.586474609374996, -74.13852539062499 40.541845703125, -74.188134765625 40.522851562499994, -74.23588867187499 40.518701171874994, -74.18818359375 40.614599609375, -74.10048828125 40.658447265625, -74.06875 40.649316406249994, -74.0673828125 40.6154296875)), ((-74.253173828125 39.558496093749994, -74.10673828124999 39.746435546875, -74.133203125 39.68076171875, -74.25048828125 39.52939453125, -74.253173828125 39.558496093749994)), ((-80.26616210937499 22.934960937499994, -80.167626953125 22.949365234374994, -80.07524414062499 22.942333984374997, -79.959912109375 22.876904296874997, -79.92353515625 22.869140625, -79.820263671875 22.887011718750003, -79.850732421875 22.827197265625003, -79.67666015625 22.743066406249994, -79.54921875 22.577783203124994, -79.456494140625 22.50986328124999, -79.27568359374999 22.407617187499994, -79.1830078125 22.387890624999997, -78.90190429687499 22.39599609375, -78.83544921875 22.390917968750003, -78.77597656249999 22.367333984374994, -78.71923828125 22.358056640624994, -78.686474609375 22.366845703124994, -78.14311523437499 22.109423828125003, -77.97050781249999 21.971972656250003, -77.86503906249999 21.900585937499997, -77.63681640624999 21.79736328125, -77.5451171875 21.774609374999997, -77.49711914062499 21.788330078125, -77.50654296875 21.81103515625, -77.57333984374999 21.868310546874994, -77.583154296875 21.88925781249999, -77.497265625 21.871630859375003, -77.34213867187499 21.755273437499994, -77.29951171875 21.71225585937499, -77.2220703125 21.672412109375003, -77.14414062499999 21.643603515625003, -77.18124999999999 21.59765625, -77.24453125 21.59375, -77.366162109375 21.61264648437499, -77.26958007812499 21.537890625000003, -77.252880859375 21.48349609374999, -77.20791015625 21.47885742187499, -77.14096679687499 21.538623046875003, -77.0986328125 21.589013671874994, -76.92807617187499 21.458984375, -76.836328125 21.39951171874999, -76.859814453125 21.364794921875003, -76.867431640625 21.33041992187499, -76.76499023437499 21.36240234374999, -76.72607421875 21.35888671875, -76.68852539062499 21.34042968749999, -76.647412109375 21.28452148437499, -76.551708984375 21.272119140624994, -76.45517578124999 21.273632812499997, -76.259228515625 21.22739257812499, -76.0736328125 21.133447265624994, -75.89902343749999 21.1142578125, -75.72294921874999 21.111035156249997, -75.633740234375 21.061328125000003, -75.59580078124999 20.994677734375003, -75.63852539062499 20.947460937499997, -75.66293945312499 20.898144531249997, -75.59726562499999 20.837646484375, -75.740234375 20.811962890624997, -75.760400390625 20.775537109374994, -75.75297851562499 20.73618164062499, -75.724560546875 20.714550781249997, -75.6427734375 20.73349609374999, -75.338134765625 20.701611328124997, -75.21328125 20.7138671875, -74.959716796875 20.672656250000003, -74.882568359375 20.650634765625, -74.732080078125 20.573193359374997, -74.66245117187499 20.522119140624994, -74.513134765625 20.384570312500003, -74.38437499999999 20.330468749999994, -74.27280273437499 20.3173828125, -74.23388671875 20.326416015625, -74.16748046875 20.292187499999997, -74.13681640624999 20.23193359375, -74.1537109375 20.16855468749999, -74.25283203125 20.07968749999999, -74.634765625 20.058154296875003, -74.850048828125 20.00229492187499, -74.95512695312499 19.957910156249994, -75.003173828125 19.92856445312499, -75.11640625 19.901416015625003, -75.12412109374999 19.92465820312499, -75.12197265625 19.953906250000003, -75.151611328125 20.008349609375003, -75.17729492187499 19.959374999999994, -75.21943359375 19.923632812500003, -75.290478515625 19.893115234375003, -75.551953125 19.89111328125, -75.6572265625 19.93222656249999, -75.76513671875 19.960400390624997, -76.158447265625 19.98974609375, -76.779736328125 19.940185546875, -76.999462890625 19.892822265625, -77.21196289062499 19.893749999999997, -77.46318359374999 19.861376953125003, -77.715087890625 19.85546875, -77.55375976562499 20.08212890624999, -77.21337890625 20.30039062499999, -77.1494140625 20.34726562499999, -77.10380859374999 20.407519531250003, -77.093017578125 20.452929687500003, -77.10791015625 20.491650390624997, -77.18896484375 20.559960937499994, -77.20546875 20.61083984375, -77.22958984374999 20.643749999999997, -77.34755859375 20.67236328125, -77.467041015625 20.689501953125003, -77.592724609375 20.690087890624994, -77.856884765625 20.713623046875, -77.997314453125 20.715380859375003, -78.116357421875 20.761865234374994, -78.3138671875 20.927490234375, -78.40634765624999 20.973876953125, -78.453857421875 21.010986328125, -78.49077148437499 21.0537109375, -78.537255859375 21.296826171874997, -78.5765625 21.413818359375, -78.636474609375 21.515527343749994, -78.727685546875 21.592724609374997, -78.82294921875 21.618945312500003, -79.189208984375 21.55283203124999, -79.2744140625 21.562646484374994, -79.357421875 21.585156249999997, -79.910302734375 21.742578124999994, -80.23134765625 21.87216796874999, -80.310693359375 21.933398437500003, -80.39291992187499 22.033740234375003, -80.48544921874999 22.123437499999994, -80.484814453125 22.087158203125, -80.49907226562499 22.063525390625003, -80.9619140625 22.052880859374994, -81.03564453125 22.07358398437499, -81.08310546874999 22.097949218750003, -81.116650390625 22.134228515624997, -81.14140624999999 22.206933593749994, -81.185498046875 22.267968749999994, -81.222412109375 22.14291992187499, -81.284375 22.109423828125003, -81.35527343749999 22.10410156249999, -81.44111328125 22.183789062499997, -81.81621093749999 22.2001953125, -81.84941406249999 22.213671875000003, -81.972607421875 22.29086914062499, -82.07773437499999 22.3876953125, -81.973046875 22.421826171874997, -81.757080078125 22.466748046874997, -81.7103515625 22.49667968749999, -81.683251953125 22.534814453124994, -81.70273437499999 22.59189453124999, -81.74565429687499 22.63291015624999, -81.838818359375 22.67246093749999, -81.90341796874999 22.679003906250003, -82.738037109375 22.689257812500003, -82.86123046875 22.595117187499994, -83.009423828125 22.51401367187499, -83.10712890625 22.429882812499997, -83.14375 22.386474609375, -83.292138671875 22.30322265625, -83.379638671875 22.22299804687499, -83.48593749999999 22.18710937499999, -83.54404296874999 22.208935546874997, -83.601513671875 22.208740234375, -83.64306640625 22.18896484375, -83.68662109374999 22.179931640625, -83.90073242187499 22.170117187499997, -83.93271484374999 22.149658203125, -83.963330078125 22.092089843750003, -83.998046875 21.980126953124994, -84.03095703125 21.943115234375, -84.138330078125 21.929003906250003, -84.240673828125 21.898339843749994, -84.44882812499999 21.791650390624994, -84.502587890625 21.776171875000003, -84.49091796875 21.854296875000003, -84.5013671875 21.93027343749999, -84.560009765625 21.933007812499994, -84.626904296875 21.920361328124997, -84.68266601562499 21.899072265624994, -84.78583984375 21.84228515625, -84.83823242187499 21.827929687500003, -84.88720703125 21.856982421875003, -84.87724609374999 21.89414062499999, -84.53276367187499 22.031152343749994, -84.49423828124999 22.04160156249999, -84.433056640625 22.031298828125003, -84.37314453124999 22.035937500000003, -84.3263671875 22.07431640624999, -84.3830078125 22.255566406249997, -84.361279296875 22.37890625, -84.28134765624999 22.47421874999999, -84.12177734375 22.618554687499994, -84.044921875 22.666015625, -83.2578125 22.967578125000003, -83.17724609375 22.98300781249999, -82.66582031249999 23.04355468749999, -82.58779296875 23.06455078124999, -82.350537109375 23.153955078124994, -82.10136718749999 23.1904296875, -81.83745117187499 23.163037109374997, -81.575439453125 23.116503906250003, -81.36362304687499 23.129687500000003, -81.262353515625 23.15683593749999, -81.271630859375 23.128613281249997, -81.17861328125 23.05966796874999, -81.14462890624999 23.054931640625, -81.00766601562499 23.08984375, -80.650146484375 23.103076171875003, -80.613427734375 23.083740234375, -80.55048828125 23.0166015625, -80.459228515625 22.974999999999994, -80.364892578125 22.943408203125003, -80.26616210937499 22.934960937499994)), ((-74.50869140625 23.959716796875, -74.550927734375 23.968945312499997, -74.52690429687499 24.10507812499999, -74.47202148437499 24.126660156249997, -74.45048828124999 24.12548828125, -74.429443359375 24.068066406249997, -74.50869140625 23.959716796875)), ((-74.7982421875 68.457958984375, -74.83095703125 68.44072265625, -74.82792968749999 68.423779296875, -74.812890625 68.413330078125, -74.8185546875 68.394091796875, -74.844970703125 68.365966796875, -74.880859375 68.348681640625, -74.95932617187499 68.342236328125, -75.072509765625 68.404150390625, -75.31015624999999 68.474462890625, -75.40024414062499 68.52548828125, -75.40341796874999 68.550146484375, -75.39619140625 68.588818359375, -75.37016601562499 68.636083984375, -75.28740234374999 68.687744140625, -75.19975585937499 68.69609375, -75.07470703125 68.684716796875, -74.983642578125 68.647607421875, -74.884765625 68.54462890625, -74.81894531249999 68.49443359375, -74.7982421875 68.457958984375)), ((-75.17529296875 23.438671874999997, -75.1087890625 23.332812500000003, -75.064208984375 23.150195312500003, -74.93710937499999 23.088134765625, -74.84560546875 22.999902343749994, -74.840478515625 22.894335937500003, -74.846875 22.868701171875003, -74.97333984375 23.068554687499997, -75.13212890624999 23.117089843749994, -75.22333984375 23.165332031250003, -75.20439453124999 23.19272460937499, -75.14111328125 23.204638671875003, -75.13056640625 23.26791992187499, -75.15756835937499 23.336376953124997, -75.24125976562499 23.474609375, -75.288232421875 23.568261718749994, -75.309814453125 23.58984375, -75.31596679687499 23.668359374999994, -75.21660156249999 23.546777343749994, -75.17529296875 23.438671874999997)), ((-75.40009765625 67.36669921875, -75.78007812499999 67.283544921875, -76.048974609375 67.26201171875, -76.332763671875 67.25810546875, -76.69394531249999 67.23583984375, -76.94418945312499 67.25029296875, -77.0048828125 67.266943359375, -77.075927734375 67.31962890625, -77.15708007812499 67.408349609375, -77.22421874999999 67.508203125, -77.30439453125 67.685107421875, -77.305908203125 67.706103515625, -77.22856445312499 67.85009765625, -77.12587890625 67.9470703125, -76.9447265625 68.090966796875, -76.740234375 68.23125, -76.688232421875 68.25439453125, -76.59580078124999 68.278955078125, -76.364453125 68.318701171875, -76.172802734375 68.3087890625, -76.08828125 68.313818359375, -75.98276367187499 68.33232421875, -75.86650390624999 68.33681640625, -75.67587890624999 68.322509765625, -75.15380859375 68.234033203125, -75.10312499999999 68.201904296875, -75.078125 68.17314453125, -75.0634765625 68.1412109375, -75.06235351562499 68.075390625, -75.07285156249999 68.0490234375, -75.12387695312499 67.98525390625, -75.12734375 67.965234375, -75.086376953125 67.751416015625, -75.09052734375 67.634765625, -75.12729492187499 67.5373046875, -75.20195312499999 67.4591796875, -75.31450195312499 67.400439453125, -75.40009765625 67.36669921875)), ((-75.33305664062499 37.88828125, -75.37851562499999 37.8720703125, -75.2259765625 38.072314453124996, -75.13740234375 38.240087890625, -75.097900390625 38.298095703125, -75.13623046875 38.180517578125, -75.33305664062499 37.88828125)), ((-75.72666015624999 24.689355468749994, -75.709619140625 24.697509765625, -75.653515625 24.680859374999997, -75.51816406249999 24.42734374999999, -75.30839843749999 24.200000000000003, -75.3017578125 24.149169921875, -75.36874999999999 24.159472656250003, -75.50322265624999 24.139062499999994, -75.48105468749999 24.173876953125003, -75.41240234374999 24.220947265625, -75.408935546875 24.265771484374994, -75.493896484375 24.33041992187499, -75.5927734375 24.491259765625003, -75.6390625 24.52939453124999, -75.66103515625 24.58984375, -75.74399414062499 24.654687499999994, -75.72666015624999 24.689355468749994)), ((-75.690087890625 35.221582031249994, -75.536376953125 35.278613281249996, -75.48789062499999 35.4794921875, -75.48124999999999 35.572119140625, -75.50351562499999 35.769140625, -75.478515625 35.71650390625, -75.4564453125 35.56416015625, -75.46474609375 35.448632812499994, -75.50932617187499 35.280322265624996, -75.544140625 35.240087890625, -75.67827148437499 35.212841796875, -75.690087890625 35.221582031249994)), ((-75.648876953125 35.910400390625, -75.635693359375 35.855908203125, -75.65078125 35.835595703124994, -75.7171875 35.946142578125, -75.648876953125 35.910400390625)), ((-76.01044921875 23.67138671875, -75.9486328125 23.647412109374997, -75.80751953125 23.542529296875003, -75.75424804687499 23.489990234375, -75.66455078125 23.450146484374997, -75.70634765624999 23.444238281249994, -75.781005859375 23.470654296874997, -75.95595703125 23.59228515625, -76.037109375 23.602783203125, -76.01044921875 23.67138671875)), ((-75.98417968749999 35.123095703124996, -75.86494140625 35.174121093749996, -75.78193359375 35.190185546875, -75.96367187499999 35.11884765625, -75.98417968749999 35.123095703124996)), ((-76.33115234374999 73.10048828125, -76.28955078125 73.081005859375, -76.3095703125 72.997900390625, -76.2552734375 72.959228515625, -76.13505859374999 72.91240234375, -76.089990234375 72.881201171875, -76.18339843749999 72.84306640625, -76.400537109375 72.820654296875, -77.01357421875 72.843994140625, -77.8359375 72.896826171875, -78.314208984375 72.8818359375, -78.55405273437499 72.85771484375, -79.1341796875 72.771630859375, -79.3193359375 72.75771484375, -79.50053710937499 72.75595703125, -79.820703125 72.826318359375, -79.93686523437499 72.863623046875, -79.97529296875 72.89248046875, -80.05161132812499 72.977001953125, -80.114453125 73.07822265625, -80.146435546875 73.161328125, -80.18330078125 73.224658203125, -80.292724609375 73.24560546875, -80.617919921875 73.27080078125, -80.72685546874999 73.30546875, -80.77641601562499 73.3341796875, -80.824169921875 73.3806640625, -80.82294921875 73.428955078125, -80.797998046875 73.471533203125, -80.77695312499999 73.481982421875, -80.73583984375 73.48310546875, -80.82700195312499 73.53466796875, -80.85849609374999 73.59140625, -80.8607421875 73.670556640625, -80.848876953125 73.721240234375, -80.82285156249999 73.74345703125, -80.76274414062499 73.757763671875, -80.62138671874999 73.767333984375, -80.4123046875 73.7654296875, -80.120263671875 73.707080078125, -79.88935546875 73.701513671875, -79.5373046875 73.6544921875, -79.36679687499999 73.641357421875, -78.2865234375 73.6658203125, -78.062939453125 73.64765625, -77.38212890624999 73.536669921875, -77.20654296875 73.499560546875, -77.119775390625 73.45048828125, -77.04150390625 73.373046875, -77.005322265625 73.3560546875, -76.75869140625 73.310009765625, -76.65727539062499 73.25419921875, -76.62158203125 73.225341796875, -76.569775390625 73.15927734375, -76.458447265625 73.121826171875, -76.33115234374999 73.10048828125)), ((-76.204345703125 24.936230468749997, -76.1525390625 25.02597656249999, -76.160400390625 25.119335937499997, -76.284326171875 25.222119140624997, -76.369287109375 25.31259765624999, -76.49990234375 25.341552734375, -76.62070312499999 25.431640625, -76.6927734375 25.44272460937499, -76.7806640625 25.42685546874999, -76.74892578125 25.48056640624999, -76.726953125 25.55161132812499, -76.71083984375 25.564892578124997, -76.648828125 25.48740234374999, -76.48422851562499 25.37460937499999, -76.34379882812499 25.33203125, -76.19199218749999 25.190820312499994, -76.126611328125 25.140527343749994, -76.11494140625 25.0947265625, -76.14052734375 24.885644531249994, -76.17465820312499 24.759765625, -76.16953124999999 24.6494140625, -76.20517578124999 24.682080078124997, -76.2412109375 24.754345703124997, -76.319970703125 24.817675781250003, -76.21376953125 24.822460937499997, -76.204345703125 24.936230468749997)), ((-76.528564453125 34.631494140624994, -76.43701171875 34.75634765625, -76.25620117187499 34.914697265624994, -76.20737304687499 34.938916015625, -76.35771484374999 34.803662109375, -76.503662109375 34.642968749999994, -76.528564453125 34.631494140624994)), ((-76.625390625 17.90097656249999, -76.669384765625 17.927636718749994, -76.77431640625 17.9404296875, -76.748291015625 17.964892578125003, -76.79482421875 17.976318359375, -76.85322265625 17.97373046874999, -76.896240234375 17.904101562500003, -76.94414062499999 17.848779296874994, -77.03593749999999 17.85410156249999, -77.0712890625 17.901269531249994, -77.11948242187499 17.880078124999997, -77.1583984375 17.84506835937499, -77.20498046875 17.71494140624999, -77.27988281249999 17.779541015625, -77.36142578124999 17.833691406249997, -77.4638671875 17.85605468749999, -77.67075195312499 17.85971679687499, -77.76816406249999 17.877392578124997, -77.84941406249999 17.987499999999997, -77.881298828125 18.01904296875, -77.96298828124999 18.047558593749997, -78.04448242187499 18.173828125, -78.0736328125 18.191162109375, -78.294091796875 18.218066406250003, -78.339501953125 18.28720703124999, -78.32597656249999 18.349755859374994, -78.25244140625 18.42626953125, -78.21669921875 18.44809570312499, -78.09453124999999 18.44482421875, -77.978173828125 18.467822265625003, -77.92685546874999 18.500683593749997, -77.8734375 18.522216796875, -77.451611328125 18.467041015625, -77.261474609375 18.457421874999994, -77.13955078125 18.42148437499999, -76.959375 18.40185546875, -76.908203125 18.390429687500003, -76.79326171874999 18.30429687499999, -76.70073242187499 18.25717773437499, -76.349853515625 18.15185546875, -76.23276367187499 17.97031249999999, -76.21079101562499 17.913525390624997, -76.30146484375 17.879833984374997, -76.41552734375 17.868212890625003, -76.524609375 17.8662109375, -76.625390625 17.90097656249999)), ((-76.568505859375 34.6525390625, -76.66196289062499 34.68466796875, -76.67392578124999 34.700146484375, -76.622265625 34.69453125, -76.54624023437499 34.6548828125, -76.568505859375 34.6525390625)), ((-76.763623046875 63.573583984375, -76.65244140624999 63.503564453124994, -76.67758789062499 63.393945312499994, -76.783154296875 63.384033203125, -76.921875 63.40634765625, -77.05722656249999 63.449755859375, -77.36474609375 63.588330078125, -77.13369140625 63.682031249999994, -76.763623046875 63.573583984375)), ((-76.68408203125 69.380419921875, -76.66884765625 69.366162109375, -76.67001953124999 69.348583984375, -76.687451171875 69.327685546875, -76.810302734375 69.266748046875, -76.8693359375 69.224853515625, -76.91123046874999 69.174658203125, -76.995361328125 69.14375, -77.12163085937499 69.13212890625, -77.2150390625 69.1380859375, -77.2755859375 69.161669921875, -77.321923828125 69.193603515625, -77.37939453125 69.2740234375, -77.358056640625 69.3115234375, -77.351513671875 69.378662109375, -77.34091796874999 69.403857421875, -77.31870117187499 69.41630859375, -77.18754882812499 69.440087890625, -77.10917968749999 69.43740234375, -76.994091796875 69.411767578125, -76.74570312499999 69.40400390625, -76.68408203125 69.380419921875)), ((-77.79599609374999 26.901269531249994, -77.94375 26.903564453125, -77.862548828125 26.940087890624994, -77.53388671875 26.90341796875, -77.4494140625 26.83642578125, -77.36874999999999 26.747607421874996, -77.26591796874999 26.688818359375, -77.269287109375 26.663037109374997, -77.25717773437499 26.638818359374994, -77.162109375 26.597265625, -77.066357421875 26.530175781249994, -77.03828125 26.333447265624997, -77.16728515624999 26.24033203125, -77.19101562499999 25.955468749999994, -77.22563476562499 25.904199218749994, -77.24643554687499 25.895458984374997, -77.333251953125 25.99560546875, -77.40317382812499 26.024707031249996, -77.2939453125 26.095507812499996, -77.24677734375 26.15634765625, -77.24775390625 26.2890625, -77.22109375 26.361767578124997, -77.230126953125 26.424707031249994, -77.2060546875 26.488964843749997, -77.23862304687499 26.5611328125, -77.32993164062499 26.618359374999997, -77.51059570312499 26.845996093749996, -77.79599609374999 26.901269531249994)), ((-77.52734375 25.057666015625003, -77.45126953124999 25.080712890624994, -77.3291015625 25.0830078125, -77.2755859375 25.05576171874999, -77.26914062499999 25.043847656249994, -77.34755859375 25.013867187499997, -77.46049804687499 24.993115234374997, -77.5412109375 25.013574218749994, -77.5619140625 25.030029296875, -77.52734375 25.057666015625003)), ((-77.806298828125 23.883544921875, -77.85224609375 24.04038085937499, -77.9140625 24.09091796874999, -77.99990234375 24.21982421874999, -77.95004882812499 24.253076171874994, -77.88359374999999 24.241992187500003, -77.849560546875 24.257519531249997, -77.75742187499999 24.269921874999994, -77.70146484374999 24.287548828124997, -77.65771484375 24.249462890624997, -77.65615234375 24.2265625, -77.7552734375 24.163476562499994, -77.683251953125 24.118457031250003, -77.615380859375 24.216357421875003, -77.5615234375 24.13681640624999, -77.53203124999999 23.98764648437499, -77.53681640625 23.961669921875, -77.52133789062499 23.910839843749997, -77.51875 23.869433593750003, -77.57373046875 23.739160156249994, -77.77128906249999 23.75253906249999, -77.77578125 23.862353515625003, -77.806298828125 23.883544921875)), ((-78.536767578125 63.423730468749994, -78.50732421875 63.451123046875, -78.41728515624999 63.469970703125, -78.23491210937499 63.48955078125, -77.93393554687499 63.478955078125, -77.876708984375 63.470556640625, -77.79208984374999 63.42783203125, -77.70371093749999 63.430859375, -77.65478515625 63.39599609375, -77.5384765625 63.287060546875, -77.527294921875 63.268945312499994, -77.53271484375 63.233642578125, -77.593896484375 63.188427734375, -77.657666015625 63.164599609375, -77.791455078125 63.12958984375, -77.94243164062499 63.114404296874994, -78.0244140625 63.1388671875, -78.25595703124999 63.23984375, -78.46875 63.35791015625, -78.536767578125 63.423730468749994)), ((-77.95791015625 63.976025390625, -77.965966796875 63.992919921875, -77.93134765625 64.014794921875, -77.71079101562499 64.03564453125, -77.61728515624999 64.03720703125, -77.56938476562499 64.030419921875, -77.563623046875 64.0220703125, -77.64208984375 63.99189453125, -77.7140625 63.945703124999994, -77.92880859374999 63.96201171875, -77.95791015625 63.976025390625)), ((-77.783642578125 21.970410156249997, -77.89999999999999 22.037158203125003, -77.91855468749999 22.088085937499997, -77.854736328125 22.091943359374994, -77.7744140625 22.082958984374997, -77.63369140625 22.054003906250003, -77.64599609375 21.996484374999994, -77.66899414062499 21.951953125000003, -77.71005859374999 21.921337890624997, -77.755029296875 21.965576171875, -77.783642578125 21.970410156249997)), ((-78.36650390624999 24.544189453125, -78.435302734375 24.627587890624994, -78.33891601562499 24.642041015624997, -78.318994140625 24.590234374999994, -78.24272460937499 24.65380859375, -78.26005859374999 24.687304687500003, -78.273828125 24.691601562499997, -78.298828125 24.75390625, -78.18408203125 24.91708984374999, -78.159326171875 25.022363281249994, -78.211376953125 25.19125976562499, -78.16279296875 25.202343749999997, -78.03330078124999 25.143115234375003, -77.97529296875 25.08481445312499, -77.973388671875 25.004785156249994, -77.9189453125 24.942822265624997, -77.84013671874999 24.794384765624997, -77.74384765625 24.707421874999994, -77.746044921875 24.586328124999994, -77.735107421875 24.495751953124994, -77.74521484374999 24.46347656249999, -77.85341796875 24.40292968749999, -77.88120117187499 24.369091796874997, -77.98320312499999 24.3349609375, -78.044921875 24.28745117187499, -78.075830078125 24.364648437499994, -78.1357421875 24.412353515625, -78.14580078124999 24.493457031250003, -78.1916015625 24.466064453125, -78.25761718749999 24.48276367187499, -78.36650390624999 24.544189453125)), ((-78.0119140625 22.166406249999994, -78.041650390625 22.20126953124999, -78.00668945312499 22.247998046874997, -77.99921875 22.298730468749994, -77.98564453124999 22.30209960937499, -77.96958007812499 22.240673828124997, -77.89365234374999 22.214550781249997, -77.84248046875 22.148974609375003, -77.87939453125 22.12753906249999, -77.912353515625 22.124707031249997, -78.0119140625 22.166406249999994)), ((-78.935791015625 26.6734375, -78.798046875 26.582421874999994, -78.71249999999999 26.599023437499994, -78.633251953125 26.6591796875, -78.62114257812499 26.704638671874996, -78.632958984375 26.726171875, -78.597119140625 26.79794921875, -78.49287109375 26.729052734374996, -78.371728515625 26.697949218749997, -78.3068359375 26.702197265624996, -78.26791992187499 26.72265625, -78.08867187499999 26.714306640624997, -77.94394531249999 26.74423828125, -77.92246093749999 26.691113281249997, -77.92612304687499 26.663378906249996, -78.23388671875 26.637353515624994, -78.51621093749999 26.559374999999996, -78.67094726562499 26.506542968749997, -78.74365234375 26.500683593749997, -78.79921875 26.528466796874994, -78.98564453124999 26.689501953124996, -78.935791015625 26.6734375)), ((-78.344189453125 69.6748046875, -78.29550781249999 69.667138671875, -78.267333984375 69.687158203125, -78.262451171875 69.716845703125, -78.20073242187499 69.739501953125, -78.14521484375 69.739208984375, -78.02910156249999 69.714892578125, -77.97783203124999 69.664892578125, -77.969140625 69.63896484375, -78.039990234375 69.6083984375, -78.30722656249999 69.551806640625, -78.47006835937499 69.5025390625, -78.552392578125 69.491552734375, -78.662060546875 69.50263671875, -78.7953125 69.479736328125, -78.84819335937499 69.4828125, -78.789306640625 69.52314453125, -78.578564453125 69.638818359375, -78.40185546875 69.650634765625, -78.344189453125 69.6748046875)), ((-78.18002929687499 22.321972656249997, -78.22612304687499 22.37998046874999, -78.27001953125 22.402246093749994, -78.27353515624999 22.423583984375, -78.20097656249999 22.437646484374994, -78.1505859375 22.43149414062499, -78.094140625 22.38720703125, -78.061669921875 22.305908203125, -78.027099609375 22.28515625, -78.047509765625 22.268505859374997, -78.10166015624999 22.30576171874999, -78.18002929687499 22.321972656249997)), ((-78.66201171875 69.262353515625, -78.65019531249999 69.2751953125, -78.68906249999999 69.299755859375, -78.68906249999999 69.32509765625, -78.65019531249999 69.351220703125, -78.5966796875 69.37060546875, -78.45791015625 69.389501953125, -78.33256835937499 69.38603515625, -78.30048828125 69.3787109375, -78.2724609375 69.36123046875, -78.228955078125 69.30400390625, -78.28701171875 69.2626953125, -78.43896484375 69.199169921875, -78.53291015625 69.146044921875, -78.5517578125 69.128662109375, -78.560302734375 69.10625, -78.595654296875 69.079052734375, -78.70537109374999 69.013671875, -78.77919921875 68.95048828125, -78.852685546875 68.915673828125, -79.05361328125 68.88291015625, -79.21064453125 68.845458984375, -79.279736328125 68.838720703125, -79.36137695312499 68.857666015625, -79.39047851562499 68.890185546875, -79.40576171875 68.923046875, -79.39116210937499 68.93994140625, -79.354736328125 68.955908203125, -79.30522460937499 68.992333984375, -79.24267578125 69.049267578125, -79.144970703125 69.087451171875, -78.93046874999999 69.122900390625, -78.89999999999999 69.135400390625, -78.8041015625 69.235107421875, -78.77182617187499 69.252197265625, -78.66201171875 69.262353515625)), ((-78.27885742187499 60.78388671875, -78.3724609375 60.756396484375, -78.531640625 60.728564453125, -78.668896484375 60.71689453125, -78.669091796875 60.731347656249994, -78.61201171875 60.772314453125, -78.399560546875 60.80810546875, -78.24169921875 60.81865234375, -78.27885742187499 60.78388671875)), ((-78.49287109375 22.531054687500003, -78.399560546875 22.54746093749999, -78.351220703125 22.538623046875003, -78.28388671875 22.455468749999994, -78.38994140624999 22.445117187500003, -78.424560546875 22.460107421874994, -78.54765624999999 22.464013671874994, -78.67363281249999 22.508837890625003, -78.6955078125 22.533984375000003, -78.630126953125 22.55224609375, -78.49287109375 22.531054687500003)), ((-78.761376953125 56.17451171875, -78.82651367187499 56.145312499999996, -78.87729492187499 56.1314453125, -78.913818359375 56.1328125, -78.90703124999999 56.166357421875, -78.856884765625 56.232080078125, -78.82841796874999 56.289843749999996, -78.82158203124999 56.339648437499996, -78.79941406249999 56.38330078125, -78.761865234375 56.420703124999996, -78.72451171875 56.439208984375, -78.66874999999999 56.438623046875, -78.657177734375 56.3173828125, -78.672802734375 56.260498046875, -78.71015625 56.212890625, -78.761376953125 56.17451171875)), ((-78.952587890625 68.35302734375, -78.86870117187499 68.310302734375, -78.828515625 68.2681640625, -78.98271484374999 68.192822265625, -79.06406249999999 68.181787109375, -79.1740234375 68.2349609375, -79.174755859375 68.264453125, -79.153466796875 68.33525390625, -78.952587890625 68.35302734375)), ((-78.957421875 8.3505859375, -78.960595703125 8.435839843749989, -78.916015625 8.458251953125, -78.883251953125 8.460253906249989, -78.85615234375 8.4482421875, -78.83916015624999 8.347900390625, -78.85322265625 8.302441406249997, -78.89833984375 8.274267578124991, -78.918115234375 8.23193359375, -78.96494140624999 8.326269531249991, -78.957421875 8.3505859375)), ((-79.056640625 75.98515625, -79.06308593749999 75.92587890625, -79.0517578125 75.8669921875, -79.1244140625 75.869677734375, -79.3556640625 75.83115234375, -79.54453124999999 75.825634765625, -79.63876953124999 75.842919921875, -79.69873046875 75.883251953125, -79.55126953125 75.958349609375, -79.381787109375 76.01083984375, -79.17832031249999 76.0923828125, -79.00932617187499 76.1458984375, -78.92587890624999 76.13466796875, -78.845166015625 76.106298828125, -78.946435546875 76.025439453125, -79.056640625 75.98515625)), ((-79.4951171875 55.874755859375, -79.605712890625 55.87568359375, -79.76474609374999 55.806787109375, -79.4974609375 56.0931640625, -79.49467773437499 56.114990234375, -79.54472656249999 56.128369140625, -79.56455078124999 56.120947265625, -79.78110351562499 55.940576171875, -79.90458984374999 55.871044921875, -79.9875 55.892138671874996, -80.008251953125 55.91103515625, -80.00078124999999 55.932080078125, -79.7900390625 56.11416015625, -79.596337890625 56.244482421875, -79.515283203125 56.326513671875, -79.482373046875 56.40380859375, -79.467919921875 56.4603515625, -79.4689453125 56.522607421875, -79.45888671875 56.53974609375, -79.44765625 56.536572265625, -79.435302734375 56.513037109375, -79.43203125 56.4474609375, -79.47626953125 56.312841796875, -79.51181640624999 56.24658203125, -79.55419921875 56.1919921875, -79.536328125 56.180078125, -79.45830078124999 56.211083984375, -79.39262695312499 56.27646484375, -79.33935546875 56.376318359375, -79.305322265625 56.4630859375, -79.272412109375 56.600439453125, -79.2611328125 56.595654296875, -79.245751953125 56.56826171875, -79.21044921875 56.54892578125, -79.15517578125 56.53759765625, -79.12353515625 56.519970703125, -79.100244140625 56.473925781249996, -79.07773437499999 56.45361328125, -78.99497070312499 56.43642578125, -78.96318359374999 56.421728515625, -78.94033203125 56.371435546875, -78.94243164062499 56.344921875, -78.93120117187499 56.327929687499996, -78.906640625 56.32041015625, -78.93559570312499 56.266064453125, -79.01796875 56.164990234375, -79.08388671875 56.06787109375, -79.17548828125 55.885058593749996, -79.22783203124999 55.878515625, -79.2736328125 55.9224609375, -79.14228515625 56.13642578125, -79.13608398437499 56.16025390625, -79.14228515625 56.180712890624996, -79.18212890625 56.212158203125, -79.221826171875 56.1759765625, -79.407421875 55.934863281249996, -79.4951171875 55.874755859375)), ((-79.08530273437499 8.295800781249994, -79.0654296875 8.254199218749989, -79.1103515625 8.209814453124991, -79.12753906249999 8.251855468749994, -79.09628906249999 8.29541015625, -79.08530273437499 8.295800781249994)), ((-79.596875 51.97802734375, -79.64375 52.010058593749996, -79.33486328125 52.09814453125, -79.27128906249999 52.08681640625, -79.27021484375 52.071093749999996, -79.3166015625 52.02392578125, -79.32895507812499 51.99228515625, -79.351513671875 51.968310546874996, -79.38427734375 51.951953124999996, -79.42558593749999 51.944873046874996, -79.52060546874999 51.952929687499996, -79.596875 51.97802734375)), ((-79.763330078125 61.595947265625, -79.81611328125 61.594628906249994, -79.89633789062499 61.630126953125, -80.004150390625 61.702539062499994, -80.0919921875 61.746826171875, -80.20493164062499 61.777246093749994, -80.26518554687499 61.818212890625, -80.27617187499999 61.85859375, -80.27509765625 62.054638671875, -80.26005859374999 62.109033203124994, -80.23466796874999 62.152685546875, -80.17856445312499 62.212792968749994, -80.02158203124999 62.34296875, -79.9267578125 62.39287109375, -79.86806640625 62.404345703125, -79.712548828125 62.39501953125, -79.649560546875 62.398291015625, -79.59765625 62.413232421874994, -79.5453125 62.41171875, -79.4662109375 62.384521484375, -79.33603515624999 62.293701171875, -79.28647460937499 62.24765625, -79.27202148437499 62.185986328125, -79.30644531249999 62.103515625, -79.32392578125 62.02607421875, -79.372265625 61.9677734375, -79.462158203125 61.894091796875, -79.54184570312499 61.808007812499994, -79.611328125 61.709619140624994, -79.66874999999999 61.644433593749994, -79.7142578125 61.612548828125, -79.763330078125 61.595947265625)), ((-80.76509258886382 -2, -80.763134765625 -1.8229492187500114, -80.83500976562499 -1.6324218750000057, -80.801416015625 -1.3833984375000057, -80.82001953125 -1.2858398437500114, -80.90239257812499 -1.0789062500000028, -80.84140624999999 -0.9747070312500057, -80.623681640625 -0.8987304687500028, -80.55390625 -0.8479492187500028, -80.505078125 -0.6837890625000114, -80.45546875 -0.58544921875, -80.3583984375 -0.6250976562500057, -80.282373046875 -0.6205078125000085, -80.384765625 -0.583984375, -80.46831054687499 -0.43603515625, -80.48227539062499 -0.3682617187500057, -80.3212890625 -0.1658203125000028, -80.23701171875 -0.1130859375000028, -80.13339843749999 -0.0060546875000114, -80.046142578125 0.1553710937499915, -80.02499999999999 0.41015625, -80.06103515625 0.59228515625, -80.08828125 0.7847656249999915, -80.03593749999999 0.8345703124999915, -79.903515625 0.8602050781249915, -79.795849609375 0.9222656249999943, -79.7412109375 0.9797851562499886, -79.61318359375 0.9711425781249972, -79.46538085937499 1.06005859375, -79.3 1.0912212680785047, -79.3 -2, -80.76509258886382 -2)), ((-79.57915039062499 22.80673828124999, -79.349560546875 22.66391601562499, -79.347900390625 22.6376953125, -79.52275390624999 22.711132812499997, -79.5978515625 22.787646484375003, -79.628173828125 22.805224609375003, -79.57915039062499 22.80673828124999)), ((-80.26865234374999 69.6, -80.29970703125 69.582861328125, -80.32958984375 69.586767578125, -80.3978515625 69.6326171875, -80.44804687499999 69.64970703125, -80.77822265625 69.677001953125, -80.79477539062499 69.6892578125, -80.7775390625 69.7103515625, -80.72661132812499 69.7404296875, -80.6525390625 69.7505859375, -80.46591796874999 69.737109375, -80.45068359375 69.744775390625, -80.43833007812499 69.78271484375, -80.42421875 69.797607421875, -80.294921875 69.793798828125, -80.21367187499999 69.801953125, -80.16884765625 69.782421875, -80.12460937499999 69.737255859375, -80.061767578125 69.7455078125, -79.970849609375 69.73896484375, -79.869580078125 69.755517578125, -79.71484375 69.795703125, -79.593994140625 69.810498046875, -79.4306640625 69.78779296875, -79.390283203125 69.730419921875, -79.364990234375 69.712353515625, -79.40244140624999 69.68515625, -79.55283203124999 69.630859375, -79.88168945312499 69.60869140625, -80.047509765625 69.634326171875, -79.971142578125 69.55634765625, -79.9544921875 69.523486328125, -79.97783203124999 69.50966796875, -80.046875 69.5138671875, -80.16147460937499 69.5359375, -80.22734374999999 69.56240234375, -80.24448242187499 69.5931640625, -80.26865234374999 69.6)), ((-93.42626953125 76.5271484375, -93.4845703125 76.492041015625, -93.5345703125 76.447705078125, -93.421875 76.47412109375, -92.995361328125 76.62041015625, -92.716259765625 76.602978515625, -92.297021484375 76.616015625, -91.789453125 76.67578125, -91.54843749999999 76.685107421875, -91.30502929687499 76.68076171875, -91.124267578125 76.6619140625, -90.738427734375 76.58134765625, -90.60478515624999 76.54296875, -90.554638671875 76.515771484375, -90.542626953125 76.495751953125, -90.62163085937499 76.464697265625, -91.398095703125 76.509765625, -91.44326171875 76.49853515625, -91.41508789062499 76.455859375, -91.33388671875 76.446484375, -90.85478515624999 76.4373046875, -89.28452148437499 76.301611328125, -89.21909179687499 76.258203125, -89.2365234375 76.239013671875, -89.40659179687499 76.18916015625, -90.31206054687499 76.1580078125, -90.82734375 76.185595703125, -91.260400390625 76.22998046875, -91.40732421874999 76.220068359375, -91.279443359375 76.159912109375, -91.019775390625 76.141552734375, -90.802392578125 76.10595703125, -90.712109375 76.076171875, -90.2513671875 76.053466796875, -90.03276367187499 75.9708984375, -89.912548828125 75.96630859375, -89.793408203125 75.924853515625, -89.6953125 75.85361328125, -89.650048828125 75.844091796875, -89.51123046875 75.85693359375, -89.277587890625 75.795068359375, -89.20488281249999 75.76201171875, -89.204541015625 75.737255859375, -89.25664062499999 75.698486328125, -89.36123046875 75.64580078125, -89.625439453125 75.583740234375, -89.64604492187499 75.5650390625, -89.3373046875 75.57236328125, -89.280419921875 75.564111328125, -88.91669921875 75.453955078125, -88.86884765625 75.451953125, -88.83891601562499 75.4634765625, -88.8041015625 75.502490234375, -88.81962890624999 75.53857421875, -88.86406249999999 75.588623046875, -88.85214843749999 75.62490234375, -88.783935546875 75.6474609375, -88.71489257812499 75.658642578125, -88.644970703125 75.658447265625, -88.56904296875 75.6451171875, -88.201318359375 75.51201171875, -87.729736328125 75.575634765625, -87.64365234374999 75.5470703125, -87.572412109375 75.49365234375, -87.53911132812499 75.48486328125, -87.3646484375 75.59130859375, -87.25693359374999 75.617724609375, -86.814453125 75.491357421875, -86.54472656249999 75.46337890625, -86.4365234375 75.436279296875, -86.236328125 75.40634765625, -85.95146484374999 75.39501953125, -85.904541015625 75.441943359375, -86.06875 75.50224609375, -85.97299804687499 75.5287109375, -85.58125 75.57978515625, -85.372314453125 75.572607421875, -84.986767578125 75.644921875, -84.6048828125 75.653466796875, -84.12763671875 75.762646484375, -84.01425781249999 75.779931640625, -83.93198242187499 75.8189453125, -83.744580078125 75.812841796875, -83.23710937499999 75.750830078125, -83.093408203125 75.7564453125, -82.553466796875 75.81826171875, -82.35385742187499 75.833349609375, -82.15366210937499 75.8310546875, -81.64736328125 75.794921875, -81.2685546875 75.756005859375, -81.15078125 75.735546875, -81.19267578124999 75.684375, -81.17353515625 75.66923828125, -81.1244140625 75.658154296875, -81.00078124999999 75.643115234375, -80.527734375 75.642138671875, -80.32197265625 75.6291015625, -80.158349609375 75.58115234375, -80.11918945312499 75.562060546875, -80.125732421875 75.542138671875, -80.28662109375 75.490380859375, -80.26044921875 75.479443359375, -80.099609375 75.467431640625, -79.7376953125 75.461474609375, -79.66020507812499 75.44951171875, -79.58574218749999 75.38486328125, -79.5078125 75.295361328125, -79.50908203124999 75.259814453125, -79.634423828125 75.19931640625, -79.97714843749999 75.118603515625, -80.357568359375 75.0515625, -80.381982421875 75.0341796875, -80.26064453125 75.0021484375, -80.13525390625 74.9880859375, -80.03642578124999 74.99091796875, -79.73300781249999 75.021435546875, -79.6640625 75.020849609375, -79.5248046875 74.989697265625, -79.460400390625 74.9587890625, -79.40141601562499 74.917626953125, -79.507958984375 74.880126953125, -79.944482421875 74.833642578125, -80.20244140624999 74.89482421875, -80.289208984375 74.90830078125, -80.34775390624999 74.902978515625, -80.31455078124999 74.876171875, -80.18974609374999 74.827685546875, -80.14892578125 74.795703125, -80.19223632812499 74.78017578125, -80.21269531249999 74.749462890625, -80.21025390624999 74.70361328125, -80.22060546875 74.65703125, -80.26274414062499 74.58447265625, -80.277734375 74.581591796875, -81.226220703125 74.566650390625, -81.340478515625 74.553515625, -81.607177734375 74.50234375, -81.808837890625 74.476611328125, -81.940185546875 74.472705078125, -82.068505859375 74.482080078125, -82.41474609375 74.535205078125, -82.64541015625 74.5251953125, -82.735791015625 74.5302734375, -82.9310546875 74.565576171875, -82.97841796875 74.583447265625, -83.0576171875 74.62978515625, -83.11699218749999 74.693115234375, -83.1123046875 74.73212890625, -83.0873046875 74.78837890625, -83.10263671874999 74.816552734375, -83.15830078124999 74.816748046875, -83.22031249999999 74.82841796875, -83.40703124999999 74.884814453125, -83.52207031249999 74.90146484375, -83.54355468749999 74.89228515625, -83.509765625 74.848193359375, -83.4873046875 74.834130859375, -83.364208984375 74.801904296875, -83.34130859375 74.764599609375, -83.393701171875 74.670166015625, -83.531884765625 74.585693359375, -83.62187499999999 74.56591796875, -83.86806640625 74.564404296875, -84.24516601562499 74.515185546875, -84.425537109375 74.50810546875, -84.66708984374999 74.519580078125, -84.81826171875 74.5419921875, -84.91630859374999 74.56767578125, -85.01152343749999 74.60419921875, -85.06142578125 74.60693359375, -85.08676757812499 74.527685546875, -85.133447265625 74.517431640625, -85.214306640625 74.51865234375, -85.3392578125 74.543310546875, -85.442333984375 74.6005859375, -85.47441406249999 74.600341796875, -85.488671875 74.5669921875, -85.51171875 74.5451171875, -85.54350585937499 74.534765625, -85.8080078125 74.498974609375, -85.95561523437499 74.498779296875, -86.10986328125 74.53974609375, -86.2109375 74.535595703125, -86.340576171875 74.5134765625, -86.655419921875 74.555419921875, -86.73076171874999 74.55703125, -86.66611328124999 74.489111328125, -86.770166015625 74.47861328125, -86.99472656249999 74.480322265625, -87.36376953125 74.502197265625, -87.59257812499999 74.470361328125, -88.005859375 74.48935546875, -88.423046875 74.494140625, -88.500732421875 74.509716796875, -88.5556640625 74.541455078125, -88.557861328125 74.5697265625, -88.53764648437499 74.6087890625, -88.47661132812499 74.66689453125, -88.37470703125 74.744140625, -88.33955078125 74.78486328125, -88.43144531249999 74.8037109375, -88.48818359375 74.82890625, -88.53496093749999 74.83173828125, -88.68203125 74.802001953125, -88.77783203125 74.715185546875, -88.85107421875 74.689990234375, -88.88339843749999 74.711083984375, -88.90781249999999 74.763818359375, -88.94013671875 74.789501953125, -88.98037109375 74.7880859375, -89.01962890624999 74.7740234375, -89.057861328125 74.747265625, -89.11528320312499 74.73759765625, -89.19194335937499 74.744873046875, -89.219140625 74.731787109375, -89.19682617187499 74.6982421875, -89.18906249999999 74.666845703125, -89.19580078125 74.637548828125, -89.261865234375 74.6091796875, -89.44999999999999 74.567919921875, -89.55869140624999 74.554736328125, -89.844384765625 74.548583984375, -90.01533203125 74.560888671875, -90.36162109374999 74.61044921875, -90.55327148437499 74.612744140625, -90.78408203125 74.6958984375, -90.966796875 74.715087890625, -90.95751953125 74.745166015625, -90.87763671875 74.80107421875, -90.88022460937499 74.8177734375, -91.1298828125 74.736279296875, -91.163720703125 74.71025390625, -91.13457031249999 74.649853515625, -91.167724609375 74.6455078125, -91.33945312499999 74.667236328125, -91.50834960937499 74.65068359375, -91.54912109374999 74.65556640625, -91.665771484375 74.699169921875, -91.871044921875 74.743505859375, -91.961572265625 74.793212890625, -92.1025390625 74.948388671875, -92.17416992187499 75.05107421875, -92.165234375 75.072021484375, -92.060498046875 75.1009765625, -92.076318359375 75.12353515625, -92.20683593749999 75.18125, -92.34746093749999 75.22978515625, -92.38925781249999 75.263330078125, -92.42709960937499 75.34638671875, -92.427978515625 75.38271484375, -92.411083984375 75.40625, -92.33066406249999 75.479443359375, -92.11044921874999 75.61064453125, -92.080712890625 75.63447265625, -92.06884765625 75.65791015625, -92.09916992187499 75.727294921875, -92.141845703125 75.796826171875, -92.18510742187499 75.846533203125, -92.306591796875 75.91513671875, -92.47373046874999 75.986474609375, -92.70888671875 76.114453125, -92.88330078125 76.21396484375, -93.091748046875 76.35400390625, -93.19228515625 76.366015625, -93.30859375 76.359619140625, -93.5599609375 76.31142578125, -93.64443359375 76.288525390625, -93.665185546875 76.27314453125, -93.85234374999999 76.269677734375, -94.382568359375 76.28232421875, -94.5853515625 76.29716796875, -94.73671875 76.29326171875, -94.99663085937499 76.25771484375, -95.273876953125 76.264404296875, -95.447412109375 76.363037109375, -95.84165039062499 76.416162109375, -95.95927734374999 76.44599609375, -96.039697265625 76.48671875, -96.0130859375 76.513330078125, -95.78886718749999 76.53720703125, -95.695703125 76.563427734375, -95.65097656249999 76.58466796875, -95.873193359375 76.56640625, -95.971337890625 76.56962890625, -96.63969726562499 76.7029296875, -96.845654296875 76.726416015625, -96.88071289062499 76.738330078125, -96.89799804687499 76.75400390625, -96.89755859374999 76.773486328125, -96.87802734374999 76.802783203125, -96.67939453125 76.765771484375, -96.590283203125 76.763037109375, -96.451171875 76.774072265625, -96.4015625 76.797216796875, -96.43320312499999 76.810693359375, -96.66103515625 76.85517578125, -96.771142578125 76.888916015625, -96.81352539062499 76.9134765625, -96.76982421874999 76.9482421875, -96.75830078125 76.97177734375, -96.68510742187499 76.985009765625, -96.55009765624999 76.987939453125, -96.37729492187499 77.00458984375, -96.06123046875 77.050048828125, -95.84951171875 77.0662109375, -95.63823242187499 77.06376953125, -95.126416015625 77.017333984375, -94.61611328125 76.958349609375, -94.29497070312499 76.912451171875, -94.10795898437499 76.903759765625, -93.94804687499999 76.91708984375, -93.8109375 76.91416015625, -93.6083984375 76.873828125, -93.42075195312499 76.81220703125, -93.2765625 76.784326171875, -93.23002929687499 76.770263671875, -93.211865234375 76.7546875, -93.18925781249999 76.7080078125, -93.18999023437499 76.686376953125, -93.2005859375 76.669091796875, -93.263671875 76.62646484375, -93.31674804687499 76.573681640625, -93.42626953125 76.5271484375)), ((-79.496533203125 56.667285156249996, -79.553466796875 56.643847656249996, -79.577392578125 56.644921875, -79.550732421875 56.73349609375, -79.58173828125 56.76484375, -79.58354492187499 56.78095703125, -79.57011718749999 56.795703124999996, -79.552880859375 56.79873046875, -79.51123046875 56.771435546875, -79.49106445312499 56.74267578125, -79.482177734375 56.714404296874996, -79.4845703125 56.6865234375, -79.496533203125 56.667285156249996)), ((-79.97758789062499 56.20703125, -80.02861328124999 56.1994140625, -80.0888671875 56.2138671875, -80.05747070312499 56.287353515625, -80.005078125 56.317919921874996, -79.874462890625 56.348437499999996, -79.85214843749999 56.3671875, -79.81040039062499 56.376513671874996, -79.749169921875 56.376513671874996, -79.68100585937499 56.403955078125, -79.605859375 56.458837890625, -79.579736328125 56.466357421874996, -79.632568359375 56.386523437499996, -79.687939453125 56.326806640625, -79.97758789062499 56.20703125)), ((-79.73222656249999 57.50751953125, -79.77519531249999 57.514453124999996, -79.79204101562499 57.448583984375, -79.80844726562499 57.442431640624996, -79.83823242187499 57.4830078125, -79.81591796875 57.517724609375, -79.81914062499999 57.5416015625, -79.81083984374999 57.55927734375, -79.76787109374999 57.59873046875, -79.742578125 57.607958984374996, -79.726708984375 57.60458984375, -79.71347656249999 57.555029296875, -79.71650390625 57.51552734375, -79.73222656249999 57.50751953125)), ((-79.82666015625 56.843115234375, -79.83500976562499 56.816015625, -79.86699218749999 56.774560546875, -79.894482421875 56.757128906249996, -79.94365234374999 56.7767578125, -79.945703125 56.826904296875, -79.89814453125 56.865283203124996, -79.860546875 56.863525390625, -79.82666015625 56.843115234375)), ((-79.8986328125 59.853125, -79.949609375 59.809912109375, -80.064208984375 59.77080078125, -80.16708984374999 59.7638671875, -80.122216796875 59.823193359375, -80.083642578125 59.85185546875, -80.041162109375 59.870166015625, -79.95585937499999 59.876953125, -79.8986328125 59.853125)), ((-80.07402343749999 53.344287109374996, -80.04970703125 53.364453125, -79.974560546875 53.35224609375, -79.938232421875 53.304150390625, -79.93930664062499 53.274267578125, -80.0041015625 53.280078124999996, -80.03935546874999 53.297167968749996, -80.06787109375 53.324072265625, -80.07402343749999 53.344287109374996)), ((-80.25664062499999 59.679150390625, -80.2099609375 59.724609375, -80.167236328125 59.708886718749994, -80.183056640625 59.683496093749994, -80.24052734374999 59.644921874999994, -80.28525390624999 59.62412109375, -80.31723632812499 59.621044921875, -80.324658203125 59.633203124999994, -80.298974609375 59.674169921875, -80.25664062499999 59.679150390625)), ((-80.186767578125 27.27841796875, -80.17050781249999 27.204785156249997, -80.262451171875 27.3755859375, -80.37607421874999 27.643408203125, -80.4369140625 27.850537109374997, -80.395751953125 27.79453125, -80.35551757812499 27.678613281249994, -80.186767578125 27.27841796875)), ((-80.456005859375 25.149316406249994, -80.40366210937499 25.179345703124994, -80.354931640625 25.233642578125, -80.35126953125 25.29697265624999, -80.28046875 25.341259765624997, -80.257080078125 25.347607421874997, -80.3818359375 25.142285156249997, -80.58056640625 24.954248046874994, -80.558544921875 25.00131835937499, -80.48105468749999 25.101953124999994, -80.456005859375 25.149316406249994)), ((-83.40712890625 65.10390625, -83.22226562499999 64.96796875, -83.20097656249999 64.95966796875, -82.99057617187499 64.9041015625, -82.667626953125 64.780322265625, -82.58579101562499 64.7619140625, -82.2716796875 64.721142578125, -82.15888671875 64.690673828125, -82.05 64.644287109375, -81.92890625 64.559423828125, -81.78720703124999 64.4259765625, -81.67612304687499 64.212646484375, -81.6673828125 64.1705078125, -81.680908203125 64.145556640625, -81.720947265625 64.118896484375, -81.90263671874999 64.03125, -81.887109375 64.01640625, -81.71611328124999 64.021875, -81.33564453125 64.07578125, -81.10405273437499 64.037109375, -81.023583984375 64.0310546875, -81.005029296875 64.03330078125, -80.921142578125 64.10048828125, -80.82895507812499 64.08994140625, -80.694287109375 64.024755859375, -80.607568359375 63.972070312499994, -80.56884765625 63.93193359375, -80.57919921874999 63.909228515625, -80.66826171874999 63.90146484375, -80.4505859375 63.862939453124994, -80.26132812499999 63.801953125, -80.30205078124999 63.76220703125, -80.504052734375 63.673779296875, -80.71176757812499 63.59638671875, -80.953515625 63.4802734375, -81.0138671875 63.462548828124994, -81.04638671875 63.461572265624994, -81.1796875 63.483203125, -81.371728515625 63.5380859375, -81.963330078125 63.664453124999994, -82.14599609375 63.691162109375, -82.378125 63.706787109375, -82.41171874999999 63.7365234375, -82.46708984374999 63.926953125, -82.571484375 63.960693359375, -82.9296875 64.000439453125, -83.03388671875 64.0232421875, -83.03867187499999 64.06142578125, -83.01616210937499 64.127001953125, -83.06513671875 64.159033203125, -83.185546875 64.15751953125, -83.303955078125 64.143798828125, -83.4943359375 64.09921875, -83.58359374999999 64.05810546875, -83.61708984375 64.013427734375, -83.63798828124999 63.917822265625, -83.66162109375 63.872607421875, -83.728271484375 63.813378906249994, -84.022119140625 63.65986328125, -84.1416015625 63.613720703125, -84.26044921875 63.600488281249994, -84.3076171875 63.585791015625, -84.38749999999999 63.5291015625, -84.50620117187499 63.390039062499994, -84.55458984375 63.349999999999994, -84.63291015624999 63.309228515624994, -84.795556640625 63.246923828125, -84.96152343749999 63.197216796875, -85.23813476562499 63.139306640624994, -85.39262695312499 63.119677734375, -85.4955078125 63.139111328125, -85.56611328125 63.270898437499994, -85.71416015624999 63.657958984375, -85.738720703125 63.684130859375, -85.7689453125 63.700341796874994, -85.8046875 63.70654296875, -86.30156249999999 63.656787109375, -86.57568359375 63.6623046875, -86.846875 63.57529296875, -86.915234375 63.568994140624994, -87.0529296875 63.57177734375, -87.15190429687499 63.58564453125, -87.1771484375 63.595117187499994, -87.19384765625 63.6328125, -87.188916015625 63.672265624999994, -87.15439453124999 63.714892578125, -87.03193359375 63.830419921875, -86.93203125 63.90166015625, -86.88603515624999 63.923730468749994, -86.42172851562499 64.0515625, -86.30859375 64.09365234375, -86.252099609375 64.136865234375, -86.252197265625 64.18125, -86.274169921875 64.238037109375, -86.3544921875 64.376513671875, -86.37490234375 64.502978515625, -86.374267578125 64.5658203125, -86.34384765624999 64.662353515625, -86.22763671874999 64.896337890625, -86.18828124999999 65.010302734375, -86.114208984375 65.41728515625, -86.074609375 65.533837890625, -86.01708984375 65.640283203125, -85.961669921875 65.704248046875, -85.81396484375 65.83193359375, -85.69907226562499 65.883154296875, -85.5546875 65.91865234375, -85.52304687499999 65.91455078125, -85.4955078125 65.89970703125, -85.44243164062499 65.845556640625, -85.24111328125 65.7955078125, -85.176220703125 65.746875, -85.13037109375 65.692919921875, -85.10537109375 65.622705078125, -85.130322265625 65.59208984375, -85.226318359375 65.545751953125, -85.24277343749999 65.526220703125, -85.23994140625 65.510302734375, -85.0560546875 65.43740234375, -84.91962890625 65.261083984375, -84.88510742187499 65.248974609375, -84.84208984374999 65.255908203125, -84.77128906249999 65.3052734375, -84.6125 65.447314453125, -84.56791992187499 65.46064453125, -84.501123046875 65.458447265625, -84.26640624999999 65.367236328125, -84.17998046874999 65.31630859375, -84.13349609375 65.245458984375, -84.08486328125 65.217822265625, -83.90009765625 65.18125, -83.72255859375 65.168994140625, -83.49077148437499 65.131787109375, -83.40712890625 65.10390625)), ((-80.62568359375 24.941113281249997, -80.61459960937499 24.937939453124997, -80.63828124999999 24.90317382812499, -80.66513671874999 24.8984375, -80.62568359375 24.941113281249997)), ((-80.900390625 53.037158203124996, -80.76533203125 52.9232421875, -80.71044921875 52.831591796874996, -80.70952148437499 52.787402343749996, -80.731689453125 52.747265625, -80.80234374999999 52.733984375, -81.00986328124999 52.76064453125, -81.09658203125 52.7798828125, -81.35224609375 52.852001953125, -81.8390625 52.95791015625, -82.005029296875 53.010498046875, -82.0392578125 53.04990234375, -81.951123046875 53.1322265625, -81.9013671875 53.165576171874996, -81.847314453125 53.186279296875, -81.3353515625 53.224267578125, -81.13559570312499 53.205810546875, -80.900390625 53.037158203124996)), ((-80.84833984375 24.803662109374997, -80.79941406249999 24.84628906249999, -80.78520507812499 24.835253906250003, -80.786767578125 24.821044921875, -80.82939453124999 24.803662109374997, -80.84833984375 24.803662109374997)), ((-81.137353515625 24.710498046875003, -81.08525390624999 24.734179687500003, -80.93046874999999 24.759472656249997, -80.988916015625 24.72788085937499, -81.044189453125 24.716796875, -81.089990234375 24.693115234375, -81.137353515625 24.710498046875003)), ((-81.29648437499999 19.341357421875003, -81.284814453125 19.362548828125, -81.13046874999999 19.34677734374999, -81.10712890625 19.30517578125, -81.224609375 19.304101562499994, -81.3037109375 19.271874999999994, -81.40478515625 19.27841796874999, -81.419091796875 19.374755859375, -81.391015625 19.384912109374994, -81.36953125 19.348876953125, -81.33725585937499 19.329492187499994, -81.29648437499999 19.341357421875003)), ((-81.32231445312499 24.68505859375, -81.31982421875 24.667626953124994, -81.33481445312499 24.65048828124999, -81.36479492187499 24.629931640625003, -81.379052734375 24.636279296875003, -81.379052734375 24.666259765625, -81.42167968749999 24.732617187499997, -81.420068359375 24.75, -81.32231445312499 24.68505859375)), ((-81.450927734375 30.947412109374994, -81.41899414062499 30.971435546875, -81.46347656249999 30.727783203125, -81.48271484374999 30.8140625, -81.484619140625 30.897851562499994, -81.450927734375 30.947412109374994)), ((-81.631494140625 24.590039062499997, -81.579248046875 24.62939453125, -81.56230468749999 24.689160156249997, -81.531640625 24.642480468749994, -81.5322265625 24.614160156249994, -81.56669921874999 24.599902343750003, -81.631494140625 24.590039062499997)), ((-81.65810546875 7.327539062499994, -81.77011718749999 7.370361328125, -81.85205078125 7.453320312499997, -81.85693359375 7.5076660156249915, -81.812158203125 7.5923828124999915, -81.75229492187499 7.621630859374989, -81.728759765625 7.6211914062499915, -81.67143554687499 7.5234375, -81.71044921875 7.485546874999997, -81.6947265625 7.424999999999997, -81.613427734375 7.380175781249989, -81.603271484375 7.332812499999989, -81.65810546875 7.327539062499994)), ((-81.809228515625 24.54233398437499, -81.81142578125 24.557812499999997, -81.76767578124999 24.576708984375003, -81.738671875 24.575439453125, -81.73974609375 24.554492187500003, -81.809228515625 24.54233398437499)), ((-83.252392578125 62.232958984375, -83.37680664062499 62.238134765625, -83.698876953125 62.16025390625, -83.71440429687499 62.173583984375, -83.72861328124999 62.257177734375, -83.7609375 62.303515625, -83.90312499999999 62.402490234374994, -83.91240234374999 62.425537109375, -83.91049804687499 62.454150390625, -83.89926757812499 62.476464843749994, -83.73906249999999 62.56884765625, -83.376416015625 62.904931640624994, -83.289453125 62.92158203125, -83.11093749999999 62.884130859375, -83.02626953125 62.8720703125, -82.965771484375 62.873925781249994, -82.7064453125 62.94453125, -82.459716796875 62.936181640624994, -82.234765625 62.977441406249994, -82.047607421875 62.970556640625, -82.00048828125 62.95419921875, -81.96054687499999 62.926220703125, -81.94858398437499 62.884033203125, -81.96440429687499 62.82763671875, -81.990185546875 62.776318359375, -82.025830078125 62.730078125, -82.113720703125 62.652246093749994, -82.38803710937499 62.519140625, -82.490966796875 62.44658203125, -82.56826171875 62.403222656249994, -83.0158203125 62.209912109375, -83.07138671874999 62.200390625, -83.12968749999999 62.2041015625, -83.252392578125 62.232958984375)), ((-82.11606445312499 26.4609375, -82.03720703124999 26.45361328125, -82.07285156249999 26.427539062499996, -82.144970703125 26.446679687499994, -82.18437499999999 26.48095703125, -82.2013671875 26.548046874999997, -82.11606445312499 26.4609375)), ((-82.169140625 26.700732421874996, -82.12114257812499 26.66552734375, -82.08378906249999 26.55234375, -82.085205078125 26.493603515624997, -82.13559570312499 26.591992187499997, -82.169140625 26.700732421874996)), ((-82.259423828125 9.430273437499991, -82.23349609374999 9.380712890624991, -82.24443359374999 9.334082031249991, -82.321728515625 9.418115234374994, -82.259423828125 9.430273437499991)), ((-82.9912109375 21.94272460937499, -82.75576171875 21.90952148437499, -82.71455078125 21.890283203124994, -82.6818359375 21.82114257812499, -82.62939453125 21.766894531250003, -82.567822265625 21.621826171875, -82.561767578125 21.571679687499994, -82.65483398437499 21.51865234374999, -82.853173828125 21.443896484375003, -82.959619140625 21.441308593749994, -83.06728515625 21.469384765624994, -83.14150390625 21.531884765624994, -83.1837890625 21.593457031249997, -83.18022460937499 21.623046875, -83.112939453125 21.573681640624997, -83.0548828125 21.54941406249999, -83.0072265625 21.565576171874994, -82.973583984375 21.59228515625, -83.08251953125 21.791406249999994, -83.07773437499999 21.83349609375, -82.9912109375 21.94272460937499)), ((-82.93134765625 66.25732421875, -83.01083984374999 66.208447265625, -83.05986328124999 66.199267578125, -83.147900390625 66.234228515625, -83.21391601562499 66.27705078125, -83.232568359375 66.302978515625, -83.23784179687499 66.33154296875, -83.22226562499999 66.336474609375, -83.123486328125 66.2828125, -83.023876953125 66.270654296875, -82.94814453125 66.271923828125, -82.93134765625 66.25732421875)), ((-83.636376953125 65.69150390625, -83.64438476562499 65.678515625, -83.63066406249999 65.662353515625, -83.64951171874999 65.657763671875, -83.787548828125 65.668896484375, -83.809228515625 65.6783203125, -83.79819335937499 65.710009765625, -83.701904296875 65.756201171875, -83.7865234375 65.77041015625, -83.81357421874999 65.7875, -83.93896484375 65.758447265625, -84.00849609375 65.751513671875, -84.11826171874999 65.77177734375, -84.12993164062499 65.87744140625, -84.143212890625 65.915966796875, -84.19321289062499 65.942138671875, -84.22294921874999 65.969775390625, -84.2708984375 65.990625, -84.3701171875 66.01181640625, -84.4505859375 66.064404296875, -84.46738281249999 66.08828125, -84.45634765624999 66.10625, -84.407177734375 66.131005859375, -84.122265625 66.07783203125, -83.950390625 66.027490234375, -83.78696289062499 65.965771484375, -83.7013671875 65.9201171875, -83.69365234374999 65.890380859375, -83.71489257812499 65.8607421875, -83.76513671875 65.83115234375, -83.7259765625 65.796728515625, -83.59750976562499 65.757470703125, -83.46943359375 65.735205078125, -83.26318359375 65.723291015625, -83.23374023437499 65.7150390625, -83.23393554687499 65.69658203125, -83.263671875 65.667822265625, -83.332421875 65.6310546875, -83.38144531249999 65.62998046875, -83.49541015624999 65.65595703125, -83.537109375 65.669189453125, -83.583203125 65.6986328125, -83.60654296874999 65.7013671875, -83.636376953125 65.69150390625)), ((-84.93857421874999 66.008544921875, -84.88945312499999 65.9720703125, -84.86953125 65.94150390625, -84.75737304687499 65.858935546875, -84.69174804687499 65.7931640625, -84.60263671874999 65.657373046875, -84.60224609375 65.631494140625, -84.62626953124999 65.604052734375, -84.674755859375 65.575, -84.727001953125 65.563720703125, -84.78291015625 65.570068359375, -84.8302734375 65.598974609375, -84.86894531249999 65.650537109375, -84.93115234375 65.68916015625, -85.07197265625 65.737353515625, -85.096337890625 65.756201171875, -85.13627929687499 65.820849609375, -85.14404296875 65.8853515625, -85.17416992187499 65.94375, -85.17568359375 65.972412109375, -85.149609375 66.015380859375, -85.031396484375 66.02548828125, -84.93857421874999 66.008544921875)), ((-84.87700195312499 29.678662109374997, -84.81220703125 29.717626953125, -84.73715820312499 29.732421875, -84.90791015625 29.642626953124996, -85.008251953125 29.606640624999997, -85.11674804687499 29.6328125, -85.04931640625 29.63779296875, -85.00053710937499 29.627197265625, -84.87700195312499 29.678662109374997)), ((-89.5248046875 80.538818359375, -89.329052734375 80.53173828125, -89.235595703125 80.51064453125, -89.16689453125 80.479638671875, -89.13828124999999 80.457421875, -89.1341796875 80.440234375, -89.20439453124999 80.40693359375, -89.19658203124999 80.39404296875, -89.1546875 80.378515625, -89.14726562499999 80.3603515625, -89.21767578125 80.2892578125, -89.19833984374999 80.26318359375, -89.01923828125 80.198486328125, -88.85732421875 80.1662109375, -88.537548828125 80.13115234375, -88.329248046875 80.13369140625, -88.19990234375 80.111474609375, -88.19682617187499 80.1251953125, -88.25537109375 80.16650390625, -88.38076171875 80.2251953125, -88.6125 80.25537109375, -88.646240234375 80.28974609375, -88.66342773437499 80.348291015625, -88.64365234374999 80.386865234375, -88.5248046875 80.418017578125, -88.42436523437499 80.428076171875, -88.125244140625 80.4294921875, -87.96000976562499 80.415625, -87.675 80.372119140625, -87.6455078125 80.3484375, -87.6302734375 80.301611328125, -87.618359375 80.207470703125, -87.62548828125 80.18720703125, -87.869140625 80.13388671875, -87.922314453125 80.097705078125, -87.86069335937499 80.0875, -87.6513671875 80.079443359375, -87.328515625 80.046533203125, -87.20205078125 80.043212890625, -87.076171875 79.966943359375, -86.977197265625 79.89423828125, -87.04951171875 79.805419921875, -87.14423828125 79.662646484375, -87.22026367187499 79.629931640625, -87.295166015625 79.58017578125, -87.24287109375 79.571142578125, -86.925244140625 79.590966796875, -86.86103515625 79.597705078125, -86.648828125 79.646240234375, -86.33696289062499 79.6349609375, -86.23222656249999 79.622412109375, -86.18046874999999 79.605419921875, -86.08554687499999 79.551220703125, -86.00703125 79.479443359375, -85.948974609375 79.485986328125, -85.803857421875 79.573046875, -85.750927734375 79.59453125, -85.67861328125 79.615283203125, -85.6478515625 79.61142578125, -85.5013671875 79.530322265625, -85.17558593749999 79.387255859375, -85.06376953124999 79.328173828125, -85.042138671875 79.2845703125, -85.18134765625 79.233740234375, -85.28984374999999 79.208349609375, -86.09165039062499 79.1, -86.45053710937499 79.038671875, -86.62944335937499 78.99130859375, -86.72080078124999 78.97548828125, -86.9134765625 78.9828125, -86.957177734375 78.97490234375, -87.01645507812499 78.898681640625, -87.08037109374999 78.86611328125, -87.24638671874999 78.8134765625, -87.478759765625 78.7181640625, -87.6173828125 78.676318359375, -87.861474609375 78.7068359375, -87.922314453125 78.7513671875, -87.95625 78.851611328125, -87.96074218749999 78.893115234375, -87.95317382812499 78.9150390625, -87.922607421875 78.9505859375, -87.81674804687499 79.036328125, -87.82939453124999 79.0453125, -87.878369140625 79.03818359375, -88.040185546875 78.9953125, -88.10405273437499 78.972802734375, -88.163818359375 78.93349609375, -88.19023437499999 78.867431640625, -88.16660156249999 78.7455078125, -88.189697265625 78.69638671875, -88.25375976562499 78.67197265625, -88.22788085937499 78.65302734375, -88.03701171875 78.626953125, -88.003125 78.61552734375, -87.98198242187499 78.5947265625, -87.9736328125 78.56474609375, -87.982861328125 78.537060546875, -88.040234375 78.49443359375, -88.14755859374999 78.477099609375, -88.2845703125 78.496533203125, -88.58066406249999 78.601904296875, -88.70927734374999 78.59609375, -88.7416015625 78.584033203125, -88.71396484374999 78.546435546875, -88.623046875 78.462109375, -88.6064453125 78.3919921875, -88.648388671875 78.333740234375, -88.73295898437499 78.24169921875, -88.791015625 78.192431640625, -88.822412109375 78.185888671875, -88.96962890625 78.184423828125, -89.095703125 78.209228515625, -89.47001953124999 78.37021484375, -89.6552734375 78.4388671875, -89.926220703125 78.573046875, -89.995361328125 78.60068359375, -90.037109375 78.6068359375, -90.076318359375 78.549169921875, -90.00102539062499 78.49580078125, -89.757275390625 78.37021484375, -89.61166992187499 78.27890625, -89.5068359375 78.203271484375, -89.48984374999999 78.171923828125, -89.52568359374999 78.159619140625, -89.5794921875 78.1666015625, -89.651123046875 78.193017578125, -89.873046875 78.23759765625, -89.96518554687499 78.262451171875, -90.02543945312499 78.291259765625, -90.13608398437499 78.3130859375, -90.29721679687499 78.32802734375, -90.45903320312499 78.330908203125, -90.62158203125 78.321728515625, -90.65239257812499 78.30771484375, -90.469189453125 78.2685546875, -90.405419921875 78.2466796875, -90.35795898437499 78.21875, -90.32675781249999 78.184765625, -90.386962890625 78.16328125, -90.614404296875 78.149853515625, -90.918115234375 78.1583984375, -91.409619140625 78.18798828125, -91.899169921875 78.236865234375, -92.35126953125 78.312890625, -92.67827148437499 78.389111328125, -92.8076171875 78.429736328125, -92.84824218749999 78.460107421875, -92.7255859375 78.486669921875, -92.29672851562499 78.52080078125, -91.86689453125 78.54267578125, -91.9349609375 78.56171875, -92.71552734375 78.605029296875, -92.97250976562499 78.612939453125, -93.109375 78.6015625, -93.2666015625 78.60830078125, -93.38945312499999 78.64267578125, -93.55205078124999 78.7078125, -93.634423828125 78.750927734375, -93.62333984374999 78.7677734375, -93.56142578125 78.77734375, -93.20834960937499 78.769189453125, -93.15986328125 78.775634765625, -93.33647460937499 78.808056640625, -93.90224609375 78.872216796875, -94.11459960937499 78.92890625, -94.15361328124999 78.951025390625, -94.169677734375 78.972802734375, -94.16279296875 78.994189453125, -93.9501953125 79.03740234375, -93.293896484375 79.139501953125, -93.06845703124999 79.15537109375, -92.84160156249999 79.156396484375, -92.68364257812499 79.185791015625, -92.54721679687499 79.2826171875, -91.867578125 79.317431640625, -91.34365234375 79.360888671875, -91.29990234374999 79.372705078125, -91.692626953125 79.36474609375, -92.24794921875 79.3734375, -92.4845703125 79.4392578125, -92.6447265625 79.450439453125, -92.821923828125 79.44990234375, -93.02812499999999 79.429248046875, -93.380859375 79.3681640625, -93.550439453125 79.353955078125, -93.93315429687499 79.29072265625, -94.03984374999999 79.29521484375, -94.09335937499999 79.302734375, -94.109375 79.315087890625, -94.040283203125 79.35703125, -93.939697265625 79.385693359375, -93.96025390624999 79.3955078125, -94.110302734375 79.4015625, -94.284130859375 79.400439453125, -94.40488281249999 79.39052734375, -94.84604492187499 79.33505859375, -95.043701171875 79.2935546875, -95.103173828125 79.289892578125, -95.3166015625 79.354736328125, -95.65703124999999 79.390380859375, -95.73300781249999 79.418212890625, -95.66289062499999 79.52734375, -95.5634765625 79.549755859375, -95.30234374999999 79.56806640625, -94.519677734375 79.667138671875, -94.475537109375 79.686181640625, -94.40185546875 79.736328125, -94.58085937499999 79.725634765625, -94.973046875 79.677197265625, -95.29697265624999 79.653076171875, -95.552490234375 79.65322265625, -95.73935546874999 79.66015625, -95.85751953124999 79.673779296875, -95.999658203125 79.7046875, -96.46274414062499 79.847509765625, -96.5890625 79.916650390625, -96.60673828124999 79.977685546875, -96.63920898437499 80.024169921875, -96.77324218749999 80.135791015625, -95.781982421875 80.06640625, -95.39384765624999 80.053271484375, -94.6458984375 80.04873046875, -94.61083984375 80.055517578125, -94.5998046875 80.0736328125, -94.6126953125 80.102978515625, -94.60698242187499 80.1255859375, -94.58261718749999 80.14140625, -94.304443359375 80.181640625, -94.26259765625 80.194873046875, -94.59013671874999 80.201513671875, -95.1923828125 80.134375, -95.40507812499999 80.135009765625, -95.646240234375 80.23095703125, -95.90400390625 80.214111328125, -96.02568359374999 80.221728515625, -96.215087890625 80.2458984375, -96.30830078125 80.2669921875, -96.368408203125 80.29306640625, -96.39409179687499 80.3150390625, -96.38535156249999 80.332861328125, -96.334375 80.352783203125, -96.11215820312499 80.380419921875, -96.011865234375 80.383056640625, -95.74736328124999 80.365283203125, -95.549072265625 80.3666015625, -95.614453125 80.396240234375, -95.90107421875 80.470849609375, -96.151806640625 80.553466796875, -96.1328125 80.69140625, -95.926953125 80.720654296875, -95.713623046875 80.725439453125, -95.5052734375 80.690576171875, -95.225830078125 80.685791015625, -95.02573242187499 80.646435546875, -94.892578125 80.5708984375, -94.73447265624999 80.57236328125, -94.48540039062499 80.558056640625, -93.9279296875 80.5591796875, -94.0287109375 80.586181640625, -94.2021484375 80.609716796875, -94.59628906249999 80.640625, -94.7884765625 80.75126953125, -95.19584960937499 80.80830078125, -95.51474609374999 80.838134765625, -95.50927734375 80.863232421875, -95.269775390625 81.00078125, -94.98051757812499 81.049658203125, -94.51943359375 81.031201171875, -94.21630859375 81.057177734375, -93.82597656249999 81.105712890625, -93.44375 81.083251953125, -93.3451171875 81.0853515625, -93.28671874999999 81.10029296875, -93.23564453124999 81.128857421875, -93.23540039062499 81.155126953125, -93.28593749999999 81.179248046875, -93.40654296874999 81.20908203125, -93.89443359375 81.21328125, -94.1103515625 81.225, -94.19443359374999 81.24091796875, -94.23149414062499 81.289697265625, -94.23295898437499 81.31513671875, -94.2201171875 81.33076171875, -94.059716796875 81.34931640625, -93.6048828125 81.3505859375, -93.332763671875 81.364404296875, -93.03466796875 81.3462890625, -92.41259765625 81.278271484375, -92.21176757812499 81.243603515625, -91.99785156249999 81.185498046875, -91.88554687499999 81.132861328125, -91.75498046874999 81.04931640625, -91.2724609375 80.85009765625, -91.05390625 80.777685546875, -90.68291015624999 80.6876953125, -90.63671875 80.655322265625, -90.632470703125 80.64169921875, -90.643017578125 80.593701171875, -90.537255859375 80.575927734375, -90.21762695312499 80.5482421875, -89.86186523437499 80.4984375, -89.7978515625 80.50126953125, -89.673828125 80.53076171875, -89.5248046875 80.538818359375)), ((-85.84443359375 16.487744140624997, -85.87094726562499 16.46152343749999, -85.947216796875 16.403613281250003, -85.96098632812499 16.4296875, -85.92421875 16.483300781249994, -85.87822265624999 16.513964843750003, -85.83378906249999 16.510888671874994, -85.84443359375 16.487744140624997)), ((-86.419921875 16.378369140624997, -86.5802734375 16.300244140624997, -86.63041992187499 16.3017578125, -86.55693359374999 16.362109375000003, -86.43828124999999 16.413867187500003, -86.337841796875 16.439208984375, -86.255517578125 16.42822265625, -86.419921875 16.378369140624997)), ((-86.88486328124999 68.19052734375, -86.833984375 68.2296875, -86.702099609375 68.305615234375, -86.56992187499999 68.2876953125, -86.45195312499999 68.22548828125, -86.421142578125 68.183447265625, -86.430322265625 68.138720703125, -86.42001953124999 68.07392578125, -86.39033203125 67.988916015625, -86.38242187499999 67.927294921875, -86.396435546875 67.88896484375, -86.446923828125 67.8169921875, -86.546044921875 67.752197265625, -86.59555664062499 67.7359375, -86.63818359375 67.73486328125, -86.70595703125 67.750146484375, -86.861083984375 67.810498046875, -86.892529296875 67.836572265625, -86.90830078124999 67.867041015625, -86.908447265625 67.901953125, -86.89458007812499 67.9380859375, -86.8470703125 68.01025390625, -86.937744140625 68.067578125, -86.95981445312499 68.100244140625, -86.949169921875 68.118701171875, -86.898681640625 68.162890625, -86.88486328124999 68.19052734375)), ((-87.3232421875 70.080126953125, -87.32314453125 70.10224609375, -87.168115234375 70.12724609375, -87.10727539062499 70.1466796875, -86.913037109375 70.113232421875, -86.798779296875 70.1052734375, -86.69121093749999 70.1150390625, -86.612744140625 70.105712890625, -86.56337890625 70.07724609375, -86.530908203125 70.04765625, -86.51523437499999 70.017041015625, -86.55766601562499 69.9953125, -86.734326171875 69.976318359375, -86.854931640625 69.9857421875, -86.98398437499999 70.0111328125, -87.04379882812499 69.999853515625, -87.1908203125 70.0185546875, -87.263916015625 70.0439453125, -87.3232421875 70.080126953125)), ((-86.73906249999999 21.279980468749997, -86.714013671875 21.239306640625003, -86.6962890625 21.19101562499999, -86.713623046875 21.19677734375, -86.752880859375 21.27880859375, -86.73906249999999 21.279980468749997)), ((-86.92783203124999 20.551513671875, -86.828564453125 20.558789062499997, -86.76328124999999 20.579052734374997, -86.755029296875 20.5517578125, -86.8087890625 20.468457031249997, -86.9396484375 20.30332031249999, -86.99140625 20.272167968749997, -87.01943359375 20.38232421875, -86.977978515625 20.489794921875003, -86.92783203124999 20.551513671875)), ((-87.83251953125 17.50107421874999, -87.826416015625 17.546289062499994, -87.78862304687499 17.524218750000003, -87.79814453124999 17.47958984374999, -87.8529296875 17.4228515625, -87.92998046874999 17.283007812500003, -87.93486328124999 17.322949218749997, -87.90283203125 17.426464843749997, -87.85942382812499 17.462792968749994, -87.83251953125 17.50107421874999)), ((-87.9505859375 17.924951171874994, -87.99809570312499 17.90634765624999, -87.95903320312499 17.964013671874994, -87.9533203125 18.00107421874999, -87.89833984375 18.154931640624994, -87.85893554687499 18.154052734375, -87.84853515625 18.140380859375, -87.9505859375 17.924951171874994)), ((-88.159326171875 30.230908203124997, -88.28974609375 30.23291015625, -88.31625976562499 30.240429687499997, -88.263916015625 30.254736328125, -88.109375 30.273730468749996, -88.07133789062499 30.252343749999994, -88.159326171875 30.230908203124997)), ((-88.57065429687499 30.204785156249997, -88.7130859375 30.244921874999996, -88.7228515625 30.2642578125, -88.573974609375 30.229150390624994, -88.55810546875 30.21591796875, -88.57065429687499 30.204785156249997)), ((-88.82797851562499 29.928369140624994, -88.86689453125 30.05673828125, -88.82587890625 30.000390624999994, -88.81259765624999 29.933349609375, -88.82744140624999 29.80771484375, -88.8556640625 29.77587890625, -88.82797851562499 29.928369140624994)), ((-88.87265624999999 29.752978515624996, -88.889306640625 29.712597656249997, -88.943603515625 29.66025390625, -88.94111328125 29.680224609374996, -88.90117187499999 29.732617187499997, -88.87265624999999 29.752978515624996)), ((-89.31005859375 30.0787109375, -89.27646484374999 30.11083984375, -89.18466796874999 30.168652343749997, -89.210693359375 30.126220703125, -89.22397460937499 30.08408203125, -89.220458984375 30.03759765625, -89.26943359375 30.060742187499997, -89.3419921875 30.062841796875, -89.31005859375 30.0787109375)), ((-89.358349609375 -0.8260742187500085, -89.418896484375 -0.9110351562500085, -89.53662109375 -0.9523437500000114, -89.60263671874999 -0.9134765625000085, -89.60859375 -0.8885742187500085, -89.54345703125 -0.8268554687500114, -89.479931640625 -0.7933593750000085, -89.42314453124999 -0.7222656250000057, -89.31840820312499 -0.6800781250000085, -89.287841796875 -0.6898437500000085, -89.26743164062499 -0.70458984375, -89.25937499999999 -0.7284179687500085, -89.294873046875 -0.7859375000000028, -89.358349609375 -0.8260742187500085)), ((-90.42275390625 77.628369140625, -90.17192382812499 77.594677734375, -89.83896484374999 77.49140625, -89.719482421875 77.442138671875, -89.69418945312499 77.378125, -89.694580078125 77.33896484375, -89.71201171874999 77.310400390625, -89.74667968749999 77.292578125, -89.833251953125 77.267626953125, -90.0947265625 77.210400390625, -90.228271484375 77.212451171875, -90.99321289062499 77.3294921875, -91.14726562499999 77.3873046875, -91.17661132812499 77.42626953125, -91.18505859375 77.48154296875, -91.18266601562499 77.557177734375, -91.14946289062499 77.608056640625, -91.109130859375 77.625732421875, -91.01904296875 77.643896484375, -90.84257812499999 77.65498046875, -90.42275390625 77.628369140625)), ((-89.94877929687499 76.83623046875, -89.72529296875 76.763427734375, -89.69541015624999 76.741162109375, -89.69443359374999 76.71982421875, -89.708642578125 76.701171875, -89.787548828125 76.659619140625, -89.82211914062499 76.630615234375, -89.821923828125 76.602197265625, -89.80478515624999 76.561083984375, -89.77294921875 76.533935546875, -89.72636718749999 76.52080078125, -89.72646484375 76.507421875, -89.77329101562499 76.49384765625, -89.92412109374999 76.50087890625, -89.97412109375 76.487548828125, -90.05429687499999 76.4951171875, -90.16455078125 76.523583984375, -90.29350585937499 76.5794921875, -90.44096679687499 76.66279296875, -90.55624999999999 76.7345703125, -90.5625 76.754296875, -90.5248046875 76.787841796875, -90.40952148437499 76.81015625, -90.13632812499999 76.836962890625, -89.94877929687499 76.83623046875)), ((-90.177392578125 69.357080078125, -90.26728515625 69.272900390625, -90.29545898437499 69.2578125, -90.3302734375 69.252197265625, -90.36406249999999 69.26259765625, -90.46469726562499 69.3287109375, -90.49204101562499 69.369873046875, -90.45512695312499 69.390478515625, -90.37724609374999 69.4162109375, -90.32207031249999 69.4287109375, -90.25283203125 69.417919921875, -90.22856445312499 69.43603515625, -90.19980468749999 69.419091796875, -90.177392578125 69.357080078125)), ((-90.4697265625 -0.5173828125000028, -90.26938476562499 -0.4846679687500028, -90.185302734375 -0.5448242187500085, -90.19272460937499 -0.6587890625000057, -90.26108398437499 -0.7419921875000028, -90.3154296875 -0.7572265625000085, -90.33486328125 -0.7715820312500057, -90.387109375 -0.7733398437500085, -90.542138671875 -0.6764648437500114, -90.531689453125 -0.5814453125000085, -90.4697265625 -0.5173828125000028)), ((-90.46616210937499 73.753857421875, -90.565576171875 73.68642578125, -90.76455078125 73.580615234375, -90.93369140624999 73.527685546875, -90.97548828125 73.502294921875, -91.001953125 73.46708984375, -91.067626953125 73.41552734375, -91.24931640624999 73.30400390625, -91.297802734375 73.284912109375, -91.5537109375 73.236083984375, -91.466015625 73.214208984375, -91.425927734375 73.194873046875, -91.459619140625 73.145361328125, -91.62099609375 73.02587890625, -91.788330078125 72.915380859375, -91.90532226562499 72.84931640625, -92.117919921875 72.75380859375, -92.23491210937499 72.726806640625, -92.39194335937499 72.71845703125, -93.34062499999999 72.80185546875, -93.57866210937499 72.800537109375, -94.211328125 72.75693359375, -94.15170898437499 72.73564453125, -93.92001953124999 72.703369140625, -93.77055664062499 72.668212890625, -93.572265625 72.558642578125, -93.54648437499999 72.531298828125, -93.533935546875 72.499462890625, -93.54160156249999 72.43701171875, -93.55517578125 72.421142578125, -93.87060546875 72.25263671875, -93.97255859375 72.12998046875, -94.037548828125 72.028759765625, -94.14375 72.000830078125, -94.49716796874999 72.043603515625, -94.61123046875 72.042333984375, -95.00786132812499 72.01279296875, -95.19296874999999 72.02744140625, -95.16679687499999 72.180029296875, -95.19267578124999 72.344775390625, -95.25102539062499 72.501953125, -95.547607421875 72.78154296875, -95.580322265625 72.83115234375, -95.60214843749999 72.88447265625, -95.61318359375 72.9416015625, -95.5892578125 73.174169921875, -95.60410156249999 73.327734375, -95.64423828125 73.557470703125, -95.64799804687499 73.638525390625, -95.645263671875 73.67080078125, -95.63291015624999 73.695458984375, -95.56943359374999 73.728173828125, -95.447412109375 73.75166015625, -95.385986328125 73.755126953125, -94.99614257812499 73.6857421875, -94.816845703125 73.662548828125, -94.69760742187499 73.66357421875, -94.69101562499999 73.671435546875, -94.79716796874999 73.686083984375, -94.896923828125 73.716015625, -95.05947265625 73.805078125, -95.13413085937499 73.88125, -95.14902343749999 73.906396484375, -95.152587890625 73.932763671875, -95.144775390625 73.960302734375, -95.12119140624999 73.98505859375, -95.03984374999999 74.023876953125, -94.728955078125 74.085986328125, -94.482568359375 74.113134765625, -93.93881835937499 74.131591796875, -93.784619140625 74.118359375, -93.54921875 74.167138671875, -93.410302734375 74.178759765625, -93.170849609375 74.160986328125, -92.77802734375 74.113720703125, -92.58681640625 74.08271484375, -92.492822265625 74.062060546875, -92.3138671875 73.9923828125, -92.22270507812499 73.97236328125, -91.874169921875 74.01279296875, -91.63041992187499 74.027783203125, -91.08798828124999 74.00927734375, -90.62744140625 73.951708984375, -90.4580078125 73.9083984375, -90.35458984374999 73.86865234375, -90.38139648437499 73.824755859375, -90.46616210937499 73.753857421875)), ((-90.42392578124999 -1.3399414062500057, -90.46440429687499 -1.3419921875000114, -90.51953125 -1.2991210937500028, -90.477197265625 -1.2209960937500028, -90.39873046874999 -1.2623046875000057, -90.379150390625 -1.2922851562500028, -90.42392578124999 -1.3399414062500057)), ((-90.492578125 69.22109375, -90.5744140625 69.209423828125, -90.62578124999999 69.250927734375, -90.667431640625 69.25947265625, -90.68588867187499 69.287158203125, -90.77158203124999 69.292578125, -90.76567382812499 69.335986328125, -90.7423828125 69.35732421875, -90.66279296875 69.374169921875, -90.59970703124999 69.367822265625, -90.53984374999999 69.324609375, -90.51064453125 69.2904296875, -90.4853515625 69.246630859375, -90.492578125 69.22109375)), ((-90.66752929687499 -0.1898437500000085, -90.55332031249999 -0.2784179687500057, -90.57392578125 -0.333984375, -90.62045898437499 -0.3642578125, -90.809033203125 -0.3293945312500028, -90.86777343749999 -0.2713867187500085, -90.82036132812499 -0.1921875000000028, -90.78037109374999 -0.1604492187500028, -90.66752929687499 -0.1898437500000085)), ((-91.49541015624999 -0.8609375000000057, -91.45830078124999 -0.7995117187500114, -91.33408203124999 -0.7062500000000114, -91.144677734375 -0.6228515625000028, -91.12094726562499 -0.55908203125, -91.197021484375 -0.4969726562500085, -91.24951171875 -0.3736328125000057, -91.36918945312499 -0.2872070312500057, -91.428857421875 -0.0233886718750114, -91.468701171875 -0.0103027343750028, -91.55 -0.0466796875000028, -91.590087890625 -0.0147949218750085, -91.596826171875 0.0020996093749943, -91.5091796875 0.062255859375, -91.49101562499999 0.1051757812499972, -91.36137695312499 0.1258300781249915, -91.30576171874999 0.0914062499999915, -91.27216796875 0.025146484375, -91.21005859374999 -0.039306640625, -91.176220703125 -0.2230468750000085, -90.975537109375 -0.4168945312500085, -90.950634765625 -0.5251953125000028, -90.96845703125 -0.5755859375000085, -90.958935546875 -0.5953125000000057, -90.862548828125 -0.6717773437500085, -90.79965820312499 -0.7520507812500057, -90.905517578125 -0.9405273437500057, -91.1310546875 -1.0196289062500057, -91.371533203125 -1.0169921875000085, -91.41904296874999 -0.9966796875000057, -91.483544921875 -0.9246093750000028, -91.49541015624999 -0.8609375000000057)), ((-91.65415039062499 -0.3109375000000085, -91.6466796875 -0.2844726562500028, -91.46015625 -0.2556640625000028, -91.399365234375 -0.3224609375000114, -91.39995117187499 -0.4208984375, -91.4259765625 -0.4608398437500085, -91.5263671875 -0.4782226562500114, -91.6107421875 -0.4439453125000057, -91.64658203124999 -0.3908203125000114, -91.65415039062499 -0.3109375000000085)), ((-91.68369140624999 18.67734374999999, -91.796142578125 18.654199218749994, -91.81611328125 18.67587890624999, -91.589111328125 18.778027343749997, -91.55029296875 18.773681640625, -91.53671874999999 18.760009765625, -91.654248046875 18.711474609375003, -91.68369140624999 18.67734374999999)), ((-91.925048828125 29.643945312499994, -91.875244140625 29.640966796875, -91.76767578124999 29.584716796875, -91.754296875 29.56689453125, -91.7619140625 29.539013671874997, -91.793701171875 29.500732421875, -91.83085937499999 29.486474609374994, -91.996240234375 29.573095703125, -92.00664062499999 29.610302734374997, -91.925048828125 29.643945312499994)), ((-92.999951171875 61.86748046875, -93.0439453125 61.844091796875, -93.08481445312499 61.841699218749994, -93.17656249999999 61.892724609374994, -93.1966796875 61.9185546875, -93.07578124999999 61.935009765625, -92.99301757812499 61.889697265625, -92.999951171875 61.86748046875)), ((-93.836181640625 77.45224609375, -94.40898437499999 77.47421875, -95.987060546875 77.484130859375, -96.056103515625 77.503466796875, -96.2638671875 77.59453125, -96.276611328125 77.63056640625, -96.23916015625 77.67255859375, -96.194580078125 77.700537109375, -96.14296875 77.71435546875, -95.68393554687499 77.782275390625, -95.484375 77.7919921875, -95.233056640625 77.75380859375, -94.959912109375 77.774072265625, -94.66679687499999 77.776220703125, -94.01474609374999 77.759912109375, -93.58286132812499 77.770751953125, -93.47109375 77.764306640625, -93.3009765625 77.739794921875, -93.21074218749999 77.710205078125, -93.12871093749999 77.66015625, -93.33916015624999 77.6296875, -93.51958007812499 77.4744140625, -93.5439453125 77.466650390625, -93.740185546875 77.46455078125, -93.836181640625 77.45224609375)), ((-94.53452148437499 74.63671875, -94.697265625 74.6421875, -94.803857421875 74.660107421875, -95.286083984375 74.794091796875, -95.45122070312499 74.79736328125, -95.8654296875 74.830419921875, -96.09423828125 74.93251953125, -96.18173828124999 74.95078125, -96.27011718749999 74.9203125, -96.294189453125 74.927197265625, -96.3185546875 74.947705078125, -96.3431640625 74.98193359375, -96.38632812499999 74.999462890625, -96.55986328124999 74.990380859375, -96.59116210937499 75.00185546875, -96.599609375 75.031787109375, -96.596923828125 75.057861328125, -96.56577148437499 75.09873046875, -96.38286132812499 75.211376953125, -96.18037109375 75.240087890625, -96.118408203125 75.300927734375, -96.12490234375 75.35830078125, -95.95463867187499 75.443798828125, -95.67080078125 75.528662109375, -95.04951171875 75.621826171875, -94.878173828125 75.630029296875, -94.6486328125 75.623046875, -94.42724609375 75.593359375, -94.25668945312499 75.544091796875, -93.90908203125 75.422509765625, -93.75083007812499 75.3490234375, -93.66684570312499 75.27353515625, -93.5912109375 75.230224609375, -93.49755859375 75.136865234375, -93.53173828125 75.100341796875, -93.55180664062499 75.051171875, -93.54257812499999 75.0279296875, -93.478271484375 74.951953125, -93.46660156249999 74.921337890625, -93.46347656249999 74.856494140625, -93.490869140625 74.77197265625, -93.5091796875 74.756494140625, -93.53564453125 74.74931640625, -93.548291015625 74.7275390625, -93.54716796874999 74.691064453125, -93.57309570312499 74.66884765625, -93.9845703125 74.644189453125, -94.2060546875 74.647412109375, -94.53452148437499 74.63671875)), ((-94.498681640625 75.9921875, -94.47128906249999 75.971435546875, -94.443359375 75.91708984375, -94.41376953125 75.88486328125, -94.3322265625 75.8259765625, -94.2962890625 75.7880859375, -94.30400390624999 75.776318359375, -94.329541015625 75.76591796875, -94.5265625 75.74931640625, -94.62436523437499 75.748876953125, -94.75146484375 75.769677734375, -94.787353515625 75.79140625, -94.81474609374999 75.82119140625, -94.833642578125 75.858984375, -94.860107421875 75.889208984375, -94.89409179687499 75.911865234375, -94.90122070312499 75.93076171875, -94.88134765625 75.945947265625, -94.839794921875 75.954443359375, -94.74482421875 75.9572265625, -94.53789062499999 75.996435546875, -94.498681640625 75.9921875)), ((-94.87167968749999 29.29013671875, -94.82597656249999 29.34130859375, -94.76762695312499 29.339062499999997, -94.86494140625 29.252880859374997, -95.039697265625 29.145898437499994, -95.08964843749999 29.136328125, -94.87167968749999 29.29013671875)), ((-94.93427734375 78.075634765625, -95.08701171874999 77.992626953125, -95.19912109375 77.9681640625, -95.3705078125 77.97080078125, -95.4515625 77.963232421875, -95.67080078125 77.924462890625, -96.01157226562499 77.88740234375, -96.47685546874999 77.87216796875, -96.833984375 77.8119140625, -96.9896484375 77.806005859375, -97.040478515625 77.82744140625, -97.06381835937499 77.85908203125, -97.051953125 77.88095703125, -97.01909179687499 77.90810546875, -97.09331054687499 77.93349609375, -97.42666015625 77.982275390625, -97.620849609375 78.050244140625, -97.648388671875 78.071630859375, -97.658154296875 78.090625, -97.22661132812499 78.10322265625, -97.04091796875 78.116943359375, -96.95834960937499 78.139013671875, -96.94467773437499 78.15185546875, -97.02734375 78.157421875, -97.32304687499999 78.20322265625, -97.81904296875 78.230615234375, -97.842724609375 78.262353515625, -98.04951171875 78.325927734375, -98.069287109375 78.386328125, -98.11430664062499 78.40302734375, -98.25493164062499 78.429248046875, -98.27568359374999 78.437890625, -98.317333984375 78.47685546875, -98.32373046875 78.49814453125, -98.315625 78.51748046875, -98.06035156249999 78.558349609375, -98.09599609374999 78.586669921875, -98.28989257812499 78.6923828125, -98.3408203125 78.751220703125, -98.33261718749999 78.77353515625, -98.212109375 78.804541015625, -97.5958984375 78.79580078125, -97.38232421875 78.78291015625, -96.935791015625 78.720263671875, -96.587060546875 78.687109375, -96.475341796875 78.665185546875, -96.265283203125 78.595361328125, -96.242626953125 78.573193359375, -96.256494140625 78.551123046875, -96.2044921875 78.531298828125, -95.96845703125 78.505126953125, -95.56113281249999 78.5166015625, -95.41293945312499 78.49755859375, -95.031201171875 78.4302734375, -94.91538085937499 78.39052734375, -94.88774414062499 78.360498046875, -94.887158203125 78.34521484375, -95.0138671875 78.31259765625, -95.26787109374999 78.262646484375, -95.329248046875 78.225048828125, -95.102734375 78.178076171875, -94.98779296875 78.136279296875, -94.93603515625 78.106396484375, -94.93427734375 78.075634765625)), ((-95.8548828125 68.953564453125, -95.7513671875 68.89765625, -95.58549804687499 68.835107421875, -95.43754882812499 68.880615234375, -95.374169921875 68.892138671875, -95.31953125 68.873193359375, -95.2677734375 68.82607421875, -95.295166015625 68.805029296875, -95.35947265624999 68.778369140625, -95.465576171875 68.747265625, -95.614208984375 68.74501953125, -95.68564453124999 68.73583984375, -95.8021484375 68.686474609375, -95.89462890624999 68.62724609375, -96.02402343749999 68.607275390625, -96.26762695312499 68.50791015625, -96.4015625 68.470703125, -96.598828125 68.46083984375, -97.00839843749999 68.538671875, -97.263671875 68.527734375, -97.47202148437499 68.543701171875, -97.70478515625 68.625927734375, -97.88535156249999 68.6724609375, -98.23505859375 68.73935546875, -98.257958984375 68.749267578125, -98.27304687499999 68.771875, -98.28017578125 68.807177734375, -98.296044921875 68.83076171875, -98.320556640625 68.842724609375, -98.37558593749999 68.84169921875, -98.4318359375 68.818359375, -98.53964843749999 68.7982421875, -98.70380859375 68.802783203125, -98.77524414062499 68.816748046875, -98.82963867187499 68.838623046875, -98.859130859375 68.86435546875, -98.863720703125 68.893798828125, -98.878857421875 68.916455078125, -98.9044921875 68.932421875, -98.964013671875 68.932861328125, -99.057373046875 68.91767578125, -99.09384765624999 68.898876953125, -99.073388671875 68.8765625, -99.09062499999999 68.863330078125, -99.25400390624999 68.86318359375, -99.31796874999999 68.87626953125, -99.440869140625 68.91767578125, -99.49467773437499 68.9595703125, -99.56406249999999 69.034130859375, -99.557373046875 69.054296875, -99.51328124999999 69.099609375, -99.455712890625 69.131201171875, -99.08544921875 69.149755859375, -98.91220703124999 69.167578125, -98.7236328125 69.219140625, -98.50351562499999 69.30830078125, -98.45595703125 69.33466796875, -98.450390625 69.354052734375, -98.46660156249999 69.375, -98.5353515625 69.426318359375, -98.558544921875 69.46142578125, -98.53671874999999 69.47802734375, -98.448388671875 69.479541015625, -98.494873046875 69.499365234375, -98.534375 69.52744140625, -98.5482421875 69.544970703125, -98.54599609374999 69.572900390625, -98.475830078125 69.579052734375, -98.38935546875 69.5650390625, -98.222314453125 69.484521484375, -98.15576171875 69.46884765625, -98.04135742187499 69.456640625, -98.16298828125 69.51220703125, -98.288818359375 69.62900390625, -98.30449218749999 69.669287109375, -98.301220703125 69.69169921875, -98.268212890625 69.754443359375, -98.238671875 69.780029296875, -98.20048828124999 69.79697265625, -98.08076171875 69.833056640625, -97.88896484374999 69.858251953125, -97.79072265625 69.86162109375, -97.69121093749999 69.841259765625, -97.60434570312499 69.802197265625, -97.411376953125 69.7384765625, -97.382568359375 69.71240234375, -97.385693359375 69.700244140625, -97.46015625 69.68271484375, -97.46943359375 69.666796875, -97.439453125 69.64267578125, -97.408642578125 69.63076171875, -97.35068359374999 69.640869140625, -97.30576171874999 69.673486328125, -97.278466796875 69.679638671875, -97.236083984375 69.673486328125, -97.096337890625 69.614990234375, -96.98906249999999 69.55361328125, -96.8751953125 69.510009765625, -96.69453125 69.47109375, -96.299951171875 69.344384765625, -96.183740234375 69.25869140625, -96.060986328125 69.125439453125, -95.9513671875 69.02373046875, -95.8548828125 68.953564453125)), ((-95.35244140625 74.500390625, -95.77719726562499 74.550732421875, -95.834375 74.56904296875, -95.850732421875 74.582470703125, -95.7744140625 74.598681640625, -95.74560546875 74.615966796875, -95.66044921874999 74.6369140625, -95.510205078125 74.636767578125, -95.3525390625 74.585693359375, -95.27836914062499 74.53955078125, -95.27446289062499 74.519189453125, -95.306640625 74.505419921875, -95.35244140625 74.500390625)), ((-95.763623046875 69.559619140625, -95.80620117187499 69.560498046875, -95.8177734375 69.540576171875, -95.79833984375 69.4998046875, -95.81181640624999 69.447021484375, -95.85820312499999 69.3822265625, -95.89345703125 69.3517578125, -95.9560546875 69.367138671875, -95.98593749999999 69.39189453125, -95.9779296875 69.43271484375, -95.994775390625 69.469677734375, -95.97885742187499 69.508837890625, -95.93623046875 69.567041015625, -95.87583007812499 69.606005859375, -95.79775390625 69.625732421875, -95.70664062499999 69.62431640625, -95.513671875 69.5736328125, -95.38090820312499 69.506591796875, -95.382080078125 69.474072265625, -95.3994140625 69.419775390625, -95.437451171875 69.378466796875, -95.496240234375 69.35009765625, -95.578515625 69.33583984375, -95.68437499999999 69.335693359375, -95.730126953125 69.34755859375, -95.69589843749999 69.38955078125, -95.670166015625 69.402001953125, -95.66582031249999 69.43896484375, -95.6828125 69.50029296875, -95.7041015625 69.538037109375, -95.763623046875 69.559619140625)), ((-96.522900390625 75.583642578125, -96.427685546875 75.60634765625, -96.417236328125 75.630712890625, -96.39726562499999 75.646826171875, -96.367822265625 75.654638671875, -96.14541015625 75.613525390625, -96.03984374999999 75.585791015625, -95.95986328125 75.554345703125, -95.96860351562499 75.541845703125, -96.078564453125 75.510107421875, -96.156396484375 75.47724609375, -96.23662109374999 75.4748046875, -96.344482421875 75.50595703125, -96.46162109375 75.49423828125, -96.62197265625 75.431298828125, -96.67900390624999 75.394189453125, -96.7228515625 75.38076171875, -96.85712890625 75.369140625, -96.91513671874999 75.3796875, -96.96962890625 75.412646484375, -97.020654296875 75.46806640625, -96.9828125 75.509814453125, -96.85615234375 75.537939453125, -96.522900390625 75.583642578125)), ((-96.681640625 28.229687499999997, -96.51933593749999 28.333447265624997, -96.453125 28.340576171875, -96.41865234375 28.376318359375, -96.403564453125 28.381591796875, -96.413330078125 28.337792968749994, -96.543896484375 28.275585937499997, -96.764404296875 28.152587890625, -96.80112304687499 28.1484375, -96.755615234375 28.202441406249996, -96.681640625 28.229687499999997)), ((-97.01127929687499 73.70615234375, -96.99658203125 73.67490234375, -97.001708984375 73.66650390625, -97.09458007812499 73.61474609375, -97.156396484375 73.5921875, -97.2841796875 73.570751953125, -97.394775390625 73.564208984375, -97.48979492187499 73.526611328125, -97.59697265624999 73.53662109375, -97.62587890625 73.502294921875, -97.61459960937499 73.48134765625, -97.58583984375 73.471142578125, -97.53183593749999 73.473583984375, -97.4701171875 73.488232421875, -97.35029296875 73.48095703125, -97.287109375 73.458447265625, -97.23037109375 73.4212890625, -97.27250976562499 73.38681640625, -97.48408203125 73.339208984375, -97.7958984375 73.285302734375, -98.17583007812499 73.115771484375, -98.37558593749999 73.044677734375, -98.41684570312499 73.022509765625, -98.436962890625 73.000244140625, -98.430908203125 72.958056640625, -98.42177734375 72.941015625, -98.366650390625 72.934130859375, -98.180810546875 72.99306640625, -98.06103515625 73.0205078125, -97.939404296875 73.035595703125, -97.7248046875 73.036669921875, -97.63632812499999 73.02763671875, -97.47568359374999 72.99228515625, -97.328759765625 72.937841796875, -97.295849609375 72.918017578125, -97.30991210937499 72.89814453125, -97.37099609375 72.878125, -97.377685546875 72.86494140625, -97.23759765624999 72.837451171875, -97.0830078125 72.762841796875, -97.072900390625 72.717578125, -97.14047851562499 72.67275390625, -97.158935546875 72.6427734375, -97.128125 72.627587890625, -97.05180664062499 72.63681640625, -96.86904296875 72.68701171875, -96.6712890625 72.71318359375, -96.59208984374999 72.71025390625, -96.54208984374999 72.69873046875, -96.489208984375 72.6298828125, -96.44560546874999 72.55244140625, -96.44013671875 72.4873046875, -96.4728515625 72.434375, -96.51987304687499 72.393115234375, -96.63828124999999 72.342041015625, -96.7455078125 72.322607421875, -96.80146484375 72.322412109375, -96.7958984375 72.31376953125, -96.66874999999999 72.271240234375, -96.61557617187499 72.237255859375, -96.59287109374999 72.2044921875, -96.6005859375 72.1728515625, -96.618115234375 72.1458984375, -96.76630859375 72.045947265625, -96.75830078125 72.031689453125, -96.71728515625 72.025146484375, -96.62436523437499 71.967578125, -96.613427734375 71.833837890625, -96.946484375 71.79189453125, -97.024658203125 71.7607421875, -97.11669921875 71.71083984375, -97.22221679687499 71.673486328125, -97.46123046874999 71.634228515625, -97.582275390625 71.6296875, -98.18134765625 71.662451171875, -98.241943359375 71.681494140625, -98.28388671875 71.71552734375, -98.307080078125 71.764501953125, -98.31337890625 71.803076171875, -98.302685546875 71.831103515625, -98.305810546875 71.84755859375, -98.322705078125 71.85234375, -98.389306640625 71.824267578125, -98.45883789062499 71.773193359375, -98.42080078125 71.71650390625, -98.2314453125 71.558935546875, -98.1953125 71.4912109375, -98.19013671875 71.462451171875, -98.1986328125 71.440869140625, -98.4123046875 71.348828125, -98.53593749999999 71.317626953125, -98.66289062499999 71.302099609375, -98.783837890625 71.313671875, -98.89877929687499 71.35234375, -98.98623046875 71.369482421875, -99.167138671875 71.3671875, -99.2236328125 71.387109375, -99.27617187499999 71.42421875, -99.40366210937499 71.557177734375, -99.5814453125 71.6515625, -99.73471679687499 71.7572265625, -100.12412109374999 71.9115234375, -100.32568359375 72.003857421875, -100.594482421875 72.15234375, -100.70683593749999 72.1859375, -100.8001953125 72.1994140625, -100.983642578125 72.21005859375, -101.02622070312499 72.228564453125, -101.09311523437499 72.279052734375, -101.20854492187499 72.3169921875, -101.25068359375 72.32177734375, -101.31870117187499 72.312841796875, -101.49833984374999 72.277880859375, -101.72392578124999 72.314892578125, -101.77451171874999 72.34091796875, -101.804443359375 72.38505859375, -101.83291015625 72.40927734375, -101.909326171875 72.4310546875, -101.97368164062499 72.4861328125, -102.40224609375 72.5947265625, -102.65708007812499 72.71943359375, -102.708740234375 72.764501953125, -102.71367187499999 72.78291015625, -102.6875 72.842822265625, -102.62846679687499 72.910791015625, -102.55107421874999 72.978271484375, -102.50380859375 73.005908203125, -102.3361328125 73.064111328125, -102.20400390625 73.077294921875, -102.01962890624999 73.069921875, -101.92246093749999 73.056982421875, -101.835400390625 73.018017578125, -101.798046875 72.973095703125, -101.754541015625 72.942822265625, -101.61777343749999 72.909716796875, -101.543603515625 72.883056640625, -101.43461914062499 72.821044921875, -101.3505859375 72.7462890625, -101.273193359375 72.7216796875, -101.08759765625 72.71328125, -100.89604492187499 72.725927734375, -100.484765625 72.77294921875, -100.468017578125 72.77880859375, -100.442578125 72.8068359375, -100.395703125 72.977001953125, -100.36752929687499 72.977734375, -100.2279296875 72.89892578125, -100.18833007812499 72.890283203125, -100.128125 72.906689453125, -100.09238281249999 72.944970703125, -100.09672851562499 72.963134765625, -100.18447265625 73.055322265625, -100.282666015625 73.1203125, -100.334375 73.128466796875, -100.44619140625 73.120556640625, -100.531396484375 73.13828125, -100.5501953125 73.163720703125, -100.536376953125 73.1978515625, -100.48930664062499 73.233935546875, -100.43881835937499 73.25458984375, -100.34072265625 73.265185546875, -100.22587890624999 73.2546875, -100.06699218749999 73.211083984375, -99.96640624999999 73.201416015625, -99.825146484375 73.2138671875, -100.00590820312499 73.239501953125, -100.257958984375 73.340234375, -100.36611328125 73.359033203125, -100.497998046875 73.3158203125, -100.58701171874999 73.299560546875, -100.755322265625 73.278466796875, -100.88935546875 73.275341796875, -101.45087890625 73.43095703125, -101.482080078125 73.445849609375, -101.523193359375 73.486376953125, -101.51845703125 73.505029296875, -101.463037109375 73.533837890625, -101.32314453125 73.57197265625, -101.11494140625 73.595849609375, -100.97578125 73.599755859375, -100.85410156249999 73.5712890625, -100.67680664062499 73.494287109375, -100.5216796875 73.44931640625, -100.508935546875 73.465478515625, -100.536328125 73.509716796875, -100.60712890625 73.575390625, -100.65791015625 73.593359375, -100.78271484375 73.612939453125, -100.89824218749999 73.658056640625, -100.952587890625 73.69140625, -100.98154296874999 73.727197265625, -100.985107421875 73.76533203125, -100.96298828124999 73.79140625, -100.91513671874999 73.80537109375, -100.483642578125 73.843505859375, -100.18232421875 73.80126953125, -99.99111328125 73.795166015625, -99.911865234375 73.847021484375, -99.93950195312499 73.85712890625, -100.04008789062499 73.843798828125, -100.15380859375 73.844091796875, -100.2248046875 73.872509765625, -100.22705078125 73.889111328125, -100.13847656249999 73.928857421875, -100.001904296875 73.9458984375, -99.157958984375 73.731591796875, -99.03964843749999 73.749267578125, -98.78452148437499 73.760546875, -98.51933593749999 73.79208984375, -98.15185546875 73.818212890625, -97.832177734375 73.879345703125, -97.58183593749999 73.887548828125, -97.32705078125 73.861865234375, -97.224755859375 73.843798828125, -97.17050781249999 73.824853515625, -97.11171875 73.79033203125, -97.01127929687499 73.70615234375)), ((-96.635400390625 72.992431640625, -96.67060546875 72.9609375, -96.709228515625 72.94697265625, -96.943798828125 72.926708984375, -97.0927734375 72.996923828125, -97.09765625 73.06240234375, -97.06923828125 73.13017578125, -97.01499023437499 73.157275390625, -96.86240234374999 73.188818359375, -96.7931640625 73.165478515625, -96.7677734375 73.1373046875, -96.74443359374999 73.12626953125, -96.64599609375 73.101904296875, -96.59848632812499 73.073828125, -96.603515625 73.041552734375, -96.635400390625 72.992431640625)), ((-96.857421875 28.13291015625, -96.83974609375 28.088818359374997, -96.921337890625 28.016015624999994, -97.01435546875 27.901611328125, -97.03603515625 27.899169921875, -96.98764648437499 27.9810546875, -96.978662109375 28.013867187499997, -96.89931640625 28.117480468749996, -96.857421875 28.13291015625)), ((-97.25087890625 27.541210937499997, -97.38481445312499 27.242529296875, -97.376220703125 27.328271484374994, -97.29501953124999 27.523095703124994, -97.130029296875 27.779150390625, -97.060546875 27.822021484375, -97.25087890625 27.541210937499997)), ((-97.351220703125 26.801464843749997, -97.20224609374999 26.2998046875, -97.17070312499999 26.159374999999997, -97.184521484375 26.112939453124994, -97.267333984375 26.329785156249997, -97.402099609375 26.820507812499997, -97.407177734375 27.1001953125, -97.385986328125 27.196484374999997, -97.351220703125 26.801464843749997)), ((-97.41650390625 74.6265625, -97.31821289062499 74.597998046875, -97.29130859374999 74.5763671875, -97.303857421875 74.55966796875, -97.35551757812499 74.526318359375, -97.65610351562499 74.465673828125, -97.72158203125 74.489208984375, -97.75 74.510546875, -97.51630859375 74.602490234375, -97.41650390625 74.6265625)), ((-97.60302734375 75.879345703125, -97.60166015624999 75.85107421875, -97.69423828125 75.802587890625, -97.89052734375 75.7603515625, -97.86279296875 75.7380859375, -97.43955078124999 75.6845703125, -97.40751953124999 75.672509765625, -97.409619140625 75.552099609375, -97.33603515624999 75.41982421875, -97.3634765625 75.417236328125, -97.465234375 75.458642578125, -97.6533203125 75.507763671875, -97.87822265624999 75.41611328125, -97.852734375 75.260302734375, -97.70488281249999 75.1908203125, -97.659912109375 75.151171875, -97.67431640625 75.127294921875, -97.79936523437499 75.116650390625, -97.842724609375 75.121826171875, -97.970849609375 75.153271484375, -98.0453125 75.200830078125, -98.06875 75.199169921875, -98.09169921875 75.176220703125, -98.07675781249999 75.152978515625, -97.989990234375 75.110693359375, -97.9533203125 75.06015625, -97.99179687499999 75.04580078125, -98.12094726562499 75.03271484375, -98.295166015625 75.032177734375, -98.56865234374999 75.009326171875, -98.703515625 75.005810546875, -98.83481445312499 75.0181640625, -99.15581054687499 75.01572265625, -99.24492187499999 75.02578125, -99.326123046875 75.0494140625, -99.42060546875 75.04375, -99.626904296875 74.983740234375, -99.94663085937499 75.00283203125, -100.234375 75.00771484375, -100.29228515624999 75.027734375, -100.356640625 75.066748046875, -100.48349609374999 75.188427734375, -100.45947265625 75.219091796875, -100.15205078125 75.23564453125, -100.145703125 75.246142578125, -100.36411132812499 75.28955078125, -100.614892578125 75.321435546875, -100.73115234375 75.346533203125, -100.704248046875 75.3943359375, -100.7119140625 75.40634765625, -100.27963867187499 75.460986328125, -99.965283203125 75.568505859375, -99.77021484375 75.612255859375, -99.756005859375 75.6333984375, -99.59116210937499 75.65537109375, -99.209423828125 75.668603515625, -99.194580078125 75.698388671875, -99.91513671874999 75.68125, -100.9017578125 75.62041015625, -101.20683593749999 75.5904296875, -101.461328125 75.60791015625, -102.54140625 75.513623046875, -102.58740234375 75.513671875, -102.700390625 75.543603515625, -102.797509765625 75.599658203125, -102.72783203124999 75.638720703125, -102.41069335937499 75.712841796875, -102.25205078124999 75.777734375, -102.270654296875 75.81279296875, -102.1447265625 75.875048828125, -101.942822265625 75.883837890625, -101.59965820312499 75.832666015625, -101.42124023437499 75.78193359375, -101.26142578125 75.758203125, -101.119384765625 75.762890625, -100.972802734375 75.7984375, -101.009912109375 75.802392578125, -101.25883789062499 75.783642578125, -101.288037109375 75.789111328125, -101.414990234375 75.845849609375, -101.47031249999999 75.88193359375, -101.50590820312499 75.91806640625, -101.50786132812499 75.943603515625, -101.43134765625 75.9919921875, -101.716796875 76.00791015625, -101.823388671875 76.041357421875, -101.87211914062499 76.08310546875, -101.86137695312499 76.10126953125, -101.77138671875 76.15009765625, -101.528955078125 76.21728515625, -101.55703125 76.23583984375, -101.909814453125 76.234375, -101.987451171875 76.243115234375, -102.13774414062499 76.28486328125, -102.1046875 76.331201171875, -101.96420898437499 76.3990234375, -101.85849609374999 76.439013671875, -101.787548828125 76.45126953125, -101.67724609375 76.451025390625, -101.415185546875 76.42490234375, -101.33974609375 76.410498046875, -101.1390625 76.345166015625, -101.087890625 76.307861328125, -101.094189453125 76.271923828125, -101.055810546875 76.245556640625, -100.90009765625 76.207080078125, -100.2306640625 76.007666015625, -100.105712890625 75.96044921875, -100.02011718749999 75.93955078125, -99.865478515625 75.92421875, -99.774853515625 75.927392578125, -99.70126953124999 75.941455078125, -99.688916015625 75.959716796875, -99.97832031249999 76.0294921875, -100.0509765625 76.0666015625, -100.11284179687499 76.117236328125, -100.08579101562499 76.133544921875, -100.00175781249999 76.139208984375, -99.790185546875 76.1326171875, -99.54106445312499 76.1462890625, -99.81723632812499 76.167578125, -99.99760742187499 76.195849609375, -100.182763671875 76.197216796875, -100.414208984375 76.242529296875, -100.41435546874999 76.256689453125, -100.3576171875 76.271142578125, -100.042724609375 76.291259765625, -99.98310546875 76.29990234375, -99.977734375 76.312451171875, -100.08188476562499 76.3427734375, -100.17465820312499 76.35927734375, -100.65068359374999 76.395947265625, -100.81987304687499 76.43701171875, -100.87363281249999 76.456591796875, -100.890771484375 76.47548828125, -100.829736328125 76.523876953125, -100.57373046875 76.584619140625, -100.387939453125 76.61357421875, -100.06870117187499 76.634765625, -99.66904296874999 76.62412109375, -99.3294921875 76.5212890625, -99.16962890625 76.453662109375, -98.89033203125 76.465576171875, -98.97099609374999 76.536572265625, -99.0236328125 76.61455078125, -98.940869140625 76.6431640625, -98.71083984375 76.69384765625, -98.527587890625 76.6673828125, -98.28867187499999 76.59873046875, -98.23618164062499 76.575341796875, -97.96733398437499 76.53291015625, -97.80839843749999 76.518798828125, -97.72587890624999 76.49609375, -97.700927734375 76.46650390625, -97.68974609374999 76.421826171875, -97.70185546875 76.38740234375, -97.73710937499999 76.363134765625, -97.73876953125 76.33525390625, -97.70683593749999 76.3037109375, -97.57314453125 76.22421875, -97.5306640625 76.18154296875, -97.52426757812499 76.138720703125, -97.53105468749999 76.109423828125, -97.6134765625 76.05263671875, -97.64999999999999 75.979150390625, -97.65214843749999 75.940185546875, -97.60302734375 75.879345703125)), ((-98.96669921875 73.98818359375, -98.81816406249999 74.02099609375, -98.5849609375 74.034521484375, -98.06103515625 74.1046875, -97.800439453125 74.1146484375, -97.6982421875 74.10869140625, -97.667431640625 74.09013671875, -97.659130859375 74.071630859375, -97.67333984375 74.05302734375, -97.75473632812499 74.005517578125, -97.861083984375 73.96845703125, -98.14697265625 73.888818359375, -98.27036132812499 73.868505859375, -98.55820312499999 73.847412109375, -98.691064453125 73.856494140625, -98.761376953125 73.828857421875, -98.8166015625 73.817138671875, -98.97392578124999 73.812060546875, -99.298046875 73.861962890625, -99.38515625 73.879296875, -99.4169921875 73.89541015625, -99.40380859375 73.910888671875, -99.34560546875 73.925732421875, -99.096875 73.948291015625, -99.00468749999999 73.96494140625, -98.96669921875 73.98818359375)), ((-100.0568359375 79.8982421875, -100.092431640625 79.91865234375, -100.12602539062499 80.00126953125, -100.120361328125 80.030419921875, -100.078515625 80.081103515625, -100.05327148437499 80.093359375, -99.80278320312499 80.14013671875, -99.731201171875 80.144091796875, -99.42485351562499 80.126416015625, -99.15322265625 80.12421875, -99.0166015625 80.1111328125, -98.894677734375 80.081787109375, -98.823193359375 80.037353515625, -98.79160156249999 79.981103515625, -98.7689453125 79.85087890625, -98.789794921875 79.785400390625, -98.84062499999999 79.737060546875, -98.885205078125 79.72568359375, -98.94521484375 79.724072265625, -99.21845703125 79.761865234375, -99.3017578125 79.78408203125, -99.30624999999999 79.802880859375, -99.3330078125 79.83955078125, -99.515625 79.887158203125, -99.85747070312499 79.8794921875, -99.99990234375 79.884033203125, -100.0568359375 79.8982421875)), ((-102.4248046875 78.933203125, -102.40732421874999 78.9541015625, -102.39316406249999 79.010302734375, -102.18857421874999 79.03837890625, -101.9736328125 79.07919921875, -101.87260742187499 79.08837890625, -101.70366210937499 79.07890625, -101.2990234375 78.982177734375, -101.14458007812499 78.972900390625, -101.08847656249999 78.9615234375, -101.03715820312499 78.939013671875, -101.03369140625 78.914697265625, -101.11591796875 78.85830078125, -101.1474609375 78.823974609375, -101.128125 78.80166015625, -100.9169921875 78.78291015625, -100.435498046875 78.8203125, -100.01474609374999 78.72861328125, -99.78183593749999 78.61962890625, -99.60942382812499 78.583056640625, -99.58212890624999 78.56328125, -99.631103515625 78.544677734375, -99.68017578125 78.493505859375, -99.818310546875 78.45537109375, -99.847802734375 78.438232421875, -99.77412109375 78.39296875, -99.76865234374999 78.36455078125, -99.77822265625 78.32509765625, -99.7513671875 78.302978515625, -99.562451171875 78.279345703125, -99.13154296875 78.117529296875, -99.053125 78.07236328125, -99.00458984375 78.015966796875, -98.99960937499999 77.996875, -99.061181640625 77.965625, -99.128369140625 77.8771484375, -99.16640625 77.85693359375, -99.34130859375 77.8396484375, -99.659130859375 77.824072265625, -99.95590820312499 77.793798828125, -100.274658203125 77.83271484375, -100.58603515624999 77.891796875, -100.68027343749999 77.9306640625, -100.75791015624999 77.977685546875, -100.77822265625 77.996044921875, -100.8095703125 78.071630859375, -100.826171875 78.087744140625, -100.95761718749999 78.130224609375, -101.07412109375 78.19384765625, -101.297998046875 78.199365234375, -101.8294921875 78.264111328125, -102.05698242187499 78.279541015625, -102.28447265624999 78.275, -102.60698242187499 78.24892578125, -102.66767578125 78.255908203125, -102.72270507812499 78.275244140625, -102.77207031249999 78.306884765625, -102.784326171875 78.33017578125, -102.73134765625 78.371044921875, -103.67724609375 78.319580078125, -103.94658203125 78.260009765625, -104.32421875 78.269482421875, -104.512646484375 78.29462890625, -104.76357421875 78.35166015625, -104.879345703125 78.40126953125, -104.985400390625 78.468017578125, -104.995556640625 78.518505859375, -104.909619140625 78.55263671875, -104.8201171875 78.572900390625, -104.72705078125 78.57939453125, -104.21396484374999 78.53974609375, -103.76435546875 78.51953125, -103.5705078125 78.53984375, -103.482568359375 78.5939453125, -103.58798828124999 78.622998046875, -104.02084960937499 78.634912109375, -103.928515625 78.66337890625, -103.5626953125 78.69267578125, -103.37158203125 78.736328125, -103.4083984375 78.751611328125, -103.518359375 78.769140625, -104.008740234375 78.764013671875, -104.185009765625 78.781298828125, -104.194580078125 78.79560546875, -104.15498046875 78.81396484375, -103.875634765625 78.902685546875, -103.887158203125 78.918798828125, -104.0072265625 78.9478515625, -104.112744140625 78.985595703125, -104.15195312499999 78.989892578125, -104.39482421875 78.95615234375, -104.73603515625 78.825927734375, -104.817431640625 78.807080078125, -104.8955078125 78.808154296875, -104.97021484375 78.829150390625, -104.96953125 78.856494140625, -104.89340820312499 78.890185546875, -104.73525390625 78.99111328125, -104.74677734375 79.027099609375, -104.9013671875 79.051123046875, -105.3087890625 79.033203125, -105.53564453125 79.03251953125, -105.570751953125 79.060986328125, -105.58017578124999 79.114208984375, -105.571044921875 79.164208984375, -105.51455078125 79.24248046875, -105.435693359375 79.30224609375, -105.3876953125 79.323583984375, -104.84736328125 79.310986328125, -103.964599609375 79.34814453125, -103.70639648437499 79.35205078125, -103.426025390625 79.315625, -103.191650390625 79.2953125, -102.91435546874999 79.231103515625, -102.652294921875 79.09501953125, -102.63896484374999 79.077587890625, -102.63759765625 79.05498046875, -102.648193359375 79.0271484375, -102.682861328125 78.991015625, -102.73051757812499 78.9693359375, -102.59560546875 78.94296875, -102.58076171875 78.930126953125, -102.5927734375 78.900927734375, -102.576171875 78.87939453125, -102.494580078125 78.90068359375, -102.4248046875 78.933203125)), ((-100.14130859375 68.969921875, -100.195703125 68.991455078125, -100.24736328124999 69.052783203125, -100.237060546875 69.071484375, -100.186962890625 69.114013671875, -100.15312499999999 69.1294921875, -100.07280273437499 69.111474609375, -100.0353515625 69.086572265625, -100.005615234375 69.047119140625, -99.99467773437499 69.013525390625, -100.018017578125 68.95400390625, -100.14130859375 68.969921875)), ((-100.624658203125 68.865283203125, -100.59990234374999 68.941357421875, -100.59833984375 68.969091796875, -100.611572265625 68.990185546875, -100.60063476562499 69.009423828125, -100.56547851562499 69.026806640625, -100.52031249999999 69.03505859375, -100.41396484375 69.028076171875, -100.32993164062499 68.99755859375, -100.28896484375 68.957666015625, -100.20688476562499 68.926171875, -100.178466796875 68.90390625, -100.217236328125 68.806689453125, -100.248779296875 68.775048828125, -100.28793945312499 68.766064453125, -100.36572265625 68.72880859375, -100.39731445312499 68.723828125, -100.442578125 68.74755859375, -100.4806640625 68.786181640625, -100.49692382812499 68.792236328125, -100.52104492187499 68.790673828125, -100.573388671875 68.766064453125, -100.59653320312499 68.76640625, -100.615966796875 68.78291015625, -100.625390625 68.81591796875, -100.624658203125 68.865283203125)), ((-101.60498046875 76.58701171875, -101.61308593749999 76.60458984375, -101.50947265625 76.627734375, -101.1650390625 76.6654296875, -100.962158203125 76.7341796875, -100.886474609375 76.74267578125, -100.62158203125 76.752490234375, -100.467236328125 76.750341796875, -100.26914062499999 76.734130859375, -100.74658203125 76.649169921875, -101.22612304687499 76.579345703125, -101.48520507812499 76.575, -101.60498046875 76.58701171875)), ((-100.30551757812499 70.5083984375, -100.308349609375 70.49580078125, -100.321240234375 70.4876953125, -100.537255859375 70.525, -100.62065429687499 70.546923828125, -100.64775390624999 70.563134765625, -100.666943359375 70.596240234375, -100.67832031249999 70.64619140625, -100.63530273437499 70.6703125, -100.53793945312499 70.668603515625, -100.43393554687499 70.6494140625, -100.276123046875 70.59462890625, -100.32109374999999 70.578369140625, -100.3232421875 70.542431640625, -100.30551757812499 70.5083984375)), ((-113.2080078125 72.981005859375, -113.07353515625 72.995263671875, -112.75361328125 72.98603515625, -112.453759765625 72.93662109375, -112.048095703125 72.888037109375, -111.45541992187499 72.76591796875, -111.2697265625 72.713720703125, -111.250390625 72.6685546875, -111.355517578125 72.572119140625, -111.610888671875 72.435595703125, -111.81601562499999 72.386328125, -111.895166015625 72.356103515625, -111.76162109375 72.33525390625, -111.67509765625 72.300146484375, -111.54355468749999 72.350927734375, -111.44736328124999 72.40771484375, -111.311181640625 72.454833984375, -111.264794921875 72.459033203125, -111.25341796875 72.449072265625, -111.2771484375 72.424853515625, -111.287255859375 72.401123046875, -111.283740234375 72.377978515625, -111.26806640625 72.3638671875, -111.184619140625 72.356640625, -111.139892578125 72.36533203125, -110.958984375 72.431982421875, -110.78154296875 72.53388671875, -110.51254882812499 72.59970703125, -110.43930664062499 72.633349609375, -110.205126953125 72.661279296875, -110.19716796875 72.75888671875, -110.2791015625 72.792041015625, -110.55361328125 72.86142578125, -110.689404296875 72.94453125, -110.66083984375 73.008203125, -110.09462890625 72.992138671875, -110.008447265625 72.983642578125, -109.60996093749999 72.87568359375, -109.46909179687499 72.808447265625, -109.35712890625 72.775048828125, -109.12192382812499 72.726416015625, -109.043017578125 72.686865234375, -108.98740234374999 72.67080078125, -108.9681640625 72.6541015625, -108.985400390625 72.63681640625, -108.99443359375 72.59599609375, -108.95078124999999 72.582861328125, -108.7978515625 72.567529296875, -108.75498046874999 72.55107421875, -108.698291015625 72.499267578125, -108.627734375 72.41201171875, -108.566357421875 72.317333984375, -108.46958007812499 72.13876953125, -108.276416015625 71.900390625, -108.210400390625 71.751171875, -108.188232421875 71.723779296875, -108.144677734375 71.704931640625, -108.02080078125 71.677490234375, -107.925341796875 71.638671875, -107.81284179687499 71.626171875, -107.78544921875 71.6296875, -107.757470703125 71.663037109375, -107.687255859375 71.71611328125, -107.346923828125 71.81923828125, -107.329296875 71.83525390625, -107.36943359375 71.858984375, -107.381787109375 71.875146484375, -107.37685546875 71.886083984375, -107.30600585937499 71.894677734375, -107.542626953125 72.025341796875, -107.695849609375 72.14931640625, -107.79404296874999 72.30263671875, -107.809033203125 72.3474609375, -107.82373046875 72.4427734375, -107.855615234375 72.467822265625, -107.909814453125 72.490771484375, -107.93251953125 72.52041015625, -107.92368164062499 72.556640625, -107.934375 72.587744140625, -107.99716796874999 72.652685546875, -108.238232421875 73.105810546875, -108.23740234374999 73.14990234375, -108.204150390625 73.183056640625, -108.118310546875 73.20205078125, -107.979931640625 73.20673828125, -107.936181640625 73.217138671875, -107.987060546875 73.23310546875, -108.07749023437499 73.281396484375, -108.089404296875 73.3037109375, -108.029052734375 73.34873046875, -107.72001953125 73.329052734375, -107.4962890625 73.28837890625, -107.1134765625 73.192138671875, -107.0744140625 73.197412109375, -107.03251953125 73.2453125, -106.95078124999999 73.276025390625, -106.828369140625 73.26591796875, -106.48212890625 73.19619140625, -106.08164062499999 73.071923828125, -105.8126953125 73.01064453125, -105.624169921875 72.927490234375, -105.49594726562499 72.848974609375, -105.41513671874999 72.788330078125, -105.411669921875 72.7646484375, -105.430078125 72.740380859375, -105.411083984375 72.708740234375, -105.354541015625 72.6697265625, -105.323193359375 72.634814453125, -105.29755859375 72.56044921875, -105.24692382812499 72.46357421875, -105.23408203125 72.415087890625, -104.8783203125 71.97998046875, -104.810302734375 71.903173828125, -104.7669921875 71.867578125, -104.518310546875 71.69921875, -104.3859375 71.576953125, -104.37314453124999 71.4951171875, -104.35537109375 71.4716796875, -104.349560546875 71.433984375, -104.35581054687499 71.382080078125, -104.38486328124999 71.337548828125, -104.43681640625 71.30029296875, -104.487060546875 71.247900390625, -104.56308593749999 71.132421875, -104.569580078125 71.104052734375, -104.514794921875 71.0642578125, -104.16684570312499 70.927197265625, -103.95346679687499 70.762646484375, -103.853466796875 70.7337890625, -103.58457031249999 70.630859375, -103.294677734375 70.5724609375, -103.19716796875 70.547314453125, -103.10498046875 70.51025390625, -103.07719726562499 70.508837890625, -103.02119140625 70.5158203125, -103.00517578124999 70.525927734375, -103.001220703125 70.540966796875, -103.08281249999999 70.619091796875, -103.08857421875 70.64970703125, -103.049560546875 70.655078125, -102.75048828125 70.521875, -102.58916015624999 70.46884765625, -102.36874999999999 70.413232421875, -101.98984374999999 70.28505859375, -101.93720703125 70.274560546875, -101.73222656249999 70.286376953125, -101.67631835937499 70.278271484375, -101.64116210937499 70.265576171875, -101.62680664062499 70.24833984375, -101.61845703124999 70.172412109375, -101.56240234375 70.135009765625, -101.23916015625 70.1509765625, -101.14853515624999 70.147607421875, -101.090771484375 70.135693359375, -101.04267578125 70.110791015625, -100.97333984375 70.0294921875, -100.90908203125 69.869189453125, -100.905712890625 69.81171875, -100.93510742187499 69.71533203125, -100.982373046875 69.6798828125, -101.043701171875 69.668701171875, -101.2162109375 69.679638671875, -101.33725585937499 69.71025390625, -101.40009765625 69.749267578125, -101.45673828125 69.83388671875, -101.483837890625 69.8501953125, -101.50839843749999 69.833154296875, -101.565087890625 69.7556640625, -101.602490234375 69.7212890625, -101.64765625 69.69853515625, -101.73359375 69.704150390625, -101.86025390625 69.7380859375, -102.09794921874999 69.824609375, -102.18212890625 69.845947265625, -102.234326171875 69.842236328125, -102.52348632812499 69.758203125, -102.5958984375 69.717919921875, -102.56523437499999 69.6921875, -102.544921875 69.659814453125, -102.53486328125 69.62080078125, -102.54091796875 69.59208984375, -102.563134765625 69.573583984375, -102.62109375 69.551513671875, -102.743603515625 69.54775390625, -102.91977539062499 69.5646484375, -103.05917968749999 69.594677734375, -103.30322265625 69.67431640625, -103.35927734375 69.6853515625, -103.434765625 69.66767578125, -103.464892578125 69.644482421875, -103.418017578125 69.61142578125, -103.29404296874999 69.56845703125, -103.14243164062499 69.497265625, -103.10185546874999 69.483349609375, -103.062744140625 69.484912109375, -103.04892578124999 69.47177734375, -103.03183593749999 69.43349609375, -103.039794921875 69.367578125, -103.1126953125 69.235986328125, -103.12021484374999 69.20458984375, -103.09033203125 69.21201171875, -102.88408203124999 69.34130859375, -102.77744140624999 69.377587890625, -102.54648437499999 69.43447265625, -102.44677734375 69.476318359375, -102.15141601562499 69.4876953125, -102.04594726562499 69.46484375, -101.97822265625 69.42509765625, -101.975537109375 69.40703125, -102.052880859375 69.36044921875, -102.06689453125 69.337109375, -102.07089843749999 69.3076171875, -102.06401367187499 69.28115234375, -102.04609375 69.257666015625, -101.99296874999999 69.23603515625, -101.89912109375 69.2455078125, -101.87285156249999 69.23994140625, -101.822509765625 69.21708984375, -101.7892578125 69.181640625, -101.78779296875 69.132275390625, -101.85712890625 69.023974609375, -101.98056640624999 68.988525390625, -102.3587890625 68.9228515625, -102.488427734375 68.888916015625, -102.73833007812499 68.864990234375, -102.83486328125 68.833251953125, -102.89506835937499 68.8236328125, -103.162255859375 68.8287109375, -103.468212890625 68.808544921875, -103.820361328125 68.847998046875, -104.067333984375 68.865576171875, -104.352685546875 68.928173828125, -104.46015625 68.91240234375, -104.571435546875 68.872119140625, -105.105859375 68.92041015625, -105.16928710937499 68.95537109375, -105.14833984375 68.978125, -105.021630859375 69.052490234375, -105.01357421875 69.06806640625, -105.019580078125 69.08125, -105.262353515625 69.093994140625, -105.5330078125 69.133544921875, -105.80498046875 69.153173828125, -106.00839843749999 69.147607421875, -106.140869140625 69.16201171875, -106.270166015625 69.194580078125, -106.34116210937499 69.224365234375, -106.353955078125 69.251220703125, -106.355712890625 69.280615234375, -106.34423828125 69.3396484375, -106.361376953125 69.3810546875, -106.419970703125 69.41376953125, -106.539794921875 69.44306640625, -106.65908203125 69.439599609375, -106.7599609375 69.40712890625, -106.85581054687499 69.347314453125, -107.033447265625 69.18076171875, -107.122509765625 69.152294921875, -107.35336914062499 69.031689453125, -107.439892578125 69.0021484375, -107.86337890624999 68.954345703125, -108.364990234375 68.934765625, -108.5525390625 68.897412109375, -108.730419921875 68.82744140625, -108.94589843749999 68.759814453125, -109.472119140625 68.676708984375, -109.958544921875 68.6302734375, -110.46762695312499 68.610009765625, -110.848095703125 68.57841796875, -110.9572265625 68.594189453125, -111.127587890625 68.588330078125, -111.3109375 68.542041015625, -112.304931640625 68.5162109375, -112.6662109375 68.48525390625, -112.8642578125 68.477099609375, -113.01953125 68.48134765625, -113.127734375 68.494140625, -113.231396484375 68.535400390625, -113.3380859375 68.598779296875, -113.554833984375 68.767578125, -113.616845703125 68.8384765625, -113.592529296875 68.95986328125, -113.608544921875 69.03017578125, -113.6806640625 69.181982421875, -113.694140625 69.19501953125, -114.0734375 69.251318359375, -114.32294921875 69.269140625, -114.69907226562499 69.27275390625, -115.15903320312499 69.26474609375, -115.618115234375 69.282958984375, -115.8607421875 69.303564453125, -116.1015625 69.337158203125, -116.51347656249999 69.424609375, -116.53681640625 69.433544921875, -116.60947265625 69.51201171875, -116.71201171875 69.576220703125, -116.9927734375 69.719384765625, -117.10400390625 69.804248046875, -117.12197265625 69.82587890625, -117.1486328125 69.888134765625, -117.184033203125 69.991064453125, -117.19541015625 70.054052734375, -117.162744140625 70.09248046875, -117.13544921875 70.100146484375, -116.55380859375 70.175048828125, -115.5291015625 70.25712890625, -114.592333984375 70.312451171875, -114.1669921875 70.307470703125, -113.91660156249999 70.28154296875, -113.66552734375 70.269677734375, -113.2107421875 70.263818359375, -112.637890625 70.225244140625, -112.52275390625 70.228564453125, -112.26596679687499 70.2546875, -112.1896484375 70.2755859375, -111.78369140625 70.272900390625, -111.7048828125 70.2857421875, -111.632568359375 70.308837890625, -111.725830078125 70.35205078125, -112.11416015625 70.446875, -113.1455078125 70.616357421875, -113.397021484375 70.652392578125, -113.757275390625 70.69072265625, -113.966064453125 70.69619140625, -114.232177734375 70.674267578125, -114.33139648437499 70.675244140625, -114.59262695312499 70.642236328125, -114.84072265625 70.62138671875, -115.31123046875 70.601171875, -115.99091796875 70.586279296875, -116.086083984375 70.590673828125, -116.22587890624999 70.61640625, -116.327294921875 70.62373046875, -116.992529296875 70.603662109375, -117.587060546875 70.629541015625, -118.2640625 70.888330078125, -118.37651367187499 70.967724609375, -118.3525390625 71.000048828125, -118.26909179687499 71.034716796875, -117.933837890625 71.13466796875, -117.8140625 71.158447265625, -117.31396484375 71.212109375, -116.815283203125 71.276953125, -116.421533203125 71.33798828125, -116.22822265625 71.3591796875, -116.04208984375 71.361669921875, -115.891650390625 71.381787109375, -115.922265625 71.40107421875, -116.0453125 71.423095703125, -116.0439453125 71.454296875, -115.9802734375 71.469287109375, -115.73374023437499 71.485107421875, -115.471875 71.4658203125, -115.341015625 71.472412109375, -115.30341796875 71.493701171875, -115.338134765625 71.510888671875, -115.586669921875 71.54638671875, -116.7802734375 71.444189453125, -117.337109375 71.434619140625, -117.72333984375 71.390673828125, -117.93564453125 71.39208984375, -118.18818359375 71.4359375, -118.221875 71.449072265625, -118.22646484375 71.46708984375, -118.14833984375 71.525732421875, -117.87841796875 71.56083984375, -117.742333984375 71.659326171875, -117.88759765625 71.66103515625, -118.371533203125 71.63994140625, -118.5830078125 71.6490234375, -118.868408203125 71.686767578125, -118.952099609375 71.73173828125, -118.9876953125 71.7642578125, -118.99375 71.80302734375, -118.98417968749999 71.9130859375, -118.959814453125 71.972216796875, -118.94462890624999 71.985546875, -118.58984375 72.16748046875, -118.36865234375 72.20546875, -118.2134765625 72.262890625, -118.207470703125 72.2869140625, -118.24589843749999 72.31103515625, -118.390478515625 72.36953125, -118.4486328125 72.39921875, -118.481298828125 72.427685546875, -118.45659179687499 72.472509765625, -118.37451171875 72.53388671875, -118.13310546874999 72.6328125, -117.551708984375 72.831103515625, -117.2564453125 72.914404296875, -116.9716796875 72.959326171875, -116.5732421875 73.054931640625, -115.552197265625 73.2134765625, -114.638232421875 73.37265625, -114.301904296875 73.330712890625, -114.20639648437499 73.297802734375, -114.16396484375 73.26982421875, -114.12705078124999 73.230712890625, -114.095458984375 73.1802734375, -114.051708984375 73.07099609375, -114.046142578125 73.014599609375, -114.053759765625 72.958056640625, -114.074755859375 72.9068359375, -114.1091796875 72.860986328125, -114.177685546875 72.805078125, -114.280322265625 72.7390625, -114.4978515625 72.62587890625, -114.521533203125 72.592919921875, -114.45810546874999 72.58037109375, -114.342431640625 72.590771484375, -114.174462890625 72.624072265625, -113.9578125 72.65146484375, -113.692431640625 72.672802734375, -113.62216796874999 72.646826171875, -113.578076171875 72.652099609375, -113.500048828125 72.69443359375, -113.4861328125 72.722265625, -113.4958984375 72.753662109375, -113.49140625 72.8220703125, -113.449853515625 72.863232421875, -113.2923828125 72.9498046875, -113.2080078125 72.981005859375)), ((-101.244873046875 69.57353515625, -101.09833984375 69.540771484375, -101.03115234375 69.495458984375, -101.000634765625 69.4619140625, -101.04916992187499 69.45693359375, -101.086865234375 69.443359375, -101.126953125 69.414697265625, -101.17172851562499 69.3970703125, -101.268505859375 69.390576171875, -101.26152343749999 69.417822265625, -101.26762695312499 69.431494140625, -101.289501953125 69.441259765625, -101.2177734375 69.462939453125, -101.20732421874999 69.479833984375, -101.230126953125 69.492822265625, -101.32846679687499 69.517431640625, -101.35649414062499 69.539697265625, -101.351318359375 69.559228515625, -101.312890625 69.57607421875, -101.244873046875 69.57353515625)), ((-101.127587890625 77.81259765625, -101.01958007812499 77.762451171875, -101.00205078124999 77.735107421875, -101.39765625 77.729052734375, -101.58457031249999 77.718310546875, -101.6935546875 77.69658203125, -101.8310546875 77.687353515625, -102.079833984375 77.6921875, -102.37783203125 77.728125, -102.458203125 77.770166015625, -102.475048828125 77.836669921875, -102.47153320312499 77.873486328125, -102.447705078125 77.880615234375, -101.91787109375 77.899609375, -101.639404296875 77.89208984375, -101.322021484375 77.854150390625, -101.127587890625 77.81259765625)), ((-101.79428710937499 68.636865234375, -101.8458984375 68.586328125, -101.88720703125 68.5849609375, -101.94462890624999 68.60283203125, -102.266357421875 68.663671875, -102.30815429687499 68.681982421875, -102.2705078125 68.707568359375, -102.1533203125 68.740478515625, -102.074365234375 68.7740234375, -102.01337890625 68.825390625, -101.828369140625 68.798974609375, -101.75932617187499 68.774609375, -101.73295898437499 68.75341796875, -101.721630859375 68.72412109375, -101.73203124999999 68.6521484375, -101.79428710937499 68.636865234375)), ((-103.98525390625 75.93310546875, -103.80078125 76.03701171875, -103.984521484375 76.046533203125, -104.24248046875 76.04697265625, -104.4060546875 76.10849609375, -104.350634765625 76.18232421875, -104.01206054687499 76.222998046875, -103.571435546875 76.258203125, -103.09824218749999 76.311474609375, -102.72802734375 76.30703125, -102.58408203124999 76.281640625, -102.49003906249999 76.095068359375, -102.42568359375 76.08642578125, -102.22734374999999 76.014892578125, -102.01787109374999 75.953515625, -102.0080078125 75.939404296875, -102.04746093749999 75.927734375, -102.318115234375 75.895166015625, -102.42343749999999 75.869189453125, -102.511376953125 75.8083984375, -102.57958984375 75.780224609375, -102.9435546875 75.763427734375, -103.31474609375 75.764208984375, -103.24472656249999 75.82294921875, -103.04150390625 75.91884765625, -103.2015625 75.95849609375, -103.769775390625 75.8923828125, -103.98525390625 75.93310546875)), ((-103.25224609375 78.138134765625, -103.27099609375 78.150634765625, -103.273583984375 78.165771484375, -103.26005859375 78.18349609375, -103.11044921874999 78.245849609375, -102.973291015625 78.267236328125, -102.891796875 78.271240234375, -102.82553710937499 78.250048828125, -102.78828125 78.2181640625, -103.003369140625 78.146435546875, -103.11821289062499 78.1263671875, -103.25224609375 78.138134765625)), ((-104.270654296875 76.32626953125, -104.35751953124999 76.334619140625, -104.407666015625 76.36513671875, -104.50644531249999 76.478955078125, -104.576611328125 76.540185546875, -104.60302734375 76.58271484375, -104.585693359375 76.606494140625, -104.500390625 76.63037109375, -104.205126953125 76.66611328125, -104.07451171875 76.66611328125, -103.99248046875 76.656982421875, -103.95908203124999 76.63876953125, -103.969189453125 76.61416015625, -104.0228515625 76.58310546875, -103.97348632812499 76.577587890625, -103.82109375 76.597509765625, -103.72275390624999 76.60107421875, -103.61313476562499 76.563427734375, -103.584619140625 76.5388671875, -103.19013671875 76.47744140625, -103.05131835937499 76.449853515625, -103.03354492187499 76.431494140625, -103.082958984375 76.40517578125, -103.19951171874999 76.370849609375, -103.31137695312499 76.34755859375, -103.472216796875 76.329052734375, -104.270654296875 76.32626953125)), ((-103.85117187499999 75.37080078125, -103.8041015625 75.3455078125, -103.75791015624999 75.2890625, -103.746484375 75.25244140625, -103.667236328125 75.210693359375, -103.643505859375 75.186572265625, -103.642138671875 75.162939453125, -103.6642578125 75.1390625, -103.709716796875 75.114990234375, -103.813916015625 75.079736328125, -104.119921875 75.036328125, -104.30869140624999 75.03095703125, -104.634326171875 75.061279296875, -104.828125 75.1197265625, -104.88740234375 75.14775390625, -104.881640625 75.160498046875, -104.848095703125 75.173046875, -104.801318359375 75.21103515625, -104.690380859375 75.320703125, -104.648828125 75.349755859375, -104.474169921875 75.413037109375, -104.34619140625 75.429931640625, -104.074658203125 75.42451171875, -103.9169921875 75.391845703125, -103.85117187499999 75.37080078125)), ((-104.45712890624999 68.43115234375, -104.540673828125 68.405908203125, -104.59599609375 68.402197265625, -104.699462890625 68.41826171875, -104.851123046875 68.453955078125, -104.965234375 68.491748046875, -105.041748046875 68.53154296875, -105.05136718749999 68.559033203125, -104.99399414062499 68.57421875, -104.907275390625 68.581787109375, -104.700390625 68.576708984375, -104.602001953125 68.5615234375, -104.472119140625 68.503515625, -104.44453125 68.470703125, -104.440478515625 68.44951171875, -104.45712890624999 68.43115234375)), ((-105.456103515625 77.700927734375, -105.28964843749999 77.64208984375, -105.073876953125 77.548291015625, -105.0072265625 77.50673828125, -104.994287109375 77.449658203125, -104.955322265625 77.418701171875, -104.77021484375 77.413232421875, -104.542236328125 77.337744140625, -104.50078125 77.308544921875, -104.45371093749999 77.24912109375, -104.456982421875 77.22080078125, -104.493359375 77.162353515625, -104.558154296875 77.141748046875, -104.711376953125 77.123974609375, -105.015576171875 77.164599609375, -105.215087890625 77.182080078125, -105.379931640625 77.254248046875, -105.55634765625 77.35263671875, -105.6951171875 77.461376953125, -105.747216796875 77.525390625, -105.84814453125 77.563427734375, -105.88315429687499 77.626513671875, -106.06611328125 77.725390625, -106.035595703125 77.73984375, -105.86298828125 77.75439453125, -105.587890625 77.735986328125, -105.456103515625 77.700927734375)), ((-106.61396484375 73.69560546875, -106.362109375 73.718603515625, -105.51230468749999 73.765771484375, -105.31796874999999 73.767138671875, -105.114453125 73.74443359375, -104.83466796875 73.647265625, -104.71826171875 73.636279296875, -104.64877929687499 73.614404296875, -104.58749999999999 73.578076171875, -104.555078125 73.54111328125, -104.55234374999999 73.465576171875, -104.58286132812499 73.35390625, -104.621728515625 73.3111328125, -104.791015625 73.167626953125, -104.96865234375 73.088671875, -105.002587890625 73.037548828125, -105.074609375 72.997021484375, -105.28891601562499 72.919921875, -105.33935546875 72.914892578125, -105.43408203125 72.93798828125, -105.572998046875 72.989306640625, -105.80014648437499 73.093310546875, -106.071044921875 73.19638671875, -106.11264648437499 73.25810546875, -106.18002929687499 73.3041015625, -106.52573242187499 73.41337890625, -106.750390625 73.45771484375, -106.921533203125 73.479833984375, -106.949658203125 73.5103515625, -106.831005859375 73.599072265625, -106.69482421875 73.669921875, -106.61396484375 73.69560546875)), ((-107.702587890625 75.877587890625, -107.54091796875 75.901171875, -107.41826171875 75.906591796875, -107.135693359375 75.878564453125, -107.08041992187499 75.86318359375, -107.05039062499999 75.84541015625, -106.970947265625 75.773095703125, -106.913525390625 75.679638671875, -106.90419921875 75.6892578125, -106.902783203125 75.741650390625, -106.89169921874999 75.782421875, -106.693115234375 75.8099609375, -106.68808593749999 75.81904296875, -106.75937499999999 75.8416015625, -106.820068359375 75.872412109375, -106.862060546875 75.930078125, -106.845654296875 75.9515625, -106.677001953125 76.02373046875, -106.52861328125 76.05302734375, -106.39658203124999 76.060107421875, -105.904833984375 76.008984375, -105.63266601562499 75.945361328125, -105.604443359375 75.929931640625, -105.56328125 75.8806640625, -105.480908203125 75.745654296875, -105.4814453125 75.70224609375, -105.519482421875 75.632373046875, -105.67841796875 75.5013671875, -105.70263671875 75.4125, -105.86259765625 75.191552734375, -105.97197265625 75.131494140625, -106.09262695312499 75.089453125, -106.58823242187499 75.0154296875, -106.9611328125 74.940087890625, -107.055615234375 74.928173828125, -107.15341796874999 74.9271484375, -107.4619140625 74.9521484375, -107.820068359375 75.000048828125, -108.0236328125 74.986474609375, -108.226611328125 74.951904296875, -108.354443359375 74.942626953125, -108.474755859375 74.947216796875, -108.594189453125 74.9595703125, -108.75131835937499 74.991943359375, -108.67026367187499 75.00673828125, -108.63330078125 75.023291015625, -108.666015625 75.04033203125, -108.831298828125 75.064892578125, -109.00253906249999 75.010302734375, -109.503125 74.882763671875, -110.17578125 74.839990234375, -110.38671875 74.81396484375, -110.543408203125 74.78037109375, -110.624755859375 74.752685546875, -110.74931640625 74.6876953125, -110.940869140625 74.638720703125, -111.287548828125 74.58515625, -111.7287109375 74.501953125, -112.5193359375 74.416845703125, -113.01689453125 74.401904296875, -113.5140625 74.430078125, -113.67158203125 74.45302734375, -114.174755859375 74.57373046875, -114.26826171875 74.604345703125, -114.376953125 74.670849609375, -114.3126953125 74.715087890625, -114.132470703125 74.76611328125, -113.86289062499999 74.812548828125, -113.32431640624999 74.87529296875, -112.835986328125 74.9755859375, -112.663037109375 74.99443359375, -112.192822265625 75.009765625, -111.95576171875 75.000390625, -111.784228515625 75.0056640625, -111.67109375 75.01943359375, -111.50327148437499 75.055615234375, -111.257958984375 75.127734375, -111.07890625 75.19521484375, -111.03349609375 75.2267578125, -111.09345703125 75.256298828125, -111.181201171875 75.26044921875, -111.47392578125 75.19111328125, -111.620849609375 75.1677734375, -111.78085937499999 75.166162109375, -112.00048828125 75.142431640625, -112.21416015625 75.13291015625, -112.255517578125 75.13369140625, -112.478076171875 75.2, -112.5970703125 75.211669921875, -112.652392578125 75.2046875, -112.703125 75.187158203125, -112.799609375 75.13818359375, -112.85532226562499 75.12060546875, -112.9513671875 75.1078125, -113.3396484375 75.09326171875, -113.71176757812499 75.068603515625, -113.79462890625 75.083837890625, -113.844970703125 75.11220703125, -113.85537109375 75.1294921875, -113.86093749999999 75.187744140625, -113.88603515625 75.2109375, -113.8533203125 75.259375, -113.81088867187499 75.296337890625, -113.7587890625 75.321728515625, -113.50302734374999 75.3966796875, -113.46708984375 75.41611328125, -113.58896484374999 75.412109375, -113.87851562499999 75.375439453125, -113.91635742187499 75.38818359375, -113.984130859375 75.430078125, -114.01650390625 75.43427734375, -114.05341796875 75.41689453125, -114.07490234375 75.3923828125, -114.124658203125 75.2912109375, -114.16845703125 75.239501953125, -114.2849609375 75.249951171875, -114.42900390625 75.28115234375, -114.4828125 75.285400390625, -114.513818359375 75.27548828125, -114.503955078125 75.2580078125, -114.35776367187499 75.1712890625, -114.356103515625 75.140966796875, -114.45175781249999 75.087890625, -114.8591796875 74.999755859375, -115.02011718749999 74.976171875, -115.07705078125 74.985302734375, -115.1283203125 75.00947265625, -115.173828125 75.048828125, -115.27963867187499 75.1015625, -115.34262695312499 75.11337890625, -115.41318359374999 75.114990234375, -115.478076171875 75.1041015625, -115.5373046875 75.080712890625, -115.57407226562499 75.055859375, -115.60898437499999 75.0095703125, -115.683154296875 74.974169921875, -115.72885742187499 74.968115234375, -116.14262695312499 75.041552734375, -116.47607421875 75.17177734375, -116.841015625 75.151513671875, -117.004833984375 75.156103515625, -117.501953125 75.203857421875, -117.56523437499999 75.233349609375, -117.60009765625 75.2716796875, -117.59672851562499 75.292529296875, -117.57607421875 75.3140625, -117.513134765625 75.356787109375, -117.38779296875 75.421484375, -117.335546875 75.442333984375, -117.25761718749999 75.459521484375, -117.15419921875 75.472998046875, -116.890771484375 75.480517578125, -116.212744140625 75.482958984375, -116.0771484375 75.49296875, -115.3353515625 75.61806640625, -115.25068359375 75.63857421875, -115.141845703125 75.678515625, -115.117236328125 75.69501953125, -115.121875 75.705810546875, -116.034326171875 75.606689453125, -116.425634765625 75.5853515625, -117.02519531249999 75.601513671875, -117.137939453125 75.617138671875, -117.16362304687499 75.644873046875, -117.03857421875 75.718408203125, -116.97265625 75.745751953125, -116.8021484375 75.77158203125, -116.3896484375 75.808203125, -115.8380859375 75.840576171875, -115.47685546875 75.84130859375, -115.17373046875 75.8669921875, -114.99150390625 75.896337890625, -115.60224609375 75.89482421875, -116.337890625 75.8810546875, -116.44423828125 75.890625, -116.654296875 75.929296875, -116.66455078125 75.957568359375, -116.58046875 75.991552734375, -116.549658203125 76.016845703125, -116.609765625 76.07373046875, -116.59130859375 76.09580078125, -116.454248046875 76.143212890625, -116.20986328125 76.19443359375, -116.05913085937499 76.201708984375, -115.76826171875 76.184228515625, -114.939404296875 76.16611328125, -114.77861328125 76.172607421875, -114.88017578125 76.194873046875, -115.024560546875 76.211474609375, -115.664453125 76.23984375, -115.796875 76.2525390625, -115.82216796875 76.27001953125, -115.83173828125 76.29580078125, -115.8255859375 76.329833984375, -115.779296875 76.364697265625, -115.58066406249999 76.4375, -114.998486328125 76.4974609375, -114.766845703125 76.505712890625, -114.53476562499999 76.5017578125, -114.298974609375 76.4748046875, -114.19394531249999 76.45146484375, -114.141259765625 76.42265625, -114.115771484375 76.395849609375, -114.11279296875 76.349462890625, -114.10146484375 76.331201171875, -114.058837890625 76.300732421875, -113.923291015625 76.229150390625, -113.823486328125 76.2068359375, -113.36298828125 76.2484375, -113.1712890625 76.257763671875, -112.978466796875 76.244677734375, -112.69760742187499 76.201708984375, -112.33388671875 76.071875, -111.865234375 75.939306640625, -111.867626953125 75.9107421875, -112.04716796875 75.86640625, -112.08090820312499 75.847412109375, -112.056689453125 75.834228515625, -111.877392578125 75.825537109375, -111.709375 75.832080078125, -111.54912109375 75.822119140625, -111.513232421875 75.810693359375, -111.45444335937499 75.762158203125, -111.37275390625 75.67646484375, -111.27568359375 75.6125, -111.16328125 75.57021484375, -111.052685546875 75.54853515625, -110.889599609375 75.546923828125, -110.7255859375 75.559521484375, -110.459375 75.555322265625, -109.086376953125 75.506494140625, -109.005029296875 75.514990234375, -108.94716796875 75.541796875, -108.91259765625 75.586962890625, -108.89951171874999 75.624072265625, -108.918212890625 75.674755859375, -108.944775390625 75.698974609375, -109.796044921875 75.863037109375, -109.8705078125 75.929052734375, -109.454638671875 76.021240234375, -109.424755859375 76.042529296875, -109.41660156249999 76.071826171875, -109.43037109375 76.109130859375, -109.48681640625 76.144677734375, -109.71015625 76.212451171875, -109.90781249999999 76.22265625, -110.20078124999999 76.289453125, -110.247021484375 76.30634765625, -110.28486328125 76.332958984375, -110.314453125 76.369384765625, -110.30947265625 76.397412109375, -110.27001953125 76.4169921875, -109.981591796875 76.484765625, -109.86484374999999 76.52236328125, -109.505029296875 76.691650390625, -109.338525390625 76.7599609375, -109.21953125 76.7919921875, -109.09824218749999 76.811865234375, -108.83164062499999 76.821142578125, -108.55390625 76.758056640625, -108.4923828125 76.75419921875, -108.4669921875 76.73759765625, -108.477783203125 76.708251953125, -108.512451171875 76.6802734375, -108.61181640625 76.629736328125, -108.63515625 76.608544921875, -108.62763671875 76.58671875, -108.559521484375 76.536328125, -108.538623046875 76.503125, -108.52353515624999 76.44716796875, -108.5125 76.438916015625, -108.345458984375 76.391650390625, -108.1935546875 76.330078125, -108.123193359375 76.233447265625, -108.1779296875 76.200048828125, -108.305810546875 76.154052734375, -108.381884765625 76.11572265625, -108.40615234375 76.08505859375, -108.38681640624999 76.066552734375, -108.16630859375 76.054296875, -108.01875 76.065234375, -107.852294921875 76.05771484375, -107.77685546875 76.035302734375, -107.72348632812499 75.99541015625, -107.72128906249999 75.9740234375, -107.7318359375 75.955615234375, -107.75517578125 75.940283203125, -107.97041015625 75.839599609375, -108.020703125 75.80478515625, -107.95107421875 75.7962890625, -107.917529296875 75.8021484375, -107.702587890625 75.877587890625)), ((-106.59736328125 21.712158203125, -106.53642578125 21.67636718749999, -106.50224609375 21.61083984375, -106.53134765624999 21.528515624999997, -106.60703124999999 21.561474609374997, -106.6341796875 21.61313476562499, -106.63935546875 21.69785156249999, -106.59736328125 21.712158203125)), ((-107.94394531249999 66.8578125, -107.96513671875 66.88486328125, -108.059716796875 66.946875, -108.092724609375 67.00517578125, -107.966455078125 66.997265625, -107.80551757812499 66.998583984375, -107.83334960937499 66.921337890625, -107.895166015625 66.871875, -107.94394531249999 66.8578125)), ((-107.90517578125 67.467041015625, -107.89096679687499 67.43720703125, -107.899853515625 67.401806640625, -107.950244140625 67.318212890625, -107.96953125 67.326025390625, -108.003955078125 67.36591796875, -108.07333984374999 67.38505859375, -108.15224609375 67.429443359375, -108.151123046875 67.5248046875, -108.120849609375 67.5681640625, -108.12753906249999 67.628564453125, -108.048974609375 67.664892578125, -107.990869140625 67.622119140625, -107.97490234375 67.549365234375, -107.98935546874999 67.51357421875, -107.90517578125 67.467041015625)), ((-108.88603515625 67.89853515625, -108.89384765625 67.88447265625, -108.920166015625 67.87880859375, -109.096240234375 67.9240234375, -109.1615234375 67.951708984375, -109.18359375 67.975, -109.16640625 67.982373046875, -109.05390625 67.971875, -108.9705078125 67.979736328125, -108.909619140625 67.939404296875, -108.88603515625 67.89853515625)), ((-109.36083984375 67.98759765625, -109.49794921875 68.047021484375, -109.469140625 68.097998046875, -109.34169921875 68.045849609375, -109.32353515625 68.013330078125, -109.32314453125 67.990869140625, -109.36083984375 67.98759765625)), ((-110.418359375 78.294970703125, -110.755078125 78.3107421875, -110.8400390625 78.322314453125, -111.0267578125 78.367626953125, -111.169189453125 78.386279296875, -111.22900390625 78.376318359375, -111.30048828125 78.336572265625, -111.43505859375 78.287353515625, -111.51748046875 78.27470703125, -111.759716796875 78.282958984375, -112.13125 78.366064453125, -112.5578125 78.34150390625, -112.99990234375 78.292919921875, -113.172509765625 78.2837890625, -113.223046875 78.297900390625, -113.29257812499999 78.334375, -113.281689453125 78.352783203125, -113.149951171875 78.4083984375, -112.855859375 78.466845703125, -112.6408203125 78.4998046875, -112.214013671875 78.547802734375, -111.7087890625 78.57470703125, -111.51987304687499 78.60322265625, -111.400341796875 78.64404296875, -111.071484375 78.7083984375, -110.877587890625 78.73505859375, -110.61806640625 78.7578125, -110.40781249999999 78.756640625, -110.14047851562499 78.704443359375, -109.940869140625 78.678466796875, -109.815966796875 78.650390625, -109.64096679687499 78.59208984375, -109.580859375 78.59326171875, -109.504150390625 78.582470703125, -109.46728515625 78.5671875, -109.36220703125 78.49287109375, -109.34213867187499 78.456005859375, -109.33603515624999 78.408447265625, -109.352099609375 78.36865234375, -109.39052734375 78.336669921875, -109.48447265624999 78.31640625, -109.7087890625 78.303759765625, -110.021875 78.322802734375, -110.29345703125 78.298193359375, -110.418359375 78.294970703125)), ((-110.152734375 77.762939453125, -110.130859375 77.7423828125, -110.117578125 77.715576171875, -110.11689453125 77.62470703125, -110.139453125 77.572119140625, -110.198486328125 77.52451171875, -110.371533203125 77.490625, -110.682861328125 77.4458984375, -110.893994140625 77.4259765625, -111.06044921875 77.433154296875, -111.226220703125 77.428515625, -111.951953125 77.344189453125, -112.176513671875 77.34375, -112.37265624999999 77.364111328125, -112.643798828125 77.443701171875, -112.92563476562499 77.474951171875, -113.046044921875 77.5107421875, -113.16435546875 77.5302734375, -113.19711914062499 77.558837890625, -113.208544921875 77.58017578125, -113.188623046875 77.599755859375, -113.13740234375 77.617529296875, -113.120654296875 77.6326171875, -113.1677734375 77.67646484375, -113.189501953125 77.718310546875, -113.2712890625 77.77841796875, -113.283447265625 77.813037109375, -113.282958984375 77.83564453125, -113.2693359375 77.86005859375, -113.21518554687499 77.903515625, -113.187060546875 77.912353515625, -113.021630859375 77.919140625, -112.80454101562499 77.9416015625, -112.30458984375 78.006787109375, -111.206591796875 78.088134765625, -110.8732421875 78.080615234375, -110.72734375 78.09658203125, -110.458056640625 78.10322265625, -109.622265625 78.074755859375, -109.61904296875 78.0568359375, -109.67939453125 77.99931640625, -109.77177734375 77.957421875, -110.19951171875 77.904833984375, -110.751123046875 77.8572265625, -110.865625 77.834130859375, -110.85654296874999 77.820361328125, -110.81162109374999 77.803173828125, -110.719384765625 77.7814453125, -110.2921875 77.786376953125, -110.189208984375 77.777001953125, -110.152734375 77.762939453125)), ((-109.805078125 24.151074218749997, -109.82675781249999 24.14755859374999, -109.8779296875 24.200634765624997, -109.90048828124999 24.33090820312499, -109.89033203125 24.34482421874999, -109.79379882812499 24.183398437500003, -109.805078125 24.151074218749997)), ((-110.699267578125 25.081445312499994, -110.690234375 25.087841796874997, -110.59521484375 25.042138671874994, -110.5673828125 25.003466796875003, -110.5388671875 24.891552734374997, -110.59018554687499 24.90805664062499, -110.657421875 24.96884765624999, -110.70341796875 25.046630859375, -110.699267578125 25.081445312499994)), ((-111.063671875 18.781640624999994, -111.03994140625 18.830126953125003, -110.989404296875 18.86313476562499, -110.94208984375 18.801708984374997, -110.914453125 18.741455078125, -110.9748046875 18.720361328124994, -111.063671875 18.781640624999994)), ((-111.2044921875 25.84970703124999, -111.224658203125 25.835888671874997, -111.18291015625 26.040625, -111.13925781249999 26.06982421875, -111.090869140625 26.07568359375, -111.10029296875 26.02060546875, -111.08774414062499 25.984521484374994, -111.09443359375 25.974072265624997, -111.13525390625 25.999169921874994, -111.2044921875 25.84970703124999)), ((-111.8568359375 24.537988281249994, -111.698876953125 24.393603515625003, -111.7123046875 24.346386718749997, -112.01328124999999 24.533398437499997, -111.940869140625 24.55112304687499, -111.8568359375 24.537988281249994)), ((-112.12626953125 24.654003906249997, -112.06748046874999 24.583642578124994, -112.057275390625 24.545703125000003, -112.07734375 24.534570312499994, -112.162890625 24.650292968749994, -112.17548828125 24.72958984374999, -112.210498046875 24.763134765624997, -112.29677734375 24.78964843749999, -112.222314453125 24.951123046874997, -112.159423828125 25.28564453125, -112.13168945312499 25.224365234375, -112.198388671875 24.885449218749997, -112.19501953125 24.841064453125, -112.16376953125 24.79965820312499, -112.13022460937499 24.72958984374999, -112.12626953125 24.654003906249997)), ((-112.531005859375 28.893994140624997, -112.46982421874999 29.167724609375, -112.42353515625 29.203662109374996, -112.28505859375 29.240429687499997, -112.263427734375 29.206787109375, -112.24873046875 29.1259765625, -112.203076171875 29.005322265624997, -112.27841796874999 28.769335937499996, -112.3552734375 28.773144531249997, -112.5140625 28.847607421874997, -112.531005859375 28.893994140624997)), ((-113.16279296875 29.034765625, -113.26474609374999 29.096728515624996, -113.496337890625 29.3076171875, -113.580615234375 29.413232421874994, -113.594384765625 29.462695312499996, -113.58720703125 29.573046874999996, -113.507958984375 29.559912109375, -113.41591796875 29.4859375, -113.37583007812499 29.41748046875, -113.373828125 29.338916015624996, -113.2021484375 29.30185546875, -113.1779296875 29.13193359375, -113.15561523437499 29.05224609375, -113.16279296875 29.034765625)), ((-113.712451171875 76.710546875, -114.75146484375 76.75888671875, -114.80830078125 76.774072265625, -114.83525390625 76.794677734375, -114.64707031249999 76.851025390625, -114.419873046875 76.875341796875, -113.891650390625 76.894873046875, -113.70751953125 76.87294921875, -113.585400390625 76.847314453125, -113.51650390625 76.825048828125, -113.48759765625 76.783251953125, -113.560693359375 76.74326171875, -113.712451171875 76.710546875)), ((-114.279833984375 78.004296875, -114.18095703125 77.9982421875, -114.08720703125 77.9779296875, -113.89775390625 77.915576171875, -113.768017578125 77.903564453125, -113.72138671875 77.889892578125, -113.6966796875 77.8689453125, -113.617919921875 77.832421875, -113.619384765625 77.8134765625, -113.725830078125 77.77578125, -113.832470703125 77.754638671875, -114.105908203125 77.720703125, -114.28720703124999 77.721484375, -114.608349609375 77.7693359375, -114.980419921875 77.9154296875, -115.029345703125 77.967529296875, -114.8904296875 77.976904296875, -114.789501953125 77.992919921875, -114.72646484375 78.01552734375, -114.606884765625 78.04033203125, -114.33037109375 78.0775390625, -114.296875 78.06318359375, -114.302880859375 78.03271484375, -114.279833984375 78.004296875)), ((-114.694140625 31.705615234374996, -114.72724609375 31.701367187499997, -114.789208984375 31.747412109375, -114.7845703125 31.789794921875, -114.77109374999999 31.794091796874994, -114.70908203124999 31.756884765624996, -114.687939453125 31.72421875, -114.694140625 31.705615234374996)), ((-115.19697265625 28.327880859375, -115.14853515624999 28.172119140625, -115.18427734375 28.037255859374994, -115.3529296875 28.103955078124997, -115.260400390625 28.220556640625, -115.273974609375 28.3427734375, -115.233544921875 28.368359374999997, -115.19697265625 28.327880859375)), ((-118.62529296874999 74.23251953125, -118.54399414062499 74.24462890625, -118.199658203125 74.266748046875, -117.96586914062499 74.266064453125, -117.707470703125 74.25234375, -117.51484375 74.23173828125, -117.198828125 74.171142578125, -116.950390625 74.101416015625, -116.72236328125 74.0271484375, -115.95771484375 73.74794921875, -115.634326171875 73.66552734375, -115.510693359375 73.61875, -115.45566406249999 73.58466796875, -115.40751953125 73.54189453125, -115.392822265625 73.501953125, -115.411572265625 73.464794921875, -115.44687499999999 73.4388671875, -115.524462890625 73.416748046875, -115.99228515624999 73.3232421875, -116.238623046875 73.294580078125, -116.48251953125 73.25322265625, -117.0654296875 73.107275390625, -117.464453125 73.037744140625, -117.98320312499999 72.902197265625, -118.961572265625 72.684130859375, -119.077978515625 72.64033203125, -119.13154296875 72.608837890625, -119.40776367187499 72.360400390625, -119.512841796875 72.302685546875, -119.76748046875 72.24384765625, -120.08974609375 72.229150390625, -120.1798828125 72.212646484375, -120.19443359375 72.1267578125, -120.310009765625 71.98408203125, -120.36625976562499 71.888037109375, -120.44316406249999 71.630810546875, -120.4609375 71.605078125, -120.519677734375 71.557421875, -120.6193359375 71.50576171875, -120.930322265625 71.446240234375, -121.159814453125 71.414990234375, -121.47216796875 71.389013671875, -121.546826171875 71.406787109375, -121.62216796875 71.447607421875, -121.70068359375 71.451171875, -121.749365234375 71.444775390625, -122.156640625 71.26591796875, -122.54951171875 71.1935546875, -122.71977539062499 71.128173828125, -122.83994140625 71.0974609375, -122.9365234375 71.08798828125, -123.095654296875 71.093798828125, -123.210595703125 71.1234375, -123.31474609374999 71.169189453125, -123.39335937499999 71.21884765625, -123.595166015625 71.423193359375, -123.6818359375 71.493115234375, -123.75556640625 71.52802734375, -123.953271484375 71.652490234375, -124.007763671875 71.67744140625, -124.7599609375 71.83515625, -125.126123046875 71.9236328125, -125.21464843749999 71.95478515625, -125.29667968749999 71.973046875, -125.76689453124999 71.96083984375, -125.8291015625 71.965625, -125.8453125 71.978662109375, -125.7896484375 72.025, -125.767724609375 72.054248046875, -125.760498046875 72.08291015625, -125.76860351562499 72.129150390625, -125.76259765625 72.1375, -125.58378906249999 72.183056640625, -125.61279296875 72.192529296875, -125.6337890625 72.210302734375, -125.64677734374999 72.2365234375, -125.627294921875 72.254833984375, -125.57548828124999 72.265283203125, -125.51240234375 72.30771484375, -125.4380859375 72.382080078125, -125.382763671875 72.423828125, -125.306005859375 72.450732421875, -125.168310546875 72.522607421875, -125.07021484375 72.551611328125, -124.98710937499999 72.58798828125, -124.98466796874999 72.60439453125, -125.0185546875 72.6169921875, -125.030224609375 72.644775390625, -125.01474609375 72.7314453125, -125.01542968749999 72.77607421875, -125.000390625 72.813330078125, -124.969677734375 72.843310546875, -124.930859375 72.86318359375, -124.58256835937499 72.925927734375, -124.56494140625 72.944140625, -124.56083984374999 72.9650390625, -124.57021484375 72.988720703125, -124.58828125 73.005322265625, -124.643310546875 73.0189453125, -124.73642578125 73.022705078125, -124.81708984375 73.0587890625, -124.83642578125 73.07626953125, -124.804052734375 73.12568359375, -124.646923828125 73.204443359375, -124.593994140625 73.243310546875, -124.42421875 73.418701171875, -124.11416015625 73.527392578125, -124.03017578125 73.64423828125, -123.797265625 73.7681640625, -123.797802734375 73.785302734375, -123.873046875 73.827587890625, -124.088037109375 73.856884765625, -124.19150390625 73.902001953125, -124.2607421875 73.953271484375, -124.575341796875 74.24814453125, -124.6291015625 74.27001953125, -124.64501953125 74.304345703125, -124.709326171875 74.327001953125, -124.696240234375 74.348193359375, -123.46831054687499 74.4361328125, -122.62314453125 74.46416015625, -121.747900390625 74.540625, -121.504150390625 74.5451171875, -121.31523437499999 74.52998046875, -121.12871093749999 74.490234375, -120.88164062499999 74.420751953125, -120.55449218749999 74.3529296875, -119.943603515625 74.2537109375, -119.562646484375 74.2328125, -119.71538085937499 74.153662109375, -119.7369140625 74.129931640625, -119.736328125 74.112646484375, -119.72856445312499 74.108447265625, -119.47109375 74.201220703125, -119.31484375 74.20625, -119.20595703125 74.197998046875, -119.17143554687499 74.186181640625, -119.149609375 74.16787109375, -119.13876953125 74.127587890625, -119.13188476562499 74.027880859375, -119.11796874999999 74.01552734375, -119.08251953125 74.02119140625, -119.02568359374999 74.0447265625, -118.744140625 74.19208984375, -118.62529296874999 74.23251953125)), ((-116.25273437499999 76.901416015625, -116.233984375 76.87431640625, -116.0162109375 76.784521484375, -115.944580078125 76.73623046875, -115.9462890625 76.711279296875, -115.984814453125 76.6869140625, -116.220458984375 76.611083984375, -116.467626953125 76.5771484375, -116.99921875 76.531591796875, -117.016796875 76.49609375, -117.01328125 76.469091796875, -117.02617187499999 76.403515625, -117.04448242187499 76.373095703125, -117.107763671875 76.321923828125, -117.15390625 76.297998046875, -117.23359375 76.28154296875, -117.346923828125 76.27255859375, -117.4923828125 76.272705078125, -117.732421875 76.316748046875, -117.84140625 76.34482421875, -117.99296874999999 76.405810546875, -118.02021484375 76.446533203125, -118.00541992187499 76.4966796875, -117.9654296875 76.5740234375, -117.89951171875 76.653076171875, -117.8076171875 76.733935546875, -117.78046875 76.78427734375, -117.81791992187499 76.8041015625, -117.880810546875 76.805078125, -118.076416015625 76.77236328125, -118.202783203125 76.760498046875, -118.30058593749999 76.736669921875, -118.369873046875 76.7009765625, -118.409130859375 76.6623046875, -118.431005859375 76.58798828125, -118.4681640625 76.54736328125, -118.573681640625 76.5251953125, -118.73154296875 76.5255859375, -118.79140625 76.51298828125, -118.820751953125 76.48583984375, -118.799560546875 76.46376953125, -118.643896484375 76.417529296875, -118.62451171875 76.365869140625, -118.643408203125 76.33466796875, -118.85112304687499 76.2578125, -118.95546875 76.16767578125, -118.99394531249999 76.144873046875, -119.080712890625 76.124072265625, -119.168212890625 76.126513671875, -119.249267578125 76.15947265625, -119.367919921875 76.22177734375, -119.44780273437499 76.275390625, -119.48881835937499 76.3203125, -119.52373046874999 76.340283203125, -119.58037109374999 76.326513671875, -119.64892578125 76.2798828125, -119.65078125 76.243701171875, -119.63583984375 76.189892578125, -119.6396484375 76.156689453125, -119.7396484375 76.117724609375, -119.7251953125 76.099951171875, -119.54970703125 76.05205078125, -119.52714843749999 76.03056640625, -119.526123046875 75.997216796875, -119.537744140625 75.982177734375, -119.60795898437499 75.9845703125, -119.667138671875 75.94599609375, -119.734814453125 75.9154296875, -119.91289062499999 75.858837890625, -120.160546875 75.851953125, -120.365380859375 75.824755859375, -120.40888671875 75.825634765625, -120.45830078124999 75.870166015625, -120.513818359375 75.958349609375, -120.56328124999999 76.008447265625, -120.637158203125 76.034033203125, -120.728662109375 76.13408203125, -120.77158203125 76.16630859375, -120.848388671875 76.182666015625, -120.90009765625 76.163427734375, -121.019287109375 76.020263671875, -121.2134765625 75.98369140625, -121.320166015625 75.977001953125, -121.427978515625 75.981103515625, -121.69453125 76.0203125, -121.908203125 76.034765625, -122.05742187499999 76.018212890625, -122.302734375 75.959814453125, -122.40048828125 75.94423828125, -122.533056640625 75.950927734375, -122.59111328124999 75.972998046875, -122.640478515625 76.00908203125, -122.645947265625 76.031005859375, -122.607373046875 76.038671875, -122.546240234375 76.080517578125, -122.548193359375 76.097314453125, -122.608642578125 76.121435546875, -122.60947265625 76.140283203125, -122.587890625 76.152978515625, -122.592724609375 76.162060546875, -122.62392578125 76.16748046875, -122.68466796875 76.16240234375, -122.902783203125 76.134716796875, -122.878271484375 76.164794921875, -122.7740234375 76.227685546875, -122.519384765625 76.353173828125, -122.423046875 76.390087890625, -122.365380859375 76.401220703125, -121.61376953125 76.441455078125, -121.5611328125 76.453466796875, -121.20390624999999 76.62216796875, -121.102001953125 76.6607421875, -120.99760742187499 76.691455078125, -120.4853515625 76.793212890625, -120.43759765625 76.816455078125, -120.357666015625 76.8869140625, -120.3109375 76.90458984375, -120.200341796875 76.93134765625, -119.83115234375 77.073876953125, -119.49482421875 77.176904296875, -119.323974609375 77.240673828125, -119.090185546875 77.305078125, -118.82001953125 77.33271484375, -118.00517578124999 77.381201171875, -117.418603515625 77.3173828125, -117.27910156249999 77.31337890625, -117.210791015625 77.3314453125, -117.14897460937499 77.36083984375, -117.061376953125 77.348486328125, -116.84355468749999 77.33955078125, -116.7953125 77.34658203125, -116.70361328125 77.379931640625, -116.766259765625 77.3982421875, -117.02978515625 77.431884765625, -117.045751953125 77.448974609375, -117.03974609375 77.46513671875, -116.94716796875 77.503857421875, -116.835302734375 77.528857421875, -116.511328125 77.547607421875, -116.36259765624999 77.542822265625, -116.20888671875 77.516015625, -116.0080078125 77.46064453125, -115.55126953125 77.36328125, -115.4755859375 77.32431640625, -115.47021484375 77.308642578125, -115.506640625 77.292138671875, -115.62392578125 77.26591796875, -116.213720703125 77.17822265625, -116.32919921875 77.137060546875, -116.2857421875 77.10166015625, -116.073095703125 77.02998046875, -115.8568359375 76.96923828125, -115.81005859375 76.939111328125, -115.912890625 76.908447265625, -116.109765625 76.918212890625, -116.183251953125 76.915576171875, -116.25273437499999 76.901416015625)), ((-117.88935546875 76.07607421875, -117.75249023437499 76.112451171875, -117.63369140625 76.115087890625, -117.51259765625 76.0994140625, -117.49912109375 76.077197265625, -117.6263671875 75.965966796875, -117.715966796875 75.921142578125, -117.8908203125 75.80546875, -118.226513671875 75.611181640625, -118.328125 75.5796875, -118.6138671875 75.5154296875, -118.817138671875 75.522119140625, -119.086669921875 75.5693359375, -119.3060546875 75.5853515625, -119.383251953125 75.601025390625, -119.39458007812499 75.617333984375, -119.320166015625 75.662548828125, -119.226806640625 75.6986328125, -119.00346679687499 75.769580078125, -118.62607421875 75.90625, -118.37900390625 75.957958984375, -118.136669921875 75.994482421875, -117.88935546875 76.07607421875)), ((-118.367822265625 29.18759765625, -118.31230468749999 29.182861328125, -118.31206054687499 29.130517578124994, -118.26552734375 29.08642578125, -118.24736328124999 29.043359374999994, -118.2427734375 28.941943359374996, -118.285498046875 28.903759765624997, -118.40009765625 29.1123046875, -118.4013671875 29.162744140624994, -118.367822265625 29.18759765625)), ((-118.2974609375 33.312109375, -118.37021484375 33.321240234375, -118.4462890625 33.31708984375, -118.492041015625 33.41279296875, -118.50732421875 33.427001953125, -118.559423828125 33.431982421875, -118.56943359375 33.464160156249996, -118.554833984375 33.477099609374996, -118.39169921875 33.415087890624996, -118.34794921874999 33.3857421875, -118.2974609375 33.312109375)), ((-118.557080078125 33.032666015625, -118.507470703125 32.959912109375, -118.35039062499999 32.827587890625, -118.40859375 32.818505859374994, -118.47319335937499 32.838916015624996, -118.52890625 32.935595703124996, -118.590185546875 33.011181640625, -118.557080078125 33.032666015625)), ((-119.442041015625 33.232421875, -119.43803710937499 33.217187499999994, -119.54365234375 33.224609375, -119.5751953125 33.2783203125, -119.525146484375 33.282031249999996, -119.47880859374999 33.274609375, -119.442041015625 33.232421875)), ((-119.8095703125 33.9677734375, -119.885498046875 33.994921874999996, -119.892431640625 34.032177734375, -119.91806640625 34.067822265625, -119.88237304687499 34.0796875, -119.678857421875 34.028466796874994, -119.56914062499999 34.052978515625, -119.549267578125 34.028173828125, -119.56220703125 34.006591796875, -119.8095703125 33.9677734375)), ((-120.0435546875 33.918847656249994, -120.113916015625 33.9048828125, -120.167138671875 33.91806640625, -120.251904296875 34.0138671875, -120.07182617187499 34.026513671874994, -119.98393554687499 33.97333984375, -120.0435546875 33.918847656249994)), ((-120.359716796875 34.022265624999996, -120.441552734375 34.03291015625, -120.412939453125 34.056298828124994, -120.36772460937499 34.073291015624996, -120.306591796875 34.024853515625, -120.359716796875 34.022265624999996)), ((-120.954931640625 75.78876953125, -121.07622070312499 75.745263671875, -121.154296875 75.740625, -121.24091796875 75.75185546875, -121.22109375 75.777490234375, -121.026318359375 75.847509765625, -121.01542968749999 75.867529296875, -121.01806640625 75.883837890625, -121.04228515624999 75.902978515625, -120.993017578125 75.92744140625, -120.91396484375 75.9375, -120.88779296875 75.927978515625, -120.87871093749999 75.906689453125, -120.896875 75.84453125, -120.954931640625 75.78876953125)), ((-122.62265625 48.151416015624996, -122.65727539062499 48.156494140625, -122.690380859375 48.173876953124996, -122.74873046875 48.239013671875, -122.66899414062499 48.351025390625, -122.62861328125 48.384228515625, -122.603515625 48.380615234375, -122.535546875 48.321191406249994, -122.542431640625 48.293994140624996, -122.692138671875 48.241064453125, -122.697021484375 48.228662109374994, -122.6244140625 48.213769531249994, -122.597607421875 48.200439453125, -122.57275390625 48.156640624999994, -122.523828125 48.025439453124996, -122.50283203125 48.080078125, -122.36674804687499 47.98544921875, -122.3666015625 47.938818359375, -122.383154296875 47.923193359375, -122.41142578124999 47.917724609375, -122.43759765625 47.93134765625, -122.46162109375 47.964013671874994, -122.49228515625 47.981298828125, -122.55751953125 47.992480468749996, -122.59135742187499 48.029638671875, -122.603173828125 48.055029296875, -122.606298828125 48.128564453124994, -122.62265625 48.151416015624996)), ((-122.456982421875 47.359326171875, -122.458203125 47.386132812499994, -122.46855468749999 47.390234375, -122.509912109375 47.3580078125, -122.5068359375 47.421679687499996, -122.486474609375 47.48876953125, -122.468603515625 47.489990234375, -122.44208984375 47.446142578125, -122.394140625 47.395263671875, -122.39873046874999 47.372509765625, -122.437109375 47.354785156249996, -122.456982421875 47.359326171875)), ((-122.57373046875 47.666845703125, -122.56010742187499 47.69775390625, -122.549755859375 47.703955078125, -122.50786132812499 47.682666015624996, -122.497265625 47.594580078125, -122.50263671875 47.575439453125, -122.5578125 47.598291015624994, -122.575927734375 47.619482421875, -122.57373046875 47.666845703125)), ((-122.76884765624999 48.6509765625, -122.808984375 48.629833984375, -122.83759765625 48.6265625, -122.88310546874999 48.66064453125, -122.90302734375 48.664697265624994, -122.88701171874999 48.6123046875, -122.892529296875 48.594482421875, -122.98564453124999 48.626708984375, -123.00283203125 48.652197265625, -122.97666015625 48.679150390625, -122.897705078125 48.710351562499994, -122.78212890625 48.672705078125, -122.76884765624999 48.6509765625)), ((-122.932275390625 48.484765624999994, -122.91220703125 48.537988281249994, -122.885498046875 48.551611328125, -122.868896484375 48.548632812499996, -122.8619140625 48.501855468749994, -122.814599609375 48.45234375, -122.8208984375 48.43134765625, -122.836572265625 48.421533203124994, -122.8900390625 48.43466796875, -122.921630859375 48.456933593749994, -122.932275390625 48.484765624999994)), ((-122.84916992187499 47.21630859375, -122.86259765624999 47.18505859375, -122.87675781249999 47.1861328125, -122.907958984375 47.226123046874996, -122.91191406249999 47.254345703125, -122.885107421875 47.274707031249996, -122.84916992187499 47.21630859375)), ((-123.15341796875 48.526318359375, -123.169580078125 48.586718749999996, -123.16215820312499 48.606396484375, -123.11416015625 48.61328125, -123.024169921875 48.538476562499994, -123.013134765625 48.500878906249994, -122.986767578125 48.468017578125, -123.09443359375 48.489062499999996, -123.13994140624999 48.507958984374994, -123.15341796875 48.526318359375)), ((-124.9306640625 49.6431640625, -124.83061523437499 49.530078124999996, -124.64287109374999 49.428662109375, -124.495947265625 49.380273437499994, -124.185888671875 49.300585937499996, -123.99580078125 49.224023437499994, -123.937158203125 49.170800781249994, -123.8544921875 49.119189453124996, -123.82001953125 49.08349609375, -123.752294921875 48.951220703124996, -123.6265625 48.824023437499996, -123.497021484375 48.582080078124996, -123.4728515625 48.602294921875, -123.457958984375 48.6744140625, -123.44306640625 48.690478515624996, -123.415478515625 48.698193359375, -123.389892578125 48.670214843749996, -123.36630859375 48.6064453125, -123.2837890625 48.45517578125, -123.31064453125 48.411035156249994, -123.33452148437499 48.406494140625, -123.4458984375 48.42724609375, -123.4845703125 48.40009765625, -123.536474609375 48.344970703125, -123.57314453125 48.322802734374996, -123.59462890625 48.333544921874996, -123.916943359375 48.386572265625, -124.689404296875 48.597314453124994, -124.86826171875 48.653613281249996, -125.120703125 48.760791015624996, -125.140283203125 48.802636718749994, -125.135693359375 48.822412109374994, -124.934765625 48.956347656249996, -124.84965820312499 49.028271484375, -124.817041015625 49.083300781249996, -124.800244140625 49.141552734375, -124.812646484375 49.212646484375, -124.820751953125 49.20712890625, -124.838720703125 49.139062499999994, -124.868310546875 49.078515624999994, -124.904443359375 49.031005859375, -124.92734375 49.014208984374996, -125.168212890625 48.991015624999996, -125.362744140625 48.9982421875, -125.460302734375 48.941064453124994, -125.489453125 48.9337890625, -125.543115234375 48.95283203125, -125.660498046875 49.029150390625, -125.828515625 49.091845703124996, -125.811962890625 49.107226562499996, -125.702294921875 49.139208984374996, -125.64423828125 49.185791015625, -125.654638671875 49.193212890625, -125.693701171875 49.190380859375, -125.72802734375 49.199853515624994, -125.79638671875 49.260205078125, -125.83544921875 49.276660156249996, -125.918359375 49.24951171875, -125.95166015625 49.248046875, -125.983837890625 49.287890624999996, -125.9376953125 49.379785156249994, -125.935400390625 49.40146484375, -126.02031249999999 49.368017578125, -126.04833984375 49.37900390625, -126.07490234375 49.4087890625, -126.099853515625 49.421289062499994, -126.16884765625 49.415185546874994, -126.243603515625 49.442675781249996, -126.2697265625 49.431884765625, -126.279638671875 49.3921875, -126.30449218749999 49.38203125, -126.418603515625 49.449023437499996, -126.44453125 49.451123046875, -126.499853515625 49.399951171874996, -126.519140625 49.396777343749996, -126.54853515625 49.4189453125, -126.563720703125 49.543261718749996, -126.557470703125 49.57861328125, -126.54189453125 49.590478515624994, -126.4427734375 49.619287109374994, -126.1578125 49.650146484375, -126.13408203124999 49.672314453125, -126.34755859375 49.66083984375, -126.403173828125 49.677734375, -126.46279296875 49.72021484375, -126.525244140625 49.719580078125, -126.558251953125 49.7333984375, -126.59287109375 49.764111328125, -126.68310546875 49.87646484375, -126.74462890625 49.904931640624994, -126.849365234375 49.922802734375, -126.9033203125 49.944140624999996, -126.92607421874999 49.934716796874994, -126.94794921875 49.902685546875, -126.97709960937499 49.8828125, -127.04873046875 49.871533203125, -127.11430664062499 49.879736328125, -127.16552734375 49.910449218749996, -127.1958984375 49.949169921875, -127.20751953125 49.992431640625, -127.1791015625 50.05029296875, -127.179638671875 50.073144531249994, -127.192333984375 50.099902343749996, -127.215673828125 50.121484374999994, -127.24980468749999 50.137988281249996, -127.268408203125 50.129345703125, -127.27153320312499 50.095556640625, -127.2900390625 50.070849609374996, -127.34941406249999 50.051953125, -127.397900390625 50.085009765624996, -127.42978515625 50.130859375, -127.467138671875 50.163427734375, -127.67485351562499 50.163330078125, -127.770458984375 50.121142578124996, -127.81630859375 50.117724609374996, -127.863916015625 50.127734374999996, -127.872998046875 50.15009765625, -127.82817382812499 50.21142578125, -127.83916015624999 50.293212890625, -127.850830078125 50.313720703125, -127.9466796875 50.326220703124996, -127.96293945312499 50.345996093749996, -127.905859375 50.445214843749994, -127.8740234375 50.46396484375, -127.83154296875 50.471044921875, -127.64140624999999 50.4791015625, -127.578125 50.46494140625, -127.4865234375 50.404638671875, -127.48935546875 50.42734375, -127.5240234375 50.495751953124994, -127.52900390625 50.536767578124994, -127.46591796875 50.58310546875, -127.526220703125 50.5966796875, -127.75146484375 50.607373046875, -127.74970703125 50.577734375, -127.73115234375 50.5357421875, -127.864697265625 50.498876953125, -127.96367187499999 50.492626953125, -128.058349609375 50.498486328125, -128.13564453125 50.520556640624996, -128.267431640625 50.609277343749994, -128.34990234375 50.696582031249996, -128.346044921875 50.74423828125, -128.300830078125 50.794140625, -128.241552734375 50.828173828124996, -128.101318359375 50.857763671875, -127.91806640625 50.860546875, -127.713037109375 50.820751953125, -127.19731445312499 50.640380859375, -126.700927734375 50.515527343749994, -126.203857421875 50.453857421875, -125.83916015624999 50.380810546875, -125.615234375 50.358544921874994, -125.534326171875 50.34248046875, -125.482080078125 50.316796874999994, -125.42045898437499 50.254638671875, -125.31396484375 50.106689453125, -125.23320312499999 50.01220703125, -125.06640625 49.848193359374996, -124.93466796875 49.731640625, -124.904638671875 49.685351562499996, -124.93242187499999 49.670458984374996, -124.9306640625 49.6431640625)), ((-123.3779296875 48.908251953124996, -123.37236328124999 48.886132812499994, -123.38481445312499 48.8751953125, -123.541015625 48.945947265624994, -123.64560546875 49.038623046874996, -123.68925781249999 49.095117187499994, -123.48232421875 48.9546875, -123.3779296875 48.908251953124996)), ((-123.58232421874999 48.92578125, -123.5546875 48.9220703125, -123.46787109375 48.8673828125, -123.487548828125 48.845703125, -123.42275390625 48.793359374999994, -123.40678710937499 48.7560546875, -123.435400390625 48.754443359374996, -123.47724609375 48.728759765625, -123.499609375 48.732177734375, -123.517529296875 48.750146484374994, -123.58232421874999 48.92578125)), ((-124.139794921875 49.5103515625, -124.3623046875 49.588183593749996, -124.4572265625 49.634228515625, -124.517822265625 49.686328124999996, -124.63095703125 49.735693359375, -124.649853515625 49.758349609374996, -124.623291015625 49.77509765625, -124.54716796874999 49.764941406249996, -124.421484375 49.727783203125, -124.30913085937499 49.667285156249996, -124.153662109375 49.531152343749994, -124.139794921875 49.5103515625)), ((-124.98701171875 50.195849609374996, -124.9908203125 50.217138671875, -124.937841796875 50.165917968749994, -124.91640625 50.13154296875, -124.908447265625 50.0712890625, -125.0015625 50.020751953125, -125.0259765625 50.134082031249996, -124.98701171875 50.195849609374996)), ((-125.18413085937499 50.097119140625, -125.19511718749999 50.044335937499994, -125.25957031249999 50.130029296874994, -125.35844726562499 50.3115234375, -125.3453125 50.353955078125, -125.301171875 50.4140625, -125.2609375 50.417822265625, -125.19599609375 50.38974609375, -125.139501953125 50.339697265625, -125.09140625 50.2677734375, -125.07402343749999 50.220654296875, -125.11298828125 50.163476562499994, -125.18413085937499 50.097119140625)), ((-126.09208984374999 49.35400390625, -126.06401367187499 49.263623046875, -126.18681640624999 49.278124999999996, -126.229638671875 49.295654296875, -126.2314453125 49.3390625, -126.20854492187499 49.379785156249994, -126.11528320312499 49.365039062499996, -126.09208984374999 49.35400390625)), ((-126.628173828125 49.675146484375, -126.62578124999999 49.626806640625, -126.6412109375 49.605810546875, -126.680419921875 49.601367187499996, -126.743408203125 49.6134765625, -126.814208984375 49.64208984375, -126.93857421875 49.71845703125, -126.95126953125 49.735693359375, -126.9400390625 49.75048828125, -126.9048828125 49.76279296875, -126.896875 49.78291015625, -126.92583007812499 49.837744140625, -126.82607421875 49.872363281249996, -126.738134765625 49.843652343749994, -126.69814453125 49.808496093749994, -126.64990234375 49.74580078125, -126.628173828125 49.675146484375)), ((-127.924658203125 51.473876953125, -127.941259765625 51.457177734374994, -127.98124999999999 51.4572265625, -128.04453125 51.474023437499994, -128.091796875 51.511132812499994, -128.148779296875 51.626708984375, -128.1423828125 51.64658203125, -128.12275390625 51.666796874999996, -128.03173828125 51.7083984375, -127.998681640625 51.70380859375, -127.98681640625 51.673583984375, -127.916357421875 51.58544921875, -127.91630859374999 51.506201171875, -127.924658203125 51.473876953125)), ((-128.36875 52.40087890625, -128.44541015625 52.387499999999996, -128.4125 52.4728515625, -128.42626953125 52.502734374999996, -128.4359375 52.560351562499996, -128.439794921875 52.69638671875, -128.364892578125 52.781884765625, -128.247265625 52.784375, -128.2484375 52.7412109375, -128.323779296875 52.458984375, -128.36875 52.40087890625)), ((-129.0228515625 52.75595703125, -129.084716796875 52.8224609375, -129.094873046875 52.891845703125, -129.175927734375 52.96494140625, -129.184326171875 52.990673828125, -129.177685546875 53.017919921875, -129.111083984375 53.090673828125, -129.08408203125 53.139697265624996, -129.0603515625 53.240625, -129.033251953125 53.279931640625, -128.97021484375 53.274365234375, -128.85771484375 53.228564453124996, -128.740380859375 53.178857421875, -128.632666015625 53.1125, -128.55244140625 52.939746093749996, -128.50654296875 52.620703125, -128.509912109375 52.518603515624996, -128.576806640625 52.451806640625, -128.6240234375 52.339892578124996, -128.678955078125 52.2896484375, -128.730908203125 52.35654296875, -128.735546875 52.467724609375, -128.7494140625 52.5560546875, -128.766455078125 52.598388671875, -128.746337890625 52.76337890625, -128.76962890625 52.751220703125, -128.831201171875 52.67880859375, -128.8998046875 52.673828125, -129.0228515625 52.75595703125)), ((-128.968701171875 52.4642578125, -129.10234375 52.574365234375, -129.151025390625 52.605322265625, -129.25048828125 52.72216796875, -129.2677734375 52.77236328125, -129.263525390625 52.80078125, -129.245947265625 52.81123046875, -129.186181640625 52.791259765625, -128.993994140625 52.66171875, -128.94033203125 52.600732421875, -128.936865234375 52.510009765625, -128.968701171875 52.4642578125)), ((-129.1732421875 53.1107421875, -129.27685546875 53.1109375, -129.305712890625 53.121142578124996, -129.323876953125 53.142138671874996, -129.33125 53.173974609375, -129.31435546875 53.2123046875, -129.253076171875 53.285498046875, -129.251171875 53.316699218749996, -129.23818359375 53.330078125, -129.19521484375 53.293212890625, -129.177001953125 53.259130859375, -129.167724609375 53.11787109375, -129.1732421875 53.1107421875)), ((-129.409716796875 53.023730468749996, -129.500146484375 53.12890625, -129.51474609375 53.17939453125, -129.50107421875 53.188330078125, -129.450732421875 53.17470703125, -129.343505859375 53.052783203124996, -129.313720703125 52.9921875, -129.3287109375 52.984228515625, -129.37001953125 52.997607421874996, -129.409716796875 53.023730468749996)), ((-129.848583984375 53.167919921875, -129.8685546875 53.164501953125, -129.934375 53.17666015625, -130.151416015625 53.345703125, -130.3056640625 53.407373046875, -130.4107421875 53.4908203125, -130.517578125 53.544238281249996, -130.452001953125 53.631152343749996, -130.39482421875 53.620410156249996, -130.19501953125 53.549658203125, -129.9447265625 53.436376953125, -129.754833984375 53.244775390625, -129.7689453125 53.21728515625, -129.848583984375 53.167919921875)), ((-130.66357421875 53.84755859375, -130.703173828125 53.892236328125, -130.707275390625 53.921484375, -130.695703125 53.95126953125, -130.646923828125 53.991259765624996, -130.49462890625 54.074169921875, -130.447998046875 54.089013671875, -130.397314453125 54.085693359375, -130.315869140625 54.046923828124996, -130.298486328125 54.03564453125, -130.236279296875 53.958544921874996, -130.267236328125 53.922607421875, -130.337548828125 53.866259765624996, -130.384228515625 53.8439453125, -130.4072265625 53.855517578124996, -130.470263671875 53.861767578125, -130.5375 53.91787109375, -130.58984375 53.940283203125, -130.624609375 53.94140625, -130.641845703125 53.921142578125, -130.6462890625 53.89404296875, -130.637890625 53.860009765625, -130.643701171875 53.844531249999996, -130.66357421875 53.84755859375)), ((-130.953466796875 54.541845703125, -130.92177734375 54.614892578125, -130.9068359375 54.631787109375, -130.7580078125 54.61376953125, -130.75341796875 54.59970703125, -130.76337890625 54.576708984374996, -130.805126953125 54.543798828125, -130.9271484375 54.479052734374996, -130.95029296875 54.477783203125, -130.959033203125 54.498681640625, -130.953466796875 54.541845703125)), ((-131.723681640625 55.218359375, -131.7625 55.165820312499996, -131.810986328125 55.223095703125, -131.8419921875 55.358691406249996, -131.84609375 55.416259765625, -131.75947265625 55.503076171875, -131.64755859375 55.585546875, -131.624951171875 55.831689453125, -131.26923828125 55.955371093749996, -131.236181640625 55.948974609375, -131.120654296875 55.856640625, -130.997802734375 55.72763671875, -130.965966796875 55.66953125, -130.9650390625 55.568017578125, -130.979150390625 55.48916015625, -131.013916015625 55.379296875, -131.082763671875 55.266796875, -131.187890625 55.206298828125, -131.261865234375 55.219775390624996, -131.31630859375 55.268505859375, -131.366845703125 55.2658203125, -131.420703125 55.27587890625, -131.450927734375 55.31630859375, -131.42236328125 55.368408203125, -131.44755859375 55.4087890625, -131.47451171875 55.373486328125, -131.521826171875 55.341064453125, -131.64130859375 55.29892578125, -131.723681640625 55.218359375)), ((-131.098095703125 52.150634765625, -131.01064453125 52.095263671874996, -131.029296875 51.96162109375, -131.047265625 51.959716796875, -131.080517578125 51.980419921875, -131.10341796875 52.0138671875, -131.117333984375 52.101025390625, -131.098095703125 52.150634765625)), ((-131.572802734375 52.623339843749996, -131.590576171875 52.57822265625, -131.443896484375 52.4533203125, -131.42998046875 52.422119140625, -131.3830078125 52.41572265625, -131.2736328125 52.425830078124996, -131.259716796875 52.41591796875, -131.2599609375 52.3900390625, -131.32705078125 52.317529296875, -131.319921875 52.303076171875, -131.2591796875 52.291650390625, -131.142626953125 52.29111328125, -131.116162109375 52.219091796875, -131.221533203125 52.153613281249996, -131.421875 52.23798828125, -131.5111328125 52.322070312499996, -131.562060546875 52.399951171874996, -131.623681640625 52.443994140625, -131.80966796875 52.54169921875, -132.092236328125 52.752783203125, -132.165087890625 52.78330078125, -132.23857421875 52.866796875, -132.2599609375 52.906982421875, -132.25810546875 52.933886718749996, -132.229541015625 52.948095703125, -132.144921875 52.957470703125, -132.14375 52.999316406249996, -132.468701171875 53.071875, -132.504833984375 53.086718749999996, -132.54677734375 53.137499999999996, -132.52421875 53.144921875, -132.34541015625 53.136083984375, -132.15390625 53.160498046875, -132.0359375 53.179150390625, -131.989501953125 53.201953124999996, -131.893115234375 53.2314453125, -131.853466796875 53.229736328125, -131.7537109375 53.195556640625, -131.65234375 53.102978515625, -131.62216796875 53.020068359374996, -131.63466796875 52.922167968749996, -131.795263671875 52.885058593749996, -131.8796875 52.9146484375, -131.916357421875 52.909130859375, -131.97177734375 52.879833984375, -131.90439453125 52.86669921875, -131.81005859375 52.818701171875, -131.727294921875 52.756396484374996, -131.610595703125 52.74521484375, -131.455224609375 52.701708984374996, -131.572802734375 52.623339843749996)), ((-131.57783203125 55.200830078125, -131.578466796875 55.248779296875, -131.5654296875 55.264111328125, -131.512646484375 55.262744140624996, -131.404638671875 55.213330078125, -131.33974609375 55.079833984375, -131.237451171875 54.949511718749996, -131.23203125 54.903759765625, -131.329541015625 54.887744140624996, -131.406201171875 54.894287109375, -131.445703125 54.909326171875, -131.456103515625 54.93056640625, -131.43134765625 54.996484375, -131.48173828125 55.03525390625, -131.5400390625 55.048486328125, -131.592236328125 55.025683593749996, -131.5951171875 55.09072265625, -131.556005859375 55.13740234375, -131.57783203125 55.200830078125)), ((-132.464404296875 53.6533203125, -132.186962890625 53.684814453125, -132.1716796875 53.706835937499996, -132.15224609375 53.806982421875, -132.114013671875 53.860156249999996, -132.110595703125 53.90029296875, -132.135888671875 53.995849609375, -132.134423828125 54.03427734375, -131.9408203125 54.0419921875, -131.81962890625 54.07734375, -131.695947265625 54.1431640625, -131.667626953125 54.141357421875, -131.685400390625 54.022802734375, -131.7025390625 53.986376953124996, -131.821142578125 53.84150390625, -131.88916015625 53.71396484375, -131.922314453125 53.587890625, -131.928076171875 53.379199218749996, -131.957421875 53.30869140625, -132.011328125 53.265185546874996, -132.347265625 53.189208984375, -132.520458984375 53.19404296875, -132.6748046875 53.26318359375, -132.747509765625 53.310498046875, -132.692578125 53.36787109375, -132.546240234375 53.35927734375, -132.46240234375 53.337890625, -132.425 53.336962890624996, -132.43134765625 53.350439453125, -132.670166015625 53.45859375, -132.84501953125 53.50771484375, -132.897998046875 53.5626953125, -132.899560546875 53.60537109375, -132.91337890625 53.629199218749996, -133.05224609375 53.778124999999996, -133.0794921875 53.83701171875, -133.09765625 53.920263671875, -133.09794921875 54.005615234375, -133.0638671875 54.14404296875, -133.048388671875 54.158935546875, -132.991455078125 54.1578125, -132.89306640625 54.140771484375, -132.655517578125 54.127490234374996, -132.5640625 54.068652343749996, -132.34443359375 54.1060546875, -132.303369140625 54.098876953125, -132.26162109375 54.076318359375, -132.21591796875 54.02841796875, -132.16611328125 53.955224609375, -132.155126953125 53.8751953125, -132.17509765625 53.846533203125, -132.214501953125 53.814746093749996, -132.564892578125 53.687646484375, -132.57412109375 53.675390625, -132.567138671875 53.66396484375, -132.53466796875 53.651708984375, -132.464404296875 53.6533203125)), ((-132.49697265625 55.798095703125, -132.43017578125 55.68701171875, -132.2888671875 55.55810546875, -132.21474609375 55.518847656249996, -132.172705078125 55.480615234375, -132.196337890625 55.479150390625, -132.2958984375 55.507470703125, -132.511279296875 55.5939453125, -132.528857421875 55.590478515625, -132.54833984375 55.543701171875, -132.58173828125 55.50263671875, -132.631298828125 55.473193359374996, -132.5916015625 55.46435546875, -132.41787109375 55.48291015625, -132.272021484375 55.3986328125, -132.215283203125 55.383544921875, -132.16025390625 55.322998046875, -132.1583984375 55.2998046875, -132.1904296875 55.25498046875, -132.214892578125 55.236767578125, -132.206689453125 55.224414062499996, -132.165966796875 55.218017578125, -132.005078125 55.230615234375, -131.976416015625 55.20859375, -132.000390625 55.033837890625, -131.977587890625 54.969482421875, -131.9779296875 54.940234374999996, -131.99658203125 54.901416015624996, -131.997216796875 54.868603515625, -131.98271484375 54.834912109375, -131.980859375 54.804833984375, -132.0216796875 54.726318359375, -132.06474609375 54.713134765625, -132.134326171875 54.712548828125, -132.1892578125 54.73486328125, -132.26630859375 54.80234375, -132.34130859375 54.9072265625, -132.37021484375 54.922216796875, -132.46865234375 54.937939453125, -132.486474609375 54.950390625, -132.549365234375 54.952587890625, -132.59384765625 54.995751953125, -132.5884765625 55.05234375, -132.626953125 55.11005859375, -132.62216796875 55.1359375, -132.66533203125 55.146777343749996, -132.7017578125 55.130517578125, -132.682861328125 55.07392578125, -132.704150390625 55.030078124999996, -132.78232421875 55.048486328125, -132.91259765625 55.1884765625, -133.060595703125 55.300927734375, -133.1185546875 55.32763671875, -133.10302734375 55.36025390625, -133.030029296875 55.3775390625, -132.97080078125 55.376171875, -132.95888671875 55.395556640624996, -133.082470703125 55.5041015625, -133.07841796875 55.534912109375, -133.0333984375 55.589697265625, -133.0896484375 55.612597656249996, -133.24375 55.59541015625, -133.2982421875 55.606884765625, -133.342822265625 55.650830078125, -133.368994140625 55.68896484375, -133.502734375 55.6958984375, -133.553271484375 55.691162109375, -133.640478515625 55.748779296875, -133.68017578125 55.78515625, -133.664404296875 55.80380859375, -133.58408203125 55.8365234375, -133.537158203125 55.83193359375, -133.44697265625 55.797021484375, -133.41171875 55.79833984375, -133.322119140625 55.84462890625, -133.30849609375 55.886474609375, -133.24150390625 55.92080078125, -133.2521484375 55.957080078124996, -133.289208984375 56.018701171875, -133.371240234375 56.035888671875, -133.538623046875 55.999267578125, -133.684228515625 55.9427734375, -133.742529296875 55.96484375, -133.75517578125 55.999462890625, -133.59921875 56.09365234375, -133.530859375 56.145654296875, -133.544091796875 56.176513671875, -133.59443359375 56.216357421874996, -133.5986328125 56.316259765625, -133.56611328125 56.339208984375, -133.376611328125 56.3177734375, -133.202978515625 56.31982421875, -133.143701171875 56.278564453125, -133.1044921875 56.235107421875, -133.08173828125 56.194189453125, -133.075439453125 56.155859375, -133.080126953125 56.128710937499996, -133.101220703125 56.0998046875, -133.096630859375 56.0900390625, -132.757568359375 55.99501953125, -132.597607421875 55.89501953125, -132.5337890625 55.84248046875, -132.49697265625 55.798095703125)), ((-132.6751953125 56.2236328125, -132.59873046875 56.241650390625, -132.539013671875 56.324169921875, -132.50595703125 56.335253906249996, -132.379833984375 56.498779296875, -132.31650390625 56.4875, -132.205615234375 56.387939453125, -132.06689453125 56.24423828125, -132.112353515625 56.109375, -132.132958984375 55.94326171875, -132.210302734375 55.952978515625, -132.2873046875 55.92939453125, -132.368603515625 55.939746093749996, -132.406591796875 55.958203125, -132.42060546875 55.979541015624996, -132.4060546875 56.028857421874996, -132.451171875 56.05634765625, -132.602978515625 56.06640625, -132.659912109375 56.078173828124996, -132.691357421875 56.130078125, -132.6990234375 56.198193359375, -132.6751953125 56.2236328125)), ((-132.746875 56.525683593749996, -132.7576171875 56.511035156249996, -132.884716796875 56.512451171875, -132.930810546875 56.524462890624996, -132.948046875 56.567236328125, -132.93623046875 56.6068359375, -132.90654296875 56.63740234375, -132.870654296875 56.69638671875, -132.842529296875 56.794775390625, -132.655859375 56.684716796875, -132.598681640625 56.6357421875, -132.56796875 56.575830078125, -132.634228515625 56.553466796875, -132.714453125 56.542529296874996, -132.746875 56.525683593749996)), ((-133.075390625 54.921337890625, -133.08056640625 54.9494140625, -133.122705078125 54.96982421875, -133.204638671875 55.08447265625, -133.251171875 55.175146484375, -133.324853515625 55.185498046875, -133.41796875 55.210693359375, -133.45380859375 55.2603515625, -133.429052734375 55.30380859375, -133.29658203125 55.325732421874996, -133.097412109375 55.213720703125, -133.06708984375 55.1662109375, -132.995751953125 55.110595703125, -132.982177734375 55.033007812499996, -132.94599609375 55.002587890625, -132.862255859375 54.89443359375, -132.837744140625 54.88095703125, -132.812890625 54.890429687499996, -132.772314453125 54.926074218749996, -132.700634765625 54.91904296875, -132.617236328125 54.892431640625, -132.634033203125 54.840478515625, -132.64697265625 54.756152343749996, -132.705810546875 54.6841796875, -132.807275390625 54.709130859375, -133.008935546875 54.854833984375, -133.075390625 54.921337890625)), ((-132.657568359375 56.339306640625, -132.64658203125 56.31318359375, -132.669384765625 56.2873046875, -132.7798828125 56.247265625, -132.83095703125 56.244140625, -132.891455078125 56.259423828125, -133.035009765625 56.34091796875, -133.037646484375 56.36484375, -133.01708984375 56.3919921875, -132.935498046875 56.441796875, -132.90205078125 56.453759765625, -132.7060546875 56.448486328125, -132.643359375 56.43515625, -132.6291015625 56.411914062499996, -132.632275390625 56.38828125, -132.65283203125 56.36435546875, -132.657568359375 56.339306640625)), ((-133.034912109375 56.620751953125, -133.132373046875 56.683251953125, -133.243994140625 56.795849609375, -133.328955078125 56.830078125, -133.332421875 56.818505859375, -133.30908203125 56.78623046875, -133.239697265625 56.72568359375, -133.22724609375 56.689257812499996, -133.178466796875 56.644824218749996, -133.156640625 56.611132812499996, -133.14423828125 56.56689453125, -133.1447265625 56.52822265625, -133.158154296875 56.495166015624996, -133.180810546875 56.473974609375, -133.212646484375 56.464599609375, -133.382763671875 56.473876953125, -133.4841796875 56.4517578125, -133.602783203125 56.464111328125, -133.63134765625 56.484033203125, -133.649267578125 56.516796875, -133.65830078125 56.5962890625, -133.68818359375 56.710009765624996, -133.68095703125 56.797509765625, -133.75751953125 56.87666015625, -133.823046875 56.924365234374996, -133.91728515625 56.967089843749996, -133.979443359375 57.009570312499996, -133.962353515625 57.04345703125, -133.865966796875 57.068701171875, -133.70771484375 57.062841796875, -133.3662109375 57.003515625, -133.29970703125 56.97216796875, -133.263525390625 57.00498046875, -133.19599609375 57.003466796874996, -133.07080078125 56.974267578125, -132.996240234375 56.930419921875, -132.954150390625 56.8802734375, -132.9505859375 56.850439453125, -132.963330078125 56.782568359375, -132.95400390625 56.7130859375, -132.9591796875 56.677050781249996, -132.97587890625 56.647265624999996, -133.0041015625 56.62373046875, -133.034912109375 56.620751953125)), ((-133.45478515625 55.522314453125, -133.345556640625 55.55908203125, -133.305078125 55.543749999999996, -133.283203125 55.515625, -133.281689453125 55.497851562499996, -133.42646484375 55.431445312499996, -133.4291015625 55.417724609375, -133.4630859375 55.37666015625, -133.49345703125 55.361669921875, -133.54736328125 55.317236328125, -133.6501953125 55.269287109375, -133.635009765625 55.413330078125, -133.737109375 55.496923828125, -133.634228515625 55.5392578125, -133.56669921875 55.527197265625, -133.45478515625 55.522314453125)), ((-133.993994140625 56.101123046874996, -134.06748046875 56.1330078125, -134.122412109375 56.077392578125, -134.189599609375 56.076953124999996, -134.245068359375 56.203271484375, -134.195458984375 56.413525390625, -134.084375 56.456347656249996, -134.15048828125 56.513476562499996, -134.290234375 56.580029296875, -134.278369140625 56.61708984375, -134.384423828125 56.7240234375, -134.390625 56.749462890625, -134.373681640625 56.838671874999996, -134.2744140625 56.9181640625, -134.14326171875 56.93232421875, -134.051806640625 56.898291015625, -134.0005859375 56.869189453124996, -133.989599609375 56.844970703125, -133.9248046875 56.775683593749996, -133.830859375 56.781298828124996, -133.778125 56.72890625, -133.73837890625 56.650439453124996, -133.76728515625 56.60009765625, -133.809033203125 56.611328125, -133.8552734375 56.582177734375, -133.88359375 56.485498046875, -133.870458984375 56.388671875, -133.884619140625 56.292138671875, -133.938525390625 56.193652343749996, -133.94970703125 56.127734374999996, -133.97080078125 56.10791015625, -133.993994140625 56.101123046874996)), ((-134.1775390625 57.982177734375, -134.1802734375 58.011132812499994, -134.21259765625 58.037939453125, -134.249951171875 58.049169921875, -134.292333984375 58.0447265625, -134.306884765625 58.034375, -134.300390625 57.963427734374996, -134.26708984375 57.884521484375, -134.08369140625 57.712255859375, -133.9611328125 57.61416015625, -133.93701171875 57.581591796874996, -133.920849609375 57.491992187499996, -133.97373046875 57.4513671875, -133.908837890625 57.368701171874996, -133.9111328125 57.3525390625, -133.92529296875 57.336767578125, -134.100048828125 57.300097656249996, -134.26015625 57.146777343749996, -134.435302734375 57.056982421875, -134.516015625 57.042578125, -134.55478515625 57.057568359375, -134.59150390625 57.0919921875, -134.6130859375 57.137939453125, -134.61953125 57.1955078125, -134.57587890625 57.231738281249996, -134.489208984375 57.420166015625, -134.486767578125 57.48203125, -134.59482421875 57.567822265625, -134.65986328125 57.6380859375, -134.6951171875 57.73603515625, -134.7541015625 57.99501953125, -134.781494140625 58.07783203125, -134.8201171875 58.146874999999994, -134.869970703125 58.202099609375, -134.907666015625 58.26279296875, -134.93310546875 58.328955078125, -134.923486328125 58.354638671874994, -134.836962890625 58.320166015625, -134.733203125 58.224999999999994, -134.6802734375 58.161669921875, -134.426123046875 58.138818359374994, -134.240087890625 58.143994140625, -134.070166015625 57.99453125, -133.96552734375 57.873779296875, -133.9041015625 57.789208984375, -133.869287109375 57.70751953125, -133.82275390625 57.628662109375, -133.826904296875 57.617578125, -133.925 57.67080078125, -133.995556640625 57.778466796875, -134.031640625 57.820605468749996, -134.067236328125 57.839599609375, -134.104736328125 57.879345703125, -134.1775390625 57.982177734375)), ((-134.647998046875 58.312402343749994, -134.519970703125 58.33251953125, -134.398876953125 58.28720703125, -134.312744140625 58.228906249999994, -134.319873046875 58.2041015625, -134.45625 58.20654296875, -134.593994140625 58.243115234375, -134.661572265625 58.290917968749994, -134.647998046875 58.312402343749994)), ((-134.681884765625 56.216162109375, -134.75029296875 56.240771484374996, -134.8064453125 56.28125, -134.847998046875 56.323486328125, -134.950146484375 56.456835937499996, -134.98056640625 56.5189453125, -134.982421875 56.563623046875, -134.966650390625 56.596142578125, -134.933203125 56.616357421875, -134.87509765625 56.670458984374996, -134.883447265625 56.679052734375, -134.927587890625 56.6669921875, -135.017822265625 56.66015625, -135.09716796875 56.70283203125, -135.159033203125 56.725390624999996, -135.14658203125 56.80234375, -135.163134765625 56.82412109375, -135.284814453125 56.800341796874996, -135.330615234375 56.821875, -135.340625 56.85078125, -135.33837890625 56.893994140625, -135.31513671875 56.9318359375, -135.199609375 57.02734375, -135.21123046875 57.044921875, -135.2673828125 57.048876953124996, -135.341357421875 57.081591796874996, -135.37529296875 57.188427734375, -135.454931640625 57.2494140625, -135.501953125 57.24384765625, -135.608935546875 57.071435546875, -135.661865234375 57.033740234374996, -135.8123046875 57.009521484375, -135.781640625 57.05751953125, -135.767724609375 57.100390624999996, -135.821142578125 57.230419921875, -135.82275390625 57.280419921875, -135.787109375 57.31728515625, -135.680908203125 57.332568359374996, -135.62451171875 57.35439453125, -135.58056640625 57.389990234375, -135.56962890625 57.42470703125, -135.4873046875 57.51650390625, -135.448681640625 57.534375, -135.3462890625 57.53310546875, -135.1306640625 57.431640625, -135.065234375 57.41669921875, -134.969775390625 57.351416015625, -134.823193359375 57.156542968749996, -134.768505859375 57.05419921875, -134.67685546875 56.84228515625, -134.63408203125 56.762109375, -134.620703125 56.718310546874996, -134.610546875 56.60341796875, -134.62431640625 56.5787109375, -134.651708984375 56.5560546875, -134.657080078125 56.523242187499996, -134.631689453125 56.43564453125, -134.630029296875 56.30244140625, -134.65400390625 56.227490234375, -134.681884765625 56.216162109375)), ((-134.9546875 58.01533203125, -134.927978515625 57.952783203125, -134.970654296875 57.817236328125, -135.102587890625 57.79365234375, -135.16474609375 57.79609375, -135.231201171875 57.8158203125, -135.3384765625 57.76865234375, -135.249560546875 57.732568359375, -134.978857421875 57.724365234375, -134.896630859375 57.647998046874996, -134.873095703125 57.589208984375, -134.931494140625 57.48115234375, -135.08486328125 57.511035156249996, -135.22021484375 57.5736328125, -135.4978515625 57.662255859375, -135.564208984375 57.66640625, -135.608544921875 57.650732421875, -135.620654296875 57.596972656249996, -135.617822265625 57.48037109375, -135.691943359375 57.419921875, -135.910791015625 57.446582031249996, -135.9966796875 57.53486328125, -136.076611328125 57.674560546875, -136.37822265625 57.839990234375, -136.459912109375 57.873095703124996, -136.568603515625 57.97216796875, -136.52509765625 58.0505859375, -136.5123046875 58.09599609375, -136.45439453125 58.1080078125, -136.36953125 58.14306640625, -136.32197265625 58.218896484374994, -136.245703125 58.157470703125, -136.14375 58.098486328125, -136.142333984375 58.15390625, -136.094384765625 58.198144531249994, -135.994384765625 58.196533203125, -135.947412109375 58.205810546875, -135.88173828125 58.24716796875, -135.787060546875 58.268505859375, -135.73037109375 58.24423828125, -135.5875 58.14677734375, -135.586279296875 58.124414062499994, -135.615380859375 58.057470703125, -135.693115234375 58.038525390625, -135.671142578125 58.0119140625, -135.613232421875 57.991845703125, -135.572021484375 58.008544921875, -135.42119140625 58.102392578125, -135.37470703125 58.122119140625, -135.346630859375 58.12412109375, -135.162841796875 58.095849609374994, -135.002099609375 58.05107421875, -134.9546875 58.01533203125)), ((-139.07265625 69.64765625, -138.93154296875 69.616943359375, -138.878857421875 69.589697265625, -139.043115234375 69.576904296875, -139.125732421875 69.539306640625, -139.256982421875 69.578564453125, -139.29140625 69.5978515625, -139.139599609375 69.649609375, -139.07265625 69.64765625)), ((-144.248974609375 59.98212890625, -144.40322265625 59.92109375, -144.565625 59.818408203125, -144.61357421875 59.812646484374994, -144.541552734375 59.87822265625, -144.444921875 59.95068359375, -144.353955078125 59.99619140625, -144.2357421875 60.015185546875, -144.248974609375 59.98212890625)), ((-145.15048828125 60.312646484374994, -145.237646484375 60.321337890625, -145.28427734375 60.336816406249994, -145.128125 60.401123046875, -145.10244140625 60.388232421875, -145.118505859375 60.337109375, -145.15048828125 60.312646484374994)), ((-146.7025390625 60.408544921875, -146.605908203125 60.467822265625, -146.560302734375 60.48056640625, -146.3939453125 60.449658203125, -146.3716796875 60.42216796875, -146.179541015625 60.428759765625, -146.124267578125 60.42392578125, -146.10224609375 60.411181640625, -146.128271484375 60.392529296875, -146.202392578125 60.368017578125, -146.419189453125 60.325048828125, -146.5953125 60.268457031249994, -146.618310546875 60.273681640625, -146.650439453125 60.33564453125, -146.6830078125 60.360693359375, -146.702880859375 60.39560546875, -146.7025390625 60.408544921875)), ((-146.957861328125 60.2888671875, -146.98671875 60.254345703125, -147.31845703125 60.07529296875, -147.346337890625 60.051953125, -147.376513671875 59.991162109375, -147.40380859375 59.969970703125, -147.44755859375 59.96025390625, -147.47939453125 59.93369140625, -147.49931640625 59.890185546875, -147.540234375 59.867529296875, -147.60205078125 59.865576171875, -147.644921875 59.85361328125, -147.66875 59.83154296875, -147.735888671875 59.813232421875, -147.846337890625 59.798828125, -147.8724609375 59.828369140625, -147.81435546875 59.901953125, -147.76806640625 59.943749999999994, -147.733642578125 59.95361328125, -147.606689453125 60.03662109375, -147.4658203125 60.097021484375, -147.3365234375 60.1853515625, -147.205224609375 60.311328125, -147.180859375 60.358251953125, -147.12001953125 60.3630859375, -147.019873046875 60.3322265625, -146.957861328125 60.2888671875)), ((-147.8548828125 60.321435546874994, -147.79453125 60.459863281249994, -147.779150390625 60.466064453125, -147.774169921875 60.444970703124994, -147.760205078125 60.43876953125, -147.7373046875 60.447412109374994, -147.702978515625 60.48681640625, -147.68857421875 60.49140625, -147.658251953125 60.45048828125, -147.65869140625 60.42412109375, -147.6900390625 60.398876953125, -147.6599609375 60.352490234375, -147.71201171875 60.27275390625, -147.73212890625 60.222070312499994, -147.759912109375 60.190234375, -147.787841796875 60.1779296875, -147.8158203125 60.18515625, -147.8216796875 60.202734375, -147.8052734375 60.2306640625, -147.871337890625 60.22978515625, -147.891455078125 60.2994140625, -147.8548828125 60.321435546874994)), ((-148.271875 60.053271484375, -148.2306640625 60.113525390625, -148.07958984375 60.15166015625, -147.914208984375 60.092333984375, -148.02177734375 60.065332031249994, -148.074169921875 60.034716796875, -148.271875 60.053271484375)), ((-148.10166015625 60.91611328125, -148.037744140625 60.92412109375, -147.964404296875 60.900146484375, -147.943115234375 60.875390624999994, -147.930712890625 60.826171875, -148.057421875 60.817919921875, -148.1154296875 60.830615234375, -148.123779296875 60.8443359375, -148.09970703125 60.89482421875, -148.10166015625 60.91611328125)), ((-151.9869140625 60.373974609375, -152.020751953125 60.361718749999994, -152.06904296875 60.358056640624994, -152.0044921875 60.407421875, -151.959716796875 60.503759765625, -151.8994140625 60.490380859374994, -151.8873046875 60.472705078125, -151.9869140625 60.373974609375)), ((-152.1865234375 58.18466796875, -152.223583984375 58.214013671874994, -152.25166015625 58.251123046874994, -152.268359375 58.251708984375, -152.334375 58.208056640625, -152.332666015625 58.1865234375, -152.305224609375 58.154052734375, -152.309228515625 58.13388671875, -152.38115234375 58.124267578125, -152.451611328125 58.129248046875, -152.537646484375 58.100976562499994, -152.558203125 58.118603515625, -152.571337890625 58.168212890625, -152.5982421875 58.16259765625, -152.63876953125 58.101806640625, -152.683056640625 58.063330078125, -152.7638671875 58.031396484374994, -152.78154296875 58.01591796875, -152.84072265625 58.013818359374994, -152.92841796875 57.993701171874996, -152.982568359375 57.9970703125, -153.30546875 58.0630859375, -153.38134765625 58.08720703125, -153.1158203125 58.238525390625, -152.976123046875 58.297021484374994, -152.895361328125 58.293847656249994, -152.81455078125 58.275634765625, -152.771875 58.278564453125, -152.768701171875 58.345605468749994, -152.8439453125 58.39560546875, -152.84111328125 58.416406249999994, -152.674658203125 58.450585937499994, -152.6123046875 58.445703124999994, -152.5435546875 58.428173828125, -152.478466796875 58.39970703125, -152.416943359375 58.360205078125, -152.38076171875 58.352099609375, -152.343017578125 58.41162109375, -152.316259765625 58.413476562499994, -152.19794921875 58.3630859375, -152.125244140625 58.374267578125, -152.078515625 58.312353515625, -151.974365234375 58.30986328125, -151.98251953125 58.2443359375, -152.068896484375 58.1779296875, -152.10908203125 58.1611328125, -152.1865234375 58.18466796875)), ((-152.215283203125 57.597705078124996, -152.2162109375 57.577001953125, -152.336669921875 57.482226562499996, -152.380859375 57.460107421875, -152.41220703125 57.45478515625, -152.63095703125 57.471826171875, -152.83115234375 57.502880859375, -152.912158203125 57.508154296875, -152.940771484375 57.498095703124996, -152.9974609375 57.4689453125, -152.9568359375 57.4603515625, -152.78134765625 57.453417968749996, -152.71953125 57.41083984375, -152.692529296875 57.37958984375, -152.679052734375 57.3451171875, -152.7140625 57.33095703125, -152.789111328125 57.320654296875, -152.879052734375 57.32080078125, -152.990283203125 57.281982421875, -153.051611328125 57.237646484375, -153.274365234375 57.226367187499996, -153.443701171875 57.1671875, -153.503564453125 57.137988281249996, -153.5244140625 57.103076171874996, -153.58828125 57.077685546874996, -153.732568359375 57.05234375, -153.646533203125 57.029589843749996, -153.633056640625 57.0103515625, -153.6314453125 56.983691406249996, -153.643310546875 56.960742187499996, -153.7572265625 56.858349609375, -153.972705078125 56.774218749999996, -154.02734375 56.777978515625, -154.05078125 56.7884765625, -154.07001953125 56.804541015625, -154.070849609375 56.820654296875, -153.793212890625 56.989501953125, -153.80419921875 56.997802734375, -153.879736328125 57.003515625, -153.999365234375 57.049951171875, -154.0837890625 57.020068359374996, -154.102978515625 57.021240234375, -154.08046875 57.06103515625, -154.025439453125 57.10849609375, -154.03505859375 57.121826171875, -154.06533203125 57.13369140625, -154.13486328125 57.140771484375, -154.24375 57.143017578125, -154.3244140625 57.131787109375, -154.376806640625 57.10703125, -154.381103515625 57.096533203125, -154.26953125 57.099462890625, -154.239208984375 57.086865234375, -154.209130859375 57.063330078125, -154.1908203125 57.0361328125, -154.184326171875 57.005322265625, -154.20771484375 56.963818359375, -154.2609375 56.911767578125, -154.33896484375 56.9208984375, -154.498779296875 57.036572265625, -154.5693359375 57.205908203125, -154.70595703125 57.3353515625, -154.71220703125 57.366259765624996, -154.673193359375 57.446093749999996, -154.535302734375 57.559423828125, -154.387060546875 57.590478515625, -154.2814453125 57.6380859375, -154.179345703125 57.65244140625, -154.116162109375 57.651220703125, -154.029833984375 57.630712890625, -153.99501953125 57.5873046875, -154.015869140625 57.56689453125, -154.00791015625 57.55615234375, -153.94736328125 57.530078124999996, -153.881884765625 57.439013671874996, -153.805419921875 57.358203124999996, -153.75458984375 57.325341796875, -153.6876953125 57.305126953125, -153.75693359375 57.366845703125, -153.797802734375 57.44326171875, -153.818359375 57.59560546875, -153.838134765625 57.63583984375, -153.799462890625 57.6466796875, -153.69013671875 57.64072265625, -153.6931640625 57.663427734375, -153.80849609375 57.71474609375, -153.879443359375 57.757177734375, -153.906103515625 57.790771484375, -153.904443359375 57.819873046874996, -153.841552734375 57.862841796874996, -153.805810546875 57.87509765625, -153.768994140625 57.88037109375, -153.69560546875 57.871240234375, -153.662646484375 57.8578125, -153.5685546875 57.761083984375, -153.524462890625 57.731005859374996, -153.487939453125 57.73095703125, -153.454052734375 57.747021484375, -153.422705078125 57.779150390625, -153.3904296875 57.798388671874996, -153.35712890625 57.8046875, -153.252392578125 57.790478515625, -153.21748046875 57.795751953125, -153.20029296875 57.82001953125, -153.201025390625 57.86328125, -153.1751953125 57.878857421875, -153.16884765625 57.91064453125, -153.225927734375 57.9576171875, -153.16044921875 57.971972656249996, -152.94326171875 57.93603515625, -152.850390625 57.896777343749996, -152.898046875 57.82392578125, -152.8908203125 57.768994140625, -152.850146484375 57.775683593749996, -152.696240234375 57.832275390625, -152.616015625 57.848876953125, -152.511572265625 57.85146484375, -152.428759765625 57.82568359375, -152.4119140625 57.805908203125, -152.419140625 57.78232421875, -152.485400390625 57.734423828124996, -152.4826171875 57.7033203125, -152.411474609375 57.64609375, -152.2365234375 57.614892578125, -152.215283203125 57.597705078124996)), ((-152.63662109375 58.54169921875, -152.6048828125 58.56640625, -152.46318359375 58.618505859375, -152.3955078125 58.619384765625, -152.367919921875 58.611083984375, -152.3568359375 58.594970703125, -152.362255859375 58.570849609375, -152.392822265625 58.540869140625, -152.486083984375 58.485009765624994, -152.51552734375 58.47861328125, -152.588623046875 58.509228515625, -152.63662109375 58.54169921875)), ((-153.1568359375 57.0939453125, -153.235400390625 57.028613281249996, -153.29541015625 57.000439453125, -153.374609375 57.051904296875, -153.354345703125 57.13193359375, -153.285205078125 57.18505859375, -152.93544921875 57.167333984375, -152.9083984375 57.15244140625, -152.907763671875 57.13974609375, -152.933447265625 57.129248046875, -153.007080078125 57.124853515625, -153.134228515625 57.092578124999996, -153.1568359375 57.0939453125)), ((-153.350830078125 57.861962890625, -153.4650390625 57.909375, -153.51708984375 57.94189453125, -153.520068359375 57.95576171875, -153.4810546875 57.971044921875, -153.34697265625 57.9328125, -153.2900390625 57.897900390625, -153.240625 57.85009765625, -153.2685546875 57.82236328125, -153.294970703125 57.8294921875, -153.350830078125 57.861962890625)), ((-154.322216796875 56.570605468749996, -154.216748046875 56.608740234375, -154.110400390625 56.6029296875, -154.10224609375 56.581640625, -154.115966796875 56.543896484375, -154.208642578125 56.514892578125, -154.2578125 56.5126953125, -154.33212890625 56.539013671875, -154.322216796875 56.570605468749996)), ((-154.7771484375 56.439892578125, -154.7609375 56.471142578125, -154.729345703125 56.5021484375, -154.62373046875 56.561328124999996, -154.517529296875 56.600537109375, -154.46337890625 56.598193359374996, -154.444873046875 56.573193359375, -154.511181640625 56.521435546875, -154.6828125 56.435791015625, -154.751220703125 56.412158203124996, -154.77392578125 56.420263671875, -154.7771484375 56.439892578125)), ((-155.62060546875 55.9130859375, -155.5939453125 55.92431640625, -155.5732421875 55.92109375, -155.563916015625 55.886669921875, -155.566015625 55.82119140625, -155.6048828125 55.78955078125, -155.680615234375 55.791845703125, -155.723193359375 55.802197265625, -155.737353515625 55.82978515625, -155.62060546875 55.9130859375)), ((-157.17578125 1.7398437499999915, -157.246142578125 1.7317382812499886, -157.4201171875 1.7875488281249972, -157.578955078125 1.9020507812499972, -157.531494140625 1.9268554687499915, -157.508203125 1.8856933593749972, -157.43583984375 1.8472656249999915, -157.393212890625 1.9276855468749972, -157.365185546875 1.9460937499999886, -157.4921875 2.029296875, -157.44189453125 2.0250488281249943, -157.321875 1.9685546874999886, -157.342138671875 1.8555664062499915, -157.17578125 1.7398437499999915)), ((-159.3390625 3.923535156249997, -159.259326171875 3.8392089843749915, -159.274755859375 3.796582031249997, -159.332275390625 3.800488281249997, -159.358740234375 3.8153320312499943, -159.313671875 3.8226562499999943, -159.30625 3.83837890625, -159.326806640625 3.8631835937499943, -159.35419921875 3.8805175781249943, -159.373193359375 3.8805175781249943, -159.377783203125 3.846630859374997, -159.409033203125 3.873242187499997, -159.36904296875 3.9169921875, -159.3390625 3.923535156249997)), ((-159.36318359375 54.99951171875, -159.36201171875 54.972412109375, -159.394482421875 54.967333984374996, -159.421337890625 54.978125, -159.45849609375 55.034960937499996, -159.4619140625 55.0587890625, -159.3904296875 55.040869140625, -159.36318359375 54.99951171875)), ((-159.52041015625 55.07216796875, -159.5349609375 55.059619140624996, -159.561474609375 55.080908203125, -159.617724609375 55.05732421875, -159.648486328125 55.074560546875, -159.635400390625 55.102343749999996, -159.6396484375 55.123974609375, -159.59794921875 55.12568359375, -159.588037109375 55.165332031249996, -159.595263671875 55.18203125, -159.574755859375 55.217724609375, -159.545068359375 55.2259765625, -159.51513671875 55.15185546875, -159.52041015625 55.07216796875)), ((-160.03876953125 55.192529296875, -159.981640625 55.19775390625, -159.920458984375 55.267529296875, -159.887353515625 55.272998046874996, -159.871044921875 55.26357421875, -159.8982421875 55.2212890625, -159.839404296875 55.182373046875, -159.8541015625 55.144677734375, -159.872998046875 55.128759765625, -159.933935546875 55.1068359375, -159.953076171875 55.078955078125, -159.9994140625 55.067187499999996, -160.038427734375 55.044482421874996, -160.169580078125 54.941699218749996, -160.22705078125 54.922705078125, -160.16357421875 55.01044921875, -160.15361328125 55.038330078125, -160.152392578125 55.056884765625, -160.1720703125 55.123046875, -160.133740234375 55.120166015624996, -160.102197265625 55.13388671875, -160.03876953125 55.192529296875)), ((-160.343310546875 55.2587890625, -160.48076171875 55.308984375, -160.51748046875 55.333837890625, -160.492919921875 55.352343749999996, -160.3623046875 55.356982421874996, -160.329296875 55.337695312499996, -160.343310546875 55.2587890625)), ((-160.82548828125 55.173974609375, -160.846533203125 55.311328124999996, -160.8396484375 55.335400390625, -160.789208984375 55.383105468749996, -160.72392578125 55.404638671875, -160.695654296875 55.39833984375, -160.67216796875 55.37939453125, -160.666357421875 55.359423828124996, -160.684912109375 55.314794921875, -160.638818359375 55.321923828125, -160.573974609375 55.378271484375, -160.552783203125 55.38076171875, -160.552490234375 55.36337890625, -160.583154296875 55.3076171875, -160.531201171875 55.233203124999996, -160.482666015625 55.197412109375, -160.487548828125 55.184863281249996, -160.60908203125 55.159033203125, -160.701806640625 55.17763671875, -160.750634765625 55.171191406249996, -160.795068359375 55.14521484375, -160.82548828125 55.173974609375)), ((-160.98623046875 58.73642578125, -160.768603515625 58.789208984374994, -160.71513671875 58.79521484375, -160.918994140625 58.577099609375, -160.9923828125 58.56103515625, -161.070263671875 58.569140625, -161.131494140625 58.668212890625, -161.0845703125 58.671289062499994, -160.98623046875 58.73642578125)), ((-162.415771484375 54.8958984375, -162.43388671875 54.93154296875, -162.29365234375 54.982861328125, -162.264599609375 54.98349609375, -162.23837890625 54.954736328125, -162.233740234375 54.93203125, -162.27255859375 54.8671875, -162.29814453125 54.847021484375, -162.321923828125 54.8423828125, -162.390771484375 54.872998046875, -162.415771484375 54.8958984375)), ((-162.55439453125 54.4013671875, -162.64111328125 54.379541015625, -162.73310546875 54.402294921875, -162.81171875 54.444384765624996, -162.820556640625 54.49453125, -162.64541015625 54.462060546875, -162.607958984375 54.446630859375, -162.55439453125 54.4013671875)), ((-164.3466796875 54.482421875, -164.403515625 54.4478515625, -164.4634765625 54.42734375, -164.5908203125 54.404345703124996, -164.743798828125 54.407470703125, -164.8234375 54.419091796875, -164.866162109375 54.461376953125, -164.903955078125 54.544775390625, -164.9037109375 54.56796875, -164.887646484375 54.6078125, -164.75146484375 54.662939453125, -164.706201171875 54.6919921875, -164.52978515625 54.880859375, -164.47861328125 54.9068359375, -164.42431640625 54.91318359375, -164.273681640625 54.900048828125, -164.145068359375 54.955126953124996, -163.86796875 55.039111328124996, -163.80712890625 55.049072265625, -163.607470703125 55.050830078124996, -163.55302734375 55.037841796875, -163.510888671875 55.014306640625, -163.476025390625 54.980712890625, -163.378955078125 54.81552734375, -163.3369140625 54.783203125, -163.187109375 54.74775390625, -163.13505859375 54.723291015625, -163.0892578125 54.686083984374996, -163.083251953125 54.668994140624996, -163.35810546875 54.735693359375, -163.530859375 54.638330078125, -163.5830078125 54.62568359375, -164.073291015625 54.62099609375, -164.1712890625 54.60302734375, -164.234619140625 54.571337890624996, -164.3466796875 54.482421875)), ((-165.604833984375 54.129150390625, -165.615380859375 54.13955078125, -165.6205078125 54.183544921875, -165.654150390625 54.2533203125, -165.59033203125 54.278662109375, -165.550634765625 54.284521484375, -165.4876953125 54.221875, -165.407861328125 54.196826171874996, -165.467578125 54.180908203125, -165.5611328125 54.13671875, -165.604833984375 54.129150390625)), ((-165.769287109375 59.893212890624994, -165.946728515625 59.890039062499994, -166.099853515625 59.849609375, -166.131201171875 59.819775390625, -166.106689453125 59.775439453125, -166.14873046875 59.764111328125, -166.187548828125 59.773828124999994, -166.26162109375 59.814892578125, -166.34296875 59.834423828125, -166.62763671875 59.864648437499994, -166.98505859375 59.98388671875, -167.1388671875 60.008544921875, -167.2951171875 60.095703125, -167.43642578125 60.206640625, -167.251708984375 60.233544921874994, -166.836328125 60.2169921875, -166.784375 60.296435546875, -166.73095703125 60.316259765625, -166.598974609375 60.338769531249994, -166.47568359375 60.382763671875, -166.420361328125 60.381689453125, -166.3638671875 60.36474609375, -166.24697265625 60.391162109375, -166.1849609375 60.39677734375, -166.13544921875 60.383544921875, -166.04365234375 60.333935546875, -165.994921875 60.33115234375, -165.84091796875 60.346240234375, -165.78447265625 60.335595703124994, -165.7296875 60.314208984375, -165.69580078125 60.28154296875, -165.68935546875 60.22412109375, -165.714404296875 60.1728515625, -165.70693359375 60.1005859375, -165.712353515625 60.0693359375, -165.63056640625 60.028369140625, -165.605029296875 59.972802734374994, -165.591796875 59.913134765625, -165.769287109375 59.893212890624994)), ((-165.69287109375 54.099902343749996, -165.737890625 54.081103515624996, -165.841552734375 54.070654296875, -165.87939453125 54.053027343749996, -165.90986328125 54.049169921875, -165.93291015625 54.0591796875, -166.03642578125 54.047167968749996, -166.056640625 54.054345703125, -166.10283203125 54.11396484375, -166.105810546875 54.144824218749996, -166.087744140625 54.169140625, -166.041259765625 54.191259765625, -165.96640625 54.21103515625, -165.89287109375 54.206982421875, -165.704248046875 54.119921874999996, -165.69287109375 54.099902343749996)), ((-166.10986328125 66.22744140625, -166.1486328125 66.221826171875, -166.146484375 66.237158203125, -166.03251953125 66.277734375, -165.822216796875 66.328076171875, -165.8298828125 66.317138671875, -166.10986328125 66.22744140625)), ((-166.250732421875 53.7677734375, -166.187744140625 53.8224609375, -166.113720703125 53.843066406249996, -166.102685546875 53.832812499999996, -166.138623046875 53.787402343749996, -166.183740234375 53.756884765624996, -166.209765625 53.723291015625, -166.223828125 53.72041015625, -166.2494140625 53.745166015624996, -166.250732421875 53.7677734375)), ((-166.33876953125 53.71767578125, -166.30947265625 53.697509765625, -166.354541015625 53.67353515625, -166.444189453125 53.651806640625, -166.522021484375 53.609667968749996, -166.702197265625 53.536669921874996, -166.77041015625 53.476025390625, -166.8509765625 53.452880859375, -166.9607421875 53.44736328125, -167.153662109375 53.407861328125, -167.27080078125 53.37060546875, -167.300439453125 53.35048828125, -167.337255859375 53.340966796875, -167.381298828125 53.3419921875, -167.42880859375 53.32568359375, -167.479833984375 53.2919921875, -167.5224609375 53.276220703125, -167.5921875 53.272705078125, -167.62861328125 53.259423828125, -167.66943359375 53.2599609375, -167.780859375 53.300244140625, -167.8087890625 53.323779296874996, -167.710107421875 53.370898437499996, -167.638720703125 53.386572265625, -167.53017578125 53.393701171875, -167.42353515625 53.437255859375, -167.2041015625 53.494970703125, -167.136083984375 53.52646484375, -167.092333984375 53.6359375, -167.042431640625 53.654589843749996, -167.01572265625 53.698388671875, -166.894140625 53.697119140625, -166.838330078125 53.648046875, -166.81875 53.641357421875, -166.808984375 53.646142578125, -166.803662109375 53.685400390625, -166.741259765625 53.712939453124996, -166.77724609375 53.733154296875, -166.889599609375 53.758593749999996, -166.97294921875 53.770556640624996, -167.02724609375 53.769140625, -167.071484375 53.7833984375, -167.105615234375 53.81337890625, -167.121142578125 53.843115234375, -167.1181640625 53.872607421874996, -167.090478515625 53.9056640625, -167.0380859375 53.942187499999996, -166.978076171875 53.962939453124996, -166.848681640625 53.977880859375, -166.734033203125 54.002197265625, -166.673291015625 54.00595703125, -166.627392578125 53.995654296874996, -166.61533203125 53.900927734374996, -166.57216796875 53.853466796875, -166.4974609375 53.883544921875, -166.4427734375 53.9248046875, -166.400048828125 53.978125, -166.372314453125 53.998974609375, -166.33564453125 53.9708984375, -166.230859375 53.9326171875, -166.318994140625 53.873779296875, -166.48876953125 53.785498046875, -166.54560546875 53.72646484375, -166.54921875 53.700976562499996, -166.384716796875 53.720507812499996, -166.33876953125 53.71767578125)), ((-168.836083984375 53.0197265625, -168.795849609375 53.044921875, -168.7830078125 53.079345703125, -168.777783203125 53.148779296875, -168.759619140625 53.175048828125, -168.68984375 53.22724609375, -168.639013671875 53.25576171875, -168.57216796875 53.265625, -168.43662109375 53.256884765624996, -168.380419921875 53.283447265625, -168.36298828125 53.303564453125, -168.397265625 53.321923828125, -168.405322265625 53.353808593749996, -168.396435546875 53.4087890625, -168.3572265625 53.457568359374996, -168.2876953125 53.500146484375, -168.19306640625 53.53330078125, -168.073291015625 53.556982421875, -167.985693359375 53.558203125, -167.828076171875 53.507958984375, -167.8046875 53.4849609375, -167.843115234375 53.4345703125, -167.86513671875 53.3873046875, -167.96435546875 53.3451171875, -168.270703125 53.238037109375, -168.3701171875 53.159765625, -168.44599609375 53.084423828125, -168.505615234375 53.0431640625, -168.5490234375 53.036083984375, -168.597412109375 53.01611328125, -168.69853515625 52.963427734374996, -168.741015625 52.956884765625, -169.06591796875 52.833935546875, -169.088916015625 52.83203125, -169.073095703125 52.86416015625, -168.973876953125 52.90966796875, -168.9091796875 52.951171875, -168.836083984375 53.0197265625)), ((-170.056298828125 63.527197265625, -170.0173828125 63.491748046875, -169.77744140625 63.447998046875, -169.62412109375 63.430566406249994, -169.554541015625 63.373486328125, -169.427587890625 63.34833984375, -169.295068359375 63.35751953125, -169.22109375 63.348583984375, -168.996044921875 63.347314453124994, -168.716015625 63.310595703125, -168.761328125 63.213769531249994, -168.852392578125 63.171240234375, -169.109033203125 63.184912109375, -169.364697265625 63.171142578125, -169.470849609375 63.1212890625, -169.55927734375 63.058203125, -169.5712890625 62.99677734375, -169.6228515625 62.9685546875, -169.6763671875 62.956103515625, -169.71982421875 62.990087890625, -169.777783203125 63.09375, -169.818603515625 63.12236328125, -169.9884765625 63.17314453125, -170.115380859375 63.19384765625, -170.189599609375 63.196337890625, -170.243115234375 63.232275390625, -170.272705078125 63.28427734375, -170.424169921875 63.349267578124994, -170.527099609375 63.379296874999994, -170.848388671875 63.444384765625, -170.954052734375 63.4529296875, -171.06123046875 63.4458984375, -171.176025390625 63.4162109375, -171.2873046875 63.37216796875, -171.401171875 63.339257812499994, -171.519140625 63.331982421875, -171.6318359375 63.351220703124994, -171.737841796875 63.39423828125, -171.790966796875 63.424707031249994, -171.819384765625 63.47724609375, -171.817919921875 63.529833984375, -171.803515625 63.580517578125, -171.74638671875 63.703076171875, -171.646484375 63.727001953125, -171.463037109375 63.640039062499994, -171.4478515625 63.615673828125, -171.343359375 63.61962890625, -171.196923828125 63.609130859375, -171.03486328125 63.585498046875, -170.874609375 63.593994140625, -170.672509765625 63.668847656249994, -170.430419921875 63.698828125, -170.299365234375 63.680615234375, -170.1712890625 63.64091796875, -170.121826171875 63.617529296875, -170.082421875 63.57666015625, -170.056298828125 63.527197265625)), ((-169.6326171875 56.545703124999996, -169.766162109375 56.607958984374996, -169.755224609375 56.635058593749996, -169.62392578125 56.61513671875, -169.55048828125 56.628125, -169.485693359375 56.617724609374996, -169.47431640625 56.594042968749996, -169.586865234375 56.542431640625, -169.6326171875 56.545703124999996)), ((-169.98056640625 52.806005859375, -169.991845703125 52.829833984375, -169.982568359375 52.851025390625, -169.820654296875 52.8833984375, -169.7548828125 52.883642578125, -169.710986328125 52.866748046874996, -169.691943359375 52.84736328125, -169.70810546875 52.80712890625, -169.72275390625 52.792333984375, -169.87734375 52.813769531249996, -169.98056640625 52.806005859375)), ((-178.244482421875 68.466650390625, -178.0974609375 68.4248046875, -178.048681640625 68.388427734375, -178.018701171875 68.32275390625, -178.055810546875 68.264892578125, -177.922412109375 68.2865234375, -177.79677734375 68.33798828125, -177.86181640625 68.37822265625, -178.284521484375 68.5185546875, -178.373046875 68.565673828125, -178.249853515625 68.54140625, -177.683203125 68.36279296875, -177.52724609375 68.294384765625, -177.593212890625 68.28115234375, -177.63935546875 68.2412109375, -177.589208984375 68.22421875, -177.40751953125 68.245166015625, -177.297412109375 68.222509765625, -177.171826171875 68.174658203125, -176.907275390625 68.119140625, -175.34521484375 67.678076171875, -175.30986328125 67.60205078125, -175.26591796875 67.56650390625, -175.23955078125 67.52109375, -175.23251953125 67.4466796875, -175.37470703125 67.357373046875, -175.155078125 67.365380859375, -175.122802734375 67.376953125, -175.065625 67.413427734375, -175.002685546875 67.4375, -174.91806640625 67.407568359375, -174.849853515625 67.348876953125, -174.869921875 67.268505859375, -174.930419921875 67.203466796875, -174.938134765625 67.093017578125, -174.88505859375 67.000244140625, -174.8287109375 66.961376953125, -174.783642578125 66.916796875, -174.77119140625 66.784326171875, -174.8701171875 66.72490234375, -174.92490234375 66.62314453125, -174.8642578125 66.613134765625, -174.674658203125 66.60341796875, -174.612451171875 66.585400390625, -174.503759765625 66.537939453125, -174.453759765625 66.4298828125, -174.394091796875 66.34423828125, -174.366064453125 66.34833984375, -174.256982421875 66.428466796875, -174.206005859375 66.45234375, -174.084765625 66.473095703125, -174.017724609375 66.38251953125, -174.0650390625 66.22958984375, -174.025439453125 66.2296875, -173.994482421875 66.24580078125, -173.95546875 66.286767578125, -173.899951171875 66.310498046875, -173.83203125 66.366064453125, -173.773974609375 66.43466796875, -173.842529296875 66.48828125, -173.920947265625 66.52177734375, -174.10185546875 66.540625, -174.196337890625 66.580712890625, -174.231591796875 66.631884765625, -174.139599609375 66.65263671875, -174.060595703125 66.689794921875, -174.005517578125 66.77861328125, -174.041015625 66.87548828125, -174.08642578125 66.94287109375, -174.154345703125 66.98203125, -174.283544921875 67.0015625, -174.341845703125 67.03974609375, -174.430908203125 67.037646484375, -174.5189453125 67.049072265625, -174.5544921875 67.063037109375, -174.55009765625 67.090625, -174.447607421875 67.103125, -173.884033203125 67.1064453125, -173.6796875 67.144775390625, -173.586572265625 67.132763671875, -173.493994140625 67.10517578125, -173.1578125 67.069091796875, -173.167626953125 67.05224609375, -173.224169921875 67.035107421875, -173.32353515625 66.954833984375, -173.34306640625 66.909228515625, -173.34736328125 66.8513671875, -173.258935546875 66.840087890625, -173.175390625 66.864599609375, -173.216162109375 66.91123046875, -173.228271484375 66.9685546875, -173.193017578125 66.993603515625, -173.146826171875 66.998974609375, -173.05849609375 66.955859375, -172.96259765625 66.942138671875, -172.640576171875 66.925, -172.549365234375 66.930517578125, -172.5201171875 66.952490234375, -172.582958984375 66.97783203125, -173.001904296875 67.033984375, -173.00751953125 67.064892578125, -172.621044921875 67.026806640625, -172.27392578125 66.965576171875, -172.031494140625 66.973291015625, -171.795556640625 66.93173828125, -171.569580078125 66.818701171875, -171.360498046875 66.6767578125, -171.149267578125 66.592724609375, -170.92666015625 66.529736328125, -170.5556640625 66.3572265625, -170.509521484375 66.34365234375, -170.473095703125 66.320263671875, -170.542822265625 66.291064453125, -170.604443359375 66.24892578125, -170.3611328125 66.297900390625, -170.301220703125 66.29404296875, -170.24697265625 66.271875, -170.21162109375 66.23642578125, -170.191943359375 66.20126953125, -170.2439453125 66.169287109375, -169.888818359375 66.1634765625, -169.777880859375 66.143115234375, -169.729150390625 66.05810546875, -169.831689453125 65.99892578125, -169.89169921875 66.006103515625, -169.94931640625 66.031005859375, -170.00380859375 66.03349609375, -170.159423828125 66.008056640625, -170.401025390625 65.928515625, -170.540673828125 65.8654296875, -170.563037109375 65.823583984375, -170.54140625 65.71025390625, -170.560986328125 65.65625, -170.66630859375 65.621533203125, -170.896875 65.642626953125, -171.00146484375 65.664892578125, -171.118994140625 65.69501953125, -171.23203125 65.736865234375, -171.37685546875 65.803955078125, -171.421533203125 65.8103515625, -171.451171875 65.79423828125, -171.401708984375 65.7517578125, -171.30322265625 65.698486328125, -171.134423828125 65.628076171875, -171.054248046875 65.549951171875, -171.105859375 65.51103515625, -171.169970703125 65.502099609375, -171.466259765625 65.53310546875, -171.90712890625 65.495947265625, -171.94716796875 65.507958984375, -171.957177734375 65.54208984375, -172.131494140625 65.566943359375, -172.23388671875 65.570458984375, -172.282275390625 65.58232421875, -172.322265625 65.617529296875, -172.435693359375 65.66962890625, -172.60771484375 65.6900390625, -172.719189453125 65.692431640625, -172.78330078125 65.6810546875, -172.55654296875 65.61201171875, -172.353955078125 65.49599609375, -172.3919921875 65.474560546875, -172.4177734375 65.449560546875, -172.305712890625 65.447802734375, -172.2328125 65.455712890625, -172.211572265625 65.4251953125, -172.269873046875 65.302734375, -172.30927734375 65.275634765625, -172.6619140625 65.24853515625, -172.57314453125 65.22822265625, -172.482080078125 65.221875, -172.3787109375 65.226708984375, -172.28603515625 65.205712890625, -172.223681640625 65.1287109375, -172.21318359375 65.04814453125, -172.39873046875 64.96474609375, -172.592822265625 64.907958984375, -172.79248046875 64.88291015625, -172.89736328125 64.889208984375, -172.99912109375 64.876611328125, -173.0662109375 64.84716796875, -173.085791015625 64.817333984375, -172.998046875 64.837109375, -172.896875 64.82607421875, -172.80107421875 64.79052734375, -172.811572265625 64.761181640625, -172.902587890625 64.72919921875, -172.9240234375 64.704931640625, -172.8890625 64.664013671875, -172.90087890625 64.628857421875, -172.854150390625 64.609912109375, -172.746875 64.603271484375, -172.48740234375 64.544189453125, -172.43662109375 64.51533203125, -172.39384765625 64.474658203125, -172.378759765625 64.43154296875, -172.40146484375 64.413916015625, -172.694677734375 64.407080078125, -172.73916015625 64.412255859375, -172.75595703125 64.4599609375, -172.79150390625 64.49892578125, -172.903173828125 64.52607421875, -172.9490234375 64.507373046875, -172.915869140625 64.36943359375, -172.96005859375 64.327685546875, -173.009130859375 64.2974609375, -173.157421875 64.279736328125, -173.27548828125 64.2896484375, -173.37568359375 64.3548828125, -173.375537109375 64.410400390625, -173.309228515625 64.44267578125, -173.309326171875 64.487451171875, -173.327490234375 64.53955078125, -173.395654296875 64.47900390625, -173.474951171875 64.42861328125, -173.60361328125 64.365478515625, -173.665966796875 64.35732421875, -173.729736328125 64.364501953125, -173.8978515625 64.409716796875, -174.0013671875 64.448974609375, -174.204833984375 64.577783203125, -174.318017578125 64.637646484375, -174.570556640625 64.7177734375, -175.03603515625 64.813671875, -175.145849609375 64.80927734375, -175.255908203125 64.793994140625, -175.3951171875 64.802392578125, -175.442138671875 64.81669921875, -175.520654296875 64.86708984375, -175.853857421875 65.01083984375, -175.85947265625 65.05419921875, -175.830224609375 65.105517578125, -175.85615234375 65.2328125, -175.92294921875 65.352490234375, -176.09326171875 65.471044921875, -176.5474609375 65.54755859375, -176.922119140625 65.6013671875, -177.05625 65.613623046875, -177.175244140625 65.60166015625, -177.48876953125 65.5037109375, -177.6986328125 65.489697265625, -178.310205078125 65.48486328125, -178.4125 65.495556640625, -178.504638671875 65.53720703125, -178.525927734375 65.593017578125, -178.49931640625 65.696630859375, -178.50234375 65.7404296875, -178.526220703125 65.755224609375, -178.558544921875 65.75400390625, -178.679150390625 65.795361328125, -178.791064453125 65.86474609375, -178.879345703125 65.936474609375, -178.9390625 66.032763671875, -178.858251953125 66.037548828125, -178.746728515625 66.013671875, -178.693798828125 66.12421875, -178.616259765625 66.166015625, -178.5865234375 66.1984375, -178.534130859375 66.316552734375, -178.5265625 66.4015625, -178.615771484375 66.35517578125, -178.752783203125 66.237255859375, -178.868115234375 66.187060546875, -178.91552734375 66.179931640625, -179.026123046875 66.203515625, -179.105078125 66.23193359375, -179.106884765625 66.34609375, -179.143408203125 66.375048828125, -179.178369140625 66.3533203125, -179.19267578125 66.312548828125, -179.2931640625 66.305078125, -179.34013671875 66.2875, -179.3162109375 66.21982421875, -179.327197265625 66.16259765625, -179.42265625 66.141064453125, -179.616162109375 66.127880859375, -179.68330078125 66.184130859375, -179.740869140625 66.10576171875, -179.783642578125 66.01796875, -179.789697265625 65.90087890625, -179.7283203125 65.80380859375, -179.640625 65.757568359375, -179.449072265625 65.687841796875, -179.365966796875 65.638623046875, -179.344384765625 65.575244140625, -179.352099609375 65.516748046875, -179.5193359375 65.386279296875, -179.63515625 65.244140625, -179.70458984375 65.18720703125, -180 65.067236328125, -179.999951171875 68.983447265625, -179.59541015625 68.906494140625, -179.514501953125 68.917138671875, -179.470849609375 68.91240234375, -179.35595703125 68.852978515625, -179.279296875 68.8251953125, -178.873876953125 68.7541015625, -178.689306640625 68.675146484375, -178.538525390625 68.58564453125, -178.613671875 68.603076171875, -178.75146484375 68.66044921875, -178.7365234375 68.593017578125, -178.692626953125 68.54599609375, -178.47392578125 68.5017578125, -178.244482421875 68.466650390625)), ((-170.264013671875 57.136767578124996, -170.3580078125 57.15419921875, -170.385888671875 57.18857421875, -170.38662109375 57.20302734375, -170.116162109375 57.241796875, -170.160546875 57.183935546875, -170.264013671875 57.136767578124996)), ((-170.79736328125 52.549755859375, -170.816064453125 52.5615234375, -170.82705078125 52.600732421875, -170.791162109375 52.63125, -170.682080078125 52.697558593749996, -170.608056640625 52.68505859375, -170.584619140625 52.667578125, -170.58662109375 52.642431640625, -170.614013671875 52.609619140625, -170.649267578125 52.593115234375, -170.69228515625 52.59296875, -170.7333984375 52.581494140625, -170.79736328125 52.549755859375)), ((-172.3875 60.398486328125, -172.2775390625 60.343652343749994, -172.232080078125 60.29912109375, -172.39716796875 60.331103515625, -172.6357421875 60.328857421875, -172.9583984375 60.462792968749994, -173.0740234375 60.493212890625, -173.04765625 60.568310546875, -172.923876953125 60.606835937499994, -172.860205078125 60.5056640625, -172.742236328125 60.457373046875, -172.52607421875 60.391748046874994, -172.3875 60.398486328125)), ((-172.47041015625 52.388037109375, -172.38310546875 52.37294921875, -172.313623046875 52.32958984375, -172.464794921875 52.272265624999996, -172.539111328125 52.257470703125, -172.61982421875 52.2728515625, -172.582177734375 52.325634765625, -172.54365234375 52.353808593749996, -172.47041015625 52.388037109375)), ((-173.99248046875 52.123339843749996, -173.938916015625 52.131298828125, -173.794091796875 52.104296874999996, -173.77900390625 52.118359375, -173.6568359375 52.14375, -173.5533203125 52.136279296874996, -173.3572265625 52.095654296875, -173.11328125 52.100390624999996, -173.02431640625 52.09052734375, -173.022900390625 52.079150390624996, -173.178857421875 52.0625, -173.2322265625 52.06796875, -173.368408203125 52.04560546875, -173.460986328125 52.041552734374996, -173.67255859375 52.062646484375, -173.835791015625 52.048193359375, -173.878955078125 52.053662109375, -173.930224609375 52.07216796875, -173.989599609375 52.10361328125, -173.99248046875 52.123339843749996)), ((-174.306884765625 52.3779296875, -174.168896484375 52.420166015625, -174.04560546875 52.367236328124996, -174.018359375 52.331787109375, -174.030078125 52.289794921875, -174.0548828125 52.24599609375, -174.163232421875 52.223388671875, -174.17939453125 52.200341796875, -174.120654296875 52.135205078125, -174.3435546875 52.077783203125, -174.677392578125 52.035009765625, -175.2138671875 51.993896484375, -175.295556640625 52.02216796875, -175.11767578125 52.047119140625, -174.91591796875 52.094189453125, -174.6677734375 52.1349609375, -174.474267578125 52.184033203125, -174.30615234375 52.216162109375, -174.258837890625 52.26904296875, -174.406494140625 52.29599609375, -174.435546875 52.317236328125, -174.3654296875 52.341943359375, -174.306884765625 52.3779296875)), ((-176.184521484375 52.0560546875, -176.1556640625 52.099414062499996, -176.077392578125 52.099951171875, -176.031201171875 52.082324218749996, -175.9880859375 52.049462890625, -175.97529296875 52.028955078125, -176.021533203125 52.00244140625, -176.045068359375 51.972998046875, -176.14287109375 52.004296875, -176.1775390625 52.029833984374996, -176.184521484375 52.0560546875)), ((-176.19365234375 51.886279296874996, -176.071630859375 51.843310546874996, -176.008984375 51.812353515625, -176.093359375 51.790478515625, -176.204443359375 51.834814453125, -176.19365234375 51.886279296874996)), ((-176.39609375 51.75986328125, -176.413720703125 51.840576171875, -176.378564453125 51.861132812499996, -176.280224609375 51.80283203125, -176.349658203125 51.73330078125, -176.39609375 51.75986328125)), ((-176.7736328125 51.81875, -176.73642578125 51.83994140625, -176.7451171875 51.894677734375, -176.69833984375 51.98603515625, -176.596826171875 51.981787109375, -176.54990234375 51.94404296875, -176.551611328125 51.919580078125, -176.593310546875 51.86669921875, -176.587939453125 51.833203125, -176.473388671875 51.83740234375, -176.437451171875 51.820117187499996, -176.437353515625 51.754296875, -176.45234375 51.735693359375, -176.469775390625 51.73115234375, -176.510986328125 51.74560546875, -176.55751953125 51.712060546875, -176.770947265625 51.629931640624996, -176.837109375 51.67587890625, -176.96162109375 51.603662109375, -176.8744140625 51.790478515625, -176.7736328125 51.81875)), ((-177.11005859375 51.928759765624996, -177.063037109375 51.901904296874996, -177.079541015625 51.866552734375, -177.12138671875 51.835791015625, -177.135107421875 51.806933593749996, -177.148193359375 51.716748046875, -177.177001953125 51.7037109375, -177.2298828125 51.6935546875, -177.382373046875 51.704833984375, -177.474658203125 51.70126953125, -177.577587890625 51.694189453125, -177.6548828125 51.676562499999996, -177.67021484375 51.70107421875, -177.667626953125 51.72119140625, -177.334716796875 51.776220703125, -177.257275390625 51.804931640625, -177.209765625 51.841259765625, -177.16640625 51.909423828125, -177.131494140625 51.92978515625, -177.11005859375 51.928759765624996)), ((-178.0626953125 71.041943359375, -178.527978515625 71.014794921875, -179.156884765625 70.93984375, -179.415673828125 70.918994140625, -179.506689453125 70.9234375, -179.734033203125 70.9716796875, -180 70.993017578125, -180 71.537744140625, -179.844873046875 71.5509765625, -179.691015625 71.577978515625, -179.54638671875 71.582421875, -179.40205078125 71.566650390625, -179.256494140625 71.5716796875, -179.111572265625 71.59619140625, -178.99404296875 71.593212890625, -178.87646484375 71.57705078125, -178.43896484375 71.541162109375, -178.353564453125 71.52919921875, -178.214697265625 71.481640625, -178.13388671875 71.465478515625, -178.056640625 71.43759765625, -177.9748046875 71.39052734375, -177.8169921875 71.339990234375, -177.584130859375 71.281689453125, -177.532177734375 71.2630859375, -177.498486328125 71.219140625, -177.523583984375 71.16689453125, -177.82177734375 71.067578125, -178.0626953125 71.041943359375)), ((-177.865869140625 51.860400390624996, -177.799609375 51.8400390625, -177.644482421875 51.82626953125, -177.724951171875 51.80166015625, -177.770654296875 51.777880859374996, -177.826953125 51.685888671875, -177.879052734375 51.649707031249996, -177.90126953125 51.61640625, -177.925341796875 51.6173828125, -178.05888671875 51.672607421875, -178.078466796875 51.691259765625, -178.000048828125 51.71748046875, -177.97724609375 51.73779296875, -177.986376953125 51.7642578125, -178.0451171875 51.801074218749996, -178.153466796875 51.8482421875, -178.19453125 51.8822265625, -178.16826171875 51.90302734375, -178.1166015625 51.915869140625, -177.95380859375 51.91845703125, -177.865869140625 51.860400390624996)))