MULTIPOLYGON (((179.1525390625 70.8802734375, 178.8615234375 70.826416015625, 178.79257812500003 70.8220703125, 178.64824218750005 71.0005859375, 178.62832031250002 71.04736328125, 178.68388671875005 71.1056640625, 178.82900390625002 71.177880859375, 178.89111328125 71.231103515625, 179.23505859375 71.32451171875, 179.54765625000005 71.44765625, 179.71591796875003 71.4662109375, 179.88642578125 71.52333984375, 180 71.537744140625, 180 70.993017578125, 179.88134765625 70.97568359375, 179.64765625 70.89892578125, 179.1525390625 70.8802734375)), ((178.64794921875 51.643896484375, 178.69218750000005 51.65595703125, 178.90800781250005 51.615576171875, 179 51.5697074911271, 179 51.500792742952086, 178.92587890625003 51.535058593749994, 178.7470703125 51.586718749999996, 178.64794921875 51.643896484375)), ((66.7564453125 68.8919921875, 67.00244140625 68.873583984375, 67.14921875000002 68.753955078125, 67.6396484375 68.579296875, 67.73076171875002 68.513671875, 68.15693359375001 68.403662109375, 68.37119140625 68.3142578125, 68.50419921875002 68.3484375, 68.82949218750002 68.567431640625, 69.02431640625002 68.81796875, 69.14052734375002 68.950634765625, 68.9244140625 68.956201171875, 68.76289062500001 68.9173828125, 68.65957031250002 68.927392578125, 68.54277343750002 68.96708984375, 68.355078125 69.067578125, 68.11738281250001 69.23623046875, 68.07304687500002 69.42080078125, 68.005859375 69.480029296875, 67.77431640625002 69.52998046875, 67.62412109375 69.584423828125, 67.064453125 69.693701171875, 66.96406250000001 69.65556640625, 66.9341796875 69.5966796875, 66.89667968750001 69.55380859375, 66.84023437500002 69.6091796875, 66.80400390625002 69.659228515625, 66.80292968750001 69.74013671875, 66.83222656250001 69.8421875, 66.9263671875 70.0142578125, 67.06904296875001 70.005615234375, 67.14443359375002 70.030615234375, 67.2392578125 70.108056640625, 67.19746093750001 70.171630859375, 67.146484375 70.219921875, 67.1568359375 70.2951171875, 67.24687500000002 70.50009765625, 67.284765625 70.738720703125, 67.2115234375 70.7984375, 67.14335937500002 70.837548828125, 66.82246093750001 70.79736328125, 66.70224609375 70.818505859375, 66.67519531250002 70.864697265625, 66.66611328125 70.9005859375, 66.7587890625 70.962353515625, 66.84707031250002 71.063720703125, 66.69257812500001 71.04169921875, 66.6396484375 71.081396484375, 66.76806640625 71.139892578125, 66.917578125 71.282373046875, 67.27421875000002 71.3478515625, 67.54179687500002 71.41201171875, 67.95937500000002 71.548388671875, 68.26923828125001 71.6828125, 68.46943359375001 71.85263671875, 68.607421875 72.012744140625, 68.8296875 72.391552734375, 69.0390625 72.669921875, 69.39140625000002 72.955517578125, 69.61181640625 72.98193359375, 69.6943359375 72.9775390625, 69.708984375 72.956396484375, 69.6587890625 72.9318359375, 69.6451171875 72.89755859375, 69.73828125 72.8849609375, 69.88750000000002 72.882568359375, 70.17216796875002 72.901171875, 70.65537109375 72.890380859375, 71.50019531250001 72.913671875, 71.61699218750002 72.902099609375, 71.92958984375002 72.819677734375, 72.10097656250002 72.82900390625, 72.44638671875 72.79033203125, 72.812109375 72.69140625, 72.78740234375002 72.482958984375, 72.7529296875 72.3431640625, 72.62441406250002 72.079443359375, 72.57412109375002 72.012548828125, 72.375 71.821630859375, 72.27949218750001 71.6955078125, 72.12968750000002 71.6091796875, 71.91201171875002 71.54794921875, 71.884375 71.511376953125, 71.86728515625 71.457373046875, 72.07929687500001 71.306689453125, 72.58134765625002 71.151123046875, 72.70449218750002 70.963232421875, 72.73164062500001 70.8228515625, 72.70000000000002 70.45732421875, 72.6533203125 70.40341796875, 72.46943359375001 70.274951171875, 72.52968750000002 70.172509765625, 72.59941406250002 69.793212890625, 72.61562500000002 69.484033203125, 72.55732421875001 69.37841796875, 72.52705078125001 69.154248046875, 72.52734375 69.080517578125, 72.5767578125 68.968701171875, 72.6783203125 68.874853515625, 72.81191406250002 68.815234375, 73.19072265625002 68.706787109375, 73.54804687500001 68.57451171875, 73.57343750000001 68.5326171875, 73.59169921875002 68.481884765625, 73.46523437500002 68.43076171875, 73.26640625000002 68.294482421875, 73.13945312500002 68.18134765625, 73.12939453125 68.09091796875, 73.17304687500001 67.973046875, 73.15214843750002 67.8650390625, 73.06679687500002 67.766943359375, 72.94873046875 67.696240234375, 72.5943359375 67.586962890625, 71.84746093750002 67.0076171875, 71.66816406250001 66.939697265625, 71.365234375 66.9615234375, 71.44892578125001 66.878955078125, 71.55117187500002 66.76044921875, 71.53955078125 66.68310546875, 71.34199218750001 66.68671875, 71.06562500000001 66.6044921875, 70.939453125 66.54814453125, 70.72490234375002 66.51943359375, 70.56142578125002 66.548681640625, 70.3828125 66.602490234375, 70.40888671875001 66.647607421875, 70.44257812500001 66.66826171875, 70.56796875 66.70087890625, 70.69072265625002 66.7453125, 70.5791015625 66.753759765625, 70.4439453125 66.697314453125, 70.28339843750001 66.685791015625, 70.09375 66.754345703125, 69.94863281250002 66.82998046875, 69.87714843750001 66.845458984375, 69.74042968750001 66.814599609375, 69.2177734375 66.82861328125, 69.0787109375 66.81591796875, 69.01347656250002 66.788330078125, 69.05117187500002 66.766357421875, 69.09111328125002 66.723583984375, 69.14394531250002 66.64072265625, 69.1943359375 66.578662109375, 69.41201171875002 66.5107421875, 69.70097656250002 66.4845703125, 69.982421875 66.401416015625, 70.339453125 66.3423828125, 71.1455078125 66.366650390625, 71.3580078125 66.359423828125, 71.56562500000001 66.333740234375, 71.9169921875 66.246728515625, 72.06757812500001 66.2533203125, 72.32158203125002 66.33212890625, 72.38398437500001 66.50654296875, 72.41738281250002 66.560791015625, 73.34160156250002 66.8068359375, 73.51357421875002 66.861083984375, 73.79208984375 66.9953125, 73.88330078125 67.0849609375, 73.98623046875002 67.327685546875, 74.07451171875002 67.414111328125, 74.67607421875002 67.69462890625, 74.76953125 67.766357421875, 74.78730468750001 67.897509765625, 74.77822265625002 67.9859375, 74.74267578125 68.07353515625, 74.632421875 68.218310546875, 74.51123046875 68.303076171875, 74.39140625000002 68.42060546875, 74.48095703125 68.65888671875, 74.57958984375 68.751220703125, 75.124609375 68.86171875, 75.58955078125001 68.901171875, 76.10751953125003 68.975732421875, 76.31601562500003 68.99150390625, 76.45917968750001 68.978271484375, 76.60576171874999 68.897607421875, 76.73505859375001 68.776904296875, 77.11171875000002 68.59619140625, 77.23847656250001 68.469580078125, 77.26103515624999 68.315576171875, 77.24843750000002 67.941015625, 77.17441406250003 67.778515625, 77.32509765625002 67.73564453125, 77.39560546875003 67.698681640625, 77.57919921875003 67.6439453125, 77.67509765624999 67.589599609375, 77.77158203125003 67.570263671875, 77.98554687500001 67.5591796875, 78.92246093750003 67.589111328125, 78.88759765625002 67.613134765625, 78.83906250000001 67.631201171875, 78.55908203125 67.639111328125, 78.16123046875003 67.678369140625, 77.58828125000002 67.751904296875, 77.52011718750003 67.909619140625, 77.53593749999999 68.007666015625, 77.66484374999999 68.190380859375, 77.7568359375 68.22236328125, 77.9951171875 68.25947265625, 77.95869140625001 68.37705078125, 77.90683593750003 68.482275390625, 77.78525390625003 68.63046875, 77.65068359374999 68.90302734375, 77.46630859375 68.905126953125, 77.32832031250001 68.958642578125, 76.64492187500002 69.1173828125, 76.0009765625 69.23505859375, 75.5611328125 69.251806640625, 75.42001953125 69.238623046875, 75.05351562500002 69.11630859375, 74.81484375000002 69.090576171875, 74.36259765625002 69.144580078125, 73.97744140625002 69.1146484375, 73.83603515625 69.143212890625, 73.77568359375002 69.1982421875, 73.89091796875002 69.41796875, 73.83271484375001 69.50390625, 73.66328125000001 69.61708984375, 73.56015625 69.7072265625, 73.578125 69.802978515625, 73.83017578125 70.17568359375, 73.93740234375002 70.2728515625, 74.20673828125001 70.445458984375, 74.343359375 70.5787109375, 74.31093750000002 70.65361328125, 73.73154296875 71.068701171875, 73.57656250000002 71.21650390625, 73.50722656250002 71.263525390625, 73.365234375 71.319775390625, 73.15048828125 71.385205078125, 73.08623046875002 71.444921875, 73.67177734375002 71.845068359375, 73.939453125 71.91474609375, 74.31123046875001 71.9578125, 74.48906250000002 71.997021484375, 74.80410156250002 72.077392578125, 74.9921875 72.14482421875, 75.05322265625 72.19921875, 75.08994140625 72.263134765625, 75.09707031250002 72.420654296875, 75.06035156250002 72.548779296875, 75.00800781250001 72.61943359375, 74.78681640625001 72.811865234375, 74.86494140625001 72.838427734375, 74.94218750000002 72.85380859375, 75.15244140625 72.852734375, 75.36933593750001 72.796630859375, 75.47490234375002 72.685009765625, 75.603515625 72.5810546875, 75.603125 72.512158203125, 75.59140625 72.4572265625, 75.64433593750002 72.382275390625, 75.69111328125001 72.35, 75.74140625000001 72.296240234375, 75.69443359375 72.253515625, 75.64433593750002 72.23232421875, 75.55019531250002 72.17080078125, 75.39453125 71.983203125, 75.27382812500002 71.958935546875, 75.24746093750002 71.81337890625, 75.50322265625002 71.654638671875, 75.46855468750002 71.534375, 75.41718750000001 71.494677734375, 75.2802734375 71.430078125, 75.29804687500001 71.378466796875, 75.33203125 71.341748046875, 75.73359375000001 71.26591796875, 76.11044921875003 71.2185546875, 76.74199218749999 71.20205078125, 76.92900390624999 71.127880859375, 76.99521484375003 71.1810546875, 77.58964843749999 71.167919921875, 78.06826171875002 70.986328125, 78.32060546874999 70.930419921875, 78.52578125000002 70.91181640625, 78.94218749999999 70.9337890625, 79.01542968749999 70.9501953125, 79.08388671875002 71.002001953125, 78.888671875 70.99716796875, 78.80351562499999 70.97353515625, 78.72392578124999 70.9759765625, 78.58769531249999 70.993896484375, 78.49140625000001 71.025390625, 78.38652343749999 71.087109375, 78.21259765625001 71.26630859375, 77.90839843750001 71.324072265625, 77.70664062500003 71.3005859375, 77.48105468750003 71.311572265625, 77.11367187500002 71.409375, 76.87119140625003 71.44658203125, 76.43339843749999 71.552490234375, 76.31210937500003 71.595458984375, 76.21572265625002 71.682861328125, 76.03242187500001 71.910400390625, 76.1240234375 71.926611328125, 76.42167968749999 72.006005859375, 76.87138671874999 72.0330078125, 77.06132812499999 72.00419921875, 77.55078125 71.84208984375, 77.77753906250001 71.83642578125, 78.18691406250002 71.907080078125, 78.232421875 71.952294921875, 78.14082031250001 72.044677734375, 78.01640624999999 72.092041015625, 77.78066406250002 72.114306640625, 77.49287109375001 72.071728515625, 77.41083984375001 72.107763671875, 77.43974609374999 72.15654296875, 77.47158203125002 72.192138671875, 77.62529296874999 72.201416015625, 77.73320312499999 72.22919921875, 77.96816406250002 72.3287109375, 78.22539062499999 72.37744140625, 78.48261718750001 72.394970703125, 79.42207031250001 72.38076171875, 79.95390624999999 72.223046875, 80.47402343750002 72.153125, 80.76249999999999 72.08916015625, 80.81474609374999 72.054296875, 80.85605468750003 71.97021484375, 81.51123046875 71.746142578125, 81.66162109375 71.715966796875, 82.07988281249999 71.7068359375, 82.54726562500002 71.75859375, 82.7578125 71.764111328125, 82.98613281249999 71.748681640625, 83.10664062500001 71.7205078125, 83.23359375000001 71.6681640625, 83.16552734375 71.602197265625, 83.10566406250001 71.562451171875, 82.97705078125 71.4513671875, 82.91796875 71.419921875, 82.4931640625 71.29287109375, 82.32285156250003 71.260009765625, 82.27695312500003 71.09345703125, 82.25429687500002 71.056201171875, 82.23916015625002 70.997705078125, 82.31601562500003 70.879443359375, 82.3359375 70.807373046875, 82.27070312500001 70.70673828125, 82.16318359375003 70.59814453125, 82.18242187499999 70.511474609375, 82.22119140625 70.395703125, 82.23583984375 70.4302734375, 82.2314453125 70.48291015625, 82.25839843750003 70.543603515625, 82.45166015625 70.690087890625, 82.59248046875001 70.88994140625, 82.73779296875 70.94208984375, 82.869140625 70.954833984375, 83.01015625000002 70.89541015625, 83.05107421874999 70.815234375, 83.05839843749999 70.6947265625, 83.03017578125002 70.580517578125, 82.91982421875002 70.407421875, 82.74248046874999 70.286474609375, 82.68232421875001 70.217724609375, 82.76728515625001 70.154052734375, 82.85654296875003 70.104541015625, 82.96103515625003 70.08828125, 83.08076171875001 70.093017578125, 83.10957031250001 70.1095703125, 83.13203125000001 70.157177734375, 83.09414062500002 70.22109375, 83.07382812500003 70.276708984375, 83.29345703125 70.321337890625, 83.4970703125 70.345263671875, 83.65986328125001 70.418359375, 83.70048828124999 70.46640625, 83.73593750000003 70.546484375, 83.57890624999999 70.76591796875, 83.33388671875002 70.988525390625, 83.15126953125002 71.10361328125, 83.26601562500002 71.27587890625, 83.45761718750003 71.467529296875, 83.53105468749999 71.5142578125, 83.55048828125001 71.54365234375, 83.5712890625 71.594384765625, 83.53437500000001 71.683935546875, 83.34042968750003 71.8275390625, 83.20029296875003 71.87470703125, 82.75507812500001 71.90283203125, 82.64541015625002 71.925244140625, 82.31914062499999 72.071826171875, 82.28066406250002 72.105126953125, 82.20927734374999 72.211181640625, 82.18359375 72.237548828125, 82.09365234375002 72.2654296875, 81.79287109375002 72.326611328125, 81.58623046874999 72.351708984375, 81.28271484375 72.358837890625, 81.09814453125 72.38974609375, 80.82705078125002 72.48828125, 80.79775390625002 72.519970703125, 80.71962890625002 72.647900390625, 80.65625 72.71201171875, 80.67539062500003 72.7591796875, 80.77373046874999 72.860791015625, 80.84160156249999 72.949169921875, 80.75742187500003 73.025244140625, 80.638671875 73.049169921875, 80.50966796875002 73.086083984375, 80.45546875000002 73.155224609375, 80.42451171875001 73.23115234375, 80.4189453125 73.2896484375, 80.39804687500003 73.3568359375, 80.45830078124999 73.413720703125, 80.59589843750001 73.4740234375, 80.56191406250002 73.514990234375, 80.58320312500001 73.56845703125, 81.46884765625003 73.6404296875, 81.81699218750003 73.658837890625, 83.54472656249999 73.66650390625, 83.6669921875 73.686474609375, 84.41738281250002 73.722021484375, 84.73789062500003 73.762841796875, 85.07744140624999 73.71953125, 85.20058593750002 73.721533203125, 85.44833984375003 73.734619140625, 85.61142578125003 73.82158203125, 85.97929687499999 73.85693359375, 86.59140625000003 73.894287109375, 86.89296875000002 73.887109375, 87.02949218750001 73.824169921875, 86.36591796875001 73.619775390625, 86.09414062500002 73.5783203125, 85.82705078125002 73.4927734375, 85.79257812500003 73.438330078125, 85.80244140625001 73.3716796875, 85.81816406249999 73.326953125, 86.09814453125 73.272607421875, 86.30791015624999 73.195751953125, 86.51435546875001 73.140478515625, 86.67705078124999 73.106787109375, 86.71503906250001 73.125830078125, 85.97080078125003 73.3470703125, 85.91005859375002 73.3904296875, 85.93896484375 73.456494140625, 86.09238281250003 73.519140625, 86.37626953124999 73.56884765625, 87.1201171875 73.6150390625, 87.29443359375 73.7046875, 87.36953125000002 73.755908203125, 87.57119140625002 73.8107421875, 87.50322265624999 73.832470703125, 87.33750000000003 73.846044921875, 87.20966796875001 73.878662109375, 86.69707031249999 74.1953125, 86.57109374999999 74.24375, 86.17783203125003 74.27939453125, 86.00136718750002 74.316015625, 86.18291015624999 74.423046875, 86.39580078124999 74.45009765625, 86.53847656250002 74.44423828125, 86.66474609375001 74.4142578125, 86.89794921875 74.325341796875, 87.22968750000001 74.3638671875, 87.10615234375001 74.403564453125, 86.89423828125001 74.44970703125, 86.70009765625002 74.5224609375, 86.42568359375002 74.585498046875, 86.11611328125002 74.628564453125, 85.791015625 74.6451171875, 85.88076171875002 74.740234375, 86.05888671874999 74.72822265625, 86.11953125000002 74.757421875, 86.20126953125003 74.8162109375, 86.65146484375003 74.682421875, 86.86289062500003 74.71787109375, 87.04179687499999 74.778857421875, 87.41933593750002 74.94091796875, 87.46757812499999 75.013232421875, 87.28740234374999 75.0525390625, 87.14072265625003 75.072265625, 86.93906250000003 75.068115234375, 86.92167968749999 75.11279296875, 87.00595703125003 75.16982421875, 87.17080078125002 75.191748046875, 87.67138671875 75.12958984375, 88.50371093749999 75.290478515625, 88.73310546875001 75.369189453125, 89.31025390625001 75.4701171875, 89.59511718750002 75.458251953125, 90.18496093750002 75.591064453125, 91.00468749999999 75.649560546875, 91.4794921875 75.649658203125, 91.84541015625001 75.723681640625, 92.40751953124999 75.749658203125, 92.6025390625 75.7791015625, 93.5498046875 75.8541015625, 94.0751953125 75.912890625, 94.15634765625003 75.959228515625, 93.68701171875 75.92158203125, 93.57402343749999 75.956298828125, 93.47548828125002 75.932861328125, 93.40605468749999 75.90126953125, 93.17812500000002 75.958984375, 93.11630859375003 75.94462890625, 93.06865234374999 75.912841796875, 92.98662109374999 75.902685546875, 92.89042968749999 75.9099609375, 92.85859375000001 75.9794921875, 92.97158203125002 76.07509765625, 93.10488281250002 76.025830078125, 93.25927734375 76.098779296875, 93.35957031250001 76.100732421875, 93.6484375 76.054150390625, 93.84287109375003 76.101318359375, 94.10234374999999 76.123583984375, 94.38828125000003 76.102783203125, 94.50673828125002 76.107958984375, 94.57558593750002 76.1517578125, 95.03847656250002 76.113525390625, 95.35927734375002 76.139599609375, 95.57871093750003 76.1373046875, 95.919921875 76.113134765625, 96.07548828124999 76.081982421875, 95.98603515625001 76.00966796875, 95.6533203125 75.8921875, 95.74384765625001 75.872314453125, 95.93476562500001 75.926025390625, 96.50859374999999 76.00556640625, 96.6005859375 75.989892578125, 96.53769531250003 75.921630859375, 96.4970703125 75.8912109375, 96.87919921874999 75.9310546875, 97.20546875000002 76.018701171875, 97.35068359375003 76.0333984375, 97.49921875000001 75.980224609375, 97.6376953125 76.029052734375, 97.66982421875002 76.07802734375, 97.91835937500002 76.088671875, 98.02001953125 76.13369140625, 98.19462890624999 76.16640625, 98.34199218750001 76.18056640625, 98.66201171875002 76.24267578125, 98.77128906249999 76.2240234375, 98.98466796874999 76.207568359375, 99.18730468749999 76.17763671875, 99.56269531250001 76.109326171875, 99.61562500000002 76.08232421875, 99.66318359375003 76.07802734375, 99.77041015625002 76.028759765625, 99.68925781249999 75.95634765625, 99.60234374999999 75.85205078125, 99.44218749999999 75.803173828125, 99.54072265625001 75.798583984375, 99.609375 75.811279296875, 99.73750000000001 75.8806640625, 99.85136718749999 75.9302734375, 99.82539062500001 76.1359375, 99.61679687500003 76.240185546875, 99.46064453125001 76.27509765625, 99.09384765625003 76.384326171875, 98.8056640625 76.4806640625, 98.86943359374999 76.5095703125, 99.57626953125003 76.471435546875, 99.93574218750001 76.489892578125, 100.32236328125003 76.479150390625, 100.84375 76.5251953125, 101.06074218750001 76.47724609375, 101.31074218750001 76.47890625, 101.59775390625003 76.439208984375, 101.68378906250001 76.485498046875, 101.21298828125003 76.535693359375, 101.00263671875001 76.530517578125, 100.92802734374999 76.55673828125, 101.00625000000002 76.615087890625, 101.09931640625001 76.70400390625, 101.00820312500002 76.78134765625, 100.92041015625 76.822509765625, 100.90585937500003 76.90068359375, 100.98994140625001 76.990478515625, 101.18574218750001 77.028564453125, 101.29287109375002 77.1015625, 101.51767578125003 77.198095703125, 102.61015624999999 77.508544921875, 103.13144531250003 77.62646484375, 103.33125000000001 77.641064453125, 103.56074218750001 77.63193359375, 104.01455078125002 77.730419921875, 104.18486328124999 77.73046875, 104.81425781249999 77.652099609375, 104.96523437500002 77.5947265625, 105.30898437500002 77.54921875, 105.71025390624999 77.525244140625, 105.89453125 77.4888671875, 105.9833984375 77.447607421875, 106.0595703125 77.39052734375, 105.73417968749999 77.352001953125, 105.38457031249999 77.237841796875, 104.91191406249999 77.17470703125, 104.32363281250002 77.132666015625, 104.20244140624999 77.101806640625, 105.32021484375002 77.092333984375, 105.64589843750002 77.10068359375, 105.71201171875003 77.00146484375, 105.82216796875002 76.997509765625, 106.14541015625002 77.0453125, 106.33867187499999 77.0478515625, 106.705078125 77.01376953125, 106.78369140625 77.031787109375, 106.94160156250001 77.034375, 107.27890625000003 76.990966796875, 107.42978515625003 76.9265625, 107.19023437499999 76.822021484375, 106.94091796875 76.73046875, 106.63876953125003 76.573388671875, 106.54550781250003 76.586279296875, 106.38466796875002 76.589453125, 106.41357421875 76.512255859375, 106.68320312500003 76.514697265625, 106.82539062500001 76.480078125, 107.15771484375 76.524072265625, 107.62421875000001 76.510107421875, 107.72216796875 76.522314453125, 107.90224609375002 76.569677734375, 107.94990234375001 76.66064453125, 108.02792968750003 76.71845703125, 108.181640625 76.737841796875, 108.35205078125 76.71953125, 108.63837890625001 76.7201171875, 109.36933593750001 76.74921875, 109.98115234375001 76.711865234375, 110.47148437499999 76.7583984375, 111.11484375000003 76.723046875, 111.39248046875002 76.686669921875, 111.6005859375 76.622314453125, 111.7861328125 76.603564453125, 111.93867187500001 76.55341796875, 112.09394531250001 76.480322265625, 112.01679687500001 76.420556640625, 111.94267578124999 76.38046875, 112.14277343750001 76.423974609375, 112.29707031250001 76.43466796875, 112.41328125000001 76.40830078125, 112.61953125000002 76.383544921875, 112.68417968750003 76.21884765625, 112.74257812500002 76.1869140625, 112.79843750000003 76.129638671875, 112.72187500000001 76.077197265625, 112.65625 76.053564453125, 112.81894531250003 76.05859375, 113.04667968749999 76.114111328125, 113.09404296874999 76.13291015625, 113.150390625 76.17451171875, 113.06601562500003 76.215234375, 112.98798828125001 76.23974609375, 113.08603515625003 76.25810546875, 113.27265625000001 76.25166015625, 113.36552734374999 76.178857421875, 113.427734375 76.112109375, 113.56386718750002 75.891650390625, 113.85722656249999 75.9212890625, 113.87099609375002 75.856005859375, 113.74873046875001 75.70478515625, 113.61992187499999 75.59267578125, 113.56757812500001 75.568408203125, 113.48593750000003 75.56396484375, 113.51718750000003 75.621875, 113.46904296874999 75.656689453125, 113.3916015625 75.677880859375, 113.12636718750002 75.698681640625, 112.62919921874999 75.835400390625, 112.49667968750003 75.84990234375, 112.46611328124999 75.84365234375, 112.45302734375002 75.83017578125, 112.72958984375003 75.737646484375, 112.95566406250003 75.571923828125, 113.16152343750002 75.6205078125, 113.24296874999999 75.61142578125, 113.35624999999999 75.53427734375, 113.55888671874999 75.50205078125, 113.72617187500003 75.450634765625, 113.61357421874999 75.29296875, 112.92490234375003 75.0150390625, 112.19199218750003 74.853173828125, 111.86826171875003 74.7400390625, 111.29902343750001 74.658447265625, 110.89277343750001 74.548095703125, 110.37353515625 74.466064453125, 110.22587890624999 74.378662109375, 109.84033203125 74.32197265625, 109.86640625000001 74.29306640625, 109.91132812500001 74.261328125, 109.86386718750003 74.20888671875, 109.81025390625001 74.169189453125, 109.51083984375003 74.088818359375, 109.07499999999999 74.03232421875, 108.19951171874999 73.694091796875, 107.76542968749999 73.625, 107.27109375000003 73.621044921875, 107.1669921875 73.589404296875, 106.79423828124999 73.37666015625, 106.67939453125001 73.3306640625, 106.18867187500001 73.3080078125, 105.67714843750002 72.95927734375, 105.39277343750001 72.841015625, 105.14394531250002 72.77705078125, 105.40273437500002 72.78994140625, 105.70820312500001 72.836669921875, 106.06669921874999 72.949853515625, 106.15957031250002 73.002001953125, 106.20878906249999 73.060546875, 106.31503906250003 73.106396484375, 106.47792968750002 73.139404296875, 107.10878906250002 73.177294921875, 107.36875000000003 73.163134765625, 107.75039062500002 73.17314453125, 108.00126953124999 73.235595703125, 108.15097656250003 73.25791015625, 108.28535156250001 73.265869140625, 108.35146484375002 73.310205078125, 108.57539062500001 73.31904296875, 109.08994140625003 73.37841796875, 109.16562500000003 73.399609375, 109.3310546875 73.487451171875, 109.63710937500002 73.45400390625, 109.85527343749999 73.4724609375, 110.4287109375 73.62890625, 110.77333984375002 73.68916015625, 110.8681640625 73.730712890625, 110.79921875000002 73.759765625, 110.72236328125001 73.779931640625, 110.38828125000003 73.726025390625, 110.09121093750002 73.708544921875, 109.75273437499999 73.72255859375, 109.70673828125001 73.74375, 109.66562500000003 73.800244140625, 109.77412109375001 73.88125, 109.869140625 73.930615234375, 110.08388671875002 73.994384765625, 110.26142578125001 74.017431640625, 111.05625000000003 73.93935546875, 111.130859375 74.05283203125, 111.34140625000003 74.04736328125, 111.55058593749999 74.028515625, 111.4599609375 74.004833984375, 111.22812500000003 73.9685546875, 111.29951171875001 73.88486328125, 111.400390625 73.827734375, 111.8037109375 73.745263671875, 112.14726562499999 73.708935546875, 112.40000000000003 73.7111328125, 112.79541015625 73.74609375, 112.85595703125 73.771142578125, 112.93964843750001 73.83564453125, 112.8359375 73.962060546875, 112.93496093750002 73.945703125, 113.03281250000003 73.9138671875, 113.18154296875002 73.83740234375, 113.32685546875001 73.707421875, 113.41621093750001 73.647607421875, 113.36445312500001 73.582763671875, 113.15693359375001 73.4595703125, 113.27695312500003 73.39150390625, 113.49091796875001 73.34609375, 113.48759765624999 73.1451171875, 113.474609375 73.0478515625, 113.36933593750001 72.94189453125, 113.24736328124999 72.897216796875, 113.12783203125002 72.8306640625, 113.18613281250003 72.73017578125, 113.31220703125001 72.657373046875, 113.66455078125 72.634521484375, 113.7119140625 72.654150390625, 113.63007812500001 72.677099609375, 113.39140624999999 72.71103515625, 113.29814453124999 72.7388671875, 113.21552734375001 72.805859375, 113.3115234375 72.8783203125, 113.41748046875 72.932177734375, 113.54277343749999 73.054345703125, 113.58144531250002 73.142236328125, 113.55888671874999 73.2326171875, 113.63916015625 73.273583984375, 113.76523437500003 73.31796875, 113.82929687500001 73.3265625, 113.88623046875 73.34580078125, 113.71132812500002 73.378564453125, 113.53945312500002 73.433642578125, 113.51035156250003 73.50498046875, 113.85693359375 73.5333984375, 114.060546875 73.58466796875, 114.81601562500003 73.607177734375, 115.33769531249999 73.702587890625, 116.49550781250002 73.67607421875, 117.30859375 73.599169921875, 118.4501953125 73.589794921875, 118.87089843749999 73.537890625, 118.91123046875003 73.518359375, 118.93642578125002 73.481201171875, 118.75449218750003 73.464501953125, 118.45703125 73.464404296875, 118.37656250000003 73.367236328125, 118.43027343750003 73.246533203125, 118.96035156250002 73.11728515625, 119.42529296875 73.06396484375, 119.75039062500002 72.9791015625, 119.92167968749999 72.971337890625, 120.59794921874999 72.981103515625, 120.99716796875003 72.93671875, 121.35429687499999 72.970849609375, 121.74785156249999 72.969677734375, 121.88603515624999 72.960888671875, 122.02978515625 72.897216796875, 122.26015625000002 72.88056640625, 122.53750000000002 72.877783203125, 122.69208984375001 72.8908203125, 122.751953125 72.906494140625, 122.73085937500002 72.931298828125, 122.501953125 72.970654296875, 122.52675781250002 73.01669921875, 122.615234375 73.0279296875, 122.99931640624999 72.9646484375, 123.16035156250001 72.9548828125, 123.30117187500002 73.001806640625, 123.40458984374999 73.08564453125, 123.46162109375001 73.144189453125, 123.52187500000002 73.172900390625, 123.57246093750001 73.17734375, 123.62226562500001 73.19326171875, 123.5009765625 73.26162109375, 123.38388671875003 73.347314453125, 123.35527343749999 73.402490234375, 123.32265625000002 73.430810546875, 123.30507812500002 73.53291015625, 123.41621093750001 73.636865234375, 123.49111328125002 73.666357421875, 123.796875 73.6267578125, 123.93388671874999 73.689306640625, 124.01904296875 73.7123046875, 124.38808593750002 73.754833984375, 124.54121093750001 73.75126953125, 124.79628906250002 73.711767578125, 125.61708984375002 73.52060546875, 125.59853515625002 73.447412109375, 125.79443359375 73.46845703125, 125.88789062500001 73.498095703125, 126.107421875 73.51748046875, 126.25449218750003 73.548193359375, 126.29599609375003 73.536669921875, 126.34492187500001 73.506298828125, 126.25742187500003 73.419775390625, 126.29248046875 73.394189453125, 126.55253906249999 73.334912109375, 126.83847656250003 73.4341796875, 126.95517578125003 73.52822265625, 127.03134765625003 73.5474609375, 127.74033203125003 73.48154296875, 127.955078125 73.445556640625, 127.99687500000005 73.425634765625, 128.02568359375005 73.390771484375, 128.14169921875003 73.352392578125, 128.2814453125 73.33056640625, 128.26416015625 73.300732421875, 128.2578125 73.26748046875, 128.58701171875003 73.26240234375, 128.73046875 73.2333984375, 128.888671875 73.190234375, 128.87167968750003 73.13935546875, 128.91337890625005 73.110595703125, 129.1005859375 73.112353515625, 129.0537109375 73.04541015625, 128.853515625 72.972607421875, 128.73525390625002 72.94326171875, 128.59902343750002 72.895166015625, 128.6740234375 72.885888671875, 129.01728515625 72.8724609375, 129.22910156250003 72.775732421875, 129.25039062500002 72.70517578125, 129.11757812500002 72.676953125, 128.81533203125002 72.585888671875, 128.63339843750003 72.550146484375, 128.50849609375 72.547314453125, 128.41826171875005 72.53515625, 128.54941406250003 72.495849609375, 129.11660156250002 72.4857421875, 129.28134765625003 72.4376953125, 129.41171875000003 72.315478515625, 129.41064453125 72.16630859375, 129.28349609375005 72.092041015625, 128.93496093750002 72.0794921875, 128.47519531250003 72.245556640625, 128.19697265625 72.309619140625, 127.80341796875001 72.434033203125, 127.72607421875 72.41318359375, 127.84140625000003 72.308251953125, 128.0265625 72.25, 128.35878906250002 72.088330078125, 128.91142578125005 71.755322265625, 129.04013671875003 71.782421875, 129.11660156250002 71.824609375, 129.15419921875002 71.878662109375, 129.12158203125 71.95322265625, 129.21025390625005 71.916943359375, 129.29179687500005 71.8501953125, 129.46083984375002 71.739306640625, 129.23417968750005 71.74482421875, 128.94902343750005 71.707568359375, 128.84326171875 71.6634765625, 128.92265625000005 71.6017578125, 129.13427734375 71.59287109375, 129.22451171875002 71.508837890625, 129.38984375 71.4048828125, 129.7619140625 71.11953125, 130.02597656250003 71.065380859375, 130.28125 70.947314453125, 130.537109375 70.892529296875, 130.66845703125 70.888330078125, 130.75712890625005 70.962353515625, 130.83193359375002 70.935888671875, 130.89804687500003 70.803564453125, 131.02158203125003 70.74609375, 131.157421875 70.7421875, 131.26826171875 70.76552734375, 131.43232421875 70.828271484375, 131.56201171875 70.901025390625, 131.76904296875 71.101416015625, 131.9064453125 71.20263671875, 132.0353515625 71.24404296875, 131.99082031250003 71.293212890625, 132.00371093750005 71.3501953125, 132.098828125 71.483984375, 132.22763671875003 71.6427734375, 132.32578125000003 71.726220703125, 132.56230468750005 71.8953125, 132.65390625000003 71.9259765625, 132.7158203125 71.871484375, 132.7685546875 71.79873046875, 132.80361328125002 71.767578125, 133.130859375 71.606689453125, 133.42617187500002 71.490966796875, 133.68886718750002 71.434228515625, 134.10283203125005 71.378955078125, 134.70273437500003 71.38681640625, 134.81386718750002 71.460595703125, 135.02236328125002 71.5150390625, 135.359375 71.543505859375, 135.55917968750003 71.6103515625, 135.884765625 71.63056640625, 136.09033203125 71.619580078125, 136.40615234375002 71.570751953125, 137.11582031250003 71.415673828125, 137.3154296875 71.359423828125, 137.41748046875 71.2990234375, 137.6505859375 71.208154296875, 137.7978515625 71.163916015625, 137.9396484375 71.1333984375, 137.99169921875 71.142724609375, 137.97373046875003 71.16865234375, 137.90195312500003 71.19404296875, 137.84404296875005 71.226806640625, 138.0126953125 71.26083984375, 138.03251953125005 71.28583984375, 138.09062500000005 71.307421875, 138.31406250000003 71.325537109375, 138.02216796875 71.363427734375, 137.91835937500002 71.38408203125, 137.92734375000003 71.42978515625, 137.99570312500003 71.463525390625, 138.04833984375 71.5259765625, 138.11845703125005 71.566162109375, 138.23417968750005 71.596337890625, 138.31806640625 71.60283203125, 138.52519531250005 71.562744140625, 138.67001953125003 71.634814453125, 138.78017578125002 71.62900390625, 139.0048828125 71.5560546875, 139.20937500000002 71.444775390625, 139.32021484375002 71.4447265625, 139.63212890625005 71.4892578125, 139.98417968750005 71.49150390625, 139.93876953125005 71.557666015625, 139.69511718750005 71.700439453125, 139.72294921875005 71.8849609375, 139.55234375000003 71.926708984375, 139.35927734375002 71.9513671875, 139.64023437500003 71.99833984375, 139.84707031250002 72.148583984375, 140.01406250000002 72.162109375, 140.1876953125 72.19130859375, 140.13437500000003 72.209619140625, 139.61699218750005 72.22568359375, 139.50527343750002 72.207666015625, 139.43046875000005 72.1634765625, 139.17636718750003 72.1634765625, 139.14501953125 72.264404296875, 139.1408203125 72.329736328125, 139.4736328125 72.46650390625, 139.60117187500003 72.49609375, 140.45058593750002 72.493115234375, 140.705078125 72.5189453125, 141.079296875 72.5869140625, 140.98320312500005 72.630029296875, 140.9728515625 72.7169921875, 140.65234375 72.842822265625, 140.6759765625 72.871630859375, 140.70810546875003 72.8900390625, 140.80820312500003 72.890966796875, 141.309765625 72.85771484375, 141.51835937500005 72.788671875, 142.06142578125002 72.72080078125, 143.5158203125 72.6982421875, 143.68095703125005 72.673193359375, 144.30390625 72.643017578125, 144.56865234375005 72.609912109375, 145.19931640625003 72.57021484375, 145.48574218750002 72.54208984375, 145.71416015625005 72.49736328125, 146.08330078125005 72.47138671875, 146.2529296875 72.442236328125, 146.23476562500002 72.34970703125, 145.46708984375005 72.362060546875, 145.212890625 72.39267578125, 144.8974609375 72.396240234375, 144.7763671875 72.382275390625, 144.58759765625 72.305517578125, 144.36093750000003 72.26533203125, 144.16923828125005 72.2587890625, 144.294921875 72.192626953125, 144.470703125 72.174755859375, 145.03916015625003 72.25986328125, 146.59414062500002 72.30244140625, 146.83183593750005 72.29541015625, 146.80703125000002 72.236572265625, 146.59921875000003 72.12353515625, 146.40166015625005 72.035498046875, 146.11328125 71.944970703125, 146.005859375 71.945458984375, 146.23027343750005 72.1375, 146.13730468750003 72.146484375, 146.05146484375 72.14228515625, 145.79941406250003 72.221875, 145.75859375000005 72.22587890625, 145.70966796875 72.20634765625, 145.71015625 72.177587890625, 145.6640625 72.0669921875, 145.75673828125002 72.020654296875, 145.75673828125002 71.94130859375, 145.4072265625 71.89013671875, 145.27119140625 71.89462890625, 145.12578125000005 71.9271484375, 145.06396484375 71.92607421875, 145.046875 71.901025390625, 145.07773437500003 71.854638671875, 145.07373046875 71.830859375, 145.01787109375005 71.793701171875, 144.98964843750002 71.753369140625, 145.07558593750002 71.707373046875, 145.18857421875003 71.69580078125, 145.80478515625003 71.746484375, 146.0732421875 71.808349609375, 146.36796875000005 71.9220703125, 146.8947265625 72.197509765625, 147.12705078125003 72.292041015625, 147.26181640625003 72.327880859375, 147.43398437500002 72.34091796875, 148.40205078125 72.311962890625, 148.96484375 72.25234375, 149.50156250000003 72.164306640625, 149.76621093750003 72.091259765625, 149.9630859375 71.9921875, 149.99814453125003 71.95048828125, 150.01689453125005 71.895654296875, 149.8810546875 71.843017578125, 149.27968750000002 71.825537109375, 149.04873046875002 71.795751953125, 148.96533203125 71.76279296875, 148.92333984375 71.7146484375, 148.96816406250002 71.690478515625, 149.23789062500003 71.687939453125, 149.498046875 71.664013671875, 149.85712890625 71.60146484375, 150.06083984375005 71.51083984375, 150.5998046875 71.5201171875, 150.63486328125003 71.498876953125, 150.66777343750005 71.455224609375, 150.52509765625 71.38583984375, 150.09765625 71.2265625, 150.24296875000005 71.2671875, 150.82167968750002 71.362890625, 150.9677734375 71.38046875, 151.14531250000005 71.37373046875, 151.58242187500002 71.286962890625, 151.759765625 71.217822265625, 152.0927734375 71.023291015625, 151.99980468750005 71.002490234375, 151.76201171875005 70.982470703125, 152.5087890625 70.83447265625, 152.79833984375 70.83564453125, 153.46064453125 70.87861328125, 153.794140625 70.87998046875, 154.41396484375002 70.974462890625, 155.0294921875 71.034228515625, 155.5958984375 71.038623046875, 155.89521484375 71.0955078125, 156.6845703125 71.09375, 157.44736328125003 71.07451171875, 158.03701171875002 71.0392578125, 158.7021484375 70.935009765625, 159.35068359375003 70.79072265625, 159.72792968750002 70.649658203125, 159.8046875 70.604931640625, 159.91181640625 70.506103515625, 159.95859375000003 70.4236328125, 160.00644531250003 70.30966796875, 159.9833984375 70.22138671875, 159.8896484375 70.1587890625, 159.83144531250002 70.0814453125, 159.83916015625005 69.989990234375, 159.72939453125002 69.87021484375, 159.83251953125 69.7849609375, 160.119140625 69.72978515625, 160.739453125 69.65517578125, 160.91074218750003 69.60634765625, 160.92890625 69.458544921875, 160.98203125000003 69.33447265625, 161.03554687500002 69.098193359375, 161.1408203125 69.0388671875, 161.30986328125005 68.982275390625, 161.34062500000005 68.90517578125, 161.12900390625003 68.653857421875, 160.99667968750003 68.60751953125, 160.85605468750003 68.538330078125, 161.1044921875 68.5625, 161.23017578125 68.65390625, 161.36513671875002 68.822998046875, 161.4953125 68.849853515625, 161.565625 68.90517578125, 161.565625 69.06396484375, 161.48007812500003 69.201708984375, 161.48007812500003 69.30009765625, 161.53691406250005 69.379541015625, 161.94511718750005 69.5451171875, 162.166015625 69.611572265625, 162.37568359375 69.649072265625, 162.94462890625005 69.682763671875, 163.2013671875 69.71474609375, 163.498046875 69.69326171875, 163.7052734375 69.701806640625, 163.94599609375 69.73515625, 164.15957031250002 69.719287109375, 164.51328125000003 69.609130859375, 165.7607421875 69.584423828125, 165.98046875 69.54599609375, 166.8203125 69.499560546875, 166.88437500000003 69.49990234375, 167.07314453125002 69.554443359375, 167.628125 69.74033203125, 167.85683593750002 69.72822265625, 167.95009765625002 69.699169921875, 168.04765625000005 69.625634765625, 168.15000000000003 69.577392578125, 168.22998046875 69.447021484375, 168.30302734375005 69.271484375, 168.423046875 69.239501953125, 168.58759765625 69.228369140625, 168.94619140625002 69.163330078125, 169.31064453125003 69.079541015625, 169.41464843750003 68.91962890625, 169.60986328125 68.78603515625, 170.065625 68.798681640625, 170.53759765625 68.825390625, 170.99541015625005 69.0453125, 170.99667968750003 69.134716796875, 170.8837890625 69.263623046875, 170.71416015625005 69.388232421875, 170.5822265625 69.583349609375, 170.16093750000005 69.6265625, 170.201171875 69.683203125, 170.3595703125 69.7509765625, 170.503125 69.85654296875, 170.525390625 69.937890625, 170.48681640625 70.107568359375, 171.24667968750003 70.076123046875, 171.97050781250005 70.000341796875, 172.5595703125 69.968359375, 172.86923828125003 69.919775390625, 173.05634765625 69.86494140625, 173.27744140625003 69.823828125, 173.35332031250005 69.9240234375, 173.438671875 69.946826171875, 173.7333984375 69.89111328125, 173.94804687500005 69.87412109375, 174.31943359375003 69.881640625, 174.78554687500002 69.8556640625, 175.29560546875 69.86005859375, 175.751171875 69.904150390625, 175.92148437500003 69.8953125, 176.10751953125003 69.860302734375, 176.41044921875005 69.768505859375, 176.92441406250003 69.64599609375, 177.39453125 69.61162109375, 177.93369140625003 69.49560546875, 178.44277343750002 69.452978515625, 178.84833984375 69.38720703125, 178.90693359375 69.362109375, 178.95068359375 69.29580078125, 179 69.29026633468872, 179 64.73160261002378, 178.6984375 64.631103515625, 178.51953125 64.602978515625, 178.2853515625 64.672265625, 177.74863281250003 64.717041015625, 177.58164062500003 64.777880859375, 177.33701171875003 64.93134765625, 177.25185546875002 64.95361328125, 177.17919921875 65.014111328125, 176.880859375 65.08193359375, 176.62480468750005 65.03759765625, 176.4130859375 65.071240234375, 176.341015625 65.047314453125, 176.4521484375 65.025244140625, 176.6455078125 65.007177734375, 176.94003906250003 65.016015625, 177.0373046875 64.999658203125, 177.12343750000002 64.947021484375, 177.2228515625 64.861669921875, 177.14824218750005 64.804833984375, 177.06875000000002 64.786669921875, 176.8310546875 64.84921875, 176.556640625 64.839990234375, 176.42949218750005 64.85517578125, 176.06113281250003 64.960888671875, 175.78115234375002 64.84404296875, 175.396484375 64.78369140625, 175.09775390625003 64.77685546875, 174.548828125 64.68388671875, 174.69863281250002 64.6814453125, 175.09707031250002 64.746630859375, 175.33066406250003 64.746630859375, 175.6779296875 64.782470703125, 175.85859375 64.82529296875, 176.05654296875002 64.904736328125, 176.16923828125005 64.884765625, 176.24697265625002 64.843017578125, 176.30087890625003 64.783837890625, 176.35097656250002 64.705126953125, 176.283203125 64.663818359375, 176.21943359375 64.641943359375, 176.14091796875005 64.58583984375, 176.50761718750005 64.682421875, 176.73095703125 64.624853515625, 176.84287109375003 64.6337890625, 177.0498046875 64.71923828125, 177.38750000000005 64.7740234375, 177.42744140625 64.76337890625, 177.46718750000002 64.73681640625, 177.40986328125 64.572802734375, 177.43291015625005 64.444482421875, 177.6875 64.304736328125, 177.9533203125 64.222265625, 178.04472656250005 64.219580078125, 178.13056640625 64.23525390625, 178.16396484375002 64.30908203125, 178.2294921875 64.364404296875, 178.31298828125 64.314404296875, 178.38144531250003 64.260888671875, 178.47714843750003 64.127880859375, 178.4748046875 64.089013671875, 178.4513671875 64.011376953125, 178.53603515625002 63.975634765625, 178.65029296875002 63.965283203125, 178.69248046875003 63.842333984375, 178.7314453125 63.66708984375, 178.68134765625 63.650732421875, 178.6259765625 63.650732421875, 178.4404296875 63.60556640625, 178.46611328125005 63.574072265625, 178.65371093750002 63.556640625, 178.70644531250002 63.521533203125, 178.66884765625002 63.43994140625, 178.6787109375 63.402294921875, 178.74404296875002 63.394775390625, 178.78671875000003 63.442431640625, 178.775390625 63.51025390625, 178.79296875 63.54033203125, 178.91855468750003 63.400244140625, 178.92148437500003 63.34501953125, 179 63.29893114697805, 179 62.34113925993803, 178.9638671875 62.3552734375, 178.01923828125 62.54697265625, 177.6630859375 62.5828125, 177.35126953125 62.587451171875, 177.29257812500003 62.599023437499994, 177.2958984375 62.644482421875, 177.31582031250002 62.68525390625, 177.35966796875005 62.736962890624994, 177.33896484375003 62.78134765625, 177.29833984375 62.784228515625, 177.25869140625002 62.750439453125, 177.17265625000005 62.750341796875, 177.09121093750002 62.78955078125, 177.02353515625003 62.777246093749994, 176.96347656250003 62.693261718749994, 176.96474609375002 62.658642578125, 177.0080078125 62.6265625, 177.1896484375 62.5916015625, 177.15947265625005 62.560986328125, 176.907421875 62.536083984375, 176.70253906250002 62.505761718749994, 176.4365234375 62.41083984375, 176.32841796875005 62.346044921875, 175.61386718750003 62.184375, 175.44199218750003 62.1279296875, 175.26787109375005 62.102392578125, 175.1923828125 62.034423828125, 174.79755859375 61.938867187499994, 174.7150390625 61.947900390624994, 174.610546875 61.867626953125, 174.51435546875 61.823632812499994, 174.28496093750005 61.817529296874994, 174.1388671875 61.795166015625, 173.82236328125003 61.67939453125, 173.62343750000002 61.716064453125, 173.39072265625003 61.55673828125, 173.1318359375 61.406640624999994, 173.05458984375002 61.406201171875, 172.85654296875003 61.469189453125, 172.8068359375 61.4361328125, 172.837890625 61.3755859375, 172.90800781250005 61.31162109375, 172.86777343750003 61.29306640625, 172.7890625 61.310693359374994, 172.7306640625 61.314404296875, 172.69003906250003 61.295166015625, 172.69697265625 61.24931640625, 172.58476562500005 61.1904296875, 172.4970703125 61.185888671875, 172.39609375000003 61.167382812499994, 172.36240234375003 61.116601562499994, 172.3927734375 61.061767578125, 172.21328125000002 60.9978515625, 172.06728515625002 60.915673828124994, 171.99765625000003 60.90068359375, 171.91796875 60.864111328125, 171.83056640625 60.837353515625, 171.7294921875 60.843115234375, 171.48974609375 60.725732421874994, 170.94931640625003 60.52294921875, 170.79931640625 60.496484374999994, 170.60820312500005 60.434912109375, 170.58974609375002 60.393701171874994, 170.58857421875 60.34287109375, 170.51230468750003 60.259521484375, 170.42343750000003 60.047802734375, 170.35097656250002 59.96552734375, 170.15410156250005 59.986083984375, 169.9826171875 60.06708984375, 169.92724609375 60.104248046875, 169.89755859375003 60.147851562499994, 169.88701171875005 60.217919921874994, 169.85429687500005 60.250244140625, 169.81474609375005 60.265380859375, 169.618359375 60.438037109375, 169.27568359375005 60.556640625, 169.2267578125 60.595947265625, 168.78828125 60.563818359375, 168.67031250000002 60.562890624999994, 168.46279296875002 60.592236328125, 168.13750000000005 60.57392578125, 167.74599609375002 60.509326171875, 167.62607421875003 60.4689453125, 167.2267578125 60.406298828125, 166.9640625 60.307031249999994, 166.45253906250002 59.947021484375, 166.33183593750005 59.872412109375, 166.27304687500003 59.85625, 166.1865234375 59.849462890625, 166.14892578125 59.9220703125, 166.13603515625005 59.979345703125, 166.16835937500002 60.088818359375, 166.22978515625005 60.1783203125, 166.29248046875 60.346093749999994, 166.30810546875 60.4142578125, 166.35214843750003 60.484814453125, 166.18017578125 60.480371093749994, 165.94199218750003 60.356884765625, 165.5830078125 60.236474609374994, 165.41582031250005 60.20517578125, 165.28525390625003 60.134912109374994, 165.192578125 60.124755859375, 165.08457031250003 60.098583984375, 165.07363281250002 59.94560546875, 165.01894531250002 59.860742187499994, 164.95371093750003 59.843603515625, 164.85429687500005 59.840966796874994, 164.77939453125003 59.87421875, 164.66972656250005 59.997460937499994, 164.52529296875002 60.061279296875, 164.44003906250003 60.072705078125, 164.37685546875002 60.058056640625, 164.25156250000003 59.973779296874994, 164.11328125 59.89755859375, 164.13505859375005 59.984375, 163.91289062500005 60.037060546875, 163.78007812500005 60.04111328125, 163.74384765625 60.02802734375, 163.69003906250003 59.978417968749994, 163.57431640625003 59.9140625, 163.49375000000003 59.886767578125, 163.40996093750005 59.8349609375, 163.36484375000003 59.7814453125, 163.32119140625002 59.705419921875, 163.26904296875 59.52001953125, 163.27285156250002 59.302587890625, 163.08486328125002 59.131396484375, 163.01015625000002 59.148291015625, 162.97490234375005 59.137060546875, 162.94003906250003 59.114306640625, 163.00429687500002 59.020166015624994, 162.96982421875003 58.986474609374994, 162.9345703125 58.96396484375, 162.84726562500003 58.9392578125, 162.64335937500005 58.79990234375, 162.45302734375002 58.70859375, 162.1416015625 58.447412109374994, 162.04921875000002 58.272851562499994, 161.96005859375003 58.076904296875, 162.001953125 57.98095703125, 162.03964843750003 57.918261718749996, 162.09794921875005 57.874658203125, 162.1974609375 57.829150390624996, 162.41142578125005 57.778369140624996, 162.39218750000003 57.74501953125, 162.39140625000005 57.717236328125, 162.4669921875 57.7662109375, 162.52197265625 57.904101562499996, 162.654296875 57.9482421875, 162.71835937500003 57.946093749999996, 163.14501953125 57.8373046875, 163.22578125 57.790380859375, 163.2138671875 57.686816406249996, 163.18789062500002 57.63740234375, 163.10878906250002 57.56484375, 162.95703125 57.477490234375, 162.779296875 57.3576171875, 162.76230468750003 57.28408203125, 162.76152343750005 57.243945312499996, 162.80810546875 57.102783203125, 162.81484375000002 57.023388671875, 162.79111328125003 56.875390625, 162.80263671875002 56.811474609375, 162.84990234375005 56.7568359375, 162.9220703125 56.72265625, 163.04638671875 56.74130859375, 163.16542968750002 56.72548828125, 163.25654296875 56.688037109374996, 163.24326171875003 56.56455078125, 163.29404296875003 56.447705078125, 163.33554687500003 56.23251953125, 163.26132812500003 56.17373046875, 163.18925781250005 56.137011718749996, 163.04736328125 56.044677734375, 162.9716796875 56.0337890625, 162.84033203125 56.065625, 162.628125 56.232275390625, 162.71318359375005 56.330859374999996, 162.89326171875 56.399462890624996, 162.97519531250003 56.449023437499996, 163.03837890625005 56.521875, 162.94414062500005 56.508056640625, 162.87763671875 56.476367187499996, 162.67148437500003 56.490087890625, 162.5890625 56.454931640625, 162.48867187500002 56.39912109375, 162.52822265625002 56.260693359375, 162.33408203125003 56.187744140625, 162.14609375000003 56.128271484375, 162.0849609375 56.089648437499996, 161.9240234375 55.840380859374996, 161.7755859375 55.654833984374996, 161.72392578125005 55.496142578124996, 161.72939453125002 55.3580078125, 161.78496093750005 55.205322265625, 161.82421875 55.138916015625, 161.99609375 54.997998046875, 162.0802734375 54.8861328125, 162.10556640625003 54.7521484375, 161.96689453125003 54.688671875, 161.72568359375003 54.532958984375, 161.62480468750005 54.516259765625, 161.29404296875003 54.520556640624996, 161.1298828125 54.5982421875, 160.935546875 54.578369140625, 160.77265625 54.541357421875, 160.51718750000003 54.430859375, 160.28886718750005 54.288232421875, 160.0744140625 54.18916015625, 160.01015625000002 54.130859375, 159.92177734375002 54.0083984375, 159.84375 53.783642578125, 159.87089843750005 53.672656249999996, 159.9142578125 53.620849609375, 159.95585937500005 53.552197265625, 159.89912109375 53.447705078125, 159.89765625 53.38076171875, 160.0021484375 53.27490234375, 160.02509765625 53.12958984375, 159.9474609375 53.12509765625, 159.77158203125003 53.2296875, 159.5859375 53.2376953125, 159.13613281250002 53.117138671875, 158.95205078125002 53.04755859375, 158.74541015625005 52.908935546875, 158.68369140625003 52.935400390625, 158.63955078125002 53.014794921875, 158.5646484375 53.05, 158.47207031250002 53.032373046875, 158.43232421875 52.957421875, 158.56015625000003 52.922167968749996, 158.60878906250002 52.8736328125, 158.53369140625 52.688427734375, 158.48076171875005 52.62666015625, 158.50039062500002 52.460302734375, 158.4931640625 52.383154296875, 158.46347656250003 52.304980468749996, 158.33164062500003 52.090869140624996, 158.103515625 51.809619140624996, 157.8232421875 51.605322265625, 157.62890625 51.534570312499994, 157.53095703125 51.479882812499994, 157.48984375000003 51.408935546875, 157.20224609375003 51.212744140625, 156.84746093750005 51.006591796875, 156.74775390625 50.969287109374996, 156.72431640625 51.0470703125, 156.71347656250003 51.12412109375, 156.67080078125002 51.226855468749996, 156.54345703125 51.31162109375, 156.52119140625 51.380273437499994, 156.50039062500002 51.47509765625, 156.48984375000003 51.913037109375, 156.37734375000002 52.366552734375, 156.36474609375 52.509375, 156.22861328125003 52.626269531249996, 156.15439453125003 52.747265625, 156.1103515625 52.866162109375, 156.098828125 53.006494140625, 155.9501953125 53.744287109375, 155.90488281250003 53.928125, 155.70644531250002 54.521484375, 155.6203125 54.864550781249996, 155.56386718750002 55.19912109375, 155.5548828125 55.348486328125, 155.64345703125002 55.7935546875, 155.71660156250005 56.072216796875, 155.98251953125003 56.69521484375, 156.025390625 56.752001953124996, 156.06748046875003 56.781591796875, 156.529296875 57.02119140625, 156.72841796875002 57.15224609375, 156.848828125 57.290185546875, 156.9767578125 57.46630859375, 156.9482421875 57.615771484374996, 156.89990234375 57.676904296875, 156.79160156250003 57.74794921875, 156.82988281250005 57.779638671875, 156.87197265625002 57.803662109375, 156.98574218750002 57.83017578125, 157.216796875 57.776806640625, 157.450390625 57.799267578125, 157.66640625000002 58.019775390625, 157.974609375 57.9859375, 158.21044921875 58.025292968749994, 158.27519531250005 58.008984375, 158.32109375000005 58.083447265625, 158.4494140625 58.162841796875, 158.68701171875 58.28134765625, 159.03691406250005 58.42392578125, 159.21064453125 58.519433593749994, 159.30839843750005 58.610546875, 159.45263671875 58.695947265624994, 159.59150390625 58.803662109375, 159.84736328125 59.1271484375, 160.35039062500005 59.39404296875, 160.54746093750003 59.54736328125, 160.71142578125 59.60166015625, 160.85527343750005 59.626855468749994, 161.2189453125 59.845605468749994, 161.44931640625003 60.02734375, 161.75351562500003 60.152294921875, 161.84599609375005 60.2322265625, 162.00361328125 60.420166015625, 162.06816406250005 60.46640625, 162.26630859375 60.53671875, 162.71318359375005 60.65947265625, 162.97314453125 60.78291015625, 163.35234375000005 60.800439453124994, 163.46640625000003 60.849755859374994, 163.58515625 60.8771484375, 163.7099609375 60.916796875, 163.55351562500005 61.025634765625, 163.58925781250002 61.084374999999994, 163.61962890625 61.111328125, 163.89335937500005 61.240478515625, 164.00546875000003 61.343798828125, 163.99208984375002 61.388232421875, 163.97275390625003 61.419873046875, 163.80439453125 61.461376953125, 163.837109375 61.558251953124994, 163.88271484375002 61.64013671875, 164.01953125 61.710693359375, 164.06796875000003 61.873876953125, 164.07421875 62.04501953125, 164.2072265625 62.292236328125, 164.28750000000002 62.346630859375, 164.59833984375 62.470556640625, 164.67070312500005 62.473779296874994, 164.8876953125 62.431884765625, 165.12412109375003 62.411523437499994, 165.20810546875003 62.373974609375, 165.22568359375003 62.40576171875, 165.2138671875 62.448193359375, 165.28037109375003 62.46298828125, 165.41738281250002 62.4470703125, 165.39658203125003 62.493896484375, 165.04404296875003 62.516992187499994, 164.79238281250002 62.57109375, 164.56699218750003 62.67548828125, 164.41835937500002 62.704638671875, 164.25566406250005 62.69658203125, 163.33173828125 62.550927734374994, 163.287109375 62.51142578125, 163.24423828125003 62.45537109375, 163.30214843750002 62.372998046875, 163.2580078125 62.3369140625, 163.21328125000002 62.313427734375, 163.16347656250002 62.2595703125, 163.11845703125005 62.1529296875, 163.1310546875 62.04990234375, 163.01767578125003 61.891064453125, 163.00927734375 61.79150390625, 163.20761718750003 61.736572265625, 163.2578125 61.699462890625, 163.19785156250003 61.644775390625, 163.08525390625005 61.570556640625, 163.04726562500002 61.554052734375, 162.99394531250005 61.544189453125, 162.92167968750005 61.597705078125, 162.85595703125 61.705029296875, 162.75234375000002 61.711279296875, 162.71787109375003 61.6951171875, 162.69902343750005 61.652587890625, 162.6076171875 61.650048828124994, 162.50644531250003 61.6701171875, 162.392578125 61.662109375, 162.18837890625002 61.540673828124994, 161.037109375 60.962890625, 160.9150390625 60.89267578125, 160.7666015625 60.753320312499994, 160.48203125000003 60.73984375, 160.3681640625 60.708544921875, 160.2873046875 60.667041015625, 160.17363281250005 60.638427734375, 160.17734375000003 60.69072265625, 160.20107421875002 60.729638671874994, 160.22578125 60.83154296875, 160.37890625 61.02548828125, 160.28125 61.044775390625, 160.18427734375 61.04765625, 160.00400390625003 61.007421875, 159.88310546875005 60.943408203125, 159.79042968750002 60.956640625, 159.83457031250003 61.01396484375, 159.94921875 61.12861328125, 159.91396484375002 61.23447265625, 159.88310546875005 61.291796875, 159.930859375 61.32392578125, 160.16269531250003 61.537499999999994, 160.24687500000005 61.647607421874994, 160.3173828125 61.793359374999994, 160.321484375 61.83857421875, 160.30937500000005 61.894384765625, 160.18251953125002 61.90283203125, 159.72216796875 61.7583984375, 159.55234375000003 61.719482421875, 159.4962890625 61.7814453125, 159.423046875 61.808056640625, 159.29501953125003 61.91416015625, 159.18925781250005 61.92939453125, 159.07666015625 61.922265624999994, 158.82431640625003 61.850244140624994, 158.54716796875005 61.810888671875, 158.33369140625 61.82568359375, 158.1515625 61.76484375, 158.07011718750005 61.75361328125, 157.79931640625 61.795263671875, 157.46933593750003 61.79892578125, 157.37070312500003 61.7470703125, 157.0841796875 61.675683593749994, 156.891796875 61.565185546875, 156.68027343750003 61.480615234374994, 156.62968750000005 61.2724609375, 156.4826171875 61.206005859375, 156.34414062500002 61.155078125, 156.05595703125005 60.99560546875, 155.85332031250005 60.7771484375, 155.71611328125005 60.682373046875, 155.42783203125003 60.549853515625, 154.97080078125003 60.37666015625, 154.57822265625003 60.09501953125, 154.44072265625005 59.8837890625, 154.38984375 59.8767578125, 154.29306640625003 59.833349609375, 154.2666015625 59.730371093749994, 154.26884765625005 59.6583984375, 154.14980468750002 59.528515625, 154.212890625 59.4833984375, 154.27216796875 59.475146484375, 154.3576171875 59.4814453125, 154.58251953125 59.540087890625, 154.97128906250003 59.449609374999994, 155.16669921875 59.36015625, 155.15302734375 59.27021484375, 155.16044921875005 59.19013671875, 155.01669921875003 59.19560546875, 154.82373046875 59.187548828125, 154.70351562500002 59.14130859375, 154.4580078125 59.216552734375, 154.3759765625 59.187841796875, 154.24667968750003 59.10859375, 154.0109375 59.075537109375, 153.89169921875003 59.114160156249994, 153.69521484375002 59.224755859374994, 153.36113281250005 59.214794921875, 153.27294921875 59.09130859375, 153.19609375000005 59.09443359375, 153.07773437500003 59.081884765625, 152.88222656250002 58.9390625, 152.81787109375 58.92626953125, 152.57558593750002 58.9541015625, 152.40068359375005 59.026416015625, 152.31962890625005 59.03076171875, 152.165234375 58.997021484375, 152.087890625 58.91044921875, 151.70458984375 58.86669921875, 151.32675781250003 58.87509765625, 151.12109375 59.08251953125, 151.50498046875003 59.164013671875, 151.73349609375003 59.1466796875, 151.99003906250005 59.160058593749994, 152.26064453125002 59.223583984375, 152.16953125000003 59.2779296875, 152.1044921875 59.290576171875, 151.9423828125 59.284082031249994, 151.798046875 59.3232421875, 151.48574218750002 59.52412109375, 151.34824218750003 59.5611328125, 151.17031250000002 59.583251953125, 151.03359375000002 59.58564453125, 150.98251953125003 59.571337890625, 150.91191406250005 59.523046875, 150.86328125 59.475439453125, 150.8234375 59.4607421875, 150.7294921875 59.469140624999994, 150.615234375 59.50654296875, 150.48359375 59.494384765625, 150.53984375000005 59.524951171875, 150.66728515625005 59.55634765625, 150.4572265625 59.590722656249994, 150.32558593750002 59.6388671875, 150.20253906250002 59.651269531249994, 149.642578125 59.770410156249994, 149.42451171875 59.760986328125, 149.29042968750002 59.728466796875, 149.06523437500005 59.630517578124994, 149.12773437500005 59.5587890625, 149.17539062500003 59.526757812499994, 149.20498046875002 59.488183593749994, 148.925 59.474999999999994, 148.7970703125 59.53232421875, 148.70888671875002 59.44853515625, 148.744140625 59.37353515625, 148.8896484375 59.4, 148.96464843750005 59.369140625, 148.9140625 59.28271484375, 148.72666015625003 59.25791015625, 148.4912109375 59.2623046875, 148.25742187500003 59.414208984374994, 147.87460937500003 59.388037109375, 147.68789062500002 59.290673828124994, 147.51445312500005 59.2685546875, 147.0400390625 59.36572265625, 146.8037109375 59.372949218749994, 146.53720703125003 59.456982421875, 146.4443359375 59.43046875, 146.2734375 59.221484375, 146.04951171875 59.170556640624994, 145.931640625 59.198388671874994, 145.8291015625 59.330322265625, 145.75644531250003 59.37373046875, 145.55458984375002 59.413525390625, 144.4833984375 59.37626953125, 144.12343750000002 59.40830078125, 143.86875000000003 59.411376953125, 143.52382812500002 59.343652343749994, 143.19218750000005 59.3701171875, 142.5802734375 59.240136718749994, 142.33037109375005 59.15263671875, 142.025390625 58.999658203124994, 141.75468750000005 58.745263671874994, 141.60292968750002 58.6490234375, 141.34707031250002 58.528076171875, 140.98769531250002 58.416845703125, 140.790234375 58.303466796875, 140.68496093750002 58.212158203125, 140.4951171875 57.8654296875, 140.44687500000003 57.813671875, 140.00234375000002 57.6875, 139.8615234375 57.54931640625, 139.80332031250003 57.51416015625, 139.61923828125003 57.455712890625, 139.50664062500005 57.35830078125, 139.44384765625 57.3296875, 139.181640625 57.261523437499996, 138.96572265625002 57.088134765625, 138.662109375 56.96552734375, 138.2177734375 56.62900390625, 138.18007812500002 56.588525390625, 138.140625 56.498681640625, 138.07382812500003 56.43310546875, 137.69150390625003 56.13935546875, 137.57294921875 56.112109374999996, 137.38408203125005 55.974755859375, 137.18984375000002 55.89228515625, 137.01210937500002 55.795263671875, 136.79355468750003 55.694189453125, 136.46025390625005 55.576708984374996, 136.35117187500003 55.510009765625, 136.17519531250002 55.35224609375, 135.75078125000005 55.16064453125, 135.54062500000003 55.11376953125, 135.26250000000005 54.943310546875, 135.23476562500002 54.90322265625, 135.21152343750003 54.8408203125, 135.25771484375002 54.731494140624996, 135.325390625 54.707421875, 135.43779296875005 54.69248046875, 135.8515625 54.583935546875, 136.23798828125 54.614062499999996, 136.79726562500002 54.62099609375, 136.82373046875 54.561474609375, 136.82041015625003 54.45234375, 136.77041015625002 54.353320312499996, 136.72939453125002 54.06064453125, 136.68300781250002 53.931298828125, 136.71884765625003 53.8041015625, 136.80263671875002 53.781982421875, 136.88642578125 53.83935546875, 137.01875 53.84814453125, 137.15537109375003 53.8216796875, 137.2580078125 54.025244140625, 137.17246093750003 54.056884765625, 137.09619140625 54.128564453125, 137.1416015625 54.1822265625, 137.37773437500005 54.28232421875, 137.52509765625 54.2912109375, 137.666015625 54.28330078125, 137.51318359375 54.156396484375, 137.45126953125003 54.13046875, 137.40341796875003 54.12353515625, 137.33925781250002 54.100537109375, 137.47646484375002 54.027587890625, 137.62275390625 53.970458984375, 137.83476562500005 53.946728515625, 137.7861328125 53.9033203125, 137.64482421875005 53.8658203125, 137.51699218750002 53.707080078124996, 137.313671875 53.631591796875, 137.22148437500005 53.57919921875, 137.25371093750005 53.546142578125, 137.3283203125 53.53896484375, 137.73818359375002 53.560302734375, 137.95048828125005 53.603564453124996, 138.2529296875 53.726416015625, 138.37890625 53.90927734375, 138.49355468750002 53.95966796875, 138.52792968750003 53.95986328125, 138.56816406250005 53.94716796875, 138.56914062500005 53.818798828125, 138.40703125000005 53.674169921875, 138.2921875 53.592431640625, 138.24970703125 53.5240234375, 138.3203125 53.522900390625, 138.45068359375 53.53701171875, 138.5109375 53.57001953125, 138.66074218750003 53.744775390625, 138.6994140625 53.8697265625, 138.7216796875 54.043749999999996, 138.70468750000003 54.14765625, 138.71591796875003 54.22265625, 138.6572265625 54.29833984375, 138.69570312500002 54.32001953125, 139.10507812500003 54.217822265624996, 139.31972656250002 54.19296875, 139.70742187500002 54.277148437499996, 139.79550781250003 54.2564453125, 139.8583984375 54.205322265625, 140.1787109375 54.051562499999996, 140.24169921875 54.001025390624996, 140.34707031250002 53.81259765625, 140.68759765625003 53.596435546875, 141.00566406250005 53.494580078125, 141.01503906250002 53.454248046875, 141.21767578125002 53.33447265625, 141.37373046875 53.292773437499996, 141.40205078125 53.183984375, 141.32792968750005 53.097265625, 141.18125000000003 53.015283203125, 140.88730468750003 53.09150390625, 140.83964843750005 53.087890625, 140.87451171875 53.039843749999996, 141.08681640625002 52.89755859375, 141.255859375 52.840136718749996, 141.26591796875005 52.652587890625, 141.24501953125002 52.550146484375, 141.13242187500003 52.435693359375, 141.16982421875002 52.368408203125, 141.32968750000003 52.271142578125, 141.40908203125002 52.234326171875, 141.48525390625002 52.178515624999996, 141.38554687500005 52.0572265625, 141.36689453125 51.920654296875, 141.25839843750003 51.860693359375, 141.12939453125 51.727783203125, 140.9326171875 51.619921874999996, 140.83857421875 51.41416015625, 140.6876953125 51.232275390625, 140.67070312500005 51.051318359374996, 140.64560546875003 50.986767578125, 140.52089843750002 50.800195312499994, 140.47636718750005 50.54599609375, 140.53544921875005 50.130761718749994, 140.56406250000003 50.106689453125, 140.62451171875 50.082421874999994, 140.61328125 50.0537109375, 140.46269531250005 49.911474609375, 140.46455078125 49.825585937499994, 140.51132812500003 49.761669921875, 140.51718750000003 49.596142578125, 140.43105468750002 49.331494140625, 140.39912109375 49.289794921875, 140.36435546875003 49.220849609374994, 140.3486328125 49.1591796875, 140.32558593750002 49.120019531249994, 140.30898437500002 49.05390625, 140.33369140625 48.99482421875, 140.37832031250002 48.964111328125, 140.22421875000003 48.772851562499994, 140.17060546875 48.523681640625, 140.11328125 48.422656249999996, 139.99843750000002 48.323779296874996, 139.7607421875 48.180566406249994, 139.67626953125 48.089892578124996, 139.5205078125 47.97529296875, 139.37265625000003 47.887353515624994, 139.1669921875 47.63486328125, 139.02849281478103 47.42450102645985, 135 48, 120 50, 110 50, 87 49.5, 80 42.5, 70 42, 65 42.833333333333336, 65 45, 56 45, 52 47, 66 68, 66 69.04900037295855, 66.08476562500002 69.036328125, 66.41611328125 68.9478515625, 66.7564453125 68.8919921875)), ((178.57548828125005 51.916259765625, 178.51181640625003 51.89912109375, 178.477734375 51.942529296875, 178.47500000000002 51.967724609375, 178.50937500000003 51.994677734374996, 178.57060546875005 51.9775390625, 178.60732421875002 51.95302734375, 178.57548828125005 51.916259765625)), ((177.26064453125002 51.88369140625, 177.25029296875005 51.9029296875, 177.38066406250005 51.97578125, 177.47841796875002 51.9916015625, 177.5205078125 52.018212890625, 177.56376953125005 52.110498046875, 177.63652343750005 52.113818359374996, 177.66962890625 52.10302734375, 177.65302734375 52.059765625, 177.59599609375005 51.99384765625, 177.59414062500002 51.947558593749996, 177.41542968750002 51.8828125, 177.32851562500002 51.841064453125, 177.26064453125002 51.88369140625)), ((173.51650390625002 52.451416015625, 173.65761718750002 52.5041015625, 173.77607421875 52.4951171875, 173.74472656250003 52.446630859375, 173.72275390625003 52.3595703125, 173.65781250000003 52.356640625, 173.6162109375 52.391259765625, 173.40234375 52.40478515625, 173.42451171875 52.437646484375, 173.51650390625002 52.451416015625)), ((172.6779296875 53.007568359375, 172.81181640625005 53.012988281249996, 172.98398437500003 52.980273437499996, 173.10214843750003 52.99560546875, 173.25166015625 52.942675781249996, 173.43603515625 52.85205078125, 173.34824218750003 52.824853515625, 173.15869140625 52.810791015625, 173.0802734375 52.814453125, 172.93515625000003 52.752099609375, 172.7755859375 52.796923828124996, 172.72177734375003 52.885546874999996, 172.59511718750002 52.907421875, 172.49482421875 52.937890625, 172.6779296875 53.007568359375)), ((169.43359375 69.832177734375, 169.4181640625 69.77919921875, 169.33242187500002 69.769580078125, 169.29912109375005 69.734765625, 169.26337890625 69.6287109375, 169.24580078125 69.601123046875, 169.20078125000003 69.58046875, 168.91572265625 69.571435546875, 168.34804687500002 69.66435546875, 168.14433593750005 69.713330078125, 167.99267578125 69.775830078125, 167.8212890625 69.81962890625, 167.78886718750005 69.836865234375, 167.81396484375 69.873046875, 167.86474609375 69.90107421875, 168.0595703125 69.97490234375, 168.1962890625 70.0083984375, 168.35791015625 70.015673828125, 169.37480468750005 69.8826171875, 169.42070312500005 69.8560546875, 169.43359375 69.832177734375)), ((167.59248046875 54.79775390625, 167.71064453125 54.770166015625, 167.88261718750005 54.690478515624996, 168.0390625 54.564990234374996, 168.08134765625005 54.512744140624996, 167.67734375000003 54.69765625, 167.48808593750005 54.794970703124996, 167.44150390625003 54.855859375, 167.51171875 54.85693359375, 167.59248046875 54.79775390625)), ((165.93125000000003 55.35146484375, 166.27578125000002 55.311962890625, 166.22998046875 55.242333984375, 166.248046875 55.1654296875, 166.404296875 55.005615234375, 166.4794921875 54.94990234375, 166.57734375 54.90771484375, 166.65029296875002 54.8390625, 166.64511718750003 54.694091796875, 166.52128906250005 54.767626953124996, 166.46367187500005 54.82685546875, 166.38173828125002 54.8380859375, 166.32480468750003 54.864550781249996, 166.22988281250002 54.9365234375, 166.11972656250003 55.03037109375, 166.08232421875005 55.0765625, 166.06630859375002 55.135693359375, 165.99189453125 55.190478515624996, 165.75107421875003 55.29453125, 165.83046875000002 55.306933593749996, 165.93125000000003 55.35146484375)), ((164.61572265625 58.885595703125, 164.27880859375 58.8380859375, 163.96005859375003 58.74375, 163.63515625000002 58.603369140625, 163.47138671875 58.509375, 163.447265625 58.524658203125, 163.4318359375 58.546142578125, 163.42724609375 58.578955078125, 163.57675781250003 58.640869140625, 163.7265625 58.79853515625, 163.78447265625005 58.929736328125, 163.7666015625 58.97236328125, 163.7609375 59.015039062499994, 164.2021484375 59.09619140625, 164.51738281250005 59.2267578125, 164.57265625000002 59.221142578125, 164.62929687500002 59.112207031249994, 164.66162109375 58.970751953125, 164.61572265625 58.885595703125)), ((161.61777343750003 69.592431640625, 161.60927734375002 69.500927734375, 161.54033203125005 69.4365234375, 161.37441406250002 69.413671875, 161.35087890625005 69.3693359375, 161.37265625000003 69.292822265625, 161.37753906250003 69.19443359375, 161.39423828125 69.1064453125, 161.49472656250003 69.016015625, 161.51699218750002 68.969580078125, 161.50673828125002 68.927587890625, 161.46708984375005 68.9009765625, 161.42246093750003 68.899658203125, 161.45625 68.966015625, 161.4611328125 68.99560546875, 161.36406250000005 69.04443359375, 161.18251953125002 69.081591796875, 161.13652343750005 69.11025390625, 161.12548828125 69.197021484375, 161.16455078125 69.33359375, 161.08281250000005 69.4056640625, 161.11074218750002 69.46982421875, 161.32333984375003 69.54091796875, 161.40976562500003 69.595703125, 161.50517578125005 69.639453125, 161.61777343750003 69.592431640625)), ((160.64492187500002 70.883544921875, 160.7189453125 70.822705078125, 160.6513671875 70.805859375, 160.50478515625002 70.8197265625, 160.43691406250002 70.851025390625, 160.4404296875 70.92265625, 160.44853515625005 70.934033203125, 160.56582031250002 70.923779296875, 160.64492187500002 70.883544921875)), ((156.16796875 50.731884765625, 156.2130859375 50.784716796874996, 156.37646484375 50.862109374999996, 156.45585937500005 50.8595703125, 156.4875 50.84296875, 156.48310546875 50.751220703125, 156.40507812500005 50.657617187499994, 156.3654296875 50.6337890625, 156.32578125000003 50.639062499999994, 156.1962890625 50.7021484375, 156.16796875 50.731884765625)), ((155.884765625 50.684130859374996, 156.00166015625 50.75693359375, 156.096875 50.771874999999994, 156.12285156250005 50.671289062499994, 156.1005859375 50.55927734375, 156.04443359375 50.4517578125, 155.92109375 50.302197265625, 155.79238281250002 50.202050781249994, 155.60751953125003 50.17724609375, 155.51640625000005 50.14560546875, 155.44892578125 50.077783203124994, 155.39716796875 50.041259765625, 155.28867187500003 50.061181640624994, 155.24306640625002 50.094628906249994, 155.24306640625002 50.212792968749994, 155.19511718750005 50.264550781249994, 155.21835937500003 50.2978515625, 155.32675781250003 50.293261718749996, 155.43388671875005 50.368945312499996, 155.68017578125 50.400732421875, 155.77275390625005 50.482421875, 155.884765625 50.684130859374996)), ((155.65361328125005 50.845361328124994, 155.64482421875005 50.821923828124994, 155.55351562500005 50.810595703124996, 155.51279296875003 50.837304687499994, 155.48349609375003 50.86962890625, 155.46738281250003 50.91357421875, 155.5685546875 50.934472656249994, 155.6396484375 50.910498046875, 155.65361328125005 50.845361328124994)), ((154.88330078125 49.56640625, 154.80234375000003 49.46826171875, 154.82988281250005 49.347900390625, 154.81044921875002 49.31201171875, 154.71484375 49.26767578125, 154.61093750000003 49.29404296875, 154.61298828125 49.380615234375, 154.82490234375 49.646923828125, 154.899609375 49.63037109375, 154.88330078125 49.56640625)), ((154.12636718750002 48.904443359374994, 154.19902343750005 48.904931640624994, 154.22841796875002 48.89208984375, 154.20468750000003 48.857177734375, 154.08125 48.790283203125, 154.04296875 48.73876953125, 154.00068359375 48.755712890625, 153.99228515625003 48.772509765624996, 154.09169921875002 48.83212890625, 154.12636718750002 48.904443359374994)), ((152.98427734375002 47.727929687499994, 153.04912109375005 47.797021484374994, 153.07919921875003 47.808740234374994, 153.10107421875 47.762939453125, 153.05380859375003 47.706103515624996, 153.0041015625 47.7134765625, 152.98427734375002 47.727929687499994)), ((152.8859375 76.121728515625, 152.786328125 76.085791015625, 152.55859375 76.143603515625, 152.6427734375 76.1748046875, 152.79941406250003 76.19482421875, 152.83505859375003 76.18515625, 152.86376953125 76.163427734375, 152.8859375 76.121728515625)), ((151.86435546875003 46.868994140625, 152.16582031250005 47.11044921875, 152.23466796875005 47.143408203125, 152.28886718750005 47.1421875, 152.00205078125003 46.89716796875, 151.815625 46.787109375, 151.7541015625 46.788330078125, 151.72343750000005 46.82880859375, 151.71533203125 46.852685546874994, 151.86435546875003 46.868994140625)), ((150.28066406250002 75.164013671875, 150.4171875 75.134326171875, 150.53056640625005 75.099853515625, 150.61289062500003 75.120166015625, 150.69033203125002 75.155322265625, 150.75693359375003 75.16240234375, 150.82236328125003 75.15654296875, 150.64628906250005 74.944580078125, 150.5802734375 74.9189453125, 150.33125 74.866796875, 149.8380859375 74.7953125, 149.596875 74.772607421875, 149.05019531250002 74.7724609375, 148.296875 74.800439453125, 148.09238281250003 74.82568359375, 147.74091796875 74.931982421875, 147.62685546875002 74.958935546875, 147.14404296875 74.9984375, 146.92490234375003 75.0625, 146.7033203125 75.114208984375, 146.14853515625003 75.198291015625, 146.18613281250003 75.295556640625, 146.25761718750005 75.39375, 146.34296875 75.480908203125, 146.4384765625 75.558203125, 146.53750000000002 75.581787109375, 146.7509765625 75.51044921875, 146.7482421875 75.428662109375, 146.79521484375005 75.370751953125, 147.06035156250005 75.364306640625, 147.4435546875 75.43798828125, 147.49697265625002 75.44052734375, 148.43242187500005 75.413525390625, 148.50888671875003 75.387451171875, 148.51884765625005 75.336474609375, 148.48916015625002 75.309375, 148.47500000000002 75.272412109375, 148.59013671875005 75.236376953125, 148.89218750000003 75.228125, 149.083203125 75.262060546875, 149.64531250000005 75.244580078125, 150.10390625000002 75.21923828125, 150.28066406250002 75.164013671875)), ((150.71269531250005 59.122460937499994, 150.727734375 59.09521484375, 150.58994140625003 59.01875, 150.51113281250002 59.007421875, 150.47177734375003 59.034765625, 150.47021484375 59.054052734375, 150.59248046875 59.097216796875, 150.6662109375 59.16015625, 150.71269531250005 59.122460937499994)), ((150.3087890625 46.200341796874994, 150.3486328125 46.213427734374996, 150.55312500000002 46.208544921874996, 150.2345703125 46.0123046875, 150.19501953125 45.933203125, 150.056640625 45.849365234375, 149.9541015625 45.8224609375, 150 45.83450381324405, 150 46.04133457669813, 150.3087890625 46.200341796874994)), ((148.3986328125 76.6482421875, 148.44814453125002 76.676953125, 148.71962890625002 76.74658203125, 149.4064453125 76.782080078125, 149.26835937500005 76.747216796875, 149.20478515625 76.677001953125, 149.15019531250005 76.659912109375, 148.3986328125 76.6482421875)), ((140.9853515625 75.964501953125, 141.03261718750002 75.98896484375, 141.29931640625 76.06376953125, 141.48544921875003 76.137158203125, 141.74228515625003 76.108056640625, 142.00146484375 76.0435546875, 142.46035156250002 75.90361328125, 142.66953125000003 75.863427734375, 142.9267578125 75.826904296875, 143.18515625000003 75.813623046875, 143.31113281250003 75.822314453125, 143.55996093750002 75.860400390625, 143.68583984375005 75.863671875, 145.25527343750002 75.585595703125, 145.309765625 75.5640625, 145.35996093750003 75.53046875, 145.0234375 75.48974609375, 144.80312500000002 75.416064453125, 144.7267578125 75.365576171875, 144.81425781250005 75.32451171875, 144.88349609375 75.2689453125, 144.40781250000003 75.102294921875, 144.216015625 75.0591796875, 144.0197265625 75.044677734375, 143.62587890625002 75.083984375, 143.39609375000003 75.082861328125, 143.17031250000002 75.11689453125, 142.9220703125 75.217431640625, 142.82011718750005 75.267822265625, 142.7294921875 75.337646484375, 142.69960937500002 75.448876953125, 142.73447265625003 75.544580078125, 142.86757812500002 75.57177734375, 142.98603515625 75.633251953125, 143.00244140625 75.65986328125, 142.94179687500002 75.71328125, 142.55156250000005 75.7208984375, 142.30791015625005 75.69169921875, 142.08623046875005 75.66064453125, 142.15107421875 75.457568359375, 142.19882812500003 75.39267578125, 142.61679687500003 75.133251953125, 142.69697265625 75.103076171875, 142.9296875 75.06240234375, 143.1279296875 74.9703125, 142.77822265625002 74.8677734375, 142.62607421875003 74.83740234375, 142.47275390625003 74.82041015625, 142.37841796875 74.828564453125, 142.28740234375005 74.84990234375, 142.18417968750003 74.899609375, 142.10000000000002 74.9509765625, 141.9873046875 74.991259765625, 141.74843750000002 74.982568359375, 141.52998046875 74.94716796875, 141.31044921875002 74.923193359375, 140.66074218750003 74.8818359375, 140.4638671875 74.8560546875, 140.26787109375005 74.846923828125, 140.01103515625005 74.894775390625, 139.75820312500002 74.96376953125, 139.68125000000003 74.9640625, 139.60585937500002 74.94560546875, 139.548046875 74.904052734375, 139.51230468750003 74.83779296875, 139.43007812500002 74.74921875, 139.32558593750002 74.68681640625, 139.21533203125 74.65966796875, 139.09912109375 74.65654296875, 138.98173828125005 74.673681640625, 138.86562500000002 74.700927734375, 138.09228515625 74.7974609375, 138.00136718750002 74.827001953125, 137.9150390625 74.870849609375, 137.68300781250002 75.008544921875, 137.56806640625 75.040576171875, 137.44697265625 75.05419921875, 137.21796875 75.12373046875, 137.00625000000002 75.235009765625, 136.96230468750002 75.270361328125, 136.94765625000002 75.325537109375, 136.982421875 75.36533203125, 137.166015625 75.34658203125, 137.28974609375 75.3486328125, 137.21523437500002 75.55439453125, 137.26884765625005 75.7494140625, 137.35849609375003 75.781640625, 137.70654296875 75.7595703125, 137.59355468750005 75.823388671875, 137.501171875 75.90966796875, 137.560546875 75.955224609375, 137.62539062500002 75.98818359375, 137.7744140625 76.015673828125, 137.97705078125 76.027783203125, 138.03867187500003 76.047265625, 138.09599609375005 76.080517578125, 138.20761718750003 76.11494140625, 138.4306640625 76.130078125, 138.81396484375 76.19970703125, 138.91953125000003 76.196728515625, 139.017578125 76.160107421875, 139.10917968750005 76.108349609375, 139.528515625 76.013427734375, 139.743359375 75.953076171875, 140.04873046875002 75.828955078125, 140.15214843750005 75.809814453125, 140.2744140625 75.822412109375, 140.38906250000002 75.795849609375, 140.4962890625 75.689794921875, 140.54667968750005 75.66318359375, 140.65673828125 75.634130859375, 140.81591796875 75.630712890625, 140.88925781250003 75.652001953125, 140.94414062500005 75.70048828125, 140.92656250000005 75.79892578125, 140.92578125 75.866845703125, 140.95029296875003 75.92734375, 140.9853515625 75.964501953125)), ((143.32363281250002 52.613574218749996, 143.2951171875 52.529150390625, 143.26425781250003 52.478662109375, 143.20097656250005 52.442919921874996, 143.17226562500002 52.349365234375, 143.15556640625005 52.083740234375, 143.190625 51.944482421875, 143.25058593750003 51.847900390625, 143.29472656250005 51.7443359375, 143.29951171875 51.632373046874996, 143.3205078125 51.583251953125, 143.41777343750005 51.52060546875, 143.45546875000002 51.471484374999996, 143.47294921875005 51.299218749999994, 143.48876953125 51.27705078125, 143.5341796875 51.2462890625, 143.73603515625 50.506738281249994, 143.81601562500003 50.282617187499994, 144.04794921875003 49.895751953125, 144 49.97573125000005, 144 49.265511381841826, 143.81914062500005 49.30859375, 143.73232421875002 49.31201171875, 143.38222656250002 49.290673828124994, 143.236328125 49.262841796874994, 143.10498046875 49.198828125, 143.02685546875 49.105419921875, 142.9716796875 48.917773437499996, 142.57421875 48.072167968749994, 142.5458984375 47.884912109374994, 142.55693359375005 47.737890625, 142.57900390625002 47.683984374999994, 142.6701171875 47.536914062499996, 142.74541015625005 47.452392578125, 142.80078125 47.416162109374994, 142.86396484375 47.391796875, 142.90546875 47.361865234374996, 142.94033203125002 47.32275390625, 143.00556640625 47.222705078124996, 143.08969979069317 47, 141.99811302036497 47.00026956851929, 142.03867187500003 47.140283203124994, 142.01689453125005 47.244677734374996, 141.98417968750005 47.347705078124996, 141.96250000000003 47.543798828125, 141.9640625 47.587451171874996, 142.015625 47.700634765625, 142.07597656250005 47.808349609375, 142.14921875000005 47.902148437499996, 142.18173828125003 48.01337890625, 142.13535156250003 48.290087890624996, 142.02871093750002 48.477099609374996, 141.89726562500005 48.654687499999994, 141.873046875 48.701953124999996, 141.86630859375003 48.75009765625, 141.97958984375003 48.97216796875, 142.02011718750003 49.078466796875, 142.06650390625003 49.312060546874996, 142.14228515625 49.569140624999996, 142.15312500000005 50.216748046875, 142.14306640625 50.312109375, 142.07109375000005 50.514990234375, 142.06601562500003 50.63046875, 142.10048828125002 50.77646484375, 142.14726562500005 50.890185546874996, 142.20791015625002 50.998486328125, 142.20673828125 51.222558593749994, 142.09072265625002 51.42939453125, 142.00595703125003 51.5205078125, 141.87294921875002 51.630029296875, 141.77187500000002 51.690185546875, 141.72236328125 51.736328125, 141.77187500000002 51.751806640625, 141.80810546875 51.789208984375, 141.72099609375005 51.84677734375, 141.66845703125 51.933349609375, 141.66083984375 52.27294921875, 141.68242187500005 52.359130859375, 141.74755859375 52.454833984375, 141.80332031250003 52.555615234375, 141.85556640625003 52.793505859374996, 141.87363281250003 53.038916015625, 141.8388671875 53.138476562499996, 141.82353515625005 53.339501953125, 141.85244140625002 53.389453124999996, 141.96445312500003 53.456396484375, 142.14199218750002 53.49560546875, 142.1798828125 53.484033203125, 142.31894531250003 53.40546875, 142.37050781250002 53.4025390625, 142.4240234375 53.4107421875, 142.52617187500005 53.4474609375, 142.58349609375 53.536767578125, 142.50917968750002 53.58759765625, 142.55253906250005 53.652636718749996, 142.67958984375002 53.674365234374996, 142.68886718750002 53.73017578125, 142.64287109375005 53.736767578125, 142.68300781250002 53.816015625, 142.70595703125002 53.895703125, 142.67021484375005 53.968408203125, 142.46660156250005 54.14853515625, 142.3349609375 54.280712890625, 142.55166015625002 54.278955078125, 142.61562500000002 54.30361328125, 142.6662109375 54.358203124999996, 142.69277343750002 54.41611328125, 142.76103515625005 54.3939453125, 142.97617187500003 54.140966796875, 142.98593750000003 54.085693359375, 142.96708984375005 54.02880859375, 142.92656250000005 53.955615234374996, 142.91142578125005 53.878369140625, 142.93642578125002 53.8109375, 142.91796875 53.794238281249996, 143.09550781250005 53.488671875, 143.2236328125 53.296044921875, 143.2599609375 53.21728515625, 143.28789062500005 53.134375, 143.32470703125 52.9630859375, 143.33261718750003 52.700048828125, 143.32363281250002 52.613574218749996)), ((141.18271484375003 73.389208984375, 140.75400390625003 73.446044921875, 140.66279296875 73.452001953125, 140.39248046875002 73.4353515625, 140.02695312500003 73.36142578125, 139.78554687500002 73.355224609375, 139.685546875 73.425732421875, 139.9201171875 73.448583984375, 140.15517578125002 73.45751953125, 140.38066406250005 73.4830078125, 140.59355468750005 73.56455078125, 140.6974609375 73.629150390625, 140.8837890625 73.7775390625, 140.98359375 73.83154296875, 141.08476562500005 73.865869140625, 141.18994140625 73.87646484375, 141.31191406250002 73.871875, 141.68193359375005 73.90419921875, 141.9318359375 73.91494140625, 142.18486328125005 73.8958984375, 142.43505859375 73.8515625, 142.63916015625 73.803076171875, 143.34375 73.56875, 143.41074218750003 73.520849609375, 143.46396484375003 73.45888671875, 143.49130859375003 73.246435546875, 143.45146484375005 73.231298828125, 143.19326171875002 73.220751953125, 142.84160156250005 73.24482421875, 142.34218750000002 73.252880859375, 142.12636718750002 73.281689453125, 141.5966796875 73.31083984375, 141.18271484375003 73.389208984375)), ((140.50722656250002 73.91865234375, 140.40947265625005 73.9216796875, 140.18320312500003 74.00458984375, 140.1015625 74.18427734375, 140.1935546875 74.23671875, 140.30029296875 74.2572265625, 140.407421875 74.266455078125, 140.84921875000003 74.273779296875, 140.9443359375 74.2646484375, 141.03857421875 74.242724609375, 141.07949218750002 74.209326171875, 141.09746093750005 74.167822265625, 141.046875 74.050390625, 141.01025390625 73.999462890625, 140.50722656250002 73.91865234375)), ((137.23291015625 54.790576171874996, 137.27519531250005 54.891015625, 137.38437500000003 55.00068359375, 137.435546875 55.016015625, 137.54365234375 55.1630859375, 137.57734375 55.197021484375, 137.91044921875005 55.11005859375, 138.03125 55.0533203125, 138.1720703125 55.06005859375, 138.20615234375003 55.033544921875, 138.09648437500005 54.99091796875, 138.0166015625 54.90087890625, 137.9912109375 54.820703125, 137.95947265625 54.789013671875, 137.8701171875 54.749560546874996, 137.790234375 54.696923828125, 137.72148437500005 54.663232421875, 137.6611328125 54.653271484375, 137.5255859375 54.825830078125, 137.46269531250005 54.873388671875, 137.27607421875 54.7923828125, 137.23291015625 54.790576171874996)), ((137.81679687500002 71.587890625, 137.8576171875 71.583056640625, 137.9337890625 71.5427734375, 137.95986328125002 71.507666015625, 137.71181640625002 71.4232421875, 137.61289062500003 71.433935546875, 137.51181640625003 71.474609375, 137.45781250000005 71.48349609375, 137.34423828125 71.460546875, 137.26552734375002 71.455908203125, 137.07871093750003 71.502197265625, 137.06406250000003 71.5298828125, 137.08183593750005 71.542724609375, 137.12949218750003 71.55615234375, 137.28183593750003 71.579931640625, 137.81679687500002 71.587890625)), ((136.71464843750005 54.95615234375, 136.79531250000002 55.009375, 136.99570312500003 55.092724609375, 137.07753906250002 55.091748046875, 137.15605468750005 55.1078125, 137.17861328125002 55.100439453125, 137.05527343750003 54.9267578125, 136.96943359375 54.923974609375, 136.90273437500002 54.96064453125, 136.76513671875 54.946044921875, 136.71464843750005 54.95615234375)), ((135.63339843750003 74.121435546875, 135.44863281250002 74.1796875, 135.40244140625003 74.201708984375, 135.38701171875005 74.253369140625, 135.62832031250002 74.219921875, 136.03681640625 74.09033203125, 136.25917968750002 73.9849609375, 136.1974609375 73.913623046875, 136.12167968750003 73.885009765625, 136.05146484375 73.9291015625, 135.71455078125 74.059521484375, 135.63339843750003 74.121435546875)), ((135.9833984375 75.521923828125, 135.96513671875005 75.4861328125, 136.0205078125 75.43837890625, 135.94863281250002 75.4095703125, 135.74589843750005 75.381982421875, 135.45195312500005 75.38955078125, 135.47304687500002 75.463232421875, 135.5234375 75.495849609375, 135.59267578125002 75.57646484375, 135.56123046875 75.636474609375, 135.57841796875005 75.7099609375, 135.61386718750003 75.76630859375, 135.69863281250002 75.845263671875, 135.78828125 75.798486328125, 135.84921875000003 75.729248046875, 135.90478515625 75.694384765625, 136.12734375000002 75.6255859375, 136.1689453125 75.60556640625, 135.9833984375 75.521923828125)), ((124.4296875 73.943017578125, 124.54765624999999 73.933837890625, 124.65292968750003 73.888037109375, 124.54296875 73.85009765625, 124.48173828124999 73.847900390625, 124.36640625000001 73.874609375, 124.33574218749999 73.910302734375, 124.33652343750003 73.928369140625, 124.4296875 73.943017578125)), ((120.23681640625 73.107275390625, 120.26132812500003 73.08984375, 120.00791015625003 73.044873046875, 119.79208984375003 73.04541015625, 119.64042968749999 73.12431640625, 119.76191406250001 73.15546875, 119.96445312500003 73.16767578125, 120.07851562500002 73.15673828125, 120.23681640625 73.107275390625)), ((111.87978515625002 74.363818359375, 111.94921875 74.38876953125, 112.00761718749999 74.5267578125, 112.08447265625 74.548974609375, 112.95175781250003 74.47958984375, 113.28623046875003 74.441015625, 113.38720703125 74.400439453125, 113.35312500000003 74.352978515625, 113.29921875000002 74.317138671875, 113.25888671875003 74.272705078125, 113.19023437499999 74.239306640625, 112.97763671875003 74.196826171875, 112.81132812499999 74.1029296875, 112.78242187500001 74.095068359375, 112.19580078125 74.146240234375, 112.10507812500003 74.163232421875, 111.912109375 74.21923828125, 111.64296875000002 74.27294921875, 111.50341796875 74.353076171875, 111.63749999999999 74.37431640625, 111.87978515625002 74.363818359375)), ((112.39414062500003 76.643798828125, 112.47802734375 76.6208984375, 112.63251953125001 76.552978515625, 112.66083984375001 76.5095703125, 112.61416015625002 76.499267578125, 112.58652343750003 76.482958984375, 112.57480468750003 76.452392578125, 112.53164062500002 76.450048828125, 112.39482421874999 76.4837890625, 112.296875 76.53798828125, 112.15380859375 76.54931640625, 112.00273437499999 76.602978515625, 111.96894531250001 76.626171875, 112.01113281250002 76.632861328125, 112.28144531250001 76.618359375, 112.39414062500003 76.643798828125)), ((106.41552734375 78.13984375, 106.58330078124999 78.167578125, 107.50830078125 78.189404296875, 107.5732421875 78.185546875, 107.69550781250001 78.130908203125, 107.60624999999999 78.082568359375, 107.48164062500001 78.057763671875, 107.34384765625003 78.098583984375, 107.00166015625001 78.095654296875, 106.41552734375 78.13984375)), ((107.59365234375002 77.330029296875, 107.66455078125 77.2998046875, 107.67949218749999 77.26826171875, 107.41474609375001 77.24267578125, 107.30224609375 77.24150390625, 107.26953125 77.289013671875, 107.36640625000001 77.346630859375, 107.48642578125003 77.347119140625, 107.59365234375002 77.330029296875)), ((106.02363281250001 78.2201171875, 106.05839843749999 78.2646484375, 106.3505859375 78.272607421875, 106.45683593749999 78.3400390625, 106.64042968749999 78.33623046875, 106.69121093749999 78.316650390625, 106.71962890625002 78.294189453125, 106.71894531250001 78.264990234375, 106.50468749999999 78.261669921875, 106.47246093749999 78.24501953125, 106.27041015625002 78.206201171875, 106.15107421875001 78.1986328125, 106.02363281250001 78.2201171875)), ((104.00400390625003 79.062548828125, 104.09111328124999 79.01318359375, 104.40419921875002 78.977099609375, 104.44921875 78.963916015625, 104.47695312500002 78.92333984375, 104.45205078125002 78.880029296875, 104.63320312500002 78.83515625, 104.88105468750001 78.8548828125, 105.0146484375 78.843310546875, 105.14599609375 78.81884765625, 105.20458984375 78.779931640625, 105.25605468750001 78.7330078125, 105.31015625000003 78.666162109375, 105.34267578125002 78.5939453125, 105.31259765625003 78.49990234375, 104.83261718750003 78.352734375, 104.74179687500003 78.33974609375, 104.51943359375002 78.34921875, 104.29746093750003 78.33505859375, 103.71933593750003 78.258251953125, 103.00312500000001 78.255859375, 102.79667968749999 78.187890625, 102.67314453124999 78.201708984375, 102.6171875 78.224609375, 102.18046874999999 78.205322265625, 101.2041015625 78.191943359375, 101.03994140625002 78.14296875, 100.54121093750001 78.047509765625, 100.08222656250001 77.975, 99.84501953124999 77.9568359375, 99.50029296874999 77.97607421875, 99.39169921875003 78.00068359375, 99.287109375 78.0380859375, 99.43867187500001 78.083935546875, 99.54560546875001 78.178564453125, 99.67792968750001 78.23349609375, 100.01894531250002 78.338916015625, 100.12353515625 78.470458984375, 100.25722656250002 78.573828125, 100.2626953125 78.631494140625, 100.28398437499999 78.67919921875, 100.41640625000002 78.753173828125, 100.515625 78.78779296875, 100.61962890625 78.797412109375, 100.87558593750003 78.78359375, 100.95576171875001 78.7884765625, 100.89794921875 78.812451171875, 100.85624999999999 78.89775390625, 100.86455078124999 78.925830078125, 100.9013671875 78.980078125, 101.03085937500003 79.023291015625, 101.06816406249999 79.096240234375, 101.05224609375 79.1232421875, 101.14882812500002 79.156884765625, 101.19609374999999 79.204443359375, 101.31044921875002 79.2326171875, 101.54306640625003 79.254443359375, 101.55527343750003 79.312646484375, 101.59062499999999 79.350439453125, 101.76132812500003 79.37197265625, 101.82421875 79.37021484375, 101.912109375 79.31162109375, 102.00527343750002 79.263671875, 102.12851562500003 79.252490234375, 102.25126953124999 79.2560546875, 102.17724609375 79.31259765625, 102.1806640625 79.373388671875, 102.22509765625 79.412939453125, 102.28242187500001 79.430078125, 102.40488281250003 79.433203125, 102.78984374999999 79.392138671875, 103.04160156250003 79.33154296875, 103.09794921874999 79.29912109375, 103.05244140625001 79.28251953125, 102.93964843750001 79.27119140625, 102.884765625 79.253955078125, 102.78730468750001 79.176416015625, 102.74580078125001 79.1060546875, 102.44785156250003 78.87666015625, 102.41230468750001 78.83544921875, 102.58730468750002 78.8712890625, 102.74765625000003 78.949560546875, 102.84482421875003 79.01435546875, 102.95039062500001 79.05576171875, 103.07568359375 79.056494140625, 103.19912109375002 79.0712890625, 103.43339843749999 79.126123046875, 103.6728515625 79.15, 103.80078125 79.149267578125, 103.92568359375002 79.1232421875, 104.00400390625003 79.062548828125)), ((99.91542968750002 79.601611328125, 99.95576171875001 79.69033203125, 100.068359375 79.701025390625, 100.14150390625002 79.68369140625, 100.30029296875 79.670263671875, 100.13593750000001 79.614208984375, 99.91542968750002 79.601611328125)), ((98.4990234375 79.953125, 98.47187500000001 80.009130859375, 98.53183593750003 80.043603515625, 98.59648437499999 80.052197265625, 98.86591796875001 80.04541015625, 99.294921875 80.016357421875, 99.37070312500003 79.986376953125, 99.47304687500002 79.970166015625, 99.5361328125 79.94130859375, 99.7265625 79.919921875, 99.818359375 79.898193359375, 99.94658203124999 79.848974609375, 100.06123046875001 79.777099609375, 99.91582031249999 79.738330078125, 99.83925781250002 79.6689453125, 99.80546874999999 79.653076171875, 99.78164062500002 79.628271484375, 99.77109375000003 79.567724609375, 99.74882812499999 79.515185546875, 99.72119140625 79.491845703125, 99.70625000000001 79.4634765625, 99.72158203125002 79.385107421875, 99.6806640625 79.32333984375, 99.53730468750001 79.2765625, 99.38779296875003 79.274755859375, 99.16708984375003 79.306298828125, 99.10439453125002 79.30537109375, 99.04179687499999 79.293017578125, 99.3173828125 79.227197265625, 99.51728515625001 79.13017578125, 99.81464843750001 79.095849609375, 99.89960937500001 79.006396484375, 99.92929687500003 78.96142578125, 99.54082031249999 78.852734375, 99.43955078125003 78.834228515625, 98.81953125000001 78.81826171875, 98.4111328125 78.78779296875, 98.05419921875 78.82099609375, 97.90517578125002 78.810205078125, 97.68857421875003 78.82734375, 97.55546874999999 78.8265625, 97.24814453125003 78.868017578125, 96.93291015624999 78.933935546875, 96.80781250000001 78.9849609375, 96.42998046874999 79.00302734375, 96.34736328125001 79.015869140625, 95.79648437500003 79.001416015625, 95.70283203125001 79.01201171875, 95.53105468749999 79.098095703125, 95.43691406250002 79.09931640625, 95.13320312500002 79.049609375, 95.02041015625002 79.052685546875, 94.791015625 79.08662109375, 94.65234375 79.127490234375, 94.63164062499999 79.140869140625, 94.61972656250003 79.1923828125, 94.48212890625001 79.218603515625, 94.31376953124999 79.30751953125, 94.21875 79.40234375, 93.75859374999999 79.451416015625, 93.47871093750001 79.462744140625, 93.27226562499999 79.4583984375, 93.07080078125 79.4953125, 93.40468750000002 79.631591796875, 93.84726562500003 79.70166015625, 94.03818359375003 79.756005859375, 94.25712890624999 79.829736328125, 94.34726562500003 79.941943359375, 94.71943359375001 80.01123046875, 94.81503906250003 80.034814453125, 94.94677734375 80.0892578125, 94.9873046875 80.096826171875, 95.28134765625003 80.030517578125, 95.33798828125003 80.042138671875, 95.39072265625003 80.072802734375, 95.49755859375 80.105615234375, 95.85781250000002 80.110009765625, 96.16250000000002 80.096826171875, 96.27734375 80.11005859375, 96.41660156250003 80.104345703125, 97.12050781250002 80.15302734375, 97.58681640625002 80.16826171875, 97.67451171875001 80.158251953125, 97.90361328124999 80.09501953125, 98.01777343750001 80.0228515625, 97.90673828125 80.003759765625, 97.80791015624999 79.956298828125, 97.75996093750001 79.895849609375, 97.626953125 79.850439453125, 97.59130859375 79.774951171875, 97.65166015624999 79.76064453125, 97.72451171875002 79.781396484375, 97.87070312500003 79.85263671875, 98.06455078125003 79.90107421875, 98.27324218749999 79.87412109375, 98.35312500000003 79.884326171875, 98.4990234375 79.953125)), ((97.025390625 80.535546875, 97.11503906249999 80.49658203125, 97.25019531250001 80.36298828125, 97.28681640625001 80.342529296875, 97.4169921875 80.32314453125, 97.29843750000003 80.27275390625, 97.17519531250002 80.241015625, 95.85576171874999 80.176953125, 94.96132812500002 80.150390625, 94.66123046875003 80.122802734375, 94.56503906250003 80.12607421875, 94.32841796874999 80.076025390625, 93.87236328124999 80.010107421875, 93.65468750000002 80.009619140625, 93.00234375000002 80.102099609375, 92.20156250000002 80.179296875, 92.09218750000002 80.22333984375, 91.8916015625 80.249267578125, 91.63740234375001 80.269921875, 91.52382812500002 80.358544921875, 91.68779296874999 80.418505859375, 91.89667968750001 80.4775390625, 92.24667968750003 80.49912109375, 92.57792968749999 80.533251953125, 92.82675781250003 80.6185546875, 92.98105468750003 80.702978515625, 93.26249999999999 80.791259765625, 92.77294921875 80.76865234375, 92.59257812499999 80.780859375, 92.61015624999999 80.810009765625, 92.71035156250002 80.87216796875, 92.7646484375 80.89306640625, 92.93867187500001 80.925830078125, 93.06513671875001 80.9884765625, 93.35869140624999 81.031689453125, 93.63671875 81.038134765625, 93.88886718750001 81.0583984375, 94.14013671875 81.089453125, 94.37548828125 81.107373046875, 94.61162109374999 81.1146484375, 94.837890625 81.139404296875, 95.06093750000002 81.1880859375, 95.15957031250002 81.27099609375, 95.80068359375002 81.28046875, 95.90195312500003 81.260595703125, 95.98398437500003 81.21142578125, 96.0751953125 81.1927734375, 96.18691406250002 81.183935546875, 96.47109375000002 81.099267578125, 96.52656250000001 81.0755859375, 96.56308593750003 81.030078125, 96.69326171875002 80.994189453125, 96.75498046875003 80.957861328125, 97.41367187500003 80.841845703125, 97.70302734375002 80.826708984375, 97.83183593749999 80.798291015625, 97.86992187499999 80.76328125, 97.8564453125 80.698095703125, 97.74716796875003 80.698681640625, 97.66542968750002 80.678076171875, 97.22138671875001 80.65244140625, 97.11308593749999 80.6140625, 97.025390625 80.535546875)), ((97.34169921875002 76.628857421875, 97.31035156249999 76.689599609375, 97.38164062499999 76.706689453125, 97.58837890625 76.599365234375, 97.53525390625003 76.584423828125, 97.43037109375001 76.59072265625, 97.34169921875002 76.628857421875)), ((96.75449218750003 76.195751953125, 96.73935546875003 76.20693359375, 96.740234375 76.257861328125, 96.83291015625002 76.324169921875, 96.83525390624999 76.34482421875, 96.8779296875 76.355224609375, 96.990234375 76.343408203125, 97.04531250000002 76.315380859375, 97.05302734374999 76.302587890625, 96.97421875000003 76.2365234375, 96.7978515625 76.188427734375, 96.75449218750003 76.195751953125)), ((96.15097656250003 76.271875, 96.27070312500001 76.30537109375, 96.61396484375001 76.263818359375, 96.58964843749999 76.221240234375, 96.48671875000002 76.233740234375, 96.35078125000001 76.212158203125, 96.35341796875002 76.177490234375, 96.30058593749999 76.121728515625, 96.10878906250002 76.15546875, 95.84453124999999 76.16025390625, 95.67861328125002 76.19365234375, 95.31113281250003 76.21474609375, 95.32207031249999 76.26162109375, 95.3798828125 76.2890625, 95.59443359375001 76.249609375, 95.78623046875003 76.293896484375, 96.15097656250003 76.271875)), ((96.28544921874999 77.02666015625, 96.20986328125002 76.992138671875, 96.09140625000003 77.0025390625, 95.85468750000001 76.974951171875, 95.76582031250001 76.990625, 95.68085937500001 77.021337890625, 95.36406249999999 77.0115234375, 95.27031249999999 77.01884765625, 95.42070312499999 77.056494140625, 95.85410156250003 77.09755859375, 96.52841796875003 77.205517578125, 96.56191406250002 77.154052734375, 96.56132812499999 77.12958984375, 96.42431640625 77.07119140625, 96.28544921874999 77.02666015625)), ((93.38203125000001 79.78388671875, 93.15507812499999 79.73759765625, 92.92626953125 79.7044921875, 92.44062500000001 79.67548828125, 92.15371093750002 79.68466796875, 91.68359375 79.790576171875, 91.37626953124999 79.835498046875, 91.12607421875003 79.904931640625, 91.0703125 79.981494140625, 91.22929687499999 80.030712890625, 91.42597656250001 80.04921875, 92.17343750000003 80.045458984375, 92.5927734375 79.996533203125, 93.48154296875003 79.94111328125, 93.80312500000002 79.904541015625, 93.603515625 79.816748046875, 93.38203125000001 79.78388671875)), ((91.47783203124999 81.183935546875, 91.56718749999999 81.1412109375, 91.22285156250001 81.063818359375, 89.97578125000001 81.113134765625, 89.91943359375 81.14873046875, 89.90117187499999 81.170703125, 90.06992187500003 81.213720703125, 91.10898437500003 81.19912109375, 91.47783203124999 81.183935546875)), ((89.28154296874999 77.30146484375, 89.6162109375 77.31103515625, 89.67958984375002 77.280322265625, 89.66582031249999 77.2544921875, 89.51425781250003 77.188818359375, 89.29951171875001 77.183984375, 89.17929687500003 77.209912109375, 89.14169921875003 77.226806640625, 89.20048828124999 77.27197265625, 89.28154296874999 77.30146484375)), ((87.00058593750003 74.991943359375, 87.05214843750002 74.982568359375, 87.12431640624999 74.939892578125, 87.01171875 74.8619140625, 86.92714843750002 74.83076171875, 86.69199218750003 74.848291015625, 86.39052734375002 74.85087890625, 86.25859374999999 74.893505859375, 86.33066406250003 74.93896484375, 86.50449218750003 74.965966796875, 86.60546875 74.992822265625, 86.73710937499999 74.96298828125, 87.00058593750003 74.991943359375)), ((84.71044921875 74.3998046875, 84.42890625000001 74.430322265625, 84.38945312499999 74.454443359375, 84.54033203124999 74.4904296875, 84.67988281250001 74.512353515625, 84.87285156249999 74.51552734375, 84.75898437500001 74.459423828125, 84.71044921875 74.3998046875)), ((83.15898437499999 74.075341796875, 82.81777343750002 74.0916015625, 82.90292968750003 74.12890625, 83.14980468750002 74.151611328125, 83.51347656249999 74.12236328125, 83.61835937500001 74.089453125, 83.54902343750001 74.07177734375, 83.49580078125001 74.0484375, 83.44999999999999 74.05166015625, 83.41064453125 74.03955078125, 83.15898437499999 74.075341796875)), ((82.38242187500003 74.149267578125, 82.52558593750001 74.16142578125, 82.61103515625001 74.14853515625, 82.68896484375 74.11123046875, 82.7099609375 74.090869140625, 82.61279296875 74.0564453125, 82.47812500000003 74.07578125, 82.38154296875001 74.09921875, 82.32939453124999 74.131103515625, 82.38242187500003 74.149267578125)), ((81.92656249999999 75.4099609375, 81.90976562500003 75.460009765625, 81.91279296875001 75.497705078125, 82.02187500000002 75.5134765625, 82.16562500000003 75.515625, 82.17236328125 75.419384765625, 82.20878906249999 75.386962890625, 82.22158203125002 75.350537109375, 82.17929687500003 75.33896484375, 82.05009765624999 75.340966796875, 81.978515625 75.247119140625, 81.90507812499999 75.26279296875, 81.86054687500001 75.31650390625, 81.69765625000002 75.280517578125, 81.65478515625 75.288916015625, 81.57929687500001 75.33095703125, 81.53212890625002 75.33955078125, 81.50058593750003 75.367919921875, 81.71210937500001 75.451416015625, 81.84218750000002 75.40703125, 81.92656249999999 75.4099609375)), ((78.97763671875003 80.8482421875, 79.10986328125 80.923583984375, 79.21738281250003 80.9603515625, 79.806640625 80.975390625, 80.27958984374999 80.9498046875, 80.42792968750001 80.927685546875, 80.34482421875003 80.867919921875, 80.02666015624999 80.84814453125, 79.09853515625002 80.812060546875, 78.97763671875003 80.8482421875)), ((78.63320312500002 72.850732421875, 78.65683593750003 72.89228515625, 79.16425781250001 73.0943359375, 79.35654296875003 73.038623046875, 79.41250000000002 72.98310546875, 79.54130859374999 72.91865234375, 79.53789062499999 72.7693359375, 79.50146484375 72.721923828125, 79.4306640625 72.710693359375, 78.88056640625001 72.751611328125, 78.69023437499999 72.80341796875, 78.63320312500002 72.850732421875)), ((77.78085937500003 72.308544921875, 77.63251953125001 72.291259765625, 77.14560546875003 72.281884765625, 76.90595703125001 72.29765625, 76.87109375 72.317041015625, 76.90312499999999 72.365576171875, 77.14951171875003 72.439208984375, 77.26044921875001 72.4861328125, 77.37783203125002 72.565283203125, 77.57871093750003 72.630859375, 77.74853515625 72.631201171875, 78.27910156249999 72.55322265625, 78.35292968750002 72.504296875, 78.36513671875002 72.482421875, 78.15449218750001 72.4169921875, 78.00722656250002 72.39248046875, 77.78085937500003 72.308544921875)), ((76.24892578125002 79.65107421875, 76.37255859375 79.615234375, 76.46738281250003 79.6431640625, 77.36015624999999 79.5568359375, 77.54931640625 79.5244140625, 77.58896484375003 79.501904296875, 76.81015625000003 79.489501953125, 76.64951171875003 79.493408203125, 76.63652343749999 79.54443359375, 76.45761718750003 79.545458984375, 76.15371093750002 79.578759765625, 76.07187500000003 79.625634765625, 76.05156249999999 79.6447265625, 76.1484375 79.664453125, 76.24892578125002 79.65107421875)), ((76.08310546875003 73.523486328125, 76.13955078125002 73.554296875, 76.25068359375001 73.5552734375, 76.75605468750001 73.44580078125, 76.65937500000001 73.439501953125, 76.23447265625003 73.476220703125, 76.08310546875003 73.523486328125)), ((76.03945312500002 73.559912109375, 76.05156249999999 73.549267578125, 75.9009765625 73.481494140625, 75.8271484375 73.459130859375, 75.50371093750002 73.456640625, 75.3443359375 73.432275390625, 75.375 73.477392578125, 75.56972656250002 73.540625, 75.93017578125 73.5736328125, 76.03945312500002 73.559912109375)), ((74.66015625 72.929296875, 74.69716796875002 72.90771484375, 74.66054687500002 72.8734375, 74.63837890625001 72.86376953125, 74.58808593750001 72.88115234375, 74.43476562500001 72.907666015625, 74.1806640625 72.975341796875, 74.1001953125 73.021533203125, 74.14238281250002 73.074365234375, 74.19853515625002 73.10908203125, 74.4087890625 73.13046875, 74.72529296875001 73.108154296875, 74.9615234375 73.0625, 74.74257812500002 73.03271484375, 74.64726562500002 72.96904296875, 74.66015625 72.929296875)), ((71.23164062500001 73.44775390625, 71.351171875 73.372216796875, 71.58955078125001 73.283154296875, 71.63046875 73.2248046875, 71.62617187500001 73.173974609375, 71.35566406250001 73.162451171875, 70.88671875 73.11962890625, 70.67392578125 73.09501953125, 70.38037109375 73.048095703125, 70.29833984375 73.044482421875, 70.11865234375 73.056298828125, 70.04072265625001 73.037158203125, 69.92011718750001 73.084521484375, 69.93037109375001 73.126611328125, 69.98564453125002 73.16923828125, 70.01875000000001 73.22431640625, 69.99589843750002 73.359375, 70.14960937500001 73.4447265625, 70.35000000000002 73.47763671875, 70.94023437500002 73.514404296875, 71.1412109375 73.477978515625, 71.23164062500001 73.44775390625)), ((69.8447265625 66.48974609375, 69.6513671875 66.56533203125, 69.4693359375 66.715966796875, 69.50273437500002 66.75107421875, 69.61640625000001 66.739013671875, 69.800390625 66.736474609375, 69.917578125 66.711669921875, 70.07666015625 66.6958984375, 70.0576171875 66.627197265625, 70.0572265625 66.599462890625, 70.11005859375001 66.569091796875, 70.0591796875 66.517578125, 70.02070312500001 66.502197265625, 69.8447265625 66.48974609375)), ((65.0728515625 76.496728515625, 65.19716796875002 76.499658203125, 65.52841796875 76.567822265625, 65.63691406250001 76.578662109375, 65.75517578125002 76.579296875, 65.862890625 76.613330078125, 65.95888671875002 76.687939453125, 66.06298828125 76.74609375, 66.34521484375 76.821044921875, 66.82880859375001 76.923828125, 67.263671875 76.96376953125, 67.53496093750002 77.007763671875, 67.65185546875 77.011572265625, 68.01728515625001 76.990625, 68.48574218750002 76.93369140625, 68.69912109375002 76.870654296875, 68.87333984375002 76.789599609375, 68.91171875 76.760546875, 68.94169921875002 76.707666015625, 68.89052734375002 76.659716796875, 68.8580078125 76.610498046875, 68.89980468750002 76.57294921875, 68.55859375 76.4494140625, 68.16542968750002 76.28486328125, 67.76533203125001 76.23759765625, 67.126953125 76.108154296875, 66.8931640625 76.072265625, 66.65742187500001 76.047021484375, 66.28242187500001 75.98369140625, 65.619140625 75.904638671875, 65.20156250000002 75.839453125, 65 75.81686348157051, 65 76.48937386662857, 64.95000000000002 76.484326171875, 65.0728515625 76.496728515625)), ((67.26396484375002 69.442529296875, 67.09785156250001 69.44716796875, 67.02587890625 69.483203125, 67.21611328125002 69.575390625, 67.32890625000002 69.572119140625, 67.34492187500001 69.529833984375, 67.26396484375002 69.442529296875)), ((66.40761718750002 70.615771484375, 66.39482421875002 70.727294921875, 66.44023437500002 70.77265625, 66.462890625 70.7693359375, 66.45771484375001 70.698779296875, 66.56093750000002 70.541748046875, 66.56855468750001 70.50146484375, 66.51582031250001 70.514892578125, 66.44863281250002 70.56103515625, 66.40761718750002 70.615771484375)), ((65 81.17289671425385, 65.17197265625 81.14404296875, 65.30976562500001 81.096435546875, 65.38203125000001 81.05673828125, 65.36005859375001 81.008203125, 65.3720703125 80.968017578125, 65.43740234375002 80.930712890625, 65 80.8195418176852, 65 81.17289671425385)), ((35.20917968750001 41.794384765625, 35.13266470825614 41.87934898865308, 35.1220703125 41.89111328125, 35.20917968750001 41.794384765625)))