MULTIPOLYGON (((180 -16.96308593750001, 179.92587890625003 -17.000292968750003, 179.89697265625 -16.96406250000001, 179.93095703125005 -16.8759765625, 180 -16.785742187500006, 180 -16.96308593750001)), ((179.98720703125002 -16.54121093750001, 179.98466796875005 -16.52216796875001, 180 -16.488867187500006, 180 -16.5400390625, 179.98720703125002 -16.54121093750001)), ((179.90595703125 -16.583593750000006, 179.89003906250002 -16.6669921875, 179.9279296875 -16.744433593750003, 179.82080078125 -16.736914062500006, 179.71474609375002 -16.74355468750001, 179.58896484375003 -16.78701171875001, 179.41933593750002 -16.80654296875001, 179.375 -16.7919921875, 179.34599609375005 -16.76972656250001, 179.32333984375003 -16.718066406250003, 179.30048828125 -16.71035156250001, 179.20234375 -16.712695312500003, 179.05546875000005 -16.813574218750006, 179.0068359375 -16.900195312500003, 178.950390625 -16.90400390625001, 178.88369140625002 -16.886035156250003, 178.8029296875 -16.9521484375, 178.70664062500003 -16.976171875000006, 178.6650390625 -16.920019531250006, 178.63808593750002 -16.85126953125001, 178.6037109375 -16.800585937500003, 178.49746093750002 -16.787890625000003, 178.51376953125003 -16.72607421875, 178.56777343750002 -16.663867187500003, 178.58359375000003 -16.621875000000003, 178.68632812500005 -16.665625000000006, 178.74453125000002 -16.63417968750001, 178.80507812500002 -16.631445312500006, 178.86572265625 -16.5400390625, 178.96054687500003 -16.48281250000001, 179.09140625000003 -16.4375, 179.35917968750005 -16.3798828125, 179.47509765625 -16.29414062500001, 179.5517578125 -16.24990234375001, 179.63525390625 -16.223242187500006, 179.7150390625 -16.207617187500006, 179.78886718750005 -16.221484375000003, 179.84814453125 -16.21425781250001, 180 -16.152929687500006, 179.99921875 -16.168554687500006, 179.84824218750003 -16.30166015625001, 179.79384765625002 -16.37031250000001, 179.74814453125003 -16.4462890625, 179.619140625 -16.52773437500001, 179.56416015625 -16.63691406250001, 179.56816406250005 -16.74746093750001, 179.69707031250005 -16.631933593750006, 179.841015625 -16.53750000000001, 179.8849609375 -16.51845703125001, 179.93037109375 -16.51943359375001, 179.92656250000005 -16.55166015625001, 179.90595703125 -16.583593750000006)), ((179.38896484375005 -17.393847656250003, 179.37314453125003 -17.256152343750003, 179.40761718750002 -17.25732421875, 179.4328125 -17.271582031250006, 179.44716796875002 -17.306250000000006, 179.42236328125 -17.366796875000006, 179.38896484375005 -17.393847656250003)), ((179.27177734375005 -17.970703125, 179.30644531250005 -17.94404296875001, 179.337890625 -17.989550781250003, 179.36240234375003 -18.065234375000003, 179.34042968750003 -18.110449218750006, 179.25351562500003 -18.030566406250003, 179.25644531250003 -17.9990234375, 179.27177734375005 -17.970703125)), ((179.20058593750002 -8.534960937500003, 179.20302734375002 -8.46630859375, 179.21660156250005 -8.514843750000011, 179.20058593750002 -8.534960937500003)), ((178.77607421875 -17.74677734375001, 178.74765625000003 -17.68574218750001, 178.787109375 -17.62441406250001, 178.8310546875 -17.61884765625001, 178.8525390625 -17.681250000000006, 178.82753906250002 -17.72900390625, 178.77607421875 -17.74677734375001)), ((178.68984375000002 -7.473828125000011, 178.69287109375 -7.4951171875, 178.67421875000002 -7.480175781250011, 178.66669921875 -7.457812500000003, 178.68984375000002 -7.473828125000011)), ((178.48671875000002 -18.1123046875, 178.4611328125 -18.138964843750003, 178.42343750000003 -18.12421875000001, 178.33154296875 -18.13525390625, 178.24375000000003 -18.18398437500001, 178.16015625 -18.25019531250001, 178.06396484375 -18.25039062500001, 177.95546875000002 -18.26406250000001, 177.84707031250002 -18.2548828125, 177.77080078125005 -18.219531250000003, 177.63642578125 -18.18105468750001, 177.45732421875005 -18.148242187500003, 177.38320312500002 -18.120703125000006, 177.32138671875003 -18.07753906250001, 177.26347656250005 -17.96865234375001, 177.2548828125 -17.91494140625001, 177.26396484375005 -17.86347656250001, 177.31630859375002 -17.84609375000001, 177.36015625000005 -17.82001953125001, 177.36640625 -17.78603515625001, 177.3857421875 -17.762304687500006, 177.41093750000005 -17.753710937500003, 177.42324218750002 -17.7373046875, 177.40556640625005 -17.68212890625, 177.40068359375005 -17.631640625000003, 177.50449218750003 -17.53955078125, 177.61796875000005 -17.461035156250006, 177.81796875000003 -17.388476562500003, 177.94023437500005 -17.395117187500006, 178.12763671875 -17.33925781250001, 178.18759765625003 -17.31298828125, 178.24716796875003 -17.3291015625, 178.28017578125002 -17.37197265625001, 178.28017578125002 -17.41621093750001, 178.30947265625002 -17.435351562500003, 178.33857421875 -17.4384765625, 178.41093750000005 -17.523046875000006, 178.52324218750005 -17.595800781250006, 178.59160156250005 -17.651464843750006, 178.595703125 -17.699023437500003, 178.57490234375 -17.749316406250003, 178.60380859375005 -17.83935546875, 178.61787109375 -17.93281250000001, 178.66767578125 -18.080859375000003, 178.59736328125 -18.108984375000006, 178.48671875000002 -18.1123046875)), ((174.10400390625 -35.14287109375, 174.11894531250005 -35.17236328125, 174.10976562500002 -35.216406250000006, 174.11875000000003 -35.26289062500001, 174.14316406250003 -35.30000000000001, 174.20322265625003 -35.30859375, 174.28291015625 -35.253515625000006, 174.3203125 -35.246679687500006, 174.37333984375005 -35.32451171875, 174.39316406250003 -35.36855468750001, 174.3849609375 -35.36708984375001, 174.46474609375002 -35.4541015625, 174.54345703125 -35.58203125, 174.53173828125 -35.626953125, 174.50859375000005 -35.66738281250001, 174.58066406250003 -35.78554687500001, 174.53349609375005 -35.79375, 174.39101562500002 -35.77373046875, 174.39580078125005 -35.79736328125, 174.4787109375 -35.88408203125, 174.54873046875002 -36.006640625, 174.60488281250002 -36.08056640625, 174.80214843750002 -36.30947265625001, 174.7724609375 -36.39091796875, 174.77705078125 -36.44462890625, 174.75175781250005 -36.490820312500006, 174.81923828125002 -36.612109375, 174.77714843750005 -36.64980468750001, 174.74921875 -36.774023437500006, 174.71865234375002 -36.79580078125001, 174.72246093750005 -36.84121093750001, 174.801953125 -36.85322265625001, 174.84990234375005 -36.87255859375, 174.89140625000005 -36.90937500000001, 174.9171875 -36.8650390625, 174.95205078125002 -36.85292968750001, 175.0470703125 -36.912207031250006, 175.29951171875 -36.993261718750006, 175.32646484375005 -37.04091796875001, 175.3466796875 -37.15615234375001, 175.38535156250003 -37.20693359375001, 175.4609375 -37.21669921875001, 175.54248046875 -37.20136718750001, 175.56816406250005 -37.15937500000001, 175.551953125 -37.046484375000006, 175.4931640625 -36.86572265625, 175.50126953125005 -36.748046875, 175.48740234375003 -36.689550781250006, 175.42636718750003 -36.591894531250006, 175.38554687500005 -36.55634765625001, 175.39980468750002 -36.50078125, 175.46083984375002 -36.475683593750006, 175.49765625000003 -36.52265625000001, 175.52802734375 -36.57929687500001, 175.68144531250005 -36.74697265625001, 175.77216796875 -36.73515625, 175.78066406250002 -36.80458984375001, 175.84218750000002 -36.875097656250006, 175.876171875 -36.95771484375001, 175.92109375 -37.20458984375, 175.99013671875002 -37.43701171875, 176.11455078125005 -37.53828125000001, 176.12900390625003 -37.58671875, 176.05332031250003 -37.56171875000001, 176.02988281250003 -37.576269531250006, 176.03789062500005 -37.600683593750006, 176.1083984375 -37.645117187500006, 176.19111328125 -37.6669921875, 176.2431640625 -37.6638671875, 176.29169921875 -37.68007812500001, 176.61474609375 -37.83095703125001, 176.77001953125 -37.8896484375, 177.16181640625 -37.98574218750001, 177.27402343750003 -37.99345703125, 177.3359375 -37.990820312500006, 177.4533203125 -37.95742187500001, 177.55830078125 -37.8974609375, 177.64892578125 -37.80781250000001, 177.72734375000005 -37.70556640625, 177.8126953125 -37.65595703125001, 177.90947265625005 -37.61689453125001, 177.9580078125 -37.580664062500006, 178.00917968750002 -37.55488281250001, 178.27216796875 -37.56689453125, 178.36074218750002 -37.61845703125, 178.47597656250002 -37.659765625000006, 178.53623046875003 -37.69208984375001, 178.51601562500002 -37.7576171875, 178.44707031250005 -37.85439453125001, 178.39394531250002 -37.96025390625, 178.34726562500003 -38.20087890625001, 178.3154296875 -38.44404296875001, 178.26767578125003 -38.551171874999994, 178.1806640625 -38.633691406249994, 178.08486328125002 -38.693945312500006, 177.97617187500003 -38.722265625000006, 177.93212890625 -38.860253906249994, 177.9103515625 -39.02177734375002, 177.91660156250003 -39.062402343749994, 177.9513671875 -39.09453125000002, 177.96562500000005 -39.142480468749994, 177.90878906250003 -39.23955078125002, 177.87548828125 -39.225488281249994, 177.82871093750003 -39.14472656250001, 177.7861328125 -39.110937500000006, 177.65585937500003 -39.08574218750002, 177.52294921875 -39.073828125000006, 177.40751953125005 -39.081152343750006, 177.29658203125 -39.115820312500006, 177.12871093750005 -39.186132812500006, 177.07675781250003 -39.221777343750006, 177.03125 -39.26689453125002, 176.9541015625 -39.367578124999994, 176.9357421875 -39.49072265625, 176.93925781250005 -39.555273437500006, 176.96660156250005 -39.60517578125001, 177.10986328125 -39.67314453125002, 176.96796875 -39.910742187500006, 176.84218750000002 -40.157812500000006, 176.770703125 -40.228417968749994, 176.68876953125005 -40.29345703125, 176.6115234375 -40.441992187500006, 176.38515625000002 -40.66767578125001, 176.31386718750002 -40.768945312499994, 176.25175781250005 -40.876855468749994, 176.11865234375 -41.02910156250002, 176.05996093750002 -41.12968750000002, 175.98291015625 -41.213281249999994, 175.83964843750005 -41.32011718750002, 175.68730468750005 -41.411718750000006, 175.38027343750002 -41.580078125, 175.309765625 -41.61064453125002, 175.22216796875 -41.57441406250001, 175.20449218750002 -41.53496093750002, 175.18466796875003 -41.44902343750002, 175.16562500000003 -41.417382812499994, 175.05390625 -41.391210937500006, 174.90605468750005 -41.43291015625002, 174.88134765625 -41.42402343750001, 174.8751953125 -41.404296875, 174.875 -41.278222656249994, 174.90019531250005 -41.24267578125, 174.86562500000002 -41.223046874999994, 174.83154296875 -41.23076171875002, 174.81972656250002 -41.26289062500001, 174.84121093750002 -41.29072265625001, 174.75703125 -41.325292968750006, 174.66953125000003 -41.326269531250006, 174.64296875000002 -41.31269531250001, 174.63535156250003 -41.289453124999994, 174.68486328125005 -41.217675781249994, 174.84775390625003 -41.05878906250001, 175.016796875 -40.84765625, 175.16250000000002 -40.62158203125, 175.20048828125005 -40.50537109375, 175.2541015625 -40.28935546875002, 175.21015625 -40.19941406250001, 175.15595703125 -40.11494140625001, 175.00927734375 -39.9521484375, 174.81376953125005 -39.86015625000002, 174.68730468750005 -39.84716796875, 174.56748046875003 -39.81298828125, 174.45468750000003 -39.73515625000002, 174.35205078125 -39.64335937500002, 174.1486328125 -39.56816406250002, 173.93437500000005 -39.50908203125002, 173.81210937500003 -39.42578125, 173.78300781250005 -39.37617187500001, 173.763671875 -39.318749999999994, 173.76640625000005 -39.26533203125001, 173.78164062500002 -39.21123046875002, 173.80605468750002 -39.169531250000006, 173.84433593750003 -39.13935546875001, 174.07138671875003 -39.03125, 174.31171875 -38.971093749999994, 174.35605468750003 -38.97216796875, 174.3984375 -38.96259765625001, 174.45849609375 -38.92578125, 174.56621093750005 -38.84160156250002, 174.59736328125 -38.785058593749994, 174.61855468750002 -38.60527343750002, 174.65302734375 -38.428320312500006, 174.71533203125 -38.2255859375, 174.80927734375 -38.09980468750001, 174.8400390625 -38.02265625000001, 174.80166015625002 -37.8955078125, 174.83681640625002 -37.84892578125, 174.87958984375 -37.82080078125, 174.92802734375005 -37.8044921875, 174.84599609375005 -37.685156250000006, 174.74941406250002 -37.5046875, 174.72919921875 -37.44873046875, 174.76767578125003 -37.33906250000001, 174.70742187500002 -37.325292968750006, 174.67255859375 -37.27314453125001, 174.58583984375002 -37.097753906250006, 174.60966796875005 -37.069921875000006, 174.65966796875 -37.08876953125001, 174.73427734375002 -37.21523437500001, 174.74638671875005 -37.15009765625001, 174.80361328125002 -37.11005859375001, 174.86386718750003 -37.08925781250001, 174.92890625 -37.084765625, 174.78203125000005 -36.94375000000001, 174.73291015625 -36.94941406250001, 174.60146484375002 -36.98574218750001, 174.53652343750002 -36.97333984375001, 174.4755859375 -36.94189453125, 174.44453125 -36.88251953125001, 174.40605468750005 -36.76826171875001, 174.38193359375003 -36.72597656250001, 174.18886718750002 -36.492285156250006, 174.24570312500003 -36.484960937500006, 174.4015625 -36.60195312500001, 174.43173828125003 -36.564550781250006, 174.454296875 -36.5107421875, 174.44687500000003 -36.45087890625001, 174.40957031250002 -36.40556640625, 174.35410156250003 -36.3759765625, 174.35312500000003 -36.322851562500006, 174.39541015625002 -36.27412109375001, 174.3927734375 -36.2400390625, 174.30351562500005 -36.170507812500006, 174.26787109375005 -36.1630859375, 174.25205078125003 -36.19560546875, 174.2775390625 -36.243750000000006, 174.25371093750005 -36.249121093750006, 174.03642578125005 -36.12246093750001, 173.96933593750003 -36.020605468750006, 173.91445312500002 -35.90869140625, 173.90888671875 -35.954199218750006, 173.91728515625005 -36.018164062500006, 174.003125 -36.1462890625, 174.14238281250005 -36.28945312500001, 174.16640625000002 -36.32763671875, 174.14580078125005 -36.376953125, 174.09746093750005 -36.39101562500001, 174.0546875 -36.35976562500001, 173.99101562500005 -36.23720703125001, 173.94511718750005 -36.175878906250006, 173.41220703125003 -35.542578125000006, 173.48027343750005 -35.458984375, 173.58583984375002 -35.38857421875001, 173.6103515625 -35.3572265625, 173.626171875 -35.319140625, 173.58164062500003 -35.312597656250006, 173.54169921875 -35.3298828125, 173.49609375 -35.3623046875, 173.454296875 -35.39921875, 173.40166015625005 -35.48115234375001, 173.37636718750002 -35.500097656250006, 173.31396484375 -35.443359375, 173.290234375 -35.408300781250006, 173.2912109375 -35.366308593750006, 173.27451171875003 -35.3396484375, 173.22812500000003 -35.33125000000001, 173.11669921875 -35.20527343750001, 173.18876953125005 -35.12373046875001, 173.190625 -35.016210937500006, 173.11728515625003 -34.9033203125, 173.02958984375005 -34.799902343750006, 172.86074218750002 -34.63232421875, 172.70595703125002 -34.455175781250006, 172.87373046875 -34.43291015625, 173.0439453125 -34.42910156250001, 172.96376953125002 -34.53515625, 172.99980468750005 -34.596484375, 173.05439453125 -34.6482421875, 173.17109375 -34.80693359375, 173.18125000000003 -34.85273437500001, 173.24052734375005 -34.899023437500006, 173.26943359375002 -34.93476562500001, 173.28457031250002 -34.980566406250006, 173.33994140625003 -34.94794921875001, 173.38125000000002 -34.896484375, 173.44785156250003 -34.844335937500006, 173.438671875 -34.928515625, 173.47265625 -34.94697265625001, 173.69375000000002 -35.0056640625, 173.7392578125 -35.05458984375001, 173.78623046875003 -35.06855468750001, 173.81279296875005 -35.04121093750001, 173.8439453125 -35.02626953125001, 174.10400390625 -35.14287109375)), ((178.10410156250003 -19.066210937500003, 178.15664062500002 -19.027929687500006, 178.20839843750002 -18.96962890625001, 178.2822265625 -18.95703125, 178.33427734375005 -18.93447265625001, 178.42031250000002 -18.950781250000006, 178.48789062500003 -18.97412109375, 178.48769531250002 -19.01708984375, 178.35898437500003 -19.04560546875001, 178.315625 -19.01015625000001, 178.28798828125002 -19.003710937500003, 178.21132812500002 -19.066503906250006, 178.1818359375 -19.11171875000001, 178.162109375 -19.12148437500001, 178.02080078125005 -19.151660156250003, 177.95869140625 -19.12158203125, 178.00078125000005 -19.10107421875, 178.051953125 -19.060156250000006, 178.10410156250003 -19.066210937500003)), ((178.37070312500003 -8.060644531250006, 178.37939453125 -8.046679687500003, 178.38701171875005 -8.031835937500006, 178.38974609375003 -8.045800781250009, 178.37705078125003 -8.068457031250006, 178.37070312500003 -8.060644531250006)), ((177.27578125000002 -17.10488281250001, 177.23417968750005 -17.147070312500006, 177.1828125 -17.163867187500003, 177.21015625 -17.084277343750003, 177.2392578125 -17.059375000000003, 177.28740234375005 -17.048632812500003, 177.27578125000002 -17.10488281250001)), ((177.00625000000002 -12.491113281250009, 177.067578125 -12.476953125000009, 177.11806640625002 -12.482324218750009, 177.126953125 -12.492871093750011, 177.12148437500002 -12.505468750000006, 177.08242187500002 -12.515625, 177.01933593750005 -12.50732421875, 177.00625000000002 -12.491113281250009)), ((175.55117187500002 -36.33388671875001, 175.474609375 -36.314453125, 175.44462890625005 -36.2732421875, 175.35878906250002 -36.23066406250001, 175.34619140625 -36.2177734375, 175.33662109375 -36.134765625, 175.38164062500005 -36.094824218750006, 175.38955078125002 -36.077734375000006, 175.409375 -36.070898437500006, 175.4443359375 -36.11464843750001, 175.51259765625002 -36.17695312500001, 175.5431640625 -36.279296875, 175.55117187500002 -36.33388671875001)), ((174.716796875 -1.1336914062500085, 174.744140625 -1.1473632812500085, 174.7666015625 -1.1871093750000057, 174.77890625000003 -1.2633789062500114, 174.75595703125003 -1.2564453125000057, 174.74101562500005 -1.1845703125, 174.716796875 -1.1336914062500085)), ((174.62187500000005 -21.705859375000003, 174.59296875 -21.70234375000001, 174.58720703125005 -21.68007812500001, 174.60419921875 -21.66748046875, 174.62773437500005 -21.67597656250001, 174.62968750000005 -21.69501953125001, 174.62187500000005 -21.705859375000003)), ((174.47636718750005 -0.8290039062500085, 174.4640625 -0.80419921875, 174.4796875 -0.7736328125000114, 174.45273437500003 -0.6470703125000057, 174.40781250000003 -0.6297851562500085, 174.3810546875 -0.591796875, 174.39404296875 -0.591796875, 174.43876953125005 -0.6265625000000057, 174.4748046875 -0.6421875000000057, 174.50869140625002 -0.8017578125, 174.47636718750005 -0.8290039062500085)), ((173.91513671875003 -41.07011718750002, 173.8603515625 -41.124414062499994, 173.86240234375003 -41.19208984375001, 173.7978515625 -41.27197265625, 173.89707031250003 -41.239355468750006, 173.93339843750005 -41.18730468750002, 173.91464843750003 -41.15800781250002, 173.95761718750003 -41.09990234375002, 174.02402343750003 -41.072265625, 173.99755859375 -41.02812500000002, 173.99941406250002 -40.993261718750006, 174.08056640625 -41.00615234375002, 174.12119140625003 -41.00468750000002, 174.15322265625002 -40.99091796875001, 174.21181640625002 -40.985449218750006, 174.223828125 -41.0244140625, 174.30253906250005 -41.01953125, 174.27392578125 -41.068749999999994, 174.21367187500005 -41.125585937500006, 174.19951171875005 -41.16015625, 174.10312500000003 -41.217382812500006, 174.03857421875 -41.24189453125001, 174.13808593750002 -41.24824218750001, 174.28359375000002 -41.17158203125001, 174.3701171875 -41.10371093750001, 174.36757812500002 -41.188378906249994, 174.29726562500002 -41.264257812500006, 174.23710937500005 -41.31220703125001, 174.16953125000003 -41.327050781249994, 174.10205078125 -41.36591796875001, 174.0693359375 -41.42949218750002, 174.07294921875 -41.4716796875, 174.09238281250003 -41.50517578125002, 174.1611328125 -41.56181640625002, 174.08369140625 -41.670800781249994, 174.169921875 -41.6572265625, 174.21708984375005 -41.677734375, 174.28310546875002 -41.740624999999994, 174.243359375 -41.813085937500006, 174.21542968750003 -41.850195312500006, 174.04726562500002 -42.003027343750006, 173.97392578125005 -42.08056640625, 173.88798828125005 -42.13017578125002, 173.88916015625 -42.21162109375001, 173.83984375 -42.270898437499994, 173.58925781250002 -42.47392578125002, 173.5451171875 -42.517968749999994, 173.34755859375002 -42.8408203125, 173.22119140625 -42.9765625, 173.07236328125003 -43.06025390625001, 172.8888671875 -43.12421875000001, 172.80800781250002 -43.19775390625, 172.71855468750005 -43.2587890625, 172.6240234375 -43.2724609375, 172.626953125 -43.29951171875001, 172.6875 -43.31464843750001, 172.73476562500002 -43.35478515625002, 172.69970703125 -43.39970703125002, 172.63222656250002 -43.42792968750001, 172.56220703125 -43.43603515625, 172.52666015625005 -43.464746093749994, 172.69345703125003 -43.4443359375, 172.7404296875 -43.467871093750006, 172.7666015625 -43.561914062499994, 172.80703125000002 -43.620996093749994, 172.947265625 -43.658593749999994, 173.0732421875 -43.676171874999994, 173.09804687500002 -43.703515624999994, 173.11689453125 -43.7978515625, 173.0939453125 -43.844140624999994, 173.065625 -43.874609375000006, 173.02333984375002 -43.88544921875001, 172.92060546875 -43.89140625000002, 172.81767578125005 -43.8701171875, 172.74931640625005 -43.813085937500006, 172.5546875 -43.83134765625002, 172.50273437500005 -43.843652343749994, 172.47597656250002 -43.833398437499994, 172.58378906250005 -43.773535156250006, 172.52724609375002 -43.73945312500001, 172.48037109375002 -43.726660156250006, 172.4296875 -43.746484374999994, 172.39560546875003 -43.77783203125, 172.38525390625 -43.82958984375, 172.35039062500005 -43.859375, 172.29658203125 -43.86787109375001, 172.220703125 -43.82500000000002, 172.14580078125005 -43.763574218749994, 172.03554687500002 -43.701757812500006, 172.05224609375 -43.74003906250002, 172.13720703125 -43.83378906250002, 172.17978515625003 -43.89599609375, 172.08076171875 -43.94560546875002, 171.97763671875003 -43.984277343749994, 171.890625 -44.006933593750006, 171.65898437500005 -44.1171875, 171.5177734375 -44.11835937500001, 171.442578125 -44.135839843750006, 171.41748046875 -44.20869140625001, 171.36455078125005 -44.254980468750006, 171.24072265625 -44.26416015625, 171.2853515625 -44.278710937499994, 171.31298828125 -44.301855468750006, 171.23105468750003 -44.52119140625001, 171.2130859375 -44.612207031249994, 171.19785156250003 -44.76787109375002, 171.14628906250005 -44.91230468750001, 170.9990234375 -44.91142578125002, 171.02285156250002 -44.93701171875, 171.13417968750002 -44.97773437500001, 171.11328125 -45.03925781250001, 170.99072265625 -45.151464843750006, 170.9396484375 -45.216406250000006, 170.88994140625005 -45.373925781249994, 170.81523437500005 -45.519140625000006, 170.70058593750002 -45.68427734375001, 170.69970703125 -45.713964843750006, 170.78847656250002 -45.79248046875, 170.7912109375 -45.843847656250006, 170.77626953125002 -45.87089843750002, 170.419140625 -45.941015625000006, 170.33544921875 -45.991796875000006, 170.266796875 -46.082617187500006, 170.18613281250003 -46.16083984375001, 169.91826171875005 -46.334374999999994, 169.7607421875 -46.47978515625002, 169.72910156250003 -46.521386718749994, 169.68662109375003 -46.551660156249994, 169.34228515625 -46.620507812499994, 169.0986328125 -46.63066406250002, 168.9658203125 -46.61298828125001, 168.766796875 -46.566308593749994, 168.63144531250003 -46.58759765625001, 168.572265625 -46.61103515625001, 168.46640625000003 -46.587890625, 168.38212890625005 -46.605371093749994, 168.35722656250005 -46.58837890625, 168.32568359375 -46.54570312500002, 168.34306640625005 -46.48906250000002, 168.31972656250002 -46.447167968749994, 168.26621093750003 -46.41875000000002, 168.23027343750005 -46.3857421875, 168.18916015625 -46.362207031249994, 168.07734375 -46.352929687499994, 167.8419921875 -46.3662109375, 167.72207031250002 -46.227148437500006, 167.68222656250003 -46.192968750000006, 167.53945312500002 -46.148535156250006, 167.49062500000002 -46.154687499999994, 167.4142578125 -46.228906249999994, 167.36894531250005 -46.24150390625002, 167.10029296875 -46.249414062499994, 166.83076171875 -46.225488281249994, 166.73154296875003 -46.197851562500006, 166.712109375 -46.133691406249994, 166.91669921875 -45.95722656250001, 166.8564453125 -45.980859374999994, 166.73027343750005 -46.052734375, 166.64990234375 -46.04169921875001, 166.72695312500002 -45.963281249999994, 166.73378906250002 -45.928320312500006, 166.71796875 -45.88935546875001, 166.61269531250002 -45.95537109375002, 166.4931640625 -45.9638671875, 166.47763671875003 -45.902734374999994, 166.48828125 -45.83183593750002, 166.512890625 -45.81171875000001, 166.83603515625003 -45.774511718750006, 166.95253906250002 -45.75019531250001, 167.00332031250002 -45.71210937500001, 166.80996093750002 -45.69902343750002, 166.79765625000005 -45.645605468750006, 166.82558593750002 -45.60283203125002, 166.99082031250003 -45.53173828125, 166.86904296875002 -45.549902343750006, 166.73398437500003 -45.543554687500006, 166.74306640625002 -45.46845703125001, 166.7783203125 -45.40966796875, 166.919921875 -45.40791015625001, 166.87558593750003 -45.367578124999994, 166.86923828125003 -45.31123046875001, 166.90859375000002 -45.30742187500002, 167.05214843750002 -45.383203124999994, 167.15566406250002 -45.41093750000002, 167.11210937500005 -45.353906249999994, 167.11777343750003 -45.317968750000006, 167.14531250000005 -45.301855468750006, 167.23007812500003 -45.29033203125002, 167.12734375000002 -45.26582031250001, 167.03281250000003 -45.22246093750002, 167.02265625 -45.176660156249994, 167.02587890625 -45.123632812500006, 167.1279296875 -45.05078125, 167.18818359375 -45.094140624999994, 167.25947265625 -45.08222656250001, 167.205078125 -45.04814453125002, 167.171875 -44.9970703125, 167.19453125 -44.963476562500006, 167.41074218750003 -44.82792968750002, 167.46621093750002 -44.95830078125002, 167.48212890625 -44.873925781249994, 167.45625 -44.838281249999994, 167.4599609375 -44.802343750000006, 167.48496093750003 -44.771386718749994, 167.57763671875 -44.740820312500006, 167.69814453125002 -44.64130859375001, 167.78701171875002 -44.59501953125002, 167.859375 -44.62470703125001, 167.90898437500005 -44.66474609375001, 167.9015625 -44.625, 167.86640625 -44.59208984375002, 167.85654296875003 -44.50068359375001, 168.01835937500005 -44.358789062499994, 168.36660156250002 -44.08203125, 168.45742187500002 -44.03056640625002, 168.65097656250003 -43.97216796875, 168.77480468750002 -43.996484374999994, 168.80644531250005 -43.99199218750002, 168.9904296875 -43.88994140625002, 169.06650390625003 -43.86347656250001, 169.1359375 -43.89990234375, 169.17890625 -43.9130859375, 169.1357421875 -43.81982421875, 169.16953125000003 -43.77705078125001, 169.32314453125002 -43.701562499999994, 169.51523437500003 -43.623632812500006, 169.66152343750002 -43.591210937499994, 169.76923828125 -43.538476562499994, 169.83388671875002 -43.537011718749994, 169.82402343750005 -43.497167968750006, 169.83505859375003 -43.458984375, 169.8908203125 -43.46162109375001, 169.90800781250005 -43.44658203125002, 169.85898437500003 -43.42597656250001, 170.017578125 -43.34941406250002, 170.1037109375 -43.265039062499994, 170.1896484375 -43.222070312499994, 170.240234375 -43.16386718750002, 170.3 -43.144628906250006, 170.35576171875005 -43.15361328125002, 170.39609375000003 -43.182226562500006, 170.37431640625005 -43.134667968749994, 170.30283203125003 -43.10761718750001, 170.37949218750003 -43.06621093750002, 170.45869140625 -43.037695312500006, 170.53583984375 -43.058496093749994, 170.61181640625 -43.091796875, 170.53583984375 -43.04072265625001, 170.5236328125 -43.00898437500001, 170.61552734375005 -42.97246093750002, 170.66542968750002 -42.96123046875002, 170.73525390625002 -43.02978515625, 170.72529296875 -42.975488281249994, 170.74160156250002 -42.927343750000006, 170.84033203125 -42.8486328125, 170.969921875 -42.718359375000006, 171.01142578125 -42.763671875, 171.0177734375 -42.818749999999994, 171.01171875 -42.88505859375002, 171.03837890625005 -42.86210937500002, 171.04755859375 -42.801855468750006, 171.02773437500002 -42.69609375000002, 171.18955078125003 -42.50048828125, 171.25703125 -42.46533203125, 171.31337890625002 -42.46015625000001, 171.29609375 -42.430566406249994, 171.25224609375005 -42.401953125000006, 171.29648437500003 -42.30253906250002, 171.32265625000002 -42.189062500000006, 171.36025390625002 -42.079980468749994, 171.42060546875 -41.973046874999994, 171.48623046875002 -41.79472656250002, 171.536328125 -41.75751953125001, 171.67216796875005 -41.744726562500006, 171.731640625 -41.719628906249994, 171.83066406250003 -41.655175781249994, 171.94804687500005 -41.538671875000006, 172.0107421875 -41.444726562499994, 172.09335937500003 -41.201562499999994, 172.13945312500005 -40.947265625, 172.27275390625005 -40.758691406249994, 172.46816406250002 -40.622167968750006, 172.640625 -40.51826171875001, 172.7111328125 -40.496679687500006, 172.83017578125003 -40.49003906250002, 172.94365234375005 -40.51875000000001, 172.7326171875 -40.54375000000002, 172.7111328125 -40.605371093749994, 172.70439453125005 -40.66777343750002, 172.72890625000002 -40.7236328125, 172.766796875 -40.7734375, 172.869140625 -40.8203125, 172.98867187500002 -40.848242187500006, 173.04228515625005 -40.95361328125, 173.06865234375005 -41.18583984375002, 173.11533203125003 -41.279296875, 173.23085937500002 -41.2841796875, 173.33779296875002 -41.2109375, 173.447265625 -41.1513671875, 173.5625 -41.10205078125, 173.73789062500003 -40.98896484375001, 173.78378906250003 -40.97236328125001, 173.89755859375003 -40.950781250000006, 173.94716796875002 -40.92412109375002, 174.00244140625 -40.91777343750002, 173.95283203125 -40.98486328125, 173.88984375 -41.007226562499994, 173.8798828125 -41.03144531250001, 173.91513671875003 -41.07011718750002)), ((173.87333984375005 -40.74931640625002, 173.9033203125 -40.74628906250001, 173.96445312500003 -40.712988281250006, 173.9580078125 -40.78681640625001, 173.91464843750003 -40.863671874999994, 173.78085937500003 -40.921777343749994, 173.81240234375002 -40.79365234375001, 173.87333984375005 -40.74931640625002)), ((173.02861328125005 1.3587402343749915, 173.1533203125 1.3875488281249915, 173.171875 1.3751464843749943, 173.17148437500003 1.3633789062499915, 173.01132812500003 1.33837890625, 173.02861328125005 1.3587402343749915)), ((173.03281250000003 1.0131347656249972, 173.08652343750003 0.9734374999999886, 173.06142578125002 0.9152343749999972, 172.99111328125002 0.83544921875, 172.969921875 0.8427734375, 173.03857421875 0.9147460937499972, 173.06503906250003 0.9626953124999886, 173.0255859375 0.9990722656249886, 173.00371093750005 0.990966796875, 172.99003906250005 1.0250976562499972, 173.03281250000003 1.0131347656249972)), ((173.0236328125 1.809326171875, 173.03769531250003 1.8043945312499972, 173.04521484375005 1.7415527343749915, 173.02939453125003 1.7173828124999915, 172.99326171875003 1.7130859374999972, 173.02041015625002 1.7274902343749972, 173.02783203125 1.747314453125, 173.0236328125 1.809326171875)), ((172.934765625 1.9437011718749915, 173.01875 1.845703125, 173.0236328125 1.8225585937499886, 172.93271484375003 1.9259277343749943, 172.934765625 1.9437011718749915)), ((172.88710937500002 3.101269531249997, 172.96250000000003 3.1487792968749915, 172.96962890625002 3.1291992187499886, 172.90625 3.095898437499997, 172.88710937500002 3.101269531249997)), ((172.88027343750002 3.0535156249999886, 172.84423828125 3.051220703124997, 172.77031250000005 3.0125488281249915, 172.75048828125 3.0330566406249915, 172.77734375 3.033886718749997, 172.82695312500005 3.0710937499999886, 172.88710937500002 3.073974609375, 172.88027343750002 3.0535156249999886)), ((171.7568359375 6.97314453125, 171.73046875 6.976611328124989, 171.693359375 7.000146484374994, 171.659375 7.010058593749989, 171.61416015625002 7.0071777343749915, 171.5927734375 7.016259765624994, 171.57734375 7.048242187499994, 171.61474609375 7.026611328125, 171.68837890625002 7.028271484374997, 171.7568359375 6.97314453125)), ((171.22695312500002 7.086962890624989, 171.39375 7.1109374999999915, 171.36699218750005 7.0955566406249915, 171.26328125000003 7.068749999999994, 171.2353515625 7.068749999999994, 171.09550781250005 7.109277343749994, 171.03574218750003 7.1561035156249915, 171.05039062500003 7.171777343749994, 171.10195312500002 7.138232421874989, 171.22695312500002 7.086962890624989)), ((169.75068359375 -20.1533203125, 169.85234375000005 -20.14794921875, 169.89628906250005 -20.186621093750006, 169.86113281250005 -20.241796875000006, 169.80703125000002 -20.24111328125001, 169.7375 -20.2021484375, 169.75068359375 -20.1533203125)), ((169.55107421875005 -0.8737304687500114, 169.52294921875 -0.8656250000000085, 169.5255859375 -0.8526367187500057, 169.53867187500003 -0.8468750000000114, 169.55527343750003 -0.8565429687500057, 169.55107421875005 -0.8737304687500114)), ((169.2619140625 -19.545019531250006, 169.21748046875 -19.476367187500003, 169.24746093750002 -19.3447265625, 169.29111328125003 -19.32177734375, 169.33671875000005 -19.32929687500001, 169.35996093750003 -19.457812500000003, 169.49130859375003 -19.540136718750006, 169.4384765625 -19.64882812500001, 169.34726562500003 -19.62353515625, 169.2619140625 -19.545019531250006)), ((169.33437500000002 -18.940234375000003, 169.28828125 -18.988574218750003, 169.248046875 -18.98330078125001, 168.98691406250003 -18.87128906250001, 168.99785156250005 -18.8251953125, 168.98710937500005 -18.707617187500006, 169.0158203125 -18.64375000000001, 169.087890625 -18.617480468750003, 169.14384765625005 -18.63105468750001, 169.17802734375005 -18.72509765625, 169.25576171875002 -18.76337890625001, 169.201171875 -18.795703125000003, 169.29619140625005 -18.866796875000006, 169.33437500000002 -18.940234375000003)), ((168.27314453125 -17.55224609375, 168.29746093750003 -17.544921875, 168.341015625 -17.552050781250003, 168.44580078125 -17.54218750000001, 168.54541015625 -17.684667968750006, 168.5849609375 -17.695898437500006, 168.524609375 -17.79804687500001, 168.3994140625 -17.807226562500006, 168.25166015625 -17.78076171875, 168.305859375 -17.745703125000006, 168.27783203125 -17.7060546875, 168.23320312500005 -17.698046875000003, 168.18203125000002 -17.71699218750001, 168.158203125 -17.710546875000006, 168.19091796875 -17.644824218750003, 168.27314453125 -17.55224609375)), ((168.26542968750005 -16.67080078125001, 168.29609375 -16.684179687500006, 168.36601562500005 -16.7587890625, 168.44677734375 -16.77880859375, 168.4765625 -16.79365234375001, 168.46015625 -16.835058593750006, 168.32275390625 -16.78779296875001, 168.21230468750002 -16.80615234375, 168.18144531250005 -16.804003906250003, 168.14853515625003 -16.765722656250006, 168.12431640625005 -16.690039062500006, 168.13535156250003 -16.63691406250001, 168.19921875 -16.593847656250006, 168.26542968750005 -16.67080078125001)), ((168.29667968750005 -16.336523437500006, 168.18242187500005 -16.346777343750006, 168.0216796875 -16.31562500000001, 167.95703125 -16.272265625000003, 167.92900390625005 -16.22871093750001, 167.9845703125 -16.19648437500001, 168.06425781250005 -16.181250000000006, 168.16386718750005 -16.081640625000006, 168.19833984375003 -16.11982421875001, 168.23544921875003 -16.23134765625001, 168.27568359375005 -16.264941406250003, 168.29794921875003 -16.29873046875001, 168.29667968750005 -16.336523437500006)), ((168.18349609375002 -15.508203125000009, 168.2677734375 -15.892285156250011, 168.25634765625 -15.955175781250006, 168.19619140625002 -15.9716796875, 168.17929687500003 -15.925683593750009, 168.12285156250005 -15.680859375000011, 168.15996093750005 -15.461816406250009, 168.18349609375002 -15.508203125000009)), ((167.80078125 -46.90654296875002, 167.76523437500003 -46.79765625000002, 167.78398437500005 -46.699804687500006, 167.95576171875 -46.694433593750006, 168.14492187500002 -46.862207031249994, 168.14531250000005 -46.90214843750002, 168.041015625 -46.887792968750006, 168.0431640625 -46.9326171875, 168.12548828125 -46.956152343750006, 168.15595703125 -46.98828125, 168.24140625 -46.97900390625, 168.24981322249747 -47, 167.74117496772809 -47, 167.74199218750005 -46.95683593750002, 167.80078125 -46.90654296875002)), ((168.18691406250002 -15.196875000000006, 168.18916015625 -15.328710937500006, 168.171875 -15.390625, 168.13046875000003 -15.318945312500006, 168.10419921875 -15.0166015625, 168.11494140625 -14.988574218750003, 168.13642578125 -14.986425781250006, 168.18691406250002 -15.196875000000006)), ((167.99462890625 -21.40693359375001, 168.0109375 -21.429980468750003, 168.05791015625005 -21.44843750000001, 168.13906250000002 -21.44521484375001, 168.12070312500003 -21.615820312500006, 168.00644531250003 -21.643164062500006, 167.966796875 -21.6416015625, 167.94130859375002 -21.605761718750003, 167.87587890625002 -21.582128906250006, 167.8791015625 -21.52363281250001, 167.8154296875 -21.392675781250006, 167.9259765625 -21.372851562500003, 167.9884765625 -21.337890625, 167.98496093750003 -21.369726562500006, 167.99462890625 -21.40693359375001)), ((167.911328125 -15.435937500000009, 167.84423828125 -15.481835937500009, 167.72021484375 -15.477441406250009, 167.67421875000002 -15.451562500000009, 167.82626953125003 -15.31201171875, 168.00253906250003 -15.283203125, 167.911328125 -15.435937500000009)), ((167.44931640625003 -16.554980468750003, 167.43613281250003 -16.515234375000006, 167.44687500000003 -16.501953125, 167.40097656250003 -16.40058593750001, 167.38027343750002 -16.245703125000006, 167.34921875000003 -16.15449218750001, 167.315625 -16.115527343750003, 167.24609375 -16.14960937500001, 167.21806640625005 -16.1552734375, 167.15146484375003 -16.08046875000001, 167.18300781250002 -15.928515625000003, 167.19951171875005 -15.885058593750003, 167.25371093750005 -15.876757812500003, 167.33574218750005 -15.916699218750011, 167.41250000000002 -16.09589843750001, 167.45859375000003 -16.11757812500001, 167.48369140625005 -16.11757812500001, 167.49873046875 -16.16621093750001, 167.64199218750002 -16.263281250000006, 167.68134765625 -16.260546875000003, 167.71445312500003 -16.31367187500001, 167.77597656250003 -16.34052734375001, 167.79257812500003 -16.394628906250006, 167.83662109375 -16.44970703125, 167.759765625 -16.516406250000003, 167.61142578125003 -16.498632812500006, 167.5263671875 -16.574316406250006, 167.44931640625003 -16.554980468750003)), ((167.41074218750003 -14.197460937500011, 167.43906250000003 -14.16845703125, 167.50644531250003 -14.142187500000006, 167.59892578125005 -14.183789062500011, 167.58486328125002 -14.260937500000011, 167.54326171875005 -14.311621093750006, 167.43027343750003 -14.294921875, 167.403515625 -14.281542968750003, 167.41074218750003 -14.197460937500011)), ((167.47421875000003 -13.917089843750006, 167.45107421875002 -13.909375000000011, 167.391796875 -13.788378906250003, 167.40683593750003 -13.748046875, 167.48105468750003 -13.70947265625, 167.54726562500002 -13.776660156250003, 167.55302734375005 -13.845703125, 167.54287109375002 -13.873144531250006, 167.49863281250003 -13.884570312500003, 167.48886718750003 -13.9072265625, 167.47421875000003 -13.917089843750006)), ((167.44345703125003 -22.54140625000001, 167.5294921875 -22.579199218750006, 167.54443359375 -22.62324218750001, 167.5126953125 -22.6611328125, 167.47343750000005 -22.6533203125, 167.4220703125 -22.61855468750001, 167.44345703125003 -22.54140625000001)), ((167.29794921875003 -20.732519531250006, 167.29345703125 -20.89150390625001, 167.36083984375 -20.94208984375001, 167.43056640625002 -21.055273437500006, 167.43027343750003 -21.087011718750006, 167.40087890625 -21.16064453125, 167.34619140625 -21.168750000000003, 167.27324218750005 -21.096777343750006, 167.13388671875003 -21.060644531250006, 167.07265625000002 -20.99726562500001, 167.03271484375 -20.92255859375001, 167.11171875000002 -20.904101562500003, 167.189453125 -20.803515625000003, 167.13642578125 -20.76611328125, 167.04501953125003 -20.75947265625001, 167.05576171875003 -20.72021484375, 167.20400390625002 -20.67353515625001, 167.26894531250002 -20.70058593750001, 167.29794921875003 -20.732519531250006)), ((167.11904296875002 -15.62255859375, 167.234375 -15.64501953125, 167.2189453125 -15.72412109375, 167.20078125000003 -15.750097656250006, 167.0947265625 -15.685253906250011, 167.11904296875002 -15.62255859375)), ((167.20078125000003 -15.443066406250011, 167.19960937500002 -15.485742187500009, 167.0939453125 -15.580859375000003, 166.93662109375003 -15.578027343750009, 166.82578125000003 -15.634863281250006, 166.75830078125 -15.631152343750003, 166.758984375 -15.566796875000009, 166.69892578125 -15.515625, 166.6310546875 -15.406054687500003, 166.64785156250002 -15.211523437500006, 166.52724609375002 -14.85009765625, 166.52607421875 -14.759765625, 166.5673828125 -14.641796875000011, 166.60781250000002 -14.636523437500003, 166.66259765625 -14.735058593750011, 166.74580078125 -14.826855468750011, 166.81015625000003 -15.157421875000011, 166.88515625000002 -15.15673828125, 166.92343750000003 -15.13916015625, 166.96757812500005 -15.061718750000011, 166.9873046875 -14.940039062500006, 167.0265625 -14.922656250000003, 167.07558593750002 -14.935644531250006, 167.05429687500003 -14.974414062500003, 167.0685546875 -15.07177734375, 167.1064453125 -15.125585937500006, 167.13164062500005 -15.135351562500006, 167.18203125000002 -15.389746093750006, 167.20078125000003 -15.443066406250011)), ((166.89267578125003 -45.24052734375002, 166.96269531250005 -45.18037109375001, 166.9794921875 -45.1796875, 167.02265625 -45.2998046875, 166.93115234375 -45.27685546875, 166.89267578125003 -45.24052734375002)), ((165.44716796875002 -21.08056640625, 165.58242187500002 -21.179980468750003, 165.66279296875 -21.267187500000006, 165.774609375 -21.31171875000001, 165.82285156250003 -21.36376953125, 165.88535156250003 -21.38916015625, 165.94951171875005 -21.4423828125, 166.0578125 -21.48388671875, 166.30332031250003 -21.63720703125, 166.49296875000005 -21.782812500000006, 166.58750000000003 -21.872851562500003, 166.6896484375 -21.95302734375001, 166.82011718750005 -22.01699218750001, 166.9423828125 -22.090136718750003, 167.00429687500002 -22.261523437500003, 166.97031250000003 -22.322851562500006, 166.90000000000003 -22.353320312500003, 166.8349609375 -22.35546875, 166.77412109375 -22.37617187500001, 166.57060546875005 -22.26552734375001, 166.52216796875 -22.24921875000001, 166.46796875 -22.25605468750001, 166.4376953125 -22.231542968750006, 166.41640625000002 -22.19619140625001, 166.29228515625005 -22.155078125000003, 166.17666015625002 -22.089160156250003, 166.14316406250003 -22.04443359375, 166.12373046875 -21.98876953125, 166.09609375000002 -21.956640625000006, 165.93300781250002 -21.908007812500003, 165.8234375 -21.853808593750003, 165.74384765625 -21.77734375, 165.62021484375003 -21.724218750000006, 165.42763671875002 -21.615039062500003, 165.32861328125 -21.580078125, 165.24199218750005 -21.525488281250006, 165.01015625000002 -21.32685546875001, 164.92744140625 -21.289843750000003, 164.85527343750005 -21.20156250000001, 164.65566406250002 -20.99208984375001, 164.55947265625002 -20.905859375000006, 164.45468750000003 -20.8291015625, 164.37451171875 -20.7392578125, 164.31289062500002 -20.63271484375001, 164.16972656250005 -20.48017578125001, 164.15214843750005 -20.41494140625001, 164.15810546875002 -20.347949218750003, 164.12363281250003 -20.30488281250001, 164.06503906250003 -20.278613281250003, 164.0373046875 -20.23359375000001, 164.04052734375 -20.1728515625, 164.05966796875003 -20.14150390625001, 164.20234375 -20.24609375, 164.31513671875 -20.308886718750003, 164.43593750000002 -20.2822265625, 164.5880859375 -20.381152343750003, 164.97568359375003 -20.68105468750001, 165.11191406250003 -20.74453125000001, 165.19179687500002 -20.768847656250003, 165.25234375000002 -20.817968750000006, 165.306640625 -20.887011718750003, 165.38056640625 -20.935839843750003, 165.41250000000002 -20.98134765625001, 165.42050781250003 -21.042773437500003, 165.44716796875002 -21.08056640625)), ((166.93896484375 -0.4893554687500057, 166.95566406250003 -0.4969726562500085, 166.95839843750002 -0.5166015625, 166.93896484375 -0.55078125, 166.91640625000002 -0.5464843750000057, 166.90703125000005 -0.5237304687500028, 166.91357421875 -0.4991210937500057, 166.93896484375 -0.4893554687500057)), ((166.87509765625003 -11.629687500000003, 166.92919921875 -11.665136718750006, 166.8408203125 -11.681347656250011, 166.80595703125005 -11.677343750000006, 166.74746093750002 -11.5908203125, 166.79091796875002 -11.5712890625, 166.85546875 -11.578808593750011, 166.87509765625003 -11.629687500000003)), ((166.74101562500005 -45.704980468749994, 166.72919921875 -45.72968750000001, 166.69453125 -45.729882812499994, 166.64248046875002 -45.72441406250002, 166.59169921875002 -45.701757812500006, 166.55917968750003 -45.70820312500001, 166.53203125000005 -45.699804687500006, 166.56708984375 -45.644433593749994, 166.68564453125003 -45.61503906250002, 166.7314453125 -45.638671875, 166.7462890625 -45.655859375000006, 166.74101562500005 -45.704980468749994)), ((166.54677734375002 -20.69873046875, 166.49355468750002 -20.708593750000006, 166.5578125 -20.61708984375001, 166.55966796875003 -20.561132812500006, 166.58544921875 -20.450488281250003, 166.58251953125 -20.413378906250003, 166.62470703125 -20.418261718750003, 166.67080078125002 -20.4501953125, 166.61787109375 -20.4775390625, 166.60029296875 -20.525390625, 166.60214843750003 -20.58535156250001, 166.62255859375 -20.596289062500006, 166.5888671875 -20.661914062500003, 166.54677734375002 -20.69873046875)), ((166.02382812500002 -10.6611328125, 166.162109375 -10.693066406250011, 166.1298828125 -10.745214843750006, 166.13320312500002 -10.7578125, 166.05332031250003 -10.775097656250011, 166.02792968750003 -10.770214843750011, 165.96816406250002 -10.779492187500011, 165.90400390625 -10.851464843750009, 165.85654296875003 -10.841406250000006, 165.8193359375 -10.844042968750003, 165.791015625 -10.784765625000006, 165.79042968750002 -10.756054687500011, 165.8359375 -10.760644531250009, 165.85986328125 -10.703027343750009, 165.9091796875 -10.67431640625, 166.02382812500002 -10.6611328125)), ((162.04267578125 -10.784863281250011, 161.90585937500003 -10.764355468750011, 161.78681640625 -10.716894531250006, 161.53789062500005 -10.56640625, 161.5392578125 -10.491308593750006, 161.49912109375003 -10.45458984375, 161.48701171875 -10.361425781250006, 161.39794921875 -10.331933593750009, 161.2939453125 -10.326464843750003, 161.28554687500002 -10.282421875000011, 161.30478515625003 -10.204394531250003, 161.38232421875 -10.20556640625, 161.47568359375003 -10.237988281250011, 161.71533203125 -10.387304687500006, 161.84111328125005 -10.446093750000003, 161.91435546875005 -10.436425781250009, 162.02285156250002 -10.476855468750003, 162.10537109375002 -10.453808593750011, 162.15683593750003 -10.506054687500011, 162.28720703125003 -10.7099609375, 162.28798828125002 -10.776171875000003, 162.37333984375005 -10.8232421875, 162.30126953125 -10.832128906250006, 162.20126953125003 -10.807812500000011, 162.12363281250003 -10.824414062500011, 162.04267578125 -10.784863281250011)), ((161.55380859375003 -9.769726562500011, 161.47792968750002 -9.691113281250011, 161.44248046875003 -9.718945312500011, 161.40976562500003 -9.681640625, 161.4169921875 -9.513769531250006, 161.40224609375002 -9.448144531250009, 161.36416015625002 -9.353417968750009, 161.40683593750003 -9.368457031250003, 161.5478515625 -9.625683593750011, 161.55888671875005 -9.732714843750003, 161.55380859375003 -9.769726562500011)), ((161.36796875000005 -9.490332031250006, 161.37753906250003 -9.57373046875, 161.3673828125 -9.611230468750009, 161.32187500000003 -9.589550781250011, 161.19101562500003 -9.392871093750003, 161.04150390625 -9.308007812500009, 161.0244140625 -9.271484375, 160.87343750000002 -9.156835937500006, 160.77207031250003 -8.9638671875, 160.66259765625 -8.62060546875, 160.7140625 -8.539257812500011, 160.59042968750003 -8.372753906250011, 160.59628906250003 -8.328222656250006, 160.64853515625003 -8.33837890625, 160.684765625 -8.336328125000009, 160.7021484375 -8.316503906250006, 160.74941406250002 -8.31396484375, 160.99765625000003 -8.612011718750011, 160.98779296875 -8.664843750000003, 160.9541015625 -8.698925781250011, 160.9443359375 -8.799023437500011, 160.9755859375 -8.837500000000006, 161.04345703125 -8.855078125000006, 161.15869140625 -8.961816406250009, 161.20468750000003 -9.092480468750011, 161.20878906250005 -9.132617187500003, 161.25664062500005 -9.191992187500006, 161.25849609375 -9.31689453125, 161.36796875000005 -9.490332031250006)), ((160.481640625 -9.894726562500011, 160.32109375000005 -9.8212890625, 160.00234375000002 -9.812402343750009, 159.8537109375 -9.79150390625, 159.802734375 -9.763476562500003, 159.75546875000003 -9.72607421875, 159.68046875000005 -9.636816406250006, 159.62187500000005 -9.532128906250009, 159.607421875 -9.353808593750003, 159.62558593750003 -9.311230468750011, 159.68632812500005 -9.268652343750006, 159.75039062500002 -9.272656250000011, 159.97060546875002 -9.433300781250011, 160.06533203125002 -9.418652343750011, 160.35458984375003 -9.421582031250011, 160.52519531250005 -9.536230468750006, 160.62548828125 -9.5888671875, 160.6818359375 -9.691601562500011, 160.75146484375 -9.715039062500011, 160.79433593750002 -9.767382812500003, 160.81894531250003 -9.86279296875, 160.80166015625002 -9.878320312500009, 160.7130859375 -9.913867187500003, 160.64921875000005 -9.928613281250009, 160.481640625 -9.894726562500011)), ((160.07734375 -11.492871093750011, 160.44873046875 -11.695898437500006, 160.537109375 -11.7587890625, 160.57626953125003 -11.7978515625, 160.50654296875 -11.832226562500011, 160.44306640625 -11.81494140625, 160.39453125 -11.788867187500003, 160.35507812500003 -11.7119140625, 160.27021484375 -11.663964843750009, 160.14951171875003 -11.643945312500009, 160.087109375 -11.594335937500006, 160.00351562500003 -11.57958984375, 159.97929687500005 -11.537988281250009, 159.986328125 -11.494726562500006, 160 -11.471972656250003, 160.07734375 -11.492871093750011)), ((160.09628906250003 -9.033984375000003, 160.1681640625 -8.995507812500009, 160.22568359375003 -9.009570312500003, 160.25351562500003 -9.00732421875, 160.40751953125005 -9.140332031250011, 160.37148437500002 -9.181250000000006, 160.3 -9.160351562500011, 160.27597656250003 -9.168652343750011, 160.253125 -9.123437500000009, 160.17519531250002 -9.084082031250006, 160.10537109375002 -9.080761718750011, 160.09628906250003 -9.033984375000003)), ((159.92822265625 -19.17431640625, 159.95986328125002 -19.11464843750001, 159.97509765625 -19.23828125, 159.95175781250003 -19.31171875000001, 159.93642578125002 -19.333105468750006, 159.92822265625 -19.17431640625)), ((158.68623046875 -7.818066406250011, 158.59697265625005 -7.759082031250003, 158.5654296875 -7.6513671875, 158.47880859375005 -7.5771484375, 158.45742187500002 -7.544726562500003, 158.734375 -7.604296875000003, 158.86279296875 -7.722363281250011, 158.97246093750005 -7.789160156250006, 159.01054687500005 -7.83740234375, 159.109375 -7.903515625000011, 159.19804687500005 -7.9095703125000085, 159.28681640625 -7.976171875000006, 159.36767578125 -7.994140625, 159.43144531250005 -8.029003906250011, 159.84306640625005 -8.326953125000003, 159.7939453125 -8.406054687500003, 159.8486328125 -8.463476562500006, 159.8791015625 -8.534277343750006, 159.880859375 -8.557421875000003, 159.74648437500002 -8.473828125000011, 159.64453125 -8.371679687500006, 159.35410156250003 -8.260449218750011, 159.29169921875 -8.203417968750003, 159.2392578125 -8.1962890625, 159.09023437500002 -8.103320312500003, 158.94404296875 -8.040722656250011, 158.85458984375003 -7.959765625000003, 158.83183593750005 -7.9266601562500085, 158.77802734375 -7.906933593750011, 158.68623046875 -7.818066406250011)), ((159.55322265625 -8.399218750000003, 159.59462890625002 -8.379492187500006, 159.6416015625 -8.414453125000009, 159.64628906250005 -8.450390625000011, 159.6876953125 -8.507910156250006, 159.64003906250002 -8.521484375, 159.56923828125002 -8.484765625000009, 159.53847656250002 -8.451367187500011, 159.55322265625 -8.399218750000003)), ((159.17509765625005 -9.1259765625, 159.07109375000005 -9.109667968750003, 159.036328125 -9.075000000000003, 159.07763671875 -9.025390625, 159.12978515625002 -8.993066406250009, 159.15371093750002 -9.001367187500009, 159.17607421875005 -9.022070312500006, 159.22841796875002 -9.029980468750011, 159.23398437500003 -9.09375, 159.17509765625005 -9.1259765625)), ((158.17880859375003 -8.825781250000006, 158.15537109375003 -8.785937500000003, 158.2099609375 -8.678125000000009, 158.25341796875 -8.79736328125, 158.17880859375003 -8.825781250000006)), ((158.08964843750005 -8.622656250000006, 158.103515625 -8.646484375, 158.10791015625 -8.684179687500006, 158.00947265625 -8.763085937500009, 157.93759765625003 -8.736425781250006, 157.87929687500002 -8.668750000000003, 157.90927734375003 -8.565625000000011, 157.93828125000005 -8.560937500000009, 157.9669921875 -8.544238281250003, 157.99843750000002 -8.508203125000009, 158.10546875 -8.536816406250011, 158.13222656250002 -8.556640625, 158.068359375 -8.606640625000011, 158.08964843750005 -8.622656250000006)), ((157.30244140625 -8.333300781250003, 157.232421875 -8.314843750000009, 157.21757812500005 -8.262792968750006, 157.228515625 -8.211621093750011, 157.32158203125005 -8.161230468750006, 157.34062500000005 -8.096386718750011, 157.43339843750005 -7.984667968750003, 157.49062500000002 -7.9657226562500085, 157.598828125 -8.005957031250006, 157.6123046875 -8.164843750000003, 157.65126953125002 -8.216796875, 157.76347656250005 -8.2421875, 157.82626953125003 -8.324023437500003, 157.8984375 -8.50634765625, 157.88544921875 -8.569140625000003, 157.83369140625 -8.572656250000009, 157.8193359375 -8.612011718750011, 157.74921875 -8.523632812500011, 157.65595703125 -8.499707031250011, 157.587890625 -8.445410156250006, 157.55800781250002 -8.269921875000009, 157.50419921875005 -8.25830078125, 157.35136718750005 -8.275292968750009, 157.30244140625 -8.333300781250003)), ((157.5263671875 -8.697070312500003, 157.579296875 -8.703710937500006, 157.6232421875 -8.734570312500011, 157.64541015625002 -8.758886718750006, 157.64316406250003 -8.794042968750006, 157.58583984375002 -8.783105468750009, 157.45791015625002 -8.730175781250011, 157.45351562500002 -8.705957031250009, 157.5263671875 -8.697070312500003)), ((156.47939453125002 -6.60888671875, 156.60419921875 -6.6410156250000085, 156.76542968750005 -6.7640625000000085, 157.0302734375 -6.8919921875000085, 157.1025390625 -6.957226562500011, 157.1484375 -7.11376953125, 157.193359375 -7.160351562500011, 157.3361328125 -7.280468750000011, 157.41162109375 -7.30859375, 157.45156250000002 -7.313671875000011, 157.48671875000002 -7.330371093750003, 157.51865234375003 -7.3656250000000085, 157.44130859375002 -7.4256835937500085, 157.33925781250002 -7.39306640625, 157.31728515625002 -7.359375, 157.3146484375 -7.341503906250011, 157.24345703125005 -7.35302734375, 157.1015625 -7.3236328125000085, 156.904296875 -7.180468750000003, 156.69580078125 -6.910937500000003, 156.49492187500005 -6.7616210937500085, 156.45742187500002 -6.7152343750000085, 156.45253906250002 -6.638281250000006, 156.47939453125002 -6.60888671875)), ((157.33388671875002 -8.700000000000003, 157.21230468750002 -8.565039062500006, 157.23378906250002 -8.519921875000009, 157.34511718750002 -8.432421875000003, 157.37949218750003 -8.4208984375, 157.41093750000005 -8.47509765625, 157.38349609375 -8.555078125000009, 157.34707031250002 -8.575488281250003, 157.3322265625 -8.650683593750003, 157.38896484375005 -8.713476562500006, 157.38906250000002 -8.728125000000006, 157.33388671875002 -8.700000000000003)), ((157.15000000000003 -8.123242187500011, 157.0412109375 -8.117480468750003, 156.95830078125005 -8.014355468750011, 156.958984375 -7.93798828125, 157.02412109375 -7.867871093750011, 157.102734375 -7.85546875, 157.14580078125005 -7.882617187500003, 157.18613281250003 -7.941210937500003, 157.20058593750002 -8.015917968750003, 157.19150390625003 -8.081835937500003, 157.15000000000003 -8.123242187500011)), ((156.68789062500002 -7.923046875000011, 156.66875000000005 -7.936816406250003, 156.63535156250003 -7.8828125, 156.61103515625 -7.865917968750011, 156.61171875000002 -7.805761718750006, 156.5109375 -7.707812500000003, 156.50244140625 -7.640234375000006, 156.56093750000002 -7.574023437500003, 156.6396484375 -7.612597656250003, 156.71767578125002 -7.6957031250000085, 156.80908203125 -7.722851562500011, 156.790234375 -7.777929687500006, 156.7080078125 -7.876953125, 156.68789062500002 -7.923046875000011)), ((156.61240234375003 -8.09619140625, 156.60390625000002 -8.171582031250011, 156.59169921875002 -8.1962890625, 156.53964843750003 -8.072949218750011, 156.55126953125 -7.970996093750003, 156.5703125 -7.958789062500003, 156.61240234375003 -8.09619140625)), ((155.23447265625003 -6.41162109375, 155.2021484375 -6.3076171875, 155.04462890625 -6.233691406250003, 155.01015625000002 -6.209765625000003, 154.94023437500005 -6.106152343750011, 154.8703125 -6.0614257812500085, 154.78193359375 -5.970703125, 154.75927734375 -5.931347656250011, 154.72109375000002 -5.816503906250006, 154.708984375 -5.7470703125, 154.74111328125002 -5.5453125000000085, 154.72929687500005 -5.444433593750006, 154.77265625 -5.4541015625, 154.81845703125003 -5.4940429687500085, 154.87050781250002 -5.5213867187500085, 154.9970703125 -5.5399414062500085, 155.09384765625003 -5.620214843750006, 155.18671875 -5.776953125000006, 155.19785156250003 -5.828320312500011, 155.2275390625 -5.865234375, 155.37255859375 -5.974414062500003, 155.4669921875 -6.145117187500006, 155.51933593750005 -6.1815429687500085, 155.5810546875 -6.1961914062500085, 155.63847656250005 -6.220800781250006, 155.73417968750005 -6.295703125000003, 155.82255859375005 -6.380468750000006, 155.88222656250002 -6.4696289062500085, 155.92763671875002 -6.565039062500006, 155.95761718750003 -6.686816406250003, 155.93320312500003 -6.780468750000011, 155.91494140625002 -6.796679687500003, 155.89189453125005 -6.761523437500003, 155.80498046875005 -6.795605468750011, 155.71933593750003 -6.86279296875, 155.6173828125 -6.85595703125, 155.52089843750002 -6.830273437500011, 155.42734375000003 -6.78271484375, 155.34404296875005 -6.7216796875, 155.26054687500005 -6.626074218750006, 155.20859375000003 -6.52685546875, 155.23447265625003 -6.41162109375)), ((155.83984375 -7.09716796875, 155.73935546875003 -7.12109375, 155.67753906250005 -7.088964843750006, 155.70498046875002 -7.0126953125, 155.73896484375 -6.972949218750003, 155.86464843750002 -7.043261718750003, 155.83984375 -7.09716796875)), ((154.64726562500005 -5.432714843750006, 154.62734375000002 -5.440625000000011, 154.58388671875002 -5.314453125, 154.56279296875005 -5.151953125000006, 154.5400390625 -5.11083984375, 154.60556640625003 -5.034960937500003, 154.63261718750005 -5.013867187500011, 154.68203125000002 -5.054003906250003, 154.68916015625 -5.142675781250006, 154.72714843750003 -5.218066406250003, 154.6984375 -5.3828125, 154.64726562500005 -5.432714843750006)), ((154.12119140625003 -11.425683593750009, 154.06406250000003 -11.419335937500009, 154.0234375 -11.347949218750003, 154.11767578125 -11.365527343750003, 154.1017578125 -11.311425781250009, 154.23789062500003 -11.3388671875, 154.28076171875 -11.361425781250006, 154.26601562500002 -11.415917968750009, 154.22958984375003 -11.3974609375, 154.12119140625003 -11.425683593750009)), ((153.20361328125 -11.324121093750009, 153.30673828125003 -11.356347656250009, 153.5361328125 -11.476171875000006, 153.70322265625003 -11.528515625000011, 153.75986328125003 -11.586328125000009, 153.69951171875005 -11.612597656250003, 153.5537109375 -11.630566406250011, 153.51923828125 -11.59521484375, 153.37900390625003 -11.5595703125, 153.35703125000003 -11.495019531250009, 153.28681640625 -11.516992187500009, 153.32236328125003 -11.471484375000003, 153.23447265625003 -11.420312500000009, 153.20703125 -11.351855468750003, 153.20361328125 -11.324121093750009)), ((153.63974609375003 -4.044726562500003, 153.66298828125002 -4.041210937500011, 153.65927734375003 -4.099316406250011, 153.65009765625 -4.123046875, 153.59150390625 -4.095996093750003, 153.63974609375003 -4.044726562500003)), ((134.73027343750005 -11.984375, 134.81640625 -12.0546875, 134.8546875 -12.1025390625, 135.02968750000002 -12.193750000000009, 135.21796875 -12.2216796875, 135.35234375000005 -12.129199218750003, 135.54873046875002 -12.060644531250006, 135.685546875 -11.956152343750006, 135.6281351306951 -12, 135.8795294045276 -12, 135.88945312500005 -11.992773437500006, 135.80429687500003 -12.054785156250006, 135.70253906250002 -12.151562500000011, 135.70439453125005 -12.209863281250009, 135.74394531250005 -12.24169921875, 135.79082031250005 -12.2275390625, 135.857421875 -12.178515625000003, 135.93779296875005 -12.152148437500003, 136.00849609375 -12.19140625, 136.0314453125 -12.330859375000003, 136.08183593750005 -12.422460937500006, 136.19267578125005 -12.435156250000006, 136.26064453125002 -12.433789062500011, 136.32851562500002 -12.305566406250009, 136.29189453125002 -12.196386718750006, 136.24990234375002 -12.173046875000011, 136.27011718750003 -12.131640625000003, 136.443359375 -11.951464843750003, 136.39669196731032 -12, 136.556980525111 -12, 136.540234375 -11.957617187500006, 136.60976562500002 -12.133593750000003, 136.71943359375 -12.226464843750009, 136.83642578125 -12.219140625000009, 136.8974609375 -12.243554687500009, 136.9474609375 -12.349902343750003, 136.53701171875002 -12.784277343750006, 136.5177734375 -12.832812500000003, 136.57304687500005 -12.91162109375, 136.59433593750003 -13.003808593750009, 136.46103515625003 -13.225195312500006, 136.41191406250005 -13.236132812500003, 136.36455078125005 -13.176367187500006, 136.294140625 -13.137988281250003, 136.23232421875002 -13.164941406250009, 136.16611328125003 -13.181054687500009, 135.92734375000003 -13.304296875000006, 135.92919921875 -13.62158203125, 135.98955078125005 -13.810156250000006, 135.95449218750002 -13.934863281250003, 135.88339843750003 -14.153125000000003, 135.80634765625 -14.234179687500003, 135.74453125000002 -14.28662109375, 135.53886718750005 -14.5849609375, 135.47324218750003 -14.656640625000009, 135.40517578125002 -14.758203125000009, 135.42802734375005 -14.855664062500011, 135.4533203125 -14.923144531250003, 135.53076171875 -15.000390625000009, 135.83261718750003 -15.16015625, 135.96953125000005 -15.270214843750011, 136.20537109375005 -15.403417968750006, 136.25927734375 -15.495214843750006, 136.29140625000002 -15.570117187500003, 136.4619140625 -15.6552734375, 136.58359375000003 -15.70654296875, 136.64414062500003 -15.675585937500003, 136.70488281250005 -15.685253906250011, 136.70009765625002 -15.751953125, 136.68671875 -15.788476562500009, 136.69814453125002 -15.8349609375, 136.78466796875 -15.894238281250011, 136.92265625000005 -15.892382812500003, 137.0021484375 -15.878320312500009, 137.08984375 -15.941308593750009, 137.1689453125 -15.982128906250011, 137.29931640625 -16.06630859375001, 137.5263671875 -16.167089843750006, 137.70371093750003 -16.233007812500006, 137.91289062500005 -16.4765625, 138.07158203125005 -16.616992187500003, 138.24501953125002 -16.718359375000006, 138.50566406250005 -16.78955078125, 138.62568359375 -16.77783203125, 138.8203125 -16.860644531250003, 139.00986328125003 -16.89931640625001, 139.1103515625 -17.01406250000001, 139.14453125 -17.10107421875, 139.15410156250005 -17.167773437500003, 139.24843750000002 -17.32861328125, 139.44052734375003 -17.38056640625001, 139.6896484375 -17.54072265625001, 139.89453125 -17.611328125, 139.94599609375 -17.653613281250003, 140.03583984375 -17.70263671875, 140.20966796875 -17.704394531250003, 140.51113281250002 -17.62451171875, 140.6484375 -17.543750000000003, 140.83046875000002 -17.41445312500001, 140.91582031250005 -17.19257812500001, 140.966015625 -17.01455078125001, 141.21914062500002 -16.64619140625001, 141.29140625000002 -16.463476562500006, 141.3556640625 -16.22109375000001, 141.41191406250005 -16.06953125000001, 141.39316406250003 -15.904687500000009, 141.45156250000002 -15.605273437500003, 141.62548828125 -15.056640625, 141.603515625 -14.852734375000011, 141.52294921875 -14.470117187500009, 141.55898437500002 -14.337890625, 141.59433593750003 -14.15283203125, 141.53544921875005 -14.018652343750006, 141.4806640625 -13.9267578125, 141.47255859375002 -13.797558593750011, 141.5341796875 -13.553808593750006, 141.58876953125002 -13.425097656250003, 141.64541015625002 -13.259082031250003, 141.61357421875005 -12.943457031250006, 141.7345703125 -12.83349609375, 141.7822265625 -12.778710937500009, 141.87578125000005 -12.778222656250009, 141.92031250000002 -12.802929687500011, 141.92978515625003 -12.739843750000006, 141.89287109375005 -12.681347656250011, 141.87832031250002 -12.61328125, 141.85214843750003 -12.578710937500006, 141.79453125000003 -12.566601562500011, 141.74667968750003 -12.529394531250006, 141.677734375 -12.491406250000011, 141.68857421875003 -12.35107421875, 141.80576171875003 -12.080078125, 141.87050781250002 -11.9755859375, 141.91298828125002 -12.019238281250011, 141.9611328125 -12.054296875000006, 141.9677734375 -11.976269531250011, 141.95156250000002 -11.896191406250011, 142.04052734375 -11.631738281250009, 142.13896484375005 -11.273242187500003, 142.16835937500002 -10.946582031250003, 142.32646484375005 -10.884179687500009, 142.40683593750003 -10.80224609375, 142.45644531250002 -10.707324218750003, 142.54482421875002 -10.707324218750003, 142.60507812500003 -10.748242187500011, 142.5654296875 -10.819433593750006, 142.552734375 -10.874414062500009, 142.72304687500002 -11.010449218750011, 142.77968750000002 -11.115332031250006, 142.80332031250003 -11.213964843750006, 142.83681640625002 -11.306933593750003, 142.85292968750002 -11.432226562500006, 142.8505859375 -11.63232421875, 142.87255859375 -11.821386718750006, 142.93398437500002 -11.880761718750009, 142.9884765625 -11.919042968750006, 143.06640625 -11.924121093750003, 143.17890625 -11.954492187500009, 143.15292968750003 -12.075878906250011, 143.1046875 -12.169628906250011, 143.09902343750002 -12.225976562500009, 143.11025390625002 -12.303515625000003, 143.2541015625 -12.397656250000011, 143.28964843750003 -12.498828125000003, 143.4015625 -12.639941406250003, 143.39755859375003 -12.736132812500003, 143.45771484375 -12.855761718750003, 143.51201171875005 -13.094531250000003, 143.5294921875 -13.303808593750006, 143.58662109375 -13.443652343750003, 143.54843750000003 -13.741015625000003, 143.58925781250002 -13.86279296875, 143.64335937500005 -13.963671875000003, 143.75634765625 -14.348828125000011, 143.82236328125003 -14.401074218750011, 143.96181640625002 -14.462890625, 144.10585937500002 -14.39453125, 144.20986328125002 -14.301953125000011, 144.32167968750002 -14.279394531250006, 144.47304687500002 -14.231835937500009, 144.58642578125 -14.354687500000011, 144.64804687500003 -14.492480468750003, 144.91572265625 -14.67431640625, 145.064453125 -14.791015625, 145.17998046875005 -14.85693359375, 145.28769531250003 -14.943164062500003, 145.27695312500003 -15.029394531250006, 145.25166015625 -15.097460937500003, 145.27617187500005 -15.203906250000003, 145.29306640625003 -15.327246093750006, 145.27158203125003 -15.476660156250006, 145.34951171875002 -15.701562500000009, 145.37539062500002 -15.881054687500011, 145.4580078125 -16.056445312500003, 145.45185546875 -16.236914062500006, 145.43642578125002 -16.304980468750003, 145.42607421875005 -16.40615234375001, 145.4904296875 -16.53212890625001, 145.54990234375003 -16.625097656250006, 145.63828125000003 -16.72607421875, 145.75478515625002 -16.879492187500006, 145.837890625 -16.91035156250001, 145.912109375 -16.91250000000001, 145.90195312500003 -17.07021484375001, 146.0498046875 -17.38105468750001, 146.12587890625002 -17.63525390625, 146.07402343750005 -17.977343750000003, 146.02285156250002 -18.17578125, 146.0322265625 -18.27285156250001, 146.22304687500002 -18.509863281250006, 146.333203125 -18.5537109375, 146.31171875 -18.66669921875001, 146.296875 -18.84121093750001, 146.38339843750003 -18.97705078125, 146.48115234375 -19.078710937500006, 146.58730468750002 -19.139453125000003, 146.69199218750003 -19.18740234375001, 146.82900390625002 -19.23574218750001, 147.00263671875 -19.25605468750001, 147.0927734375 -19.332617187500006, 147.13876953125003 -19.393164062500006, 147.27812500000005 -19.414160156250006, 147.41855468750003 -19.37812500000001, 147.4708984375 -19.41933593750001, 147.509765625 -19.47412109375, 147.58603515625003 -19.62275390625001, 147.7423828125 -19.770117187500006, 147.85322265625 -19.794726562500003, 147.91562500000003 -19.869238281250006, 148.0810546875 -19.89863281250001, 148.1896484375 -19.955859375000003, 148.36689453125 -20.087500000000006, 148.52675781250002 -20.10888671875, 148.60048828125002 -20.14521484375001, 148.75937500000003 -20.28955078125, 148.82099609375 -20.36640625000001, 148.884765625 -20.48085937500001, 148.80507812500002 -20.49169921875, 148.72998046875 -20.4677734375, 148.68369140625003 -20.580175781250006, 148.78945312500002 -20.735644531250003, 148.91240234375005 -20.84521484375, 149.060546875 -20.96113281250001, 149.20488281250005 -21.125097656250006, 149.24140625 -21.25019531250001, 149.2802734375 -21.29951171875001, 149.329296875 -21.47607421875, 149.4541015625 -21.578710937500006, 149.46005859375003 -21.765429687500003, 149.52402343750003 -22.02363281250001, 149.595703125 -22.257617187500003, 149.64531250000005 -22.32832031250001, 149.70390625000005 -22.440527343750006, 149.77158203125003 -22.42626953125, 149.8224609375 -22.38984375000001, 149.92031250000002 -22.50136718750001, 149.97441406250005 -22.55068359375001, 150.00556640625 -22.521582031250006, 149.94189453125 -22.30810546875, 149.98125000000005 -22.18427734375001, 150.02060546875003 -22.16835937500001, 150.076171875 -22.16445312500001, 150.14296875000002 -22.265429687500003, 150.23486328125 -22.37294921875001, 150.40507812500005 -22.46894531250001, 150.54130859375005 -22.55908203125, 150.57958984375 -22.555761718750006, 150.56435546875002 -22.486132812500003, 150.5685546875 -22.38398437500001, 150.62285156250005 -22.367285156250006, 150.67246093750003 -22.41816406250001, 150.7638671875 -22.576171875, 150.78281250000003 -22.902929687500006, 150.78300781250005 -23.176562500000003, 150.84316406250002 -23.4580078125, 150.93105468750002 -23.53193359375001, 150.98876953125 -23.60175781250001, 151.08769531250005 -23.696093750000003, 151.15380859375 -23.78408203125001, 151.236328125 -23.825000000000003, 151.50078125000005 -24.01240234375001, 151.575390625 -24.03359375000001, 151.69091796875 -24.038378906250003, 151.83164062500003 -24.12294921875001, 151.90273437500002 -24.200976562500003, 152.05537109375 -24.494433593750003, 152.1298828125 -24.59755859375001, 152.28203125000005 -24.699316406250006, 152.35312500000003 -24.732519531250006, 152.45634765625005 -24.80244140625001, 152.4931640625 -24.90400390625001, 152.50205078125003 -24.963964843750006, 152.56328125000005 -25.072070312500003, 152.654296875 -25.201953125000003, 152.78916015625003 -25.27412109375001, 152.91347656250002 -25.43212890625, 152.92050781250003 -25.688574218750006, 152.98496093750003 -25.816210937500003, 153.02822265625002 -25.87031250000001, 153.12548828125 -25.922656250000003, 153.16494140625002 -25.964160156250003, 153.0841796875 -26.303808593750006, 153.162109375 -26.982714843750003, 153.11679687500003 -27.194433593750006, 153.19794921875 -27.40468750000001, 153.3857421875 -27.7685546875, 153.42841796875 -27.89765625000001, 153.45488281250005 -28.04833984375, 153.57568359375 -28.240527343750003, 153.56914062500005 -28.53339843750001, 153.61689453125 -28.67304687500001, 153.60458984375003 -28.8544921875, 153.46220703125005 -29.05019531250001, 153.34804687500002 -29.29042968750001, 153.34697265625005 -29.49658203125, 153.27236328125002 -29.89248046875001, 153.223828125 -29.998632812500006, 153.18818359375 -30.163867187500003, 153.03056640625005 -30.56337890625001, 153.02373046875005 -30.72011718750001, 153.0478515625 -30.90712890625001, 153.02158203125003 -31.08662109375001, 152.98222656250005 -31.208789062500003, 152.94394531250003 -31.434863281250003, 152.78583984375 -31.78632812500001, 152.55927734375 -32.045703125, 152.54531250000002 -32.24306640625001, 152.47041015625 -32.439062500000006, 152.33125 -32.55751953125001, 152.24746093750002 -32.60869140625, 152.21572265625002 -32.67812500000001, 152.13652343750005 -32.67812500000001, 152.13457031250005 -32.69990234375001, 152.18808593750003 -32.7216796875, 152.1642578125 -32.757421875000006, 151.954296875 -32.8203125, 151.81289062500002 -32.90107421875001, 151.66835937500002 -33.0986328125, 151.60771484375005 -33.20185546875001, 151.53007812500005 -33.30097656250001, 151.48378906250002 -33.3474609375, 151.46337890625 -33.39736328125001, 151.43203125000002 -33.521582031250006, 151.35751953125003 -33.5439453125, 151.29208984375003 -33.58095703125001, 151.32275390625 -33.699316406250006, 151.28837890625005 -33.83486328125001, 151.2802734375 -33.92666015625001, 151.24462890625 -33.98505859375001, 151.20166015625 -33.96406250000001, 151.16787109375002 -33.9734375, 151.12480468750005 -34.00527343750001, 151.19121093750005 -34.015234375000006, 151.23154296875003 -34.02968750000001, 150.96035156250002 -34.29707031250001, 150.92744140625 -34.38662109375001, 150.8712890625 -34.499121093750006, 150.82187500000003 -34.74921875000001, 150.78105468750005 -34.892187500000006, 150.80917968750003 -34.99384765625001, 150.80458984375002 -35.01289062500001, 150.774609375 -35.02041015625001, 150.7560546875 -35.00712890625, 150.69736328125003 -35.04189453125001, 150.68095703125005 -35.07666015625, 150.72216796875 -35.1345703125, 150.71464843750005 -35.15517578125001, 150.69033203125002 -35.177734375, 150.63447265625 -35.17763671875001, 150.56748046875003 -35.21425781250001, 150.37412109375003 -35.58417968750001, 150.2921875 -35.68232421875001, 150.1953125 -35.833593750000006, 150.12890625 -36.12041015625, 150.09531250000003 -36.372656250000006, 150.06279296875005 -36.550390625000006, 149.98818359375002 -36.722753906250006, 149.96025390625005 -36.8455078125, 149.95058593750002 -37.08027343750001, 149.986328125 -37.258398437500006, 149.962890625 -37.35302734375, 149.96230468750002 -37.44384765625, 149.93271484375003 -37.52851562500001, 149.80937500000005 -37.5478515625, 149.5654296875 -37.72998046875, 149.48085937500002 -37.77119140625001, 149.29843750000003 -37.80214843750001, 148.94394531250003 -37.78847656250001, 148.26250000000005 -37.830664062500006, 148.13066406250005 -37.856054687500006, 147.87675781250005 -37.934179687500006, 147.63144531250003 -38.0556640625, 147.39560546875003 -38.219140624999994, 146.85683593750002 -38.663476562499994, 146.4357421875 -38.711816406249994, 146.35625000000005 -38.711816406249994, 146.29257812500003 -38.699804687500006, 146.21748046875 -38.727441406249994, 146.21621093750002 -38.78271484375, 146.33662109375 -38.89423828125001, 146.426953125 -38.81962890625002, 146.46660156250005 -38.84033203125, 146.48378906250002 -39.065039062500006, 146.45664062500003 -39.1123046875, 146.40000000000003 -39.1455078125, 146.3400390625 -39.12382812500002, 146.33203125 -39.07666015625, 146.25429687500002 -38.964453125000006, 146.1583984375 -38.86572265625, 146.06992187500003 -38.834082031250006, 146.01816406250003 -38.867089843749994, 145.93535156250005 -38.901757812499994, 145.86552734375005 -38.775976562500006, 145.79082031250005 -38.6669921875, 145.69189453125 -38.655664062499994, 145.60634765625002 -38.656835937500006, 145.5353515625 -38.60966796875002, 145.39726562500005 -38.53535156250001, 145.46279296875002 -38.41630859375002, 145.5421875 -38.39384765625002, 145.51835937500005 -38.311425781249994, 145.47578125 -38.243750000000006, 145.36640625 -38.225683593750006, 145.29277343750005 -38.23759765625002, 145.24892578125002 -38.29121093750001, 145.19121093750005 -38.38359375000002, 144.95957031250003 -38.50078125000002, 144.84726562500003 -38.43632812500002, 144.7177734375 -38.34033203125, 144.7802734375 -38.34736328125001, 144.91142578125005 -38.34404296875002, 145.02011718750003 -38.258398437500006, 145.06699218750003 -38.20488281250002, 145.11992187500005 -38.09130859375, 145.04960937500005 -38.01093750000001, 144.98486328125 -37.952246093750006, 144.89130859375 -37.89980468750001, 144.53847656250002 -38.0771484375, 144.3955078125 -38.13691406250001, 144.5177734375 -38.166406249999994, 144.58945312500003 -38.157617187499994, 144.665234375 -38.2099609375, 144.54365234375 -38.284082031249994, 144.44785156250003 -38.3037109375, 144.32871093750003 -38.348242187500006, 144.1015625 -38.462304687499994, 143.81171875 -38.698828125000006, 143.68671875 -38.76689453125002, 143.53896484375002 -38.820898437500006, 143.33847656250003 -38.7578125, 143.22646484375002 -38.7431640625, 143.08261718750003 -38.645898437499994, 142.84023437500002 -38.58085937500002, 142.61210937500005 -38.45166015625, 142.45585937500005 -38.386328125000006, 142.34453125000005 -38.372167968750006, 142.1876953125 -38.3994140625, 141.92470703125002 -38.283789062500006, 141.72500000000002 -38.271386718749994, 141.5939453125 -38.387792968750006, 141.49179687500003 -38.379785156249994, 141.42421875000002 -38.36347656250001, 141.2138671875 -38.171972656250006, 141.0109375 -38.07695312500002, 140.62724609375005 -38.028417968750006, 140.39042968750005 -37.89667968750001, 140.212109375 -37.642187500000006, 139.87480468750005 -37.35205078125, 139.78427734375003 -37.24580078125001, 139.74228515625003 -37.141699218750006, 139.7384765625 -37.0595703125, 139.78388671875 -36.90263671875, 139.84658203125002 -36.748046875, 139.85732421875002 -36.662109375, 139.72900390625 -36.37138671875, 139.54873046875002 -36.0966796875, 139.46591796875003 -36.010351562500006, 139.24492187500005 -35.82734375000001, 139.03769531250003 -35.6892578125, 138.98505859375 -35.61757812500001, 138.9689453125 -35.58076171875001, 139.06689453125 -35.5984375, 139.1125 -35.54228515625, 139.17802734375005 -35.523046875000006, 139.23056640625003 -35.59765625, 139.28945312500002 -35.611328125, 139.29208984375003 -35.485937500000006, 139.32509765625002 -35.42666015625001, 139.28251953125005 -35.37539062500001, 139.19277343750002 -35.347265625000006, 139.09375 -35.38955078125001, 139.01767578125003 -35.44326171875001, 138.915234375 -35.488867187500006, 138.87529296875005 -35.53681640625001, 138.77099609375 -35.53837890625, 138.52187500000002 -35.6423828125, 138.38925781250003 -35.64472656250001, 138.18437500000005 -35.61269531250001, 138.2521484375 -35.48652343750001, 138.33291015625002 -35.411718750000006, 138.39980468750002 -35.325781250000006, 138.51113281250002 -35.0244140625, 138.48994140625 -34.76357421875001, 138.43623046875 -34.65625, 138.26435546875 -34.44033203125001, 138.18623046875 -34.307226562500006, 138.08925781250002 -34.16982421875001, 138.04130859375005 -34.2498046875, 138.01230468750003 -34.334082031250006, 137.91923828125005 -34.4560546875, 137.87412109375003 -34.72744140625001, 137.69169921875005 -35.14296875000001, 137.56640625 -35.148046875000006, 137.45957031250003 -35.13134765625, 137.27236328125002 -35.1787109375, 137.14443359375002 -35.236425781250006, 137.02988281250003 -35.23652343750001, 136.96660156250005 -35.2548828125, 136.88359375000005 -35.23974609375, 137.01425781250003 -34.9158203125, 137.12841796875 -34.92470703125001, 137.25205078125003 -34.91152343750001, 137.39101562500002 -34.91328125000001, 137.454296875 -34.764453125, 137.49296875000005 -34.597753906250006, 137.46855468750005 -34.490234375, 137.458984375 -34.37890625, 137.49384765625 -34.1611328125, 137.650390625 -33.85908203125001, 137.78085937500003 -33.703125, 137.9318359375 -33.5791015625, 137.91396484375002 -33.46132812500001, 137.86601562500005 -33.314062500000006, 137.85234375000005 -33.200781250000006, 137.92431640625 -33.165136718750006, 137.99257812500002 -33.09423828125, 137.91318359375003 -32.77070312500001, 137.86308593750005 -32.67373046875001, 137.783203125 -32.578125, 137.78183593750003 -32.701953125, 137.79091796875002 -32.8232421875, 137.68017578125 -32.97802734375, 137.53623046875003 -33.08916015625, 137.44228515625002 -33.19355468750001, 137.35419921875 -33.43017578125, 137.2373046875 -33.629492187500006, 137.13027343750002 -33.70302734375001, 137.03447265625005 -33.71953125, 136.9365234375 -33.75019531250001, 136.63554687500005 -33.896582031250006, 136.52587890625 -33.9841796875, 136.4306640625 -34.02998046875001, 136.12109375 -34.4287109375, 135.9796875 -34.56191406250001, 135.95058593750002 -34.61572265625, 135.89101562500002 -34.6609375, 135.90263671875005 -34.72382812500001, 135.95058593750002 -34.76679687500001, 135.99853515625 -34.94375000000001, 135.9697265625 -34.98183593750001, 135.919140625 -34.9619140625, 135.79238281250002 -34.86328125, 135.71250000000003 -34.89921875, 135.64755859375003 -34.93964843750001, 135.48085937500002 -34.75820312500001, 135.41171875000003 -34.71552734375001, 135.32421875 -34.642675781250006, 135.2306640625 -34.57978515625001, 135.19082031250002 -34.57265625000001, 135.123046875 -34.5857421875, 135.12958984375 -34.53652343750001, 135.1759765625 -34.49658203125, 135.216796875 -34.4873046875, 135.29248046875 -34.54560546875001, 135.37871093750005 -34.59765625, 135.42734375000003 -34.60195312500001, 135.45000000000005 -34.5810546875, 135.36796875000005 -34.375585937500006, 135.31201171875 -34.19550781250001, 135.2189453125 -33.959765625, 135.18544921875002 -33.90673828125, 134.88876953125003 -33.62636718750001, 134.8466796875 -33.44462890625, 134.791015625 -33.32832031250001, 134.71904296875005 -33.25517578125, 134.60771484375005 -33.19013671875001, 134.30126953125 -33.1650390625, 134.17353515625 -32.979101562500006, 134.10039062500005 -32.748632812500006, 134.1583984375 -32.7333984375, 134.22714843750003 -32.730566406250006, 134.24921875 -32.65869140625, 134.23417968750005 -32.54853515625001, 133.93017578125 -32.411718750000006, 133.78671875000003 -32.26884765625, 133.66533203125005 -32.20722656250001, 133.55136718750003 -32.18291015625, 133.4005859375 -32.1884765625, 133.212109375 -32.18378906250001, 132.75742187500003 -31.95625000000001, 132.6486328125 -31.949316406250006, 132.32363281250002 -32.02001953125, 132.21464843750005 -32.00712890625, 131.72119140625 -31.6962890625, 131.39316406250003 -31.54853515625001, 131.14365234375003 -31.495703125000006, 130.94814453125002 -31.56582031250001, 130.78300781250005 -31.60400390625, 130.12978515625002 -31.5791015625, 129.1876953125 -31.659960937500003, 128.94619140625002 -31.70263671875, 128.54609375 -31.8876953125, 128.06767578125005 -32.066503906250006, 127.67802734375005 -32.15126953125001, 127.31982421875 -32.26406250000001, 127.08408203125003 -32.296875, 126.779296875 -32.31093750000001, 126.13652343749999 -32.2568359375, 125.91718750000001 -32.296972656250006, 125.56748046875003 -32.505859375, 125.46367187499999 -32.55654296875001, 125.2666015625 -32.61445312500001, 124.7587890625 -32.88271484375001, 124.52460937500001 -32.94013671875001, 124.37324218750001 -32.95839843750001, 124.24375000000003 -33.015234375000006, 124.12607421875003 -33.12939453125, 123.96718750000002 -33.4462890625, 123.86835937500001 -33.59638671875001, 123.650390625 -33.83632812500001, 123.5068359375 -33.91621093750001, 123.36542968750001 -33.905371093750006, 123.20761718750003 -33.98828125, 123.06757812500001 -33.90058593750001, 122.95566406250003 -33.8837890625, 122.77753906250001 -33.89082031250001, 122.15097656250003 -33.991796875000006, 122.06113281250003 -33.87441406250001, 121.94638671875003 -33.85673828125, 121.72968750000001 -33.86250000000001, 121.40507812499999 -33.826757812500006, 120.81455078125003 -33.87128906250001, 120.53056640624999 -33.9197265625, 120.41835937500002 -33.96308593750001, 120.20937500000002 -33.93544921875001, 119.85410156250003 -33.974707031250006, 119.63515625000002 -34.101171875000006, 119.45058593750002 -34.368261718750006, 119.24765625000003 -34.45644531250001, 119.08134765624999 -34.45937500000001, 118.89531249999999 -34.47988281250001, 118.52011718750003 -34.737109375, 118.13554687499999 -34.98662109375, 118.00644531250003 -35.013281250000006, 117.86308593749999 -35.05498046875, 117.67539062500003 -35.07490234375001, 117.58193359375002 -35.097753906250006, 117.14394531250002 -35.03369140625, 116.86542968750001 -35.02656250000001, 116.51718750000003 -34.987890625000006, 116.21708984374999 -34.865820312500006, 115.98671875000002 -34.795019531250006, 115.72626953125001 -34.52607421875001, 115.56503906250003 -34.42578125, 115.27763671874999 -34.30390625000001, 115.19482421875 -34.30849609375001, 115.1279296875 -34.341796875, 115.0087890625 -34.255859375, 115.00566406249999 -34.145117187500006, 114.97343749999999 -34.05117187500001, 114.97568359375003 -33.80419921875, 114.99384765625001 -33.51533203125001, 115.09892578124999 -33.58027343750001, 115.181640625 -33.64345703125001, 115.35878906250002 -33.63994140625, 115.51533203125001 -33.531347656250006, 115.6044921875 -33.37226562500001, 115.68300781250002 -33.19287109375, 115.6708984375 -33.00214843750001, 115.61855468750002 -32.6669921875, 115.654296875 -32.59658203125001, 115.70791015625002 -32.567968750000006, 115.72539062499999 -32.40107421875001, 115.73808593749999 -31.88789062500001, 115.69843750000001 -31.69453125000001, 115.45458984375 -31.302539062500003, 115.29433593750002 -30.96181640625001, 115.17685546875003 -30.80800781250001, 115.07792968749999 -30.56044921875001, 114.99453125000002 -30.21621093750001, 114.96884765625003 -30.042285156250003, 114.94208984375001 -29.72158203125001, 114.97138671875001 -29.53974609375001, 114.958984375 -29.43359375, 114.85683593750002 -29.14296875000001, 114.62841796875 -28.87177734375001, 114.59062499999999 -28.77167968750001, 114.591796875 -28.66621093750001, 114.53740234374999 -28.54287109375001, 114.353515625 -28.294921875, 114.16513671875003 -28.080664062500006, 114.13349609375001 -27.97646484375001, 114.09843749999999 -27.544238281250003, 114.02812499999999 -27.347265625000006, 113.70937500000002 -26.847753906250006, 113.3330078125 -26.41738281250001, 113.23105468750003 -26.24140625000001, 113.18476562500001 -26.182226562500006, 113.21074218749999 -26.17421875000001, 113.25312500000001 -26.197265625, 113.30009765624999 -26.240234375, 113.3232421875 -26.24384765625001, 113.34531250000003 -26.208300781250003, 113.34287109375003 -26.126074218750006, 113.35605468750003 -26.08046875000001, 113.38896484374999 -26.105566406250006, 113.42744140625001 -26.198046875000003, 113.54658203125001 -26.43671875000001, 113.58164062500003 -26.55810546875, 113.73369140624999 -26.59511718750001, 113.78037109375003 -26.563281250000003, 113.83642578125 -26.500585937500006, 113.85283203124999 -26.332128906250006, 113.77578125000002 -26.255957031250006, 113.70644531250002 -26.2236328125, 113.58906250000001 -26.0986328125, 113.51337890625001 -25.89833984375001, 113.39531249999999 -25.71328125000001, 113.39736328125002 -25.64716796875001, 113.45136718750001 -25.59912109375, 113.53945312500002 -25.62519531250001, 113.62119140625003 -25.73164062500001, 113.71308593750001 -25.83076171875001, 113.69785156250003 -26.004199218750003, 113.68359375 -26.05166015625001, 113.69169921874999 -26.09169921875001, 113.72373046875003 -26.12978515625001, 113.76582031250001 -26.159765625000006, 113.81181640624999 -26.115820312500006, 113.85390625000002 -26.014453125000003, 113.8798828125 -26.027636718750003, 113.9423828125 -26.25869140625001, 113.99199218749999 -26.32148437500001, 114.09033203125 -26.393652343750006, 114.17597656250001 -26.337500000000006, 114.21572265625002 -26.28945312500001, 114.20332031250001 -26.12636718750001, 114.228515625 -25.96875, 114.21425781250002 -25.8515625, 113.99277343750003 -25.54482421875001, 113.79238281250002 -25.16572265625001, 113.67080078125002 -24.97705078125, 113.56923828125002 -24.692968750000006, 113.50351562500003 -24.59462890625001, 113.41767578125001 -24.435644531250006, 113.41298828125002 -24.254003906250006, 113.42128906250002 -24.13232421875, 113.48984375000003 -23.86962890625, 113.55292968750001 -23.73281250000001, 113.75703125000001 -23.41816406250001, 113.76699218750002 -23.282519531250003, 113.76484375000001 -23.180468750000003, 113.794921875 -23.02363281250001, 113.79511718750001 -22.91455078125, 113.76787109374999 -22.81289062500001, 113.68281250000001 -22.637792968750006, 113.79501953125003 -22.332128906250006, 113.95839843750002 -21.93916015625001, 114.02285156250002 -21.881445312500006, 114.12392578125002 -21.82861328125, 114.142578125 -21.909765625000006, 114.0927734375 -22.18134765625001, 114.16386718749999 -22.323339843750006, 114.1416015625 -22.48310546875001, 114.30351562499999 -22.425390625000006, 114.37773437499999 -22.34150390625001, 114.4169921875 -22.261035156250003, 114.60283203124999 -21.942187500000003, 114.70927734374999 -21.82343750000001, 114.85908203125001 -21.735937500000006, 115.16171875000003 -21.63056640625001, 115.45615234375003 -21.49169921875, 115.59609375000002 -21.35810546875001, 115.771484375 -21.242285156250006, 115.8935546875 -21.11669921875, 116.01093750000001 -21.030371093750006, 116.70673828125001 -20.65380859375, 116.83632812500002 -20.647070312500006, 116.99531250000001 -20.65761718750001, 117.13906250000002 -20.640917968750003, 117.29277343749999 -20.71308593750001, 117.40625 -20.72119140625, 117.68388671874999 -20.64277343750001, 117.83232421874999 -20.572558593750003, 118.08730468750002 -20.419042968750006, 118.19921875 -20.37519531250001, 118.75146484375 -20.26191406250001, 119.1044921875 -19.99531250000001, 119.35878906250002 -20.012304687500006, 119.5859375 -20.03828125000001, 119.76777343750001 -19.95839843750001, 120.1962890625 -19.909472656250003, 120.43369140625003 -19.84199218750001, 120.87841796875 -19.6650390625, 120.99794921875002 -19.60439453125001, 121.17978515625003 -19.47792968750001, 121.33769531249999 -19.319921875000006, 121.49355468750002 -19.1064453125, 121.63066406249999 -18.81660156250001, 121.78486328125001 -18.535937500000003, 121.83378906249999 -18.47705078125, 122.00625000000002 -18.393652343750006, 122.26210937500002 -18.15908203125001, 122.34541015625001 -18.111914062500006, 122.36093750000003 -18.036914062500003, 122.30576171875003 -17.994921875000003, 122.23740234375003 -17.968554687500003, 122.19130859375002 -17.720312500000006, 122.1474609375 -17.54902343750001, 122.14316406250003 -17.42841796875001, 122.16025390625003 -17.31367187500001, 122.26093750000001 -17.1357421875, 122.33271484375001 -17.059375000000003, 122.43203125000002 -16.97041015625001, 122.52255859375003 -16.94287109375, 122.59794921874999 -16.86494140625001, 122.72041015625001 -16.787695312500006, 122.77207031250003 -16.71015625000001, 122.84804687500002 -16.55244140625001, 122.91679687499999 -16.4326171875, 122.970703125 -16.436816406250003, 123.07441406250001 -16.71533203125, 123.14208984375 -16.863085937500003, 123.26591796874999 -17.03681640625001, 123.38320312500002 -17.292773437500003, 123.47880859374999 -17.409960937500003, 123.52519531249999 -17.48574218750001, 123.56308593750003 -17.52089843750001, 123.57148437500001 -17.472265625000006, 123.56181640624999 -17.41542968750001, 123.60791015625 -17.21992187500001, 123.58632812500002 -17.08271484375001, 123.59355468749999 -17.030371093750006, 123.61767578125 -17.00830078125, 123.6640625 -17.023242187500003, 123.75380859375002 -17.09980468750001, 123.79902343750001 -17.12714843750001, 123.8310546875 -17.12080078125001, 123.82949218750002 -16.996875000000003, 123.87441406250002 -16.91865234375001, 123.85634765625002 -16.86474609375, 123.77812499999999 -16.867773437500006, 123.74501953125002 -16.80097656250001, 123.68046874999999 -16.7236328125, 123.60712890625001 -16.668066406250006, 123.49042968750001 -16.49072265625, 123.52509765625001 -16.467578125000003, 123.58134765624999 -16.47089843750001, 123.6259765625 -16.416308593750003, 123.646484375 -16.343066406250003, 123.60703125000003 -16.22402343750001, 123.6474609375 -16.17988281250001, 123.72890625000002 -16.192480468750006, 123.85917968749999 -16.38232421875, 123.91523437500001 -16.363574218750003, 123.96132812500002 -16.286914062500003, 124.04443359375 -16.264941406250003, 124.12978515625002 -16.27880859375, 124.18603515625 -16.333593750000006, 124.30039062500003 -16.388281250000006, 124.45273437500003 -16.38203125000001, 124.52998046875001 -16.39521484375001, 124.6923828125 -16.38613281250001, 124.77197265625 -16.402636718750003, 124.75703125000001 -16.373339843750003, 124.66923828124999 -16.33876953125001, 124.5703125 -16.331835937500003, 124.45449218750002 -16.335253906250003, 124.40488281250003 -16.298925781250006, 124.38828125000003 -16.20302734375001, 124.41640625000002 -16.13349609375001, 124.4345703125 -16.103808593750003, 124.50996093750001 -16.116308593750006, 124.57685546875001 -16.11367187500001, 124.58505859375003 -16.020117187500006, 124.60859375000001 -15.9375, 124.64853515625003 -15.870214843750006, 124.64833984375002 -15.805468750000003, 124.60664062500001 -15.822656250000009, 124.50429687500002 -15.972460937500003, 124.45527343750001 -15.8505859375, 124.38164062499999 -15.758203125000009, 124.39658203125003 -15.625878906250009, 124.43955078125003 -15.493554687500009, 124.50566406249999 -15.475390625000003, 124.56162109375003 -15.496289062500011, 124.64433593749999 -15.418847656250009, 124.69091796875 -15.359667968750003, 124.68017578125 -15.31103515625, 124.69257812500001 -15.273632812500011, 124.75048828125 -15.285253906250006, 124.97207031250002 -15.404296875, 125.01640624999999 -15.466503906250011, 125.06298828125 -15.442285156250009, 125.07792968749999 -15.37451171875, 125.07294921875001 -15.306738281250006, 125.02402343750003 -15.316992187500006, 124.9091796875 -15.31005859375, 124.88271484375002 -15.27197265625, 124.89267578125003 -15.240527343750003, 124.83906250000001 -15.160742187500006, 124.91416015625003 -15.109960937500006, 124.97871093750001 -15.106640625000011, 125.02333984375002 -15.071875000000006, 125.02402343750003 -15.0244140625, 125.03818359375003 -15.004101562500011, 125.07294921875001 -15.032324218750006, 125.18867187500001 -15.04541015625, 125.30234375000003 -15.106835937500009, 125.35566406250001 -15.119824218750011, 125.37558593750003 -15.086816406250009, 125.3837890625 -15.015625, 125.24326171875003 -14.944531250000011, 125.23945312500001 -14.874609375000006, 125.18037109375001 -14.794042968750006, 125.1787109375 -14.714746093750009, 125.26650390625002 -14.6484375, 125.28457031250002 -14.584082031250006, 125.33544921875 -14.557910156250003, 125.43593750000002 -14.556835937500011, 125.50371093749999 -14.502246093750003, 125.57978515625001 -14.483203125000003, 125.59833984375001 -14.361621093750003, 125.59707031250002 -14.278125000000003, 125.62773437499999 -14.256640625000003, 125.70458984375 -14.291406250000009, 125.68125000000003 -14.387988281250003, 125.68095703124999 -14.480175781250011, 125.66162109375 -14.529492187500011, 125.69052734375003 -14.525390625, 125.73847656250001 -14.4443359375, 125.81953125000001 -14.469140625000009, 125.85009765625 -14.597265625000006, 125.890625 -14.617968750000003, 125.94609374999999 -14.520410156250009, 126.02070312500001 -14.494531250000009, 126.0166015625 -14.371289062500011, 126.04482421875002 -14.283007812500003, 126.05361328125002 -14.216699218750009, 126.10087890624999 -14.184375000000003, 126.111328125 -14.114062500000003, 126.07343750000001 -14.065527343750006, 126.05390625000001 -13.977246093750011, 126.11904296875002 -13.957714843750011, 126.18427734375001 -14.002050781250006, 126.22822265625001 -14.113378906250006, 126.25849609375001 -14.16357421875, 126.298828125 -14.13623046875, 126.32304687499999 -14.062109375000006, 126.40312499999999 -14.018945312500009, 126.482421875 -14.078906250000003, 126.56972656250002 -14.160937500000003, 126.67910156250002 -14.08935546875, 126.78066406250002 -13.955175781250006, 126.76445312499999 -13.873046875, 126.77558593750001 -13.788476562500009, 126.90322265625002 -13.744140625, 127.00605468750001 -13.776757812500009, 127.09921875000003 -13.867382812500011, 127.29306640625003 -13.934765625000011, 127.45761718750003 -14.031445312500011, 127.53105468750005 -14.094628906250009, 127.6728515625 -14.195117187500003, 127.76347656250005 -14.299414062500006, 127.88759765625002 -14.485156250000003, 128.18046875000005 -14.711621093750011, 128.1994140625 -14.751757812500003, 128.15986328125 -14.827343750000011, 128.12441406250002 -14.924121093750003, 128.08046875000002 -15.087988281250006, 128.06943359375003 -15.329296875000011, 128.11171875000002 -15.31201171875, 128.15546875 -15.2255859375, 128.20175781250003 -15.243359375000011, 128.25468750000005 -15.298535156250011, 128.258984375 -15.24560546875, 128.22724609375 -15.213574218750011, 128.17294921875003 -15.102246093750011, 128.175 -15.043164062500011, 128.28515625 -14.938867187500009, 128.35820312500005 -14.901660156250003, 128.40322265625002 -14.869140625, 128.40986328125 -14.828906250000003, 128.47744140625002 -14.787988281250009, 128.57578125000003 -14.774511718750006, 128.63554687500005 -14.780957031250011, 129.05820312500003 -14.884375000000006, 129.16513671875003 -14.987597656250003, 129.17519531250002 -15.115039062500003, 129.2158203125 -15.160253906250006, 129.23789062500003 -15.080175781250006, 129.23359375 -14.906054687500003, 129.267578125 -14.871484375000009, 129.38125000000002 -14.8984375, 129.458984375 -14.933203125000006, 129.56708984375 -15.04736328125, 129.58769531250005 -15.103320312500003, 129.634765625 -15.139746093750006, 129.65029296875002 -15.086816406250009, 129.61269531250002 -14.925878906250006, 129.63710937500002 -14.850976562500009, 129.76347656250005 -14.845019531250003, 129.84873046875003 -14.828906250000003, 129.80839843750005 -14.799707031250009, 129.75351562500003 -14.78955078125, 129.66298828125002 -14.720898437500011, 129.6046875 -14.647070312500006, 129.69863281250002 -14.575292968750006, 129.69794921875 -14.557421875000003, 129.60791015625 -14.559667968750006, 129.48388671875 -14.48974609375, 129.37871093750005 -14.392480468750009, 129.4591796875 -14.213476562500006, 129.61962890625 -14.038378906250003, 129.70986328125002 -13.97998046875, 129.71835937500003 -13.9208984375, 129.7892578125 -13.719921875000011, 129.79716796875005 -13.6484375, 129.8388671875 -13.572949218750011, 129.93789062500002 -13.501660156250011, 130.07265625000002 -13.476171875000006, 130.1359375 -13.448339843750006, 130.19931640625003 -13.382617187500003, 130.259765625 -13.30224609375, 130.1349609375 -13.1455078125, 130.1681640625 -12.957421875000009, 130.31796875000003 -12.882910156250006, 130.39990234375 -12.687890625000009, 130.45419921875003 -12.658593750000009, 130.57187500000003 -12.664355468750003, 130.61748046875005 -12.646875000000009, 130.6095703125 -12.491308593750006, 130.62265625000003 -12.431054687500009, 130.67236328125 -12.406933593750011, 130.73613281250005 -12.427734375, 130.7765625 -12.495312500000011, 130.8673828125 -12.557812500000011, 130.89824218750005 -12.523632812500011, 130.87382812500005 -12.3671875, 130.95664062500003 -12.348242187500006, 131.0234375 -12.342871093750006, 131.03007812500005 -12.271093750000006, 131.01953125 -12.2138671875, 131.04570312500005 -12.189648437500011, 131.219921875 -12.177929687500011, 131.26542968750005 -12.119042968750009, 131.29160156250003 -12.06787109375, 131.31376953125005 -12.095898437500011, 131.34208984375005 -12.210058593750006, 131.43828125000005 -12.276953125000006, 131.72626953125 -12.278125000000003, 131.88798828125005 -12.23193359375, 131.95673828125 -12.25927734375, 132.06406250000003 -12.28076171875, 132.25322265625005 -12.18603515625, 132.3720703125 -12.239160156250009, 132.41103515625002 -12.295117187500011, 132.4416015625 -12.176367187500006, 132.51054687500005 -12.134863281250006, 132.58378906250005 -12.110253906250009, 132.67636718750003 -12.130078125000011, 132.71279296875002 -12.123437500000009, 132.63046875000003 -12.03515625, 132.63255935224515 -12, 134.2259607568642 -12, 134.23710937500005 -12.007714843750009, 134.35107421875 -12.025781250000009, 134.41738281250002 -12.052734375, 134.5380859375 -12.060839843750003, 134.73027343750005 -11.984375), (134.6910014068487 -12, 134.74941406250002 -12, 134.73027343750005 -11.984375, 134.6910014068487 -12)), ((153.52187500000002 -27.422460937500006, 153.53876953125 -27.43642578125001, 153.45273437500003 -27.711718750000003, 153.42656250000005 -27.70644531250001, 153.39580078125005 -27.6650390625, 153.40087890625 -27.505664062500003, 153.43544921875002 -27.405371093750006, 153.52187500000002 -27.422460937500006)), ((153.43232421875 -27.029882812500006, 153.466796875 -27.0380859375, 153.42636718750003 -27.201464843750003, 153.44248046875003 -27.316015625000006, 153.4208984375 -27.33095703125001, 153.37656250000003 -27.2353515625, 153.36503906250005 -27.13886718750001, 153.3798828125 -27.049414062500006, 153.43232421875 -27.029882812500006)), ((153.14375 -24.81484375000001, 153.18095703125005 -24.76484375000001, 153.22314453125 -24.739550781250003, 153.25693359375003 -24.72890625000001, 153.28212890625002 -24.73828125, 153.29794921875003 -24.91523437500001, 153.35927734375002 -24.97773437500001, 153.35019531250003 -25.063085937500006, 153.14140625000005 -25.512792968750006, 153.08378906250005 -25.68251953125001, 153.07744140625005 -25.750781250000003, 153.051953125 -25.7783203125, 153.00693359375003 -25.72890625000001, 152.97666015625003 -25.551367187500006, 152.9990234375 -25.44843750000001, 153.05156250000005 -25.354296875000003, 153.0607421875 -25.30224609375, 153.0380859375 -25.193164062500003, 153.18925781250005 -25.07050781250001, 153.2275390625 -25.00576171875001, 153.24199218750005 -24.92255859375001, 153.18632812500005 -24.832617187500006, 153.14375 -24.81484375000001)), ((152.27939453125003 -3.5824218750000085, 152.19218750000005 -3.505859375, 152.13632812500003 -3.487109375000003, 151.97294921875005 -3.453417968750003, 151.87978515625002 -3.4000976562500114, 151.7931640625 -3.337890625, 151.57851562500002 -3.1535156250000114, 151.4650390625 -3.101367187500003, 151.40507812500005 -3.036914062500003, 151.06679687500002 -2.8290039062500085, 150.96806640625005 -2.7798828125000057, 150.8478515625 -2.77978515625, 150.74609375 -2.7388671875000057, 150.82646484375005 -2.712890625, 150.84296875 -2.6435546875, 150.825390625 -2.5729492187500114, 150.9953125 -2.688281250000003, 151.17460937500005 -2.7890625, 151.22646484375002 -2.8703125000000114, 151.31474609375005 -2.875292968750003, 151.47539062500005 -2.9424804687500057, 151.58574218750005 -3.0030273437500057, 151.68984375000002 -3.0728515625000057, 151.80712890625 -3.1728515625, 152.03291015625 -3.2513671875000085, 152.17939453125 -3.4103515625000114, 152.32949218750002 -3.52099609375, 152.38046875000003 -3.5819335937500085, 153.016796875 -4.105664062500011, 153.12421875 -4.2523437500000085, 153.13251953125 -4.3524414062500085, 153.1115234375 -4.391699218750006, 153.04433593750002 -4.476367187500003, 153.04560546875 -4.576367187500011, 153.02324218750005 -4.666308593750003, 152.9658203125 -4.75634765625, 152.89169921875003 -4.8324218750000085, 152.84560546875002 -4.761523437500003, 152.78652343750002 -4.699414062500011, 152.73994140625 -4.635839843750006, 152.6806640625 -4.4984375000000085, 152.677734375 -4.42919921875, 152.693359375 -4.35595703125, 152.69677734375 -4.282031250000003, 152.6681640625 -4.1318359375, 152.59843750000005 -3.9948242187500114, 152.35576171875005 -3.6681640625000114, 152.27939453125003 -3.5824218750000085)), ((152.86748046875005 -9.224316406250011, 152.72011718750002 -9.16650390625, 152.708203125 -9.126074218750006, 152.63808593750002 -9.058398437500003, 152.51513671875 -9.009863281250006, 152.57705078125002 -8.970019531250003, 152.63095703125003 -8.959375000000009, 152.68925781250005 -8.974609375, 152.81005859375 -8.967187500000009, 152.8498046875 -9.024511718750006, 152.95292968750005 -9.070117187500003, 152.9953125 -9.107812500000009, 152.99501953125002 -9.130761718750009, 152.98496093750003 -9.150781250000009, 152.95927734375005 -9.168652343750011, 152.96689453125003 -9.208984375, 152.92275390625002 -9.203027343750009, 152.86748046875005 -9.224316406250011)), ((152.64619140625 -3.22119140625, 152.58505859375003 -3.1698242187500085, 152.54326171875005 -3.0956054687500085, 152.56992187500003 -3.0625, 152.63876953125003 -3.042773437500003, 152.67060546875 -3.1333984375000057, 152.64619140625 -3.22119140625)), ((152.21572265625002 -4.979199218750011, 152.16660156250003 -4.9931640625, 152.01328125000003 -5.0038085937500085, 151.98369140625005 -5.074414062500011, 151.99394531250005 -5.149023437500006, 152.07685546875 -5.2470703125, 152.14296875000002 -5.357031250000006, 152.07705078125002 -5.458300781250003, 151.96845703125 -5.52880859375, 151.8654296875 -5.5648437500000085, 151.69492187500003 -5.543554687500006, 151.51513671875 -5.552343750000006, 151.4814453125 -5.590917968750006, 151.48046875 -5.654589843750003, 151.42246093750003 -5.747363281250003, 151.33125 -5.839062500000011, 151.22929687500005 -5.919921875, 151.0431640625 -6.0150390625000085, 150.919921875 -6.0272460937500085, 150.80898437500002 -6.071386718750006, 150.70576171875 -6.1494140625, 150.5880859375 -6.187792968750003, 150.47353515625002 -6.263378906250011, 150.42832031250003 -6.276171875000003, 149.75029296875005 -6.300878906250006, 149.6525390625 -6.2904296875000085, 149.59843750000005 -6.260937500000011, 149.48300781250003 -6.124804687500003, 149.38232421875 -6.078125, 149.27265625 -6.0794921875000085, 149.12656250000003 -6.127636718750011, 149.09902343750002 -6.116992187500003, 148.80751953125002 -5.9164062500000085, 148.71914062500002 -5.867382812500011, 148.62480468750005 -5.830761718750011, 148.509765625 -5.805371093750011, 148.40117187500005 -5.7650390625000085, 148.33720703125005 -5.66943359375, 148.3447265625 -5.544921875, 148.43203125000002 -5.471777343750006, 148.56494140625 -5.507910156250006, 148.61582031250003 -5.507421875000006, 148.66582031250005 -5.486621093750003, 148.72431640625 -5.493261718750006, 148.78349609375005 -5.5116210937500085, 148.99921875 -5.484570312500011, 149.1240234375 -5.522656250000011, 149.2453125 -5.573046875000003, 149.35888671875 -5.583984375, 149.47539062500005 -5.5732421875, 149.63173828125002 -5.5160156250000085, 149.68105468750002 -5.523535156250006, 149.83144531250002 -5.524121093750011, 149.96279296875002 -5.44775390625, 150.0119140625 -5.1395507812500085, 150.04531250000002 -5.03466796875, 150.0900390625 -5.011816406250006, 150.122265625 -5.018164062500006, 150.17031250000002 -5.070605468750003, 150.10869140625005 -5.136035156250003, 150.08154296875 -5.1864257812500085, 150.0724609375 -5.3095703125, 150.10625000000005 -5.429003906250003, 150.18310546875 -5.523632812500011, 150.29873046875002 -5.53564453125, 150.40439453125003 -5.47314453125, 150.51943359375002 -5.460253906250003, 150.62578125000005 -5.5208984375000085, 150.73447265625003 -5.510449218750011, 150.784375 -5.470898437500011, 150.84257812500005 -5.453710937500006, 150.90029296875002 -5.4471679687500085, 150.95292968750005 -5.4237304687500085, 151.02226562500005 -5.3207031250000085, 151.06884765625 -5.2044921875000085, 151.13779296875003 -5.112890625000006, 151.32656250000002 -4.9603515625000085, 151.43984375000002 -4.930957031250003, 151.57255859375005 -4.9375, 151.67119140625005 -4.88330078125, 151.67890625 -4.761035156250003, 151.66464843750003 -4.637011718750003, 151.551953125 -4.345507812500003, 151.54423828125005 -4.2992187500000085, 151.560546875 -4.247363281250003, 151.59306640625005 -4.200781250000006, 151.70371093750003 -4.200000000000003, 151.8193359375 -4.216992187500011, 151.91562500000003 -4.2967773437500085, 151.96757812500005 -4.316992187500006, 152.1171875 -4.212207031250003, 152.197265625 -4.28515625, 152.29941406250003 -4.3207031250000085, 152.40566406250002 -4.3407226562500085, 152.36357421875005 -4.490820312500006, 152.37607421875003 -4.560253906250011, 152.403515625 -4.6292968750000085, 152.40000000000003 -4.731250000000003, 152.35117187500003 -4.8221679687500085, 152.25761718750005 -4.954687500000006, 152.21572265625002 -4.979199218750011)), ((152.07460937500002 -2.91845703125, 152.09921875000003 -2.9473632812500057, 152.08847656250003 -2.997851562500003, 152.05732421875 -2.994921875000003, 151.95458984375 -2.8705078125000085, 151.97470703125003 -2.8456054687500085, 152.07460937500002 -2.91845703125)), ((151.9572265625 -2.8301757812500057, 151.93339843750005 -2.830371093750003, 151.92978515625003 -2.7505859375000057, 151.94638671875003 -2.7085937500000057, 152.001953125 -2.73779296875, 152.01132812500003 -2.8091796875000057, 151.9572265625 -2.8301757812500057)), ((150.77607421875 -9.709082031250006, 150.81669921875005 -9.735937500000006, 150.8623046875 -9.802441406250011, 151.05146484375 -9.93896484375, 151.044140625 -9.983105468750011, 151.08095703125002 -10.020117187500006, 151.12343750000002 -10.020214843750011, 151.1943359375 -9.945507812500011, 151.25566406250005 -9.922656250000003, 151.29648437500003 -9.956738281250011, 151.23085937500002 -10.194726562500009, 151.17548828125 -10.158886718750011, 150.9591796875 -10.092578125000003, 150.95244140625005 -9.998437500000009, 150.89609375000003 -9.968066406250003, 150.861328125 -9.876171875000011, 150.78964843750003 -9.774316406250009, 150.77607421875 -9.709082031250006)), ((151.18076171875003 -23.516210937500006, 151.21201171875003 -23.51308593750001, 151.24013671875002 -23.52968750000001, 151.22880859375005 -23.59492187500001, 151.27431640625002 -23.66845703125, 151.29580078125002 -23.720312500000006, 151.26152343750005 -23.762304687500006, 151.23828125 -23.77578125000001, 151.18417968750003 -23.74072265625, 151.03330078125003 -23.53017578125001, 151.05996093750002 -23.460546875000006, 151.14658203125003 -23.490820312500006, 151.18076171875003 -23.516210937500006)), ((151.12412109375003 -8.804882812500011, 151.04619140625005 -8.728320312500003, 151.08076171875 -8.641796875000011, 151.08281250000005 -8.568652343750003, 151.00498046875003 -8.523828125000009, 151.04628906250002 -8.450585937500009, 151.11757812500002 -8.418847656250009, 151.11640625 -8.521875000000009, 151.13857421875002 -8.568066406250011, 151.10683593750002 -8.733496093750006, 151.12412109375003 -8.804882812500011)), ((150.89873046875005 -10.565332031250009, 150.88466796875002 -10.643457031250009, 150.80234375000003 -10.620214843750006, 150.78574218750003 -10.603417968750009, 150.79931640625 -10.554101562500009, 150.8720703125 -10.551855468750006, 150.89873046875005 -10.565332031250009)), ((150.43623046875 -9.624609375000006, 150.4953125 -9.561718750000011, 150.50849609375 -9.5361328125, 150.43466796875003 -9.434960937500009, 150.43730468750005 -9.359960937500006, 150.49892578125002 -9.345605468750009, 150.52841796875003 -9.346582031250009, 150.66904296875003 -9.428515625000003, 150.74648437500002 -9.404492187500011, 150.78867187500003 -9.41796875, 150.8791015625 -9.5126953125, 150.88408203125005 -9.581933593750009, 150.8986328125 -9.641406250000003, 150.89404296875 -9.66748046875, 150.84404296875005 -9.702832031250011, 150.84824218750003 -9.66259765625, 150.80996093750002 -9.65478515625, 150.67832031250003 -9.656542968750003, 150.57626953125003 -9.631152343750003, 150.43623046875 -9.624609375000006)), ((141.10478515625005 -2.611328125, 141.18564453125003 -2.6278320312500085, 141.68681640625005 -2.845019531250003, 141.83652343750003 -2.93212890625, 141.88750000000005 -2.9525390625000085, 141.98574218750002 -2.9635742187500114, 142.21152343750003 -3.08349609375, 142.5490234375 -3.20458984375, 142.90517578125002 -3.3207031250000085, 143.015625 -3.3449218750000114, 143.12998046875003 -3.3550781250000057, 143.37832031250002 -3.395312500000003, 143.508984375 -3.43115234375, 143.70058593750002 -3.5733398437500057, 143.79716796875005 -3.6172851562500057, 143.8876953125 -3.6974609375000114, 144.0158203125 -3.7835937500000085, 144.06640625 -3.80517578125, 144.12197265625002 -3.815234375000003, 144.24794921875002 -3.8182617187500085, 144.37441406250002 -3.802734375, 144.477734375 -3.8252929687500057, 144.52451171875003 -3.855273437500003, 144.54824218750002 -3.9130859375, 144.62666015625 -3.9930664062500085, 144.73789062500003 -4.029101562500003, 144.84345703125 -4.1014648437500085, 144.9384765625 -4.188183593750011, 145.00839843750003 -4.275488281250006, 145.08779296875002 -4.34912109375, 145.2080078125 -4.3802734375000085, 145.33457031250003 -4.38525390625, 145.76699218750002 -4.823046875000003, 145.7880859375 -4.890625, 145.79287109375002 -5.177929687500011, 145.74521484375003 -5.402441406250006, 145.85283203125005 -5.471289062500006, 146.20537109375005 -5.545117187500011, 146.40341796875003 -5.6166015625000085, 147.03427734375003 -5.919238281250003, 147.12089843750005 -5.945019531250011, 147.2482421875 -5.954785156250011, 147.37666015625 -5.950781250000006, 147.42275390625002 -5.9662109375000085, 147.56669921875005 -6.056933593750003, 147.65302734375 -6.15478515625, 147.73007812500003 -6.2611328125000085, 147.80205078125005 -6.315234375000003, 147.82451171875005 -6.373046875, 147.8544921875 -6.5511718750000085, 147.84550781250005 -6.662402343750003, 147.81044921875002 -6.70361328125, 147.70957031250003 -6.7236328125, 147.35576171875005 -6.742382812500011, 147.119140625 -6.7216796875, 146.95361328125 -6.834082031250006, 146.94921875 -6.883105468750003, 146.96074218750005 -6.928808593750006, 147.10488281250002 -7.1669921875, 147.19003906250003 -7.378125000000011, 147.26015625000002 -7.464062500000011, 147.36533203125003 -7.533789062500006, 147.458984375 -7.6162109375, 147.5451171875 -7.7109375, 147.72431640625 -7.876269531250003, 147.82187500000003 -7.9375, 147.93613281250003 -7.975390625000003, 148.12675781250005 -8.103613281250006, 148.15195312500003 -8.160253906250006, 148.20644531250002 -8.338671875000003, 148.24687500000005 -8.554296875000006, 148.451171875 -8.694531250000011, 148.52587890625 -8.938574218750006, 148.58310546875003 -9.0517578125, 148.67949218750005 -9.091992187500011, 148.79179687500005 -9.089453125000006, 149.09746093750005 -9.016894531250003, 149.14169921875003 -9.014550781250009, 149.19833984375003 -9.03125, 149.24765625000003 -9.070996093750011, 149.26406250000002 -9.180761718750006, 149.21621093750002 -9.2958984375, 149.20302734375002 -9.406835937500006, 149.26318359375 -9.497851562500003, 149.47578125 -9.588281250000009, 149.75576171875002 -9.610937500000006, 149.86562500000002 -9.630078125000011, 149.97353515625002 -9.660742187500006, 150.01103515625005 -9.688183593750011, 149.98466796875005 -9.737011718750011, 149.92822265625 -9.760839843750006, 149.86435546875003 -9.770605468750006, 149.76123046875 -9.805859375000011, 149.76308593750002 -9.86865234375, 149.8212890625 -9.934179687500006, 149.87441406250002 -10.012988281250003, 149.919140625 -10.041601562500006, 149.96757812500005 -10.060742187500011, 150.08857421875 -10.088085937500011, 150.20625 -10.125585937500006, 150.28388671875 -10.162890625000003, 150.36406250000005 -10.189648437500011, 150.53886718750005 -10.206738281250011, 150.6669921875 -10.257128906250003, 150.84951171875002 -10.236035156250011, 150.69130859375002 -10.31787109375, 150.63681640625003 -10.337988281250006, 150.44609375000005 -10.307324218750011, 150.41025390625003 -10.339257812500009, 150.48886718750003 -10.42578125, 150.60546875 -10.484082031250011, 150.64716796875 -10.517968750000009, 150.61796875000005 -10.5576171875, 150.482421875 -10.636914062500011, 150.42578125 -10.648535156250006, 150.31992187500003 -10.654882812500006, 150.14238281250005 -10.620703125000006, 150.016796875 -10.5771484375, 149.98154296875003 -10.517675781250006, 149.94804687500005 -10.482617187500011, 149.83476562500005 -10.398828125000009, 149.7541015625 -10.35302734375, 149.6513671875 -10.337500000000006, 149.54433593750002 -10.338476562500006, 149.35263671875003 -10.289746093750011, 148.93681640625005 -10.255175781250003, 148.83769531250005 -10.233984375000006, 148.712890625 -10.166894531250009, 148.65419921875002 -10.157324218750006, 148.59121093750002 -10.178417968750011, 148.43056640625002 -10.19140625, 148.38339843750003 -10.185449218750009, 148.26875 -10.128222656250003, 148.15048828125003 -10.107324218750009, 148.10126953125 -10.12451171875, 148.05136718750003 -10.128320312500009, 147.89013671875 -10.08740234375, 147.76865234375003 -10.070117187500003, 147.66884765625002 -10.013085937500009, 147.55312500000002 -9.912402343750003, 147.49648437500002 -9.790429687500009, 147.40830078125003 -9.674707031250009, 147.29892578125003 -9.57958984375, 147.01718750000003 -9.387890625000011, 146.92539062500003 -9.247167968750006, 146.93037109375 -9.153906250000006, 146.96376953125002 -9.0595703125, 146.91328125 -9.091699218750009, 146.85625000000005 -9.087695312500003, 146.69658203125005 -9.025390625, 146.630859375 -8.951171875, 146.52412109375 -8.749707031250011, 146.45585937500005 -8.6435546875, 146.29648437500003 -8.45556640625, 146.25058593750003 -8.343945312500011, 146.18408203125 -8.246386718750003, 146.10878906250002 -8.16845703125, 146.07851562500002 -8.114160156250009, 146.033203125 -8.076367187500011, 145.81093750000002 -7.992773437500006, 145.77177734375005 -7.966406250000006, 145.7287109375 -7.952441406250003, 145.56337890625002 -7.94384765625, 145.4677734375 -7.9300781250000085, 145.28750000000002 -7.861621093750003, 145.1943359375 -7.841113281250003, 145.08232421875005 -7.828125, 144.973828125 -7.8021484375000085, 144.9208984375 -7.776660156250003, 144.88535156250003 -7.733593750000011, 144.8642578125 -7.631542968750011, 144.7734375 -7.6424804687500085, 144.68437500000005 -7.624804687500003, 144.59794921875005 -7.588964843750006, 144.50986328125003 -7.5673828125, 144.44970703125 -7.59814453125, 144.43125000000003 -7.679394531250011, 144.40341796875003 -7.68359375, 144.35185546875005 -7.6669921875, 144.27021484375 -7.7142578125000085, 144.22539062500005 -7.764941406250003, 144.14287109375005 -7.7572265625000085, 143.9736328125 -7.7059570312500085, 143.89824218750005 -7.673828125, 143.72333984375 -7.498242187500011, 143.65488281250003 -7.4603515625000085, 143.74208984375002 -7.5498046875, 143.94228515625002 -7.9442382812500085, 143.89218750000003 -7.951855468750011, 143.84062500000005 -7.94189453125, 143.88798828125005 -8.017675781250006, 143.83339843750002 -8.029101562500003, 143.779296875 -8.028222656250009, 143.6650390625 -7.9955078125000085, 143.55156250000005 -7.984667968750003, 143.51816406250003 -8.000683593750011, 143.5421875 -8.029101562500003, 143.61376953125 -8.200390625000011, 143.45000000000005 -8.239843750000006, 143.28203125000005 -8.263867187500011, 143.094921875 -8.311230468750011, 142.90546875 -8.314453125, 142.80830078125 -8.287500000000009, 142.70859375000003 -8.272265625000003, 142.61503906250005 -8.287500000000009, 142.52412109375 -8.321679687500009, 142.44755859375005 -8.316210937500003, 142.39921875000005 -8.254687500000003, 142.34746093750005 -8.16748046875, 142.27587890625 -8.173925781250006, 142.20683593750005 -8.19580078125, 142.32509765625002 -8.198339843750006, 142.39101562500002 -8.312695312500011, 142.4748046875 -8.369433593750003, 142.57597656250005 -8.335644531250011, 142.79794921875003 -8.345019531250003, 143.013671875 -8.44384765625, 143.11181640625 -8.474511718750009, 143.22294921875005 -8.572167968750009, 143.30673828125003 -8.660937500000003, 143.37724609375005 -8.76220703125, 143.39218750000003 -8.801855468750006, 143.38750000000005 -8.908203125, 143.3662109375 -8.961035156250006, 143.22685546875005 -9.035937500000003, 143.07822265625003 -9.092480468750011, 142.85917968750005 -9.20263671875, 142.64716796875 -9.327832031250011, 142.53574218750003 -9.303320312500006, 142.39628906250005 -9.219042968750003, 142.29277343750005 -9.182910156250003, 142.22958984375003 -9.169921875, 141.97890625000002 -9.198144531250009, 141.72734375000005 -9.212597656250011, 141.62158203125 -9.211328125000009, 141.51875 -9.190136718750011, 141.40566406250002 -9.150683593750003, 141.29365234375 -9.168164062500011, 141.2169921875 -9.214453125000006, 141.13320312500002 -9.221289062500006, 140.92460937500005 -9.085058593750006, 141 -9.134295448560374, 141 -2.610096706109937, 141.10478515625005 -2.611328125)), ((150.521484375 -22.228320312500003, 150.548828125 -22.306933593750003, 150.51669921875003 -22.322558593750003, 150.4884765625 -22.32470703125, 150.46240234375 -22.307714843750006, 150.48466796875005 -22.267871093750003, 150.4884765625 -22.210742187500003, 150.521484375 -22.228320312500003)), ((150.43662109375003 -2.6618164062500114, 150.2375 -2.6754882812500114, 150.16572265625 -2.6602539062500057, 150.1015625 -2.6025390625, 150.04345703125 -2.512500000000003, 149.98515625000005 -2.491503906250003, 149.96162109375 -2.4738281250000114, 150.1025390625 -2.4049804687500114, 150.22714843750003 -2.3841796875000085, 150.42949218750005 -2.4704101562500114, 150.45000000000005 -2.5132812500000057, 150.45156250000002 -2.5411132812500057, 150.44609375000005 -2.63232421875, 150.43662109375003 -2.6618164062500114)), ((150.1349609375 -9.259570312500003, 150.20830078125005 -9.206347656250003, 150.32011718750005 -9.26416015625, 150.35703125000003 -9.349023437500009, 150.3681640625 -9.396484375, 150.34541015625 -9.493847656250011, 150.33134765625005 -9.5185546875, 150.27285156250002 -9.500390625000009, 150.10976562500002 -9.361914062500006, 150.1349609375 -9.259570312500003)), ((149.89365234375003 -22.223242187500006, 149.86953125000002 -22.150390625, 149.87539062500002 -22.074023437500003, 149.9123046875 -22.04873046875001, 149.92832031250003 -22.19306640625001, 149.89365234375003 -22.223242187500006)), ((149.5458984375 -1.4716796875, 149.5478515625 -1.40771484375, 149.58095703125002 -1.3532226562500114, 149.6330078125 -1.3620117187500114, 149.72529296875 -1.4306640625, 149.76542968750005 -1.5530273437500028, 149.76318359375 -1.5891601562500028, 149.69091796875 -1.5708984375000057, 149.67109375 -1.5762695312500057, 149.5458984375 -1.4716796875)), ((149.04531250000002 -20.27753906250001, 149.04375000000005 -20.29150390625, 149.01992187500002 -20.302539062500003, 148.98740234375003 -20.3017578125, 148.93886718750002 -20.28369140625, 148.98105468750003 -20.15351562500001, 149.00439453125 -20.221484375000003, 149.04531250000002 -20.27753906250001)), ((148.96787109375003 -20.04433593750001, 148.95625 -20.13466796875001, 148.935546875 -20.14990234375, 148.91347656250002 -20.154296875, 148.8869140625 -20.1435546875, 148.931640625 -20.068945312500006, 148.96787109375003 -20.04433593750001)), ((148.32626953125003 -40.30693359375002, 148.42070312500005 -40.3671875, 148.47421875000003 -40.43242187500002, 148.40400390625 -40.48652343750001, 148.352734375 -40.49726562500001, 148.31943359375003 -40.4345703125, 148.2140625 -40.45751953125, 148.1025390625 -40.45166015625, 148.02011718750003 -40.404199218749994, 148.01044921875 -40.38056640625001, 148.0587890625 -40.356835937499994, 148.19814453125002 -40.35791015625, 148.32626953125003 -40.30693359375002)), ((145.821484375 -41.02460937500001, 146.11113281250005 -41.118066406249994, 146.31748046875003 -41.163476562499994, 146.5744140625 -41.14238281250002, 146.6505859375 -41.1162109375, 146.72343750000005 -41.078027343749994, 146.78603515625002 -41.113671874999994, 146.84814453125 -41.168066406250006, 146.83603515625003 -41.109375, 146.856640625 -41.05830078125001, 146.91943359375 -41.01777343750001, 146.98984375000003 -40.99238281250001, 147.10576171875005 -40.994238281250006, 147.21884765625003 -40.9833984375, 147.26894531250002 -40.95976562500002, 147.3205078125 -40.956445312499994, 147.3876953125 -40.98554687500001, 147.45478515625 -41.00166015625001, 147.50078125000005 -40.96416015625002, 147.579296875 -40.875585937500006, 147.62167968750003 -40.8447265625, 147.81767578125005 -40.871679687500006, 147.87294921875002 -40.87255859375, 147.96875 -40.77958984375002, 148.03281250000003 -40.78095703125001, 148.21523437500002 -40.854882812499994, 148.29287109375002 -40.94707031250002, 148.28544921875005 -41.115332031250006, 148.30625000000003 -41.23310546875001, 148.31220703125 -41.349707031250006, 148.28984375000005 -41.46503906250001, 148.28691406250005 -41.55498046875002, 148.29658203125 -41.64619140625001, 148.28759765625 -41.81572265625002, 148.31572265625005 -41.927734375, 148.30146484375 -42.039941406249994, 148.32802734375002 -42.07373046875, 148.3408203125 -42.11113281250002, 148.3310546875 -42.1591796875, 148.34257812500005 -42.21533203125, 148.33125 -42.261621093749994, 148.29033203125005 -42.254980468750006, 148.27695312500003 -42.21943359375001, 148.28457031250002 -42.173437500000006, 148.27714843750005 -42.13642578125001, 148.25576171875002 -42.102636718750006, 148.18310546875 -42.06474609375002, 148.20439453125005 -42.0419921875, 148.24160156250002 -42.021874999999994, 148.21367187500005 -41.97001953125002, 148.1671875 -42.012304687500006, 148.14121093750003 -42.06982421875, 148.15625 -42.088281249999994, 148.12753906250003 -42.10371093750001, 148.0666015625 -42.170312499999994, 148.02275390625005 -42.25947265625001, 148.0048828125 -42.345117187499994, 148.00937500000003 -42.435937499999994, 147.97353515625002 -42.505859375, 147.92441406250003 -42.57246093750001, 147.912109375 -42.65849609375002, 147.9150390625 -42.81640625, 147.95771484375 -42.96044921875, 147.98085937500002 -43.15703125000002, 147.94541015625003 -43.18183593750001, 147.83857421875 -43.19511718750002, 147.78583984375 -43.22001953125002, 147.69892578125 -43.12255859375, 147.64794921875 -43.020605468750006, 147.68730468750005 -42.979882812499994, 147.77392578125 -43.00341796875, 147.80039062500003 -42.98027343750002, 147.80742187500005 -42.9541015625, 147.8 -42.928124999999994, 147.69345703125003 -42.871972656249994, 147.57382812500003 -42.845703125, 147.53583984375 -42.878027343750006, 147.5490234375 -42.974511718749994, 147.53671875000003 -42.996484374999994, 147.45234375 -43.03339843750001, 147.40800781250005 -42.89384765625002, 147.29794921875003 -42.790917968749994, 147.301953125 -42.84052734375001, 147.34765625 -42.92656250000002, 147.32500000000005 -43.01347656250002, 147.28076171875 -43.03173828125, 147.259765625 -43.07109375000002, 147.259765625 -43.12646484375, 147.24501953125002 -43.215917968750006, 147.1728515625 -43.255859375, 146.99697265625002 -43.156347656250006, 146.98486328125 -43.189843749999994, 146.9875 -43.21875, 147.07734375 -43.27587890625, 147.03593750000005 -43.31904296875001, 147.00468750000005 -43.36962890625, 146.95468750000003 -43.50244140625, 146.87392578125002 -43.61250000000001, 146.83427734375005 -43.61933593750001, 146.69921875 -43.601953124999994, 146.54853515625 -43.508886718750006, 146.41318359375003 -43.51953125, 146.18671875 -43.512792968750006, 146.0431640625 -43.54716796875002, 146.01308593750002 -43.44482421875, 145.98173828125005 -43.40839843750001, 145.99443359375005 -43.376074218750006, 146.10878906250002 -43.354394531249994, 146.22636718750005 -43.35527343750002, 146.2080078125 -43.31621093750002, 146.17646484375 -43.3017578125, 146.12509765625003 -43.31123046875001, 145.97529296875 -43.27714843750002, 145.8732421875 -43.292382812499994, 145.802734375 -43.244042968749994, 145.68154296875002 -43.07597656250002, 145.60996093750003 -42.99824218750001, 145.5673828125 -42.96796875000001, 145.517578125 -42.95136718750001, 145.48759765625005 -42.926660156249994, 145.26816406250003 -42.544335937499994, 145.23710937500005 -42.45556640625, 145.19882812500003 -42.230859374999994, 145.37294921875002 -42.338476562500006, 145.43486328125005 -42.40654296875002, 145.46826171875 -42.49287109375001, 145.52724609375002 -42.38818359375, 145.5166015625 -42.3544921875, 145.3603515625 -42.2275390625, 145.33964843750005 -42.19072265625002, 145.3310546875 -42.147070312500006, 145.29443359375 -42.191015625000006, 145.23486328125 -42.19697265625001, 145.258984375 -42.107324218749994, 145.23818359375002 -42.019628906250006, 145.05537109375 -41.826757812500006, 144.91552734375 -41.64404296875, 144.77792968750003 -41.418847656249994, 144.76611328125 -41.390039062499994, 144.76435546875 -41.34150390625001, 144.69775390625 -41.19072265625002, 144.66240234375005 -41.07890625000002, 144.64609375000003 -40.980859374999994, 144.70966796875 -40.78291015625001, 144.71855468750005 -40.672265624999994, 144.8185546875 -40.7216796875, 145.04296875 -40.786718750000006, 145.15869140625 -40.790625000000006, 145.22431640625 -40.76513671875, 145.28300781250005 -40.769921874999994, 145.34941406250005 -40.82636718750001, 145.42939453125 -40.85820312500002, 145.48515625000005 -40.85234375000002, 145.53349609375005 -40.86396484375001, 145.57646484375005 -40.90410156250002, 145.68603515625 -40.939062500000006, 145.73378906250002 -40.962011718750006, 145.821484375 -41.02460937500001)), ((148.02480468750002 -40.171972656250006, 147.89052734375002 -40.014550781249994, 147.90595703125 -39.97138671875001, 147.87626953125005 -39.90546875000001, 147.81230468750005 -39.91044921875002, 147.76718750000003 -39.87031250000001, 147.83916015625005 -39.83154296875, 147.93300781250002 -39.725976562499994, 148.00039062500002 -39.75761718750002, 148.1779296875 -39.9384765625, 148.27001953125 -39.966699218749994, 148.29736328125 -39.985742187499994, 148.28984375000005 -40.0654296875, 148.25078125000005 -40.099511718749994, 148.3232421875 -40.144433593749994, 148.31357421875003 -40.17353515625001, 148.29941406250003 -40.172460937500006, 148.21035156250002 -40.23369140625002, 148.1056640625 -40.262109374999994, 148.046875 -40.212792968749994, 148.02480468750002 -40.171972656250006)), ((148.18779296875005 -40.59257812500002, 148.126953125 -40.5439453125, 148.11728515625003 -40.521484375, 148.19316406250005 -40.50312500000001, 148.23691406250003 -40.51513671875, 148.18779296875005 -40.59257812500002)), ((148.02275390625005 -42.64042968750002, 148.07255859375005 -42.593164062499994, 148.1427734375 -42.61591796875001, 148.16953125000003 -42.651757812499994, 148.1005859375 -42.680566406249994, 148.10429687500005 -42.71044921875, 148.04814453125005 -42.71923828125, 148.02968750000002 -42.71484375, 148.03085937500003 -42.66337890625002, 148.02275390625005 -42.64042968750002)), ((147.96796875 -5.78857421875, 147.87451171875 -5.749218750000011, 147.78105468750005 -5.627246093750003, 147.78251953125005 -5.5224609375, 147.79462890625 -5.492382812500011, 147.84648437500005 -5.490820312500006, 148.05478515625003 -5.611523437500011, 148.07607421875002 -5.650195312500003, 148.06044921875002 -5.7646484375, 148.02578125000002 -5.826367187500011, 147.98544921875003 -5.833984375, 147.96796875 -5.78857421875)), ((147.83583984375002 -2.2467773437500114, 147.876953125 -2.2831054687500085, 147.84453125000005 -2.335742187500003, 147.76894531250002 -2.3312500000000114, 147.735546875 -2.3155273437500057, 147.790234375 -2.3055664062500085, 147.81220703125 -2.2621093750000085, 147.83583984375002 -2.2467773437500114)), ((147.06386718750002 -2.1871093750000057, 146.92636718750003 -2.1890625000000057, 146.74785156250005 -2.1488281250000085, 146.69912109375002 -2.1827148437500057, 146.63544921875 -2.17333984375, 146.5724609375 -2.21044921875, 146.54648437500003 -2.2085937500000057, 146.53134765625003 -2.154101562500003, 146.532421875 -2.1261718750000114, 146.60703125000003 -2.1025390625, 146.5958984375 -2.016894531250003, 146.65625 -1.9740234375000085, 146.76005859375005 -1.9777343750000114, 146.85712890625 -1.9485351562500028, 147.067578125 -1.9601562500000114, 147.4005859375 -2.0250976562500114, 147.42255859375 -2.0243164062500085, 147.41875000000005 -2.0010742187500057, 147.42441406250003 -1.9945312500000085, 147.44414062500005 -2.011523437500003, 147.43808593750003 -2.0589843750000085, 147.38544921875 -2.070605468750003, 147.33652343750003 -2.0660156250000057, 147.30136718750003 -2.0904296875000057, 147.20634765625005 -2.181933593750003, 147.14218750000003 -2.1666015625000057, 147.06386718750002 -2.1871093750000057)), ((147.29609375 -43.161718750000006, 147.31914062500005 -43.14531250000002, 147.32734375 -43.114648437499994, 147.3525390625 -43.08027343750001, 147.39726562500005 -43.118261718750006, 147.4345703125 -43.24072265625, 147.37187500000005 -43.240820312500006, 147.348828125 -43.232421875, 147.33759765625 -43.18330078125001, 147.29609375 -43.161718750000006)), ((147.3125 -43.2802734375, 147.34248046875 -43.346289062500006, 147.35605468750003 -43.39697265625, 147.30888671875005 -43.50078125000002, 147.2314453125 -43.48310546875001, 147.15380859375 -43.50019531250001, 147.10498046875 -43.43115234375, 147.1046875 -43.41289062500002, 147.1630859375 -43.430273437500006, 147.1984375 -43.37919921875002, 147.2197265625 -43.37138671875002, 147.23398437500003 -43.330468749999994, 147.28388671875 -43.278906250000006, 147.3125 -43.2802734375)), ((147.01474609375003 -5.257421875000006, 147.1310546875 -5.1908203125000085, 147.20634765625005 -5.251562500000006, 147.221875 -5.381542968750011, 147.17626953125 -5.431933593750003, 147.12021484375003 -5.4374023437500085, 147.02900390625 -5.342382812500006, 147.005859375 -5.3070312500000085, 147.01474609375003 -5.257421875000006)), ((146.2783203125 -18.231250000000003, 146.298828125 -18.32607421875001, 146.3419921875 -18.40009765625001, 146.32705078125002 -18.44863281250001, 146.298828125 -18.48476562500001, 146.23564453125005 -18.450781250000006, 146.19130859375002 -18.362890625000006, 146.1162109375 -18.29238281250001, 146.098828125 -18.251757812500003, 146.18671875 -18.255175781250003, 146.23085937500002 -18.24140625000001, 146.24912109375003 -18.225878906250003, 146.2783203125 -18.231250000000003)), ((145.90019531250005 -4.604199218750011, 145.95878906250005 -4.554296875000006, 145.99580078125 -4.539257812500011, 146.03740234375005 -4.5731445312500085, 146.05341796875 -4.64013671875, 146.01933593750005 -4.726171875000006, 145.95234375 -4.7557617187500085, 145.90400390625 -4.733007812500006, 145.88359375000005 -4.66748046875, 145.90019531250005 -4.604199218750011)), ((145.4865234375 -38.354882812499994, 145.33583984375002 -38.420996093750006, 145.2802734375 -38.390625, 145.29531250000002 -38.318945312500006, 145.42656250000005 -38.31416015625001, 145.4865234375 -38.354882812499994)), ((145.2177734375 -38.458593750000006, 145.28789062500005 -38.47216796875, 145.314453125 -38.490820312500006, 145.35507812500003 -38.557031249999994, 145.27089843750002 -38.51972656250001, 145.12841796875 -38.52763671875002, 145.2177734375 -38.458593750000006)), ((144.748046875 -40.589453125000006, 144.71015625 -40.485253906249994, 144.751171875 -40.47021484375, 144.7833984375 -40.43486328125002, 144.79082031250005 -40.440332031249994, 144.784375 -40.506738281249994, 144.748046875 -40.589453125000006)), ((144.10605468750003 -39.8740234375, 144.14101562500002 -39.95380859375001, 144.11191406250003 -40.022070312500006, 144.03505859375002 -40.078222656250006, 143.89873046875005 -40.120214843750006, 143.87578125000005 -40.06396484375, 143.88759765625002 -39.98359375000001, 143.83857421875 -39.90410156250002, 143.865234375 -39.82421875, 143.86181640625 -39.73798828125001, 143.87939453125 -39.70000000000002, 143.93935546875002 -39.658105468749994, 143.94882812500003 -39.58369140625001, 144.00078125000005 -39.580175781250006, 144.09130859375 -39.638085937499994, 144.12089843750005 -39.785253906250006, 144.10605468750003 -39.8740234375)), ((143.20683593750005 -8.423437500000006, 143.29306640625003 -8.472753906250006, 143.443359375 -8.518945312500009, 143.59033203125 -8.633398437500006, 143.60820312500005 -8.677148437500009, 143.46279296875002 -8.617089843750009, 143.32412109375002 -8.516796875000011, 143.25380859375002 -8.489550781250003, 143.20683593750005 -8.423437500000006)), ((143.58144531250002 -8.390917968750003, 143.59257812500005 -8.4599609375, 143.58681640625002 -8.481738281250003, 143.5431640625 -8.484765625000009, 143.36689453125 -8.416894531250009, 143.32187500000003 -8.367578125000009, 143.52822265625002 -8.378515625000006, 143.58144531250002 -8.390917968750003)), ((142.27939453125003 -10.254199218750003, 142.21621093750002 -10.235644531250003, 142.19511718750005 -10.199316406250006, 142.21875 -10.1494140625, 142.29873046875002 -10.140429687500003, 142.33896484375003 -10.192187500000003, 142.27939453125003 -10.254199218750003)), ((142.27480468750002 -10.704785156250011, 142.19140625 -10.762011718750003, 142.13720703125 -10.73193359375, 142.12548828125 -10.66845703125, 142.1310546875 -10.640625, 142.19794921875 -10.591992187500011, 142.27480468750002 -10.704785156250011)), ((142.14882812500002 -10.0517578125, 142.19199218750003 -10.085253906250003, 142.16757812500003 -10.154101562500003, 142.14199218750002 -10.181250000000006, 142.09765625 -10.121777343750011, 142.14882812500002 -10.0517578125)), ((139.6044921875 -16.40322265625001, 139.69775390625 -16.514941406250003, 139.55966796875003 -16.52949218750001, 139.5078125 -16.573046875000003, 139.43056640625002 -16.66103515625001, 139.39150390625002 -16.64863281250001, 139.35429687500005 -16.696582031250003, 139.28300781250005 -16.71943359375001, 139.23906250000005 -16.71865234375001, 139.15957031250002 -16.74169921875, 139.14765625 -16.7138671875, 139.16269531250003 -16.62587890625001, 139.2287109375 -16.52753906250001, 139.29296875 -16.46728515625, 139.45888671875002 -16.4384765625, 139.587890625 -16.39521484375001, 139.6044921875 -16.40322265625001)), ((139.56005859375 -17.0419921875, 139.57089843750003 -17.09443359375001, 139.4591796875 -17.114550781250003, 139.42167968750005 -17.131640625000003, 139.408203125 -17.090625000000003, 139.4591796875 -17.049121093750003, 139.49277343750003 -16.99042968750001, 139.56005859375 -17.0419921875)), ((137.38222656250002 -36.02089843750001, 137.20957031250003 -35.982421875, 137.14775390625005 -36.0390625, 137.02587890625 -36.02392578125, 136.91269531250003 -36.0466796875, 136.755078125 -36.03310546875001, 136.58925781250002 -35.9353515625, 136.54062500000003 -35.89013671875, 136.5791015625 -35.808691406250006, 136.638671875 -35.748828125, 137.091796875 -35.6638671875, 137.33408203125003 -35.59248046875001, 137.53046875 -35.605078125000006, 137.5849609375 -35.620214843750006, 137.63544921875 -35.65644531250001, 137.59814453125 -35.722265625000006, 137.59648437500005 -35.73867187500001, 137.8359375 -35.76210937500001, 137.92890625 -35.72607421875, 138.04658203125 -35.75517578125, 138.12343750000002 -35.85234375, 138.06650390625003 -35.90058593750001, 138.0119140625 -35.90761718750001, 137.83554687500003 -35.867773437500006, 137.6708984375 -35.89794921875, 137.622265625 -35.938085937500006, 137.59023437500002 -36.0271484375, 137.4484375 -36.074804687500006, 137.38222656250002 -36.02089843750001)), ((136.98505859375 -15.725976562500009, 136.94267578125005 -15.711718750000003, 136.96337890625 -15.665722656250011, 136.98574218750002 -15.652441406250006, 137.00957031250005 -15.594824218750006, 137.06455078125003 -15.662890625000003, 137.07109375000005 -15.738085937500003, 137.09365234375002 -15.778125000000003, 137.05087890625003 -15.824414062500011, 136.99648437500002 -15.775781250000009, 136.98505859375 -15.725976562500009)), ((136.88544921875 -14.197265625, 136.93388671875005 -14.179003906250003, 136.95078125000003 -14.184277343750011, 136.93134765625 -14.245996093750009, 136.89433593750005 -14.293066406250006, 136.76318359375 -14.2734375, 136.64970703125005 -14.280468750000011, 136.46054687500003 -14.234570312500011, 136.36328125 -14.228906250000009, 136.33544921875 -14.211816406250009, 136.39218750000003 -14.175488281250011, 136.427734375 -14.12646484375, 136.4111328125 -14.011132812500009, 136.42470703125002 -13.864843750000006, 136.53378906250003 -13.793750000000003, 136.58281250000005 -13.721093750000009, 136.65566406250002 -13.675878906250006, 136.70195312500005 -13.681640625, 136.69599609375 -13.726171875000006, 136.71464843750005 -13.803906250000011, 136.7580078125 -13.845410156250011, 136.80449218750005 -13.842480468750011, 136.84531250000003 -13.7509765625, 136.87070312500003 -13.763671875, 136.8908203125 -13.78662109375, 136.90556640625005 -13.826953125000003, 136.84296875 -13.896582031250006, 136.81494140625 -13.907324218750006, 136.78818359375003 -13.94580078125, 136.7453125 -14.072656250000009, 136.74990234375002 -14.115234375, 136.78701171875002 -14.157812500000006, 136.88544921875 -14.197265625)), ((136.87685546875002 -15.502539062500006, 136.89023437500003 -15.5888671875, 136.84677734375003 -15.627343750000009, 136.84560546875002 -15.544042968750006, 136.87685546875002 -15.502539062500006)), ((136.58603515625003 -15.53369140625, 136.6123046875 -15.544140625000011, 136.591015625 -15.628222656250003, 136.51425781250003 -15.627343750000009, 136.50273437500005 -15.583105468750006, 136.52255859375003 -15.543164062500011, 136.58603515625003 -15.53369140625)), ((136.122265625 -13.780566406250003, 136.13437500000003 -13.753125000000011, 136.15957031250002 -13.736718750000009, 136.21542968750003 -13.664746093750011, 136.25742187500003 -13.706640625000006, 136.275390625 -13.791113281250006, 136.23740234375003 -13.824511718750003, 136.21367187500005 -13.8359375, 136.12265625000003 -13.816601562500011, 136.122265625 -13.780566406250003)), ((125.19355468750001 -14.552636718750009, 125.19882812500003 -14.579492187500009, 125.134765625 -14.641699218750006, 125.09121093750002 -14.591699218750009, 125.11738281250001 -14.491992187500003, 125.15996093749999 -14.4560546875, 125.19814453125002 -14.474804687500011, 125.19355468750001 -14.552636718750009)), ((124.52421874999999 -15.421484375000006, 124.52373046874999 -15.382421875000006, 124.48281250000002 -15.34033203125, 124.51933593749999 -15.267480468750009, 124.55087890625003 -15.270312500000003, 124.56455078125003 -15.310839843750003, 124.60507812500003 -15.356542968750006, 124.59726562500003 -15.401953125000006, 124.5595703125 -15.43017578125, 124.52421874999999 -15.421484375000006)), ((115.4345703125 -20.66796875, 115.45761718750003 -20.71630859375, 115.44619140625002 -20.78779296875001, 115.38808593750002 -20.866015625000003, 115.31806640625001 -20.8505859375, 115.30859375 -20.811132812500006, 115.35429687499999 -20.74628906250001, 115.4345703125 -20.66796875)), ((112.96425781250002 -25.78310546875001, 112.908203125 -25.56982421875, 112.94707031249999 -25.531542968750003, 112.982421875 -25.52021484375001, 113.09628906250003 -25.815039062500006, 113.13154296875001 -25.882617187500003, 113.1318359375 -25.951953125000003, 113.18300781250002 -26.05312500000001, 113.15644531250001 -26.094531250000003, 112.96425781250002 -25.78310546875001)), ((-151.364501953125 -16.8642578125, -151.409814453125 -16.877734375000003, -151.449462890625 -16.87929687500001, -151.485498046875 -16.86367187500001, -151.476416015625 -16.7607421875, -151.466748046875 -16.73964843750001, -151.411181640625 -16.7744140625, -151.364501953125 -16.8642578125)), ((-151.50576171875 -16.574023437500003, -151.4380859375 -16.62343750000001, -151.4666015625 -16.657519531250003, -151.484912109375 -16.665136718750006, -151.504150390625 -16.64697265625, -151.51240234375 -16.61904296875001, -151.50576171875 -16.574023437500003)), ((-151.81328125 -11.391796875000011, -151.802783203125 -11.392675781250006, -151.79111328125 -11.414355468750003, -151.7826171875 -11.441015625000006, -151.790869140625 -11.456835937500003, -151.806689453125 -11.451269531250006, -151.815966796875 -11.43115234375, -151.81328125 -11.391796875000011)), ((-155.874267578125 20.259814453125003, -155.831640625 20.275830078124997, -155.6220703125 20.16342773437499, -155.198779296875 19.994384765625, -155.086083984375 19.875634765624994, -155.06591796875 19.748193359374994, -154.989013671875 19.731982421875003, -154.952587890625 19.64462890624999, -154.841357421875 19.568164062500003, -154.80419921875 19.524462890625003, -154.85029296875 19.4541015625, -155.053466796875 19.31918945312499, -155.309619140625 19.260156249999994, -155.53525390625 19.109082031249997, -155.58134765625 19.012011718750003, -155.625634765625 18.963916015625003, -155.68076171875 18.967675781249994, -155.881298828125 19.070507812499997, -155.905615234375 19.12583007812499, -155.89072265625 19.382519531249997, -155.9658203125 19.5908203125, -156.048681640625 19.749951171874997, -155.988427734375 19.831591796875003, -155.90888671875 19.894726562499997, -155.8203125 20.01416015625, -155.8927734375 20.167382812499994, -155.874267578125 20.259814453125003)), ((-154.959033203125 -4.093847656250006, -155.0150390625 -4.048046875000011, -154.951220703125 -4.031054687500003, -154.943359375 -4.041601562500006, -154.959033203125 -4.093847656250006)), ((-155.92861328125 -5.607617187500011, -155.872265625 -5.611328125, -155.863818359375 -5.626660156250011, -155.91435546875 -5.631640625000003, -155.92861328125 -5.607617187500011)), ((-156.438232421875 20.617871093749997, -156.448876953125 20.706249999999997, -156.480078125 20.801220703124997, -156.54384765625 20.789990234374997, -156.6154296875 20.821826171875003, -156.689697265625 20.901416015625003, -156.69775390625 20.94907226562499, -156.656884765625 21.02451171874999, -156.585400390625 21.034326171874994, -156.53232421875 20.99267578125, -156.48681640625 20.932568359374997, -156.46083984375 20.914746093749997, -156.35439453125 20.941455078125003, -156.2775390625 20.95126953124999, -156.14833984375 20.885498046875, -156.103515625 20.84033203125, -156.01865234375 20.79208984374999, -155.98984375 20.757128906250003, -156.01357421875 20.714794921874997, -156.10712890625 20.644775390625, -156.234765625 20.628613281249997, -156.3099609375 20.598779296874994, -156.4087890625 20.605175781249997, -156.438232421875 20.617871093749997)), ((-157.249951171875 21.229785156250003, -157.213623046875 21.215380859375003, -157.002294921875 21.187939453124997, -156.95234375 21.19970703125, -156.9171875 21.177294921875003, -156.7421875 21.163525390624997, -156.712158203125 21.155078125000003, -156.747900390625 21.103564453125003, -156.85986328125 21.056347656249997, -157.0208984375 21.097802734374994, -157.29033203125 21.112597656250003, -157.2794921875 21.15234375, -157.25380859375 21.180566406249994, -157.249951171875 21.229785156250003)), ((-157.0505859375 20.91245117187499, -156.941796875 20.93002929687499, -156.88056640625 20.904833984375003, -156.809375 20.83115234374999, -156.849609375 20.772656249999997, -156.90888671875 20.74448242187499, -156.973388671875 20.757519531249997, -156.988427734375 20.82568359375, -157.0505859375 20.91245117187499)), ((-157.97841796875 21.37851562499999, -158.01728515625 21.367724609375003, -157.98095703125 21.316113281249997, -158.079150390625 21.312255859375, -158.1103515625 21.318603515625, -158.137841796875 21.377148437499997, -158.239111328125 21.48935546874999, -158.238671875 21.53305664062499, -158.27314453125 21.585253906250003, -158.123095703125 21.600244140624994, -158.020361328125 21.691796874999994, -157.9625 21.701367187499997, -157.851513671875 21.553369140624994, -157.854345703125 21.511914062499997, -157.82958984375 21.471435546875, -157.764990234375 21.450927734375, -157.7208984375 21.457714843749997, -157.705517578125 21.378076171874994, -157.654150390625 21.333935546874997, -157.635400390625 21.3076171875, -157.690869140625 21.279736328124997, -157.798779296875 21.268603515625003, -157.84931640625 21.290820312500003, -157.9017578125 21.340576171875, -157.958447265625 21.326904296875, -157.968310546875 21.366894531249997, -157.97841796875 21.37851562499999)), ((-159.34375 21.9736328125, -159.37275390625 21.932373046875, -159.460693359375 21.876123046874994, -159.511865234375 21.900390625, -159.608837890625 21.90952148437499, -159.64638671875 21.95175781249999, -159.747998046875 21.98984374999999, -159.78916015625 22.041796875000003, -159.726611328125 22.140185546875003, -159.57919921875 22.22314453125, -159.35205078125 22.21958007812499, -159.30478515625 22.154052734375, -159.30068359375 22.105273437500003, -159.33017578125 22.050683593749994, -159.34375 21.9736328125)), ((-159.74052734375 -21.24921875000001, -159.839599609375 -21.238085937500003, -159.84248046875 -21.229101562500006, -159.83203125 -21.200488281250003, -159.810595703125 -21.18642578125001, -159.768359375 -21.1884765625, -159.739501953125 -21.208105468750006, -159.74052734375 -21.24921875000001)), ((-160.200244140625 21.796875, -160.234716796875 21.803662109374997, -160.24345703125 21.843066406250003, -160.2208984375 21.897265625000003, -160.1638671875 21.944042968749997, -160.100634765625 22.01523437499999, -160.04873046875 22.004638671875, -160.076708984375 21.95810546874999, -160.080029296875 21.907421874999997, -160.15341796875 21.87875976562499, -160.200244140625 21.796875)), ((-169.834033203125 -18.96601562500001, -169.793408203125 -19.042578125000006, -169.80341796875 -19.0830078125, -169.90380859375 -19.13789062500001, -169.94833984375 -19.072851562500006, -169.908740234375 -18.990234375, -169.861572265625 -18.96865234375001, -169.834033203125 -18.96601562500001)), ((-170.568115234375 -14.266796875000011, -170.640478515625 -14.2822265625, -170.72626953125 -14.351171875000006, -170.76923828125 -14.359765625000009, -170.8205078125 -14.312109375000006, -170.68916015625 -14.257421875000006, -170.568115234375 -14.266796875000011)), ((-171.089794921875 -3.1432617187500114, -171.096728515625 -3.1369140625000114, -171.0876953125 -3.115039062500003, -171.081005859375 -3.120410156250003, -171.089794921875 -3.1432617187500114)), ((-171.20166015625 -9.332617187500006, -171.189306640625 -9.346582031250009, -171.188623046875 -9.358300781250009, -171.200048828125 -9.3447265625, -171.20166015625 -9.332617187500006)), ((-171.261962890625 -4.44921875, -171.252392578125 -4.441601562500011, -171.239404296875 -4.444140625000003, -171.233203125 -4.463476562500006, -171.254541015625 -4.466503906250011, -171.261962890625 -4.44921875)), ((-171.4541015625 -14.046484375000006, -171.72822265625 -14.047265625000009, -171.86376953125 -14.002050781250006, -171.9119140625 -14.001660156250011, -172.028076171875 -13.906835937500006, -172.0458984375 -13.857128906250011, -171.98486328125 -13.824414062500011, -171.858154296875 -13.80712890625, -171.60390625 -13.879199218750003, -171.5654296875 -13.943066406250011, -171.506884765625 -13.949902343750011, -171.461376953125 -13.977636718750006, -171.449560546875 -14.0224609375, -171.4541015625 -14.046484375000006)), ((-171.638525390625 -2.8466796875, -171.63974609375 -2.8291992187500057, -171.67265625 -2.7879882812500085, -171.70595703125 -2.7731445312500114, -171.7248046875 -2.7813476562500057, -171.718896484375 -2.7614257812500114, -171.664990234375 -2.7855468750000085, -171.6396484375 -2.8112304687500114, -171.62841796875 -2.8558593750000085, -171.64736328125 -2.8555664062500057, -171.69609375 -2.82568359375, -171.678369140625 -2.824511718750003, -171.638525390625 -2.8466796875)), ((-172.221533203125 -13.5595703125, -172.17685546875 -13.684667968750006, -172.224951171875 -13.804296875000006, -172.330859375 -13.774707031250003, -172.484521484375 -13.800195312500009, -172.535693359375 -13.791699218750011, -172.6587890625 -13.644824218750003, -172.744091796875 -13.578710937500006, -172.778515625 -13.516796875000011, -172.66962890625 -13.523828125000009, -172.510888671875 -13.482812500000009, -172.33349609375 -13.465234375000009, -172.221533203125 -13.5595703125)), ((-172.21474609375 -4.502636718750011, -172.20830078125 -4.5179687500000085, -172.18095703125 -4.514843750000011, -172.215234375 -4.5244140625, -172.2283203125 -4.507031250000011, -172.1978515625 -4.49169921875, -172.197216796875 -4.49951171875, -172.21474609375 -4.502636718750011)), ((-172.498681640625 -8.547949218750006, -172.481103515625 -8.567480468750006, -172.48369140625 -8.582910156250009, -172.498681640625 -8.547949218750006)), ((-174.069140625 -18.640234375000006, -174.00244140625 -18.57070312500001, -173.96806640625 -18.56533203125001, -173.921875 -18.58857421875001, -173.923974609375 -18.608496093750006, -173.953515625 -18.63935546875001, -173.99130859375 -18.69863281250001, -174.009326171875 -18.69775390625, -174.053125 -18.663378906250003, -174.069140625 -18.640234375000006)), ((-174.5408203125 -4.657324218750006, -174.501123046875 -4.6883789062500085, -174.501025390625 -4.6947265625000085, -174.523876953125 -4.689648437500011, -174.529248046875 -4.681640625, -174.511474609375 -4.685644531250006, -174.5408203125 -4.657324218750006)), ((-174.97294921875 -21.34980468750001, -174.913134765625 -21.30048828125001, -174.91865234375 -21.45058593750001, -174.967529296875 -21.38173828125001, -174.97294921875 -21.34980468750001)), ((-175.1580078125 -21.146484375, -175.199755859375 -21.15566406250001, -175.14765625 -21.16943359375, -175.13193359375 -21.139746093750006, -175.078173828125 -21.129003906250006, -175.08408203125 -21.160742187500006, -175.156591796875 -21.263671875, -175.20234375 -21.223437500000003, -175.33544921875 -21.15771484375, -175.362353515625 -21.10683593750001, -175.31806640625 -21.06826171875001, -175.322607421875 -21.09931640625001, -175.300439453125 -21.113378906250006, -175.225390625 -21.118750000000006, -175.1580078125 -21.146484375)), ((-176.160595703125 -13.332812500000003, -176.176904296875 -13.340917968750006, -176.195361328125 -13.301660156250009, -176.17119140625 -13.242578125000009, -176.14794921875 -13.2216796875, -176.128076171875 -13.268164062500006, -176.160595703125 -13.332812500000003)), ((-178.17802734375 -14.231640625000011, -178.142236328125 -14.242578125000009, -178.105029296875 -14.2841796875, -178.04365234375 -14.30322265625, -178.0466796875 -14.318359375, -178.1033203125 -14.324902343750011, -178.15859375 -14.311914062500009, -178.194384765625 -14.255468750000006, -178.17802734375 -14.231640625000011)), ((-178.251123046875 -17.952734375000006, -178.3068359375 -17.96328125000001, -178.3572265625 -17.9208984375, -178.325390625 -17.875781250000003, -178.280322265625 -17.88642578125001, -178.25458984375 -17.929980468750003, -178.251123046875 -17.952734375000006)), ((-178.574072265625 -19.143164062500006, -178.535107421875 -19.166015625, -178.546337890625 -19.17500000000001, -178.595947265625 -19.1513671875, -178.598681640625 -19.13710937500001, -178.589306640625 -19.11884765625001, -178.56767578125 -19.10927734375001, -178.556689453125 -19.11298828125001, -178.576171875 -19.12519531250001, -178.574072265625 -19.143164062500006)), ((-178.709521484375 -20.670507812500006, -178.7291015625 -20.66015625, -178.7275390625 -20.64521484375001, -178.709521484375 -20.670507812500006)), ((-178.7619140625 -18.23388671875, -178.7736328125 -18.25244140625, -178.82734375 -18.22216796875, -178.847900390625 -18.20205078125001, -178.790869140625 -18.186328125000003, -178.7630859375 -18.19140625, -178.7619140625 -18.23388671875)), ((-178.956494140625 -17.27285156250001, -178.9818359375 -17.30703125000001, -179.00390625 -17.294921875, -178.975537109375 -17.23750000000001, -178.971484375 -17.212695312500003, -179.01494140625 -17.182421875000003, -179.01767578125 -17.16132812500001, -179.005029296875 -17.14833984375001, -178.95283203125 -17.18203125000001, -178.921142578125 -17.20839843750001, -178.91484375 -17.22304687500001, -178.924560546875 -17.248632812500006, -178.956494140625 -17.27285156250001)), ((-178.99912109375 -17.947363281250006, -178.9880859375 -17.976660156250006, -179.018408203125 -17.991796875000006, -179.039208984375 -17.988378906250006, -179.063818359375 -17.97236328125001, -179.07900390625 -17.944140625000003, -179.047607421875 -17.92041015625, -178.99912109375 -17.947363281250006)), ((-179.831103515625 -18.92421875000001, -179.799853515625 -18.94033203125001, -179.797607421875 -18.969824218750006, -179.830224609375 -18.95556640625, -179.8455078125 -18.970800781250006, -179.851220703125 -19.0029296875, -179.8650390625 -18.99873046875001, -179.867333984375 -18.97841796875001, -179.856201171875 -18.94326171875001, -179.831103515625 -18.92421875000001)), ((-180 -16.962988281250006, -179.999951171875 -16.78554687500001, -179.893603515625 -16.70039062500001, -179.860986328125 -16.688281250000003, -179.822314453125 -16.76533203125001, -179.8677734375 -16.85029296875001, -179.97490234375 -16.9248046875, -180 -16.962988281250006)), ((-179.92734375 -16.479101562500006, -179.929443359375 -16.50283203125001, -180 -16.5400390625, -179.999951171875 -16.488867187500006, -179.94365234375 -16.44140625, -179.900927734375 -16.43154296875001, -179.92734375 -16.479101562500006)), ((-180 -16.168261718750003, -180 -16.152929687500006, -179.969384765625 -16.126074218750006, -179.944580078125 -16.126074218750006, -179.95615234375 -16.149218750000003, -180 -16.168261718750003)))