MULTIPOLYGON (((-26.264111328124983 -58.435156250000006, -26.259863281249977 -58.492285156250006, -26.41533203124999 -58.439843749999994, -26.451025390625006 -58.41533203125002, -26.401220703125006 -58.383203124999994, -26.303466796875 -58.382226562499994, -26.279394531249977 -58.401757812499994, -26.264111328124983 -58.435156250000006)), ((-76.93583984374999 8.146826171874991, -76.89096679687499 8.127978515624989, -76.85185546874999 8.090478515624994, -76.869091796875 8.062695312499997, -76.91220703124999 8.033398437499997, -76.92465820312499 7.973193359374989, -76.896630859375 7.939453125, -76.86689453125 7.91796875, -76.786572265625 7.931591796874997, -76.742333984375 8.002148437499997, -76.77207031249999 8.310546875, -76.818603515625 8.464697265624991, -76.872216796875 8.512744140624989, -76.92045898437499 8.57373046875, -76.88798828124999 8.619873046875, -76.80224609375 8.640673828124989, -76.68935546875 8.694726562499994, -76.37770721816754 8.917137464815521, -72.05466387990873 9.730886799076005, -71.99326171874999 9.641503906249994, -71.97626953125 9.55322265625, -71.873046875 9.427636718749994, -71.8056640625 9.386425781249997, -71.7607421875 9.335742187499989, -71.78134765624999 9.25, -71.74013671875 9.133886718749991, -71.68671875 9.072509765625, -71.61953125 9.047949218749991, -71.53662109375 9.048291015624997, -71.29794921874999 9.125634765624994, -71.24140625 9.160449218749989, -71.20537109374999 9.222460937499989, -71.08583984375 9.348242187499991, -71.07841796874999 9.510791015624989, -71.052685546875 9.705810546875, -71.08173828125 9.833203124999997, -71.13120857144389 9.904713680669385, -68.04587080797494 10.485483142028249, -67.87163085937499 10.472070312499994, -67.58134765624999 10.523730468749989, -67.13330078125 10.570410156249991, -66.98906249999999 10.610644531249989, -66.247216796875 10.632226562499994, -66.105859375 10.574609374999994, -66.090478515625 10.472949218749989, -65.8517578125 10.257763671874997, -65.65585937499999 10.228466796874997, -65.48935546874999 10.159423828125, -65.3173828125 10.122363281249989, -65.1291015625 10.070068359375, -65.02329101562499 10.07666015625, -64.94404296875 10.095019531249989, -64.85048828125 10.098095703124997, -64.18833007812499 10.457812499999989, -63.83369140625 10.448535156249989, -63.779052734375 10.471923828125, -63.731884765625 10.50341796875, -63.862695312499994 10.558154296874989, -64.15791015625 10.579248046874994, -64.247509765625 10.542578124999991, -64.29819335937499 10.635156249999994, -64.20195312499999 10.632666015624991, -63.873437499999994 10.663769531249997, -63.49677734375 10.643261718749997, -63.189892578125 10.709179687499997, -63.03549804687499 10.720117187499994, -62.946728515625 10.707080078124989, -62.70234375 10.749804687499989, -62.24228515624999 10.699560546874991, -61.87949218749999 10.741015624999989, -61.92138671875 10.681445312499989, -62.040429687499994 10.645361328124991, -62.23291015625 10.633984374999997, -62.37998046874999 10.546875, -62.6935546875 10.56298828125, -62.91357421875 10.531494140625, -62.84296875 10.507226562499994, -62.843017578125 10.417919921874997, -62.812939453125 10.39990234375, -62.78125 10.399218749999989, -62.706298828125 10.333056640624989, -62.68583984374999 10.289794921875, -62.66162109375 10.198583984374991, -62.69467773437499 10.10009765625, -62.74057617187499 10.05615234375, -62.65117187499999 10.070654296874991, -62.600488281249994 10.116943359375, -62.60791015625 10.163427734374991, -62.600488281249994 10.21728515625, -62.55034179687499 10.200439453125, -62.51513671875 10.176123046874991, -62.40092773437499 9.918408203124997, -62.32041015624999 9.783056640624991, -62.280664062499994 9.79296875, -62.256738281249994 9.818896484374989, -62.221142578125 9.882568359375, -62.1904296875 9.842187499999994, -62.15336914062499 9.82177734375, -62.170312499999994 9.879492187499991, -62.1474609375 9.953417968749989, -62.15532226562499 9.979248046875, -62.11962890625 9.98486328125, -62.077099609375 9.975048828124997, -62.016503906249994 9.954687499999991, -61.908593749999994 9.869921874999989, -61.83725585937499 9.782080078124991, -61.83115234374999 9.733056640624994, -61.80537109375 9.705517578124997, -61.758740234375 9.676513671875, -61.73593749999999 9.631201171874991, -61.73173828124999 9.702490234374991, -61.759179687499994 9.754443359374989, -61.76591796874999 9.813818359374991, -61.625390624999994 9.816455078124989, -61.5888671875 9.89453125, -61.51230468749999 9.847509765624991, -61.30937499999999 9.633056640625, -61.23442382812499 9.597607421874997, -61.01337890625 9.556445312499989, -60.87407226562499 9.453320312499997, -60.79248046875 9.360742187499994, -60.840966796874994 9.263671875, -60.97104492187499 9.215185546874991, -61.02314453125 9.154589843749989, -61.05307617187499 9.095117187499994, -61.05356445312499 9.035253906249991, -61.09296875 8.965771484374997, -61.12236328124999 8.843359374999991, -61.17587890624999 8.725390624999989, -61.247265625 8.600341796875, -61.61870117187499 8.597460937499989, -61.442578125 8.508691406249994, -61.30400390624999 8.410400390625, -61.193749999999994 8.487597656249989, -61.03598632812499 8.493115234374997, -60.865234375 8.578808593749997, -60.8009765625 8.592138671874991, -60.48149414062499 8.547265624999994, -60.4044921875 8.610253906249994, -60.340234374999994 8.628759765624991, -60.16748046875 8.616992187499989, -59.980615234374994 8.532617187499994, -59.83652343749999 8.373828124999989, -59.756738281249994 8.339501953124994, -59.73994140625 8.338720703124991, -59.73930664062499 8.379980468749991, -59.66611328124999 8.362597656249989, -59.47690429687499 8.254003906249991, -59.20024414062499 8.074609374999994, -58.81157226562499 7.735595703125, -58.701074218749994 7.606640624999997, -58.626611328124994 7.5458984375, -58.51108398437499 7.3980468749999915, -58.477294921875 7.3257812499999915, -58.48056640624999 7.038134765624989, -58.582910156249994 6.843652343749994, -58.60791015625 6.697314453124989, -58.6134765625 6.5025390624999915, -58.67294921874999 6.390771484374994, -58.593994140625 6.4515136718749915, -58.569482421874994 6.627246093749989, -58.50229492187499 6.7339843749999915, -58.414990234375 6.8511718749999915, -58.29843749999999 6.879296874999994, -58.1728515625 6.829394531249989, -58.07177734375 6.820605468749989, -57.982568359374994 6.785888671875, -57.792871093749994 6.598535156249994, -57.607568359374994 6.450390624999997, -57.54013671874999 6.33154296875, -57.343652343749994 6.272119140624994, -57.2275390625 6.178417968749997, -57.19023437499999 6.097314453124994, -57.167236328125 5.885009765625, -57.2052734375 5.564599609374994, -57.18212890625 5.5289062499999915, -57.1408203125 5.643798828125, -57.13603515624999 5.737207031249994, -57.056640625 5.938671874999997, -56.96982421874999 5.992871093749997, -56.466015625 5.937744140625, -56.235595703125 5.8853515624999915, -55.93955078124999 5.795458984374989, -55.897607421874994 5.6993164062499915, -55.8955078125 5.795458984374989, -55.909912109375 5.892626953124989, -55.82817382812499 5.961669921875, -55.648339843749994 5.985888671874989, -55.379296874999994 5.95263671875, -55.14829101562499 5.993457031249989, -54.83369140625 5.988330078124989, -54.35615234375 5.909863281249997, -54.142333984375 5.856347656249994, -54.05419921875 5.807910156249989, -54.03740234374999 5.720507812499989, -54.04594726562499 5.60888671875, -54.080468749999994 5.502246093749989, -54.15595703125 5.3589843749999915, -54.08530273437499 5.411816406249997, -53.98959960937499 5.676025390625, -53.919921875 5.768994140624997, -53.84716796875 5.7822265625, -53.45444335937499 5.5634765625, -53.27036132812499 5.543261718749989, -52.899316406249994 5.425048828125, -52.76499023437499 5.273486328124989, -52.45395507812499 5.0213378906249915, -52.29052734375 4.942187499999989, -52.28891601562499 4.876123046874994, -52.324609374999994 4.770898437499994, -52.219970703125 4.86279296875, -52.05810546875 4.7173828124999915, -52.01230468749999 4.64599609375, -51.9619140625 4.514404296875, -51.979345703125006 4.429882812499997, -52.001708984375 4.38623046875, -52.0029296875 4.352294921875, -51.92768554687498 4.4361328124999915, -51.919580078124994 4.524316406249994, -51.880273437499994 4.633740234374997, -51.827539062499994 4.635693359374997, -51.78564453125 4.570507812499997, -51.698632812499994 4.286816406249997, -51.66582031249999 4.228808593749989, -51.65327148437498 4.1387695312499915, -51.658105468749994 4.0984863281249915, -51.65253906249998 4.061279296875, -51.55781249999998 4.233789062499994, -51.54707031249998 4.3108886718749915, -51.461523437500006 4.313769531249989, -51.32709960937498 4.224755859374994, -51.21992187499998 4.0936035156249915, -51.076269531250006 3.6716796874999886, -51.052392578124994 3.2818359374999915, -50.994140625 3.0775390624999943, -50.82719726562499 2.65185546875, -50.816503906250006 2.5730468749999886, -50.789697265624994 2.477783203125, -50.736962890624994 2.3767578124999886, -50.67875976562499 2.2103515624999943, -50.67656249999999 2.179443359375, -50.71440429687499 2.134033203125, -50.658935546875 2.1309570312499915, -50.60869140624999 2.1041015624999915, -50.57587890624998 1.9985839843749886, -50.534423828125 1.92724609375, -50.458886718749994 1.82958984375, -50.304296875000006 1.7976562499999886, -50.187597656250006 1.7859863281249915, -50.0546875 1.730712890625, -49.957128906250006 1.6598632812499972, -49.881591796875 1.419921875, -49.90625 1.26904296875, -49.89887695312498 1.1629882812499943, -49.93793945312498 1.1214355468749915, -50.047216796875006 1.0519531249999972, -50.07099609374998 1.0150878906249972, -50.29443359375 0.8357421874999886, -50.34326171875 0.7510253906249886, -50.462988281250006 0.6373046874999915, -50.58154296875 0.4205078124999915, -50.75507812499998 0.2225585937499943, -50.81635742187498 0.1725585937499972, -50.91015625 0.1609863281249915, -50.96708984374999 0.1302734374999943, -51.101953124999994 -0.03125, -51.28291015624998 -0.085205078125, -51.299560546875 -0.1788085937500057, -51.404150390625006 -0.3926757812500057, -51.49628906249998 -0.5094726562500114, -51.555029296875006 -0.5491210937500028, -51.70263671875 -0.7623046875000057, -51.721533203125006 -0.85546875, -51.720605468749994 -1.0184570312500085, -51.81914062499999 -1.1177734375000057, -51.921630859375 -1.1808593750000114, -51.934472656249994 -1.3203125, -51.980810546875006 -1.3679687500000028, -52.020458984375 -1.3990234375000057, -52.229248046875 -1.3625000000000114, -52.55341796875 -1.5140625000000085, -52.66416015624999 -1.5517578125, -52.310302734375 -1.5595703125, -52.196679687499994 -1.64013671875, -51.94755859374999 -1.5867187500000028, -51.64628906249999 -1.3943359375000028, -51.53120117187498 -1.3541015625000057, -51.29736328125 -1.2235351562500085, -51.20234374999998 -1.1365234375000028, -51.028955078124994 -1.0321289062500085, -50.992041015625006 -0.986328125, -50.894921874999994 -0.9375976562500057, -50.84228515625 -0.9996093750000057, -50.83818359374999 -1.0388671875000028, -50.917871093749994 -1.115234375, -50.89716796874998 -1.1644531250000085, -50.844580078125006 -1.2262695312500114, -50.81865234374999 -1.3762695312500028, -50.7861328125 -1.4899414062500114, -50.678955078125 -1.6438476562500028, -50.67529296875 -1.6947265625000085, -50.690039062500006 -1.76171875, -50.638769531250006 -1.8170898437500114, -50.585595703124994 -1.8499023437500028, -50.403222656249994 -2.0155273437500085, -50.26044921874998 -1.9229492187500057, -50.172705078125006 -1.8961914062500114, -50.116601562499994 -1.8575195312500057, -49.99921874999998 -1.8318359375000028, -49.902978515624994 -1.87060546875, -49.71953124999999 -1.9263671875000057, -49.31367187499998 -1.7317382812500028, -49.39863281249998 -1.9715820312500085, -49.46015624999998 -2.1915039062500057, -49.506982421874994 -2.2802734375, -49.553369140624994 -2.5199218750000085, -49.59931640624998 -2.5838867187500085, -49.63652343749999 -2.6569335937500114, -49.57587890624998 -2.6314453125000057, -49.52392578125 -2.5968750000000114, -49.45751953125 -2.5045898437500114, -49.40766601562498 -2.3443359375000057, -49.211035156250006 -1.91650390625, -49.15478515625 -1.8785156250000057, -48.991308593750006 -1.8297851562500114, -48.71000976562499 -1.4876953125000085, -48.599999999999994 -1.48876953125, -48.52958984374999 -1.5674804687500057, -48.46293945312499 -1.6139648437500114, -48.44584960937499 -1.5204101562500085, -48.34980468749998 -1.4821289062500114, -48.45146484374999 -1.4358398437500028, -48.46806640624999 -1.3938476562500028, -48.47773437499998 -1.3238281250000057, -48.408593749999994 -1.2291992187500114, -48.449804687500006 -1.1455078125, -48.306494140625006 -1.0398437500000028, -48.31757812499998 -0.9605468750000057, -48.201757812500006 -0.8279296875000028, -48.12846679687499 -0.7952148437500028, -48.115087890625006 -0.7375000000000114, -48.06884765625 -0.7136718750000028, -48.032568359375006 -0.705078125, -47.9609375 -0.7696289062500057, -47.883398437500006 -0.693359375, -47.80766601562499 -0.6634765625000085, -47.77373046874999 -0.6767578125, -47.73149414062499 -0.71044921875, -47.687109375000006 -0.7248046875000114, -47.65107421874998 -0.71875, -47.55732421874998 -0.669921875, -47.470703125 -0.74853515625, -47.41865234374998 -0.7659179687500028, -47.43291015624999 -0.7218750000000114, -47.460351562499994 -0.6809570312500028, -47.439062500000006 -0.6476562500000114, -47.398095703124994 -0.6266601562500114, -47.26860351562499 -0.6454101562500085, -47.200537109375006 -0.6804687500000028, -47.12690429687498 -0.7454101562500028, -47.02460937499998 -0.7501953125000114, -46.9443359375 -0.7433593750000114, -46.893652343750006 -0.7798828125000057, -46.81123046874998 -0.7796875000000085, -46.769921874999994 -0.8365234375000057, -46.644433593749994 -0.9164062500000085, -46.61723632812499 -0.9706054687500085, -46.421728515625006 -1.0300781250000028, -46.32084960937499 -1.0391601562500057, -46.219140624999994 -1.03125, -46.214990234374994 -1.0998046875000114, -46.140380859375 -1.1183593750000114, -46.04462890624998 -1.10302734375, -45.972265625000006 -1.1874023437500085, -45.77880859375 -1.2507812500000028, -45.644775390625 -1.3478515625000114, -45.55693359374999 -1.3306640625000057, -45.458593750000006 -1.3562500000000028, -45.35302734375 -1.5673828125, -45.32915039062499 -1.71728515625, -45.282128906249994 -1.6965820312500028, -45.23857421874999 -1.6294921875000057, -45.18208007812498 -1.5070312500000114, -45.07636718749998 -1.4664062500000057, -45.025781249999994 -1.5134765625000028, -44.919775390625006 -1.5888671875, -44.828369140625 -1.6716796875000028, -44.78984374999999 -1.7248046875000114, -44.72114257812498 -1.7334960937500057, -44.77851562499998 -1.798828125, -44.720947265625 -1.7922851562500028, -44.651269531249994 -1.7458007812500114, -44.591650390625006 -1.841796875, -44.546777343749994 -1.9462890625, -44.53779296874998 -2.052734375, -44.58002929687498 -2.1138671875000057, -44.617285156250006 -2.152148437500003, -44.65864257812498 -2.2275390625, -44.70751953125 -2.2411132812500085, -44.75634765625 -2.2655273437500085, -44.70063476562498 -2.3204101562500057, -44.66240234374999 -2.3732421875000114, -44.579003906249994 -2.23046875, -44.520361328125006 -2.1903320312500085, -44.435449218749994 -2.1680664062500057, -44.39130859374998 -2.2696289062500057, -44.3818359375 -2.365527343750003, -44.520117187500006 -2.4054687500000114, -44.520654296874994 -2.481250000000003, -44.56201171875 -2.524218750000003, -44.589013671874994 -2.5734375000000114, -44.61079101562498 -2.6768554687500057, -44.63896484374999 -2.762500000000003, -44.72138671874998 -3.1422851562500114, -44.723046874999994 -3.2047851562500114, -44.622656250000006 -3.1378906250000114, -44.43754882812499 -2.9444335937500057, -44.38115234374999 -2.7383789062500057, -44.30815429687499 -2.53515625, -44.228613281250006 -2.4712890625000057, -44.17939453124998 -2.47119140625, -44.105566406250006 -2.493457031250003, -44.10136718749999 -2.56005859375, -44.112646484375006 -2.5985351562500085, -44.19160156249998 -2.6996093750000085, -44.225195312500006 -2.7549804687500057, -44.19267578124999 -2.8095703125, -44.01323242187499 -2.6421875000000057, -43.93291015624999 -2.58349609375, -43.86445312499998 -2.5954101562500114, -43.728613281250006 -2.5181640625000057, -43.45512695312499 -2.5020507812500057, -43.43461914062499 -2.4136718750000057, -43.38007812499998 -2.3760742187500057, -43.22968749999998 -2.386035156250003, -42.93671874999998 -2.4650390625000114, -42.832275390625 -2.529589843750003, -42.675878906250006 -2.589648437500003, -42.59355468749999 -2.6610351562500085, -42.249609375000006 -2.7919921875, -41.999853515625006 -2.8060546875000085, -41.87617187499998 -2.74658203125, -41.72187499999998 -2.808886718750003, -41.64013671875 -2.8786132812500114, -41.47993164062498 -2.91650390625, -41.318212890625006 -2.9362304687500114, -41.19453124999998 -2.8861328125000085, -40.875585937500006 -2.86962890625, -40.47456054687498 -2.7956054687500114, -40.2353515625 -2.8131835937500114, -39.964697265625006 -2.8615234375000114, -39.771826171875006 -2.98583984375, -39.60942382812499 -3.0562500000000057, -39.51118164062498 -3.1255859375000057, -39.352685546874994 -3.1973632812500057, -39.01435546874998 -3.3902343750000057, -38.89599609375 -3.501757812500003, -38.68623046874998 -3.6537109375000085, -38.47578124999998 -3.7174804687500114, -38.361914062500006 -3.87646484375, -38.271874999999994 -3.948046875000003, -38.048828125 -4.216406250000006, -37.795654296875 -4.404296875, -37.626318359375006 -4.592089843750003, -37.30146484374998 -4.713085937500011, -37.174658203125006 -4.912402343750003, -36.95488281249999 -4.936718750000011, -36.86113281249999 -4.966601562500003, -36.74736328124999 -5.0506835937500085, -36.590722656249994 -5.0975585937500085, -36.38671875 -5.084277343750003, -36.161767578124994 -5.09375, -35.979882812499994 -5.054394531250011, -35.549414062500006 -5.12939453125, -35.481689453125 -5.166015625, -35.392578125 -5.2508789062500085, -35.235449218750006 -5.566699218750003, -35.141748046874994 -5.917187500000011, -35.095458984375 -6.185351562500003, -34.988183593749994 -6.393750000000011, -34.929589843749994 -6.7850585937500085, -34.8798828125 -6.908203125, -34.8759765625 -7.0029296875, -34.833886718749994 -7.0244140625, -34.80546874999999 -7.288378906250003, -34.81660156249998 -7.394824218750003, -34.857763671875006 -7.533300781250006, -34.85478515624999 -7.63427734375, -34.87299804687498 -7.692089843750011, -34.87861328124998 -7.7474609375000085, -34.8369140625 -7.871777343750011, -34.83466796874998 -7.971484375000003, -34.890527343749994 -8.092187500000009, -34.966650390625006 -8.407617187500009, -35.15776367187499 -8.930566406250009, -35.34086914062499 -9.230664062500011, -35.597070312499994 -9.540625000000006, -35.76396484374999 -9.702539062500009, -35.83012695312499 -9.719042968750003, -35.89082031249998 -9.68701171875, -35.847753906250006 -9.7724609375, -35.88544921874998 -9.84765625, -36.05498046874999 -10.075781250000006, -36.223535156249994 -10.22509765625, -36.398339843749994 -10.484082031250011, -36.6357421875 -10.589941406250006, -36.768310546875 -10.671679687500003, -36.93779296874999 -10.820410156250006, -37.093359375000006 -11.054785156250006, -37.12548828125 -11.0849609375, -37.18281249999998 -11.068457031250006, -37.18120117187499 -11.1875, -37.31513671874998 -11.3759765625, -37.35600585937499 -11.403906250000006, -37.354882812499994 -11.350488281250009, -37.331640625000006 -11.309863281250003, -37.32080078125 -11.2666015625, -37.32177734375 -11.215136718750003, -37.359228515625006 -11.252539062500006, -37.4384765625 -11.393750000000011, -37.41181640624998 -11.497265625000011, -37.469335937500006 -11.653613281250003, -37.688720703125 -12.100000000000009, -37.95732421874999 -12.475488281250009, -38.01923828124998 -12.59130859375, -38.23974609375 -12.84423828125, -38.401757812499994 -12.966210937500009, -38.44731445312499 -12.967089843750003, -38.498925781249994 -12.956640625000006, -38.52490234375 -12.762304687500006, -38.65400390624998 -12.644628906250006, -38.69096679687499 -12.623925781250009, -38.743896484375 -12.74853515625, -38.787988281249994 -12.78271484375, -38.85175781249998 -12.790136718750006, -38.783593749999994 -12.844433593750011, -38.76372070312499 -12.9072265625, -38.833154296874994 -13.032910156250011, -38.835302734375006 -13.147167968750011, -38.95917968749998 -13.273046875000006, -39.030908203124994 -13.365136718750009, -39.0673828125 -13.48046875, -39.08935546875 -13.588183593750003, -39.034912109375 -13.558789062500011, -39.00908203124999 -13.581445312500009, -38.988623046875006 -13.615039062500003, -39.001220703125 -13.66455078125, -39.041113281250006 -13.758105468750003, -39.034912109375 -13.991015625000003, -39.04814453124999 -14.0439453125, -39.00849609374998 -14.101171875000006, -38.96650390624998 -14.00341796875, -38.94233398437498 -14.030664062500009, -39.0595703125 -14.65478515625, -39.01337890624998 -14.935644531250006, -38.996191406250006 -15.253808593750009, -38.943212890625006 -15.564355468750009, -38.880615234375 -15.8642578125, -38.960791015625006 -16.1865234375, -39.063232421875 -16.50439453125, -39.12504882812499 -16.76357421875001, -39.163964843749994 -17.043554687500006, -39.202880859375 -17.17812500000001, -39.215234374999994 -17.31582031250001, -39.17060546874998 -17.64208984375, -39.15400390624998 -17.703906250000003, -39.27836914062499 -17.849414062500003, -39.41259765625 -17.920019531250006, -39.48676757812498 -17.99013671875001, -39.650781249999994 -18.25234375000001, -39.73979492187499 -18.63984375000001, -39.741943359375 -18.845996093750003, -39.699853515624994 -19.27783203125, -39.7314453125 -19.453906250000003, -39.783300781250006 -19.57177734375, -39.8447265625 -19.64912109375001, -40.001367187499994 -19.741992187500003, -40.141699218750006 -19.96826171875, -40.202734375000006 -20.2060546875, -40.29887695312499 -20.29267578125001, -40.31855468749998 -20.42578125, -40.39594726562498 -20.569433593750006, -40.596582031249994 -20.783789062500006, -40.72705078125 -20.84619140625, -40.78925781249998 -20.906054687500003, -40.828759765624994 -21.031347656250006, -40.95454101562498 -21.237890625000006, -41.047265624999994 -21.505664062500003, -41.02314453124998 -21.59687500000001, -40.98784179687499 -21.92031250000001, -41.00029296874999 -21.9990234375, -41.12250976562498 -22.08437500000001, -41.582910156249994 -22.24365234375, -41.70551757812498 -22.309667968750006, -41.98041992187498 -22.580664062500006, -41.99755859375 -22.644628906250006, -41.98613281249999 -22.73583984375, -41.94091796875 -22.78828125000001, -41.98749999999998 -22.84511718750001, -42.042382812499994 -22.947070312500003, -42.122460937499994 -22.94082031250001, -42.5810546875 -22.941015625000006, -42.82929687499998 -22.97333984375001, -42.95830078124999 -22.967089843750003, -43.016210937500006 -22.94257812500001, -43.081152343750006 -22.90253906250001, -43.100683593750006 -22.85009765625, -43.0654296875 -22.77070312500001, -43.086279296875006 -22.72333984375001, -43.154296875 -22.725195312500006, -43.22900390625 -22.747656250000006, -43.241943359375 -22.79511718750001, -43.23662109374999 -22.82880859375001, -43.208837890625006 -22.87812500000001, -43.193603515625 -22.938574218750006, -43.22416992187499 -22.9912109375, -43.369482421875006 -22.998046875, -43.532812500000006 -23.04638671875, -43.73652343749998 -23.06660156250001, -43.898828124999994 -23.10146484375001, -43.97382812499998 -23.05732421875001, -43.898828124999994 -23.035253906250006, -43.791406249999994 -23.045996093750006, -43.67597656249998 -23.00947265625001, -43.70292968749999 -22.96630859375, -43.86616210937498 -22.91054687500001, -44.047460937500006 -22.94472656250001, -44.14799804687499 -23.011035156250003, -44.367919921875 -23.004980468750006, -44.63725585937499 -23.055468750000003, -44.68115234375 -23.10693359375, -44.673828125 -23.206640625000006, -44.62109375 -23.228515625, -44.569677734375006 -23.274023437500006, -44.61909179687498 -23.31640625, -44.66718749999998 -23.33515625000001, -44.95166015625 -23.381445312500006, -45.215429687500006 -23.57558593750001, -45.32539062499998 -23.599707031250006, -45.42329101562498 -23.685351562500003, -45.43339843749999 -23.75849609375001, -45.46430664062498 -23.802539062500003, -45.527099609375 -23.804785156250006, -45.664648437500006 -23.76484375000001, -45.843164062499994 -23.763671875, -45.972070312499994 -23.795507812500006, -46.630761718749994 -24.1103515625, -46.867285156250006 -24.236328125, -47.13720703125 -24.4931640625, -47.592187499999994 -24.781054687500003, -47.831152343750006 -24.952929687500003, -47.876562500000006 -24.99746093750001, -47.914306640625 -24.99990234375001, -47.989160156249994 -25.035742187500006, -47.959374999999994 -25.0654296875, -47.908349609374994 -25.068164062500003, -47.92939453124998 -25.168261718750003, -48.02436523437498 -25.23671875000001, -48.202734375000006 -25.41650390625, -48.242431640625 -25.4033203125, -48.185937499999994 -25.309863281250003, -48.27348632812499 -25.30634765625001, -48.402490234374994 -25.272070312500006, -48.45849609375 -25.31074218750001, -48.427636718749994 -25.4033203125, -48.47612304687499 -25.442968750000006, -48.56416015624998 -25.44746093750001, -48.64399414062498 -25.4365234375, -48.73173828124999 -25.368750000000006, -48.69218749999999 -25.491503906250003, -48.50703124999998 -25.521289062500003, -48.42988281249998 -25.55019531250001, -48.40117187499999 -25.59736328125001, -48.545166015625 -25.81591796875, -48.665771484375 -25.844335937500006, -48.67900390624999 -25.87519531250001, -48.61284179687499 -25.875, -48.576318359374994 -25.93544921875001, -48.61943359374999 -26.17939453125001, -48.67900390624999 -26.22578125000001, -48.713769531249994 -26.22695312500001, -48.748291015625 -26.268652343750006, -48.70068359375 -26.34833984375001, -48.651611328125 -26.40644531250001, -48.65815429687498 -26.519140625000006, -48.676513671875 -26.612402343750006, -48.677734375 -26.702929687500003, -48.61567382812498 -26.87812500000001, -48.593408203124994 -27.05800781250001, -48.568359375 -27.12343750000001, -48.55415039062498 -27.19599609375001, -48.59550781249999 -27.26386718750001, -48.57197265624998 -27.37275390625001, -48.642578125 -27.557910156250003, -48.60566406249998 -27.8251953125, -48.62080078124998 -28.07558593750001, -48.6484375 -28.20722656250001, -48.693212890625006 -28.310156250000006, -48.797265624999994 -28.442675781250003, -48.799658203125006 -28.575292968750006, -49.023583984374994 -28.69863281250001, -49.27128906249999 -28.871191406250006, -49.499902343749994 -29.07539062500001, -49.745996093749994 -29.36318359375001, -50.033349609374994 -29.80097656250001, -50.29951171874998 -30.42578125, -50.619970703125006 -30.89765625000001, -50.748144531250006 -31.06806640625001, -50.92138671875 -31.258398437500006, -51.151757812499994 -31.48037109375001, -51.46040039062498 -31.702441406250003, -51.79814453124999 -31.90029296875001, -51.92021484374999 -31.989550781250003, -52.039208984374994 -32.114843750000006, -52.06894531249999 -32.063085937500006, -52.0431640625 -31.9775390625, -52.0595703125 -31.91347656250001, -52.063232421875 -31.830371093750003, -51.9951171875 -31.815039062500006, -51.893164062500006 -31.867773437500006, -51.80341796874998 -31.796679687500003, -51.6806640625 -31.77460937500001, -51.446191406249994 -31.55732421875001, -51.27216796874998 -31.47695312500001, -51.17431640625 -31.33974609375001, -51.15751953124999 -31.26679687500001, -51.16142578124999 -31.11884765625001, -51.10595703125 -31.081347656250003, -50.980078125000006 -31.09423828125, -50.95439453124999 -31.05214843750001, -50.96533203125 -31.005468750000006, -50.940820312499994 -30.90371093750001, -50.770166015624994 -30.81337890625001, -50.689306640625006 -30.704199218750006, -50.71630859375 -30.42597656250001, -50.68505859375 -30.41347656250001, -50.614843750000006 -30.456835937500003, -50.581933593749994 -30.43886718750001, -50.546533203124994 -30.31689453125, -50.56352539062499 -30.25361328125001, -50.64619140624998 -30.23681640625, -50.931884765625 -30.374316406250003, -51.02495117187499 -30.36865234375, -51.040380859375006 -30.26064453125001, -51.179296875000006 -30.211035156250006, -51.23359374999998 -30.121386718750003, -51.249853515625006 -30.05996093750001, -51.29804687499998 -30.03486328125001, -51.295019531250006 -30.14101562500001, -51.28178710937499 -30.244140625, -51.15727539062499 -30.3642578125, -51.18754882812499 -30.411914062500003, -51.24658203125 -30.467578125000003, -51.287695312500006 -30.59121093750001, -51.283056640625006 -30.751562500000006, -51.31640625 -30.702734375000006, -51.35908203124998 -30.67451171875001, -51.37646484375 -30.84687500000001, -51.459130859374994 -30.91279296875001, -51.485253906249994 -30.9775390625, -51.46367187499999 -31.05263671875001, -51.50629882812498 -31.1044921875, -51.716894531250006 -31.243750000000006, -51.92680664062499 -31.3388671875, -51.97246093749999 -31.3837890625, -52.02695312499999 -31.59902343750001, -52.11982421875 -31.694921875000006, -52.1935546875 -31.885546875000003, -52.191552734374994 -31.967578125000003, -52.16708984374999 -32.088476562500006, -52.127392578125 -32.1677734375, -52.190185546875 -32.220800781250006, -52.274609375 -32.32373046875, -52.34165039062499 -32.43974609375, -52.50849609375 -32.87529296875, -52.652246093749994 -33.137792968750006, -52.762890625 -33.26640625, -52.920849609375 -33.401953125000006, -53.419580078124994 -33.77919921875001, -53.47246093749999 -33.84931640625001, -53.53452148437499 -34.01748046875001, -53.742919921875 -34.24951171875, -53.785302734374994 -34.38037109375, -54.01025390625 -34.51699218750001, -54.16855468749999 -34.670703125, -54.272119140624994 -34.66689453125001, -54.36533203124999 -34.73271484375, -54.902294921875 -34.93281250000001, -55.095117187499994 -34.895117187500006, -55.23789062499999 -34.89580078125, -55.37060546875 -34.8076171875, -55.67314453124999 -34.77568359375, -55.862939453124994 -34.81093750000001, -56.117919921875 -34.90791015625001, -56.19462890624999 -34.90644531250001, -56.249951171875 -34.90126953125001, -56.387841796874994 -34.86103515625001, -56.4630859375 -34.775390625, -56.85517578125 -34.67666015625001, -57.17070312499999 -34.45234375000001, -57.54345703125 -34.448046875, -57.8291015625 -34.47734375, -57.8732421875 -34.44765625000001, -57.90214843749999 -34.39013671875, -57.96123046874999 -34.30693359375, -58.20703125 -34.10908203125001, -58.40019531249999 -33.91240234375, -58.438134765624994 -33.71914062500001, -58.411328125 -33.508886718750006, -58.35336914062499 -33.26005859375, -58.363525390625 -33.18232421875001, -58.2921875 -33.13798828125, -58.221582031249994 -33.12910156250001, -58.153564453125 -33.06464843750001, -58.092675781249994 -32.967382812500006, -58.08232421874999 -32.893652343750006, -58.12958984375 -32.75722656250001, -58.16220703124999 -32.566503906250006, -58.201171875 -32.4716796875, -58.219970703125 -32.56396484375, -58.17099609374999 -32.95927734375, -58.20078124999999 -33.0146484375, -58.250390624999994 -33.07832031250001, -58.30888671874999 -33.08291015625001, -58.3759765625 -33.071875000000006, -58.424462890624994 -33.11152343750001, -58.454833984375 -33.2859375, -58.54721679687499 -33.66347656250001, -58.53056640624999 -33.753027343750006, -58.45659179687499 -33.89833984375001, -58.40903320312499 -34.06074218750001, -58.392480468749994 -34.192968750000006, -58.435498046875 -34.252539062500006, -58.475244140624994 -34.26298828125, -58.52548828124999 -34.29619140625, -58.466210937499994 -34.45742187500001, -58.4189453125 -34.53164062500001, -58.283349609374994 -34.68349609375001, -57.763574218749994 -34.89453125, -57.5478515625 -35.01894531250001, -57.303662109375 -35.1884765625, -57.170654296875 -35.36250000000001, -57.15888671875 -35.505957031250006, -57.353906249999994 -35.720312500000006, -57.37548828125 -35.90029296875001, -57.33544921875 -36.02675781250001, -57.26499023437499 -36.144140625000006, -57.076171875 -36.29677734375001, -56.937158203124994 -36.3525390625, -56.749462890625 -36.346484375, -56.71738281249999 -36.38906250000001, -56.69809570312499 -36.42646484375001, -56.66826171874999 -36.73525390625001, -56.672021484374994 -36.85126953125001, -56.72714843749999 -36.95771484375001, -57.08769531249999 -37.446386718750006, -57.395751953125 -37.74462890625, -57.507275390625 -37.909277343750006, -57.54697265624999 -38.08564453125001, -57.64560546874999 -38.16962890625001, -58.17919921875 -38.43583984375002, -59.007226562499994 -38.67333984375, -59.67626953125 -38.79667968750002, -59.8283203125 -38.83818359375002, -60.903955078124994 -38.97392578125002, -61.112207031249994 -38.99296875000002, -61.38286132812499 -38.980859374999994, -61.6025390625 -38.99882812500002, -61.847900390625 -38.961816406249994, -62.06689453125 -38.91914062500001, -62.18925781249999 -38.81328125000002, -62.33476562499999 -38.80009765625002, -62.374462890625 -38.852929687499994, -62.303613281249994 -38.98808593750002, -62.3380859375 -39.15058593750001, -62.295068359374994 -39.243261718750006, -62.20908203124999 -39.261816406250006, -62.12646484375 -39.30976562500001, -62.053662109375 -39.37382812500002, -62.179345703124994 -39.380468750000006, -62.13056640625 -39.431542968749994, -62.076806640624994 -39.461523437500006, -62.082763671875 -39.568359375, -62.13154296875 -39.82539062500001, -62.28691406249999 -39.89531250000002, -62.323974609375 -39.95068359375, -62.40185546875 -40.19658203125002, -62.427001953125 -40.35595703125, -62.39360351562499 -40.45878906250002, -62.246337890625 -40.67460937500002, -62.30185546874999 -40.81464843750001, -62.39501953125 -40.89082031250001, -62.95903320312499 -41.10966796875002, -63.212841796875 -41.152441406250006, -63.62177734375 -41.159765625000006, -63.77299804687499 -41.150000000000006, -64.123193359375 -41.0078125, -64.383447265625 -40.922460937500006, -64.621484375 -40.8544921875, -64.852978515625 -40.81376953125002, -64.81987304687499 -40.79326171875002, -64.80439453125 -40.75654296875001, -64.86948242187499 -40.73583984375, -64.91689453125 -40.731347656249994, -65.06943359374999 -40.805273437500006, -65.13339843749999 -40.88066406250002, -65.15185546875 -40.94697265625001, -65.15498046875 -41.10566406250001, -65.127880859375 -41.23876953125, -65.01826171875 -41.56689453125, -65.00703125 -41.7451171875, -65.05908203125 -41.96992187500001, -64.98637695312499 -42.10205078125, -64.89804687499999 -42.16181640625001, -64.69951171874999 -42.220800781250006, -64.6224609375 -42.26103515625002, -64.537744140625 -42.25458984375001, -64.51171875 -42.27021484375001, -64.52421874999999 -42.299218749999994, -64.57412109375 -42.35595703125, -64.57099609375 -42.416015625, -64.42041015625 -42.43378906250001, -64.264599609375 -42.42167968750002, -64.10087890624999 -42.395117187500006, -64.06220703125 -42.353417968749994, -64.061181640625 -42.26611328125, -64.2529296875 -42.25078125000002, -64.228515625 -42.21826171875, -63.89287109374999 -42.124609375000006, -63.795556640624994 -42.113867187500006, -63.684765625 -42.18867187500001, -63.6298828125 -42.28271484375, -63.5958984375 -42.40654296875002, -63.59443359375 -42.555566406249994, -63.617333984374994 -42.69580078125, -63.644482421875 -42.745703125000006, -63.69248046874999 -42.805273437500006, -64.03476562499999 -42.881249999999994, -64.13066406249999 -42.861425781250006, -64.219921875 -42.75556640625001, -64.24794921875 -42.646093750000006, -64.32426757812499 -42.572265625, -64.48784179687499 -42.51347656250002, -64.65048828124999 -42.53144531250001, -64.811962890625 -42.633203124999994, -64.970703125 -42.66630859375002, -65.02690429687499 -42.758886718750006, -64.62919921874999 -42.90898437500002, -64.441552734375 -42.95068359375, -64.38037109375 -42.94921875, -64.31914062499999 -42.96894531250001, -64.37568359375 -43.02460937500001, -64.43222656249999 -43.059179687500006, -64.715234375 -43.13554687500002, -64.83994140624999 -43.188867187499994, -64.985546875 -43.293554687500006, -65.18974609374999 -43.522070312500006, -65.25234375 -43.571875000000006, -65.28359375 -43.629980468750006, -65.3046875 -43.787499999999994, -65.23857421874999 -44.048730468749994, -65.30839843749999 -44.158203125, -65.26552734375 -44.279687499999994, -65.28984374999999 -44.360742187499994, -65.361279296875 -44.47734375000002, -65.647607421875 -44.66142578125002, -65.69833984374999 -44.79619140625002, -65.59912109375 -44.875585937500006, -65.605712890625 -44.94501953125001, -65.63876953124999 -45.0078125, -65.75771484375 -45.00712890625002, -66.19013671875 -44.964746093749994, -66.34775390624999 -45.033593749999994, -66.493603515625 -45.117578124999994, -66.533447265625 -45.157812500000006, -66.58505859374999 -45.18291015625002, -66.882470703125 -45.227636718750006, -66.94140625 -45.25732421875, -67.25761718749999 -45.577246093750006, -67.393017578125 -45.77558593750001, -67.556640625 -45.970117187499994, -67.599560546875 -46.05253906250002, -67.60888671875 -46.16679687500002, -67.586083984375 -46.26953125, -67.56337890625 -46.34541015625001, -67.50644531249999 -46.442773437499994, -67.38662109375 -46.553808593750006, -66.77685546875 -47.005859375, -66.650390625 -47.045312499999994, -65.99853515625 -47.09375, -65.853662109375 -47.15673828125, -65.76909179687499 -47.256738281249994, -65.73808593749999 -47.34492187500001, -65.775390625 -47.568359375, -65.81430664062499 -47.63818359375, -65.88632812499999 -47.701562499999994, -66.04062499999999 -47.783300781250006, -66.225244140625 -47.826757812500006, -66.17236328125 -47.85761718750001, -66.09736328125 -47.85322265625001, -65.934228515625 -47.826757812500006, -65.863671875 -47.85322265625001, -65.81005859375 -47.94111328125001, -65.91215820312499 -47.97675781250001, -65.94340820312499 -48.01933593750002, -66.01718749999999 -48.08427734375002, -66.39335937499999 -48.342382812500006, -66.59628906249999 -48.419531250000006, -66.78281249999999 -48.52294921875, -67.03310546875 -48.62773437500002, -67.13095703124999 -48.687890624999994, -67.263330078125 -48.81425781250002, -67.46630859375 -48.951757812500006, -67.68486328124999 -49.246679687500006, -67.69370117187499 -49.30400390625002, -67.66196289062499 -49.342187499999994, -67.78349609374999 -49.85888671875, -67.82597656249999 -49.91962890625001, -67.91396484375 -49.984472656250006, -68.145654296875 -50.091406250000006, -68.2572265625 -50.104589843750006, -68.40463867187499 -50.04267578125001, -68.48789062499999 -49.977929687499994, -68.569287109375 -49.86699218750002, -68.66757812499999 -49.752539062500006, -68.67265624999999 -49.79345703125, -68.63847656249999 -49.86298828125001, -68.66162109375 -49.93574218750001, -68.91298828125 -49.96875, -68.97958984374999 -50.003027343750006, -68.752685546875 -49.987695312499994, -68.59794921874999 -50.00947265625001, -68.53256835937499 -50.0361328125, -68.47373046874999 -50.091406250000006, -68.421875 -50.15791015625001, -68.46542968749999 -50.194726562499994, -68.58935546875 -50.225195312500006, -68.74985351562499 -50.281152343749994, -68.939453125 -50.38232421875, -69.04477539062499 -50.499121093750006, -69.09018554687499 -50.583105468750006, -69.14140624999999 -50.752539062500006, -69.15498046875 -50.86445312500001, -69.23515624999999 -50.950585937499994, -69.35859375 -51.02812500000002, -69.3517578125 -51.045800781249994, -69.26796875 -51.00615234375002, -69.20102539062499 -50.99365234375, -69.143505859375 -51.09697265625002, -69.06572265624999 -51.30351562500002, -69.02958984374999 -51.44648437500001, -69.035302734375 -51.48896484375001, -69.05830078125 -51.54716796875002, -69.21806640624999 -51.56123046875001, -69.360546875 -51.559472656249994, -69.46542968749999 -51.58447265625, -69.40908203125 -51.610253906249994, -69.31303710937499 -51.60107421875, -69.180126953125 -51.66230468750001, -69.03251953124999 -51.63623046875, -68.96533203125 -51.677148437499994, -68.91679687499999 -51.71464843750002, -68.6908203125 -52.013085937499994, -68.49350585937499 -52.19755859375002, -68.39375 -52.307031249999994, -68.443359375 -52.35664062500001, -69.0072265625 -52.2626953125, -69.1337890625 -52.21142578125, -69.24101562499999 -52.205468749999994, -69.44687499999999 -52.269433593749994, -69.56059570312499 -52.42158203125001, -69.6203125 -52.464746093749994, -69.763330078125 -52.50556640625001, -69.9072265625 -52.513574218749994, -70.39096679687499 -52.66083984375001, -70.562939453125 -52.673437500000006, -70.680322265625 -52.712500000000006, -70.7951171875 -52.76875000000001, -70.8390625 -52.889550781249994, -70.82119140625 -52.96308593750001, -70.95205078125 -53.226953124999994, -70.984326171875 -53.373632812500006, -70.985107421875 -53.448339843750006, -70.94780273437499 -53.570410156250006, -70.995849609375 -53.779296875, -71.08281249999999 -53.82500000000002, -71.29775390625 -53.883398437500006, -71.44389648437499 -53.840917968750006, -71.693798828125 -53.803124999999994, -71.87187499999999 -53.72265625, -72.10092773437499 -53.66582031250002, -72.17441406249999 -53.63232421875, -72.37680664062499 -53.47119140625, -72.39824218749999 -53.41777343750002, -72.41289062499999 -53.350195312500006, -72.3060546875 -53.25371093750002, -72.24863281249999 -53.246679687500006, -72.08115234374999 -53.249609375000006, -71.94169921874999 -53.23408203125001, -71.852734375 -53.285742187500006, -71.82822265624999 -53.398339843749994, -71.867333984375 -53.458398437499994, -71.902783203125 -53.495507812499994, -71.89169921874999 -53.523535156250006, -71.791455078125 -53.48457031250001, -71.74052734374999 -53.23261718750001, -71.400341796875 -53.107031250000006, -71.28896484375 -53.03369140625, -71.18022460937499 -52.920507812500006, -71.16328125 -52.888085937499994, -71.15507812499999 -52.845605468749994, -71.22714843749999 -52.810644531250006, -71.38774414062499 -52.764257812500006, -71.89799804687499 -53.00175781250002, -72.1291015625 -53.064355468749994, -72.27802734375 -53.13232421875, -72.45830078124999 -53.254492187500006, -72.492578125 -53.290625000000006, -72.53081054687499 -53.371679687500006, -72.54892578124999 -53.46074218750002, -72.726806640625 -53.420019531250006, -72.99838867187499 -53.29072265625001, -73.052734375 -53.24345703125002, -72.9982421875 -53.17724609375, -72.91552734375 -53.121972656249994, -72.909912109375 -52.9365234375, -72.88916015625 -52.87158203125, -72.83188476562499 -52.81953125000001, -72.727685546875 -52.762304687500006, -72.6759765625 -52.7490234375, -72.632080078125 -52.773828124999994, -72.626611328125 -52.81757812500001, -72.45346679687499 -52.814453125, -72.117578125 -52.650000000000006, -71.97929687499999 -52.646093750000006, -71.7970703125 -52.68281250000001, -71.5912109375 -52.660742187500006, -71.554150390625 -52.643945312499994, -71.51127929687499 -52.605371093749994, -71.66474609375 -52.56005859375, -71.8119140625 -52.537011718749994, -72.22568359374999 -52.52099609375, -72.315380859375 -52.53857421875, -72.4376953125 -52.62578125000002, -72.478271484375 -52.60400390625, -72.50439453125 -52.56005859375, -72.64482421874999 -52.52910156250002, -72.712109375 -52.535546874999994, -72.7765625 -52.57744140625002, -72.766015625 -52.642578125, -72.801904296875 -52.71240234375, -72.931884765625 -52.781640624999994, -73.020263671875 -52.89179687500001, -73.01611328125 -52.977441406249994, -73.02299804687499 -53.022070312500006, -73.05546874999999 -53.04560546875001, -73.1224609375 -53.07392578125001, -73.33818359374999 -53.0546875, -73.45986328125 -52.96484375, -73.50751953125 -52.90351562500001, -73.64521484375 -52.837011718750006, -73.345947265625 -52.754296874999994, -73.24082031249999 -52.707128906250006, -73.073193359375 -52.535058593749994, -73.12392578125 -52.48798828125001, -73.1837890625 -52.487890625000006, -73.178173828125 -52.56269531250001, -73.244140625 -52.6240234375, -73.38212890624999 -52.595117187499994, -73.585693359375 -52.68574218750001, -73.71083984375 -52.661523437499994, -73.914697265625 -52.68818359375001, -74.01445312499999 -52.63935546875001, -74.03583984375 -52.577246093750006, -73.99990234375 -52.512597656249994, -74.037353515625 -52.402929687500006, -74.093505859375 -52.37626953125002, -74.150830078125 -52.38251953125001, -74.17656249999999 -52.31718750000002, -74.2384765625 -52.20234375000001, -74.26596679687499 -52.171289062499994, -74.295654296875 -52.11787109375001, -74.26494140624999 -52.104882812499994, -74.19492187499999 -52.120214843750006, -74.133544921875 -52.15478515625, -74.040234375 -52.1591796875, -73.83447265625 -52.233984375000006, -73.702783203125 -52.198828125000006, -73.68540039062499 -52.13671875, -73.684326171875 -52.077734375000006, -73.64902343749999 -52.077734375000006, -73.5322265625 -52.15312500000002, -73.457958984375 -52.14599609375, -73.32675781249999 -52.165917968749994, -73.26044921875 -52.157812500000006, -73.137353515625 -52.12968750000002, -72.94370117187499 -52.046875, -72.843212890625 -51.96113281250001, -72.79501953124999 -51.94951171875002, -72.73540039062499 -51.960546875000006, -72.695458984375 -51.98515625000002, -72.69482421875 -52.04472656250002, -72.649560546875 -52.09990234375002, -72.58798828124999 -52.145117187500006, -72.57084960937499 -52.200097656249994, -72.583447265625 -52.25419921875002, -72.693603515625 -52.33027343750001, -72.714013671875 -52.35673828125002, -72.67705078124999 -52.384667968749994, -72.631494140625 -52.37158203125, -72.56870117187499 -52.333984375, -72.53291015625 -52.282324218750006, -72.52333984375 -52.255468750000006, -72.52412109375 -52.170312499999994, -72.61357421874999 -52.037011718749994, -72.624755859375 -52.006933593750006, -72.62460937499999 -51.94648437500001, -72.5228515625 -51.89091796875002, -72.494140625 -51.847558593749994, -72.4896484375 -51.763671875, -72.54252929687499 -51.706152343750006, -72.76123046875 -51.5732421875, -73.12675781249999 -51.43994140625, -73.16874999999999 -51.45390625000002, -73.197021484375 -51.47802734375, -73.16337890624999 -51.49560546875, -73.114990234375 -51.504492187500006, -72.78935546874999 -51.6142578125, -72.70458984375 -51.67792968750001, -72.649072265625 -51.69501953125001, -72.58330078124999 -51.7373046875, -72.600048828125 -51.79912109375002, -72.928369140625 -51.85986328125, -73.188671875 -51.990624999999994, -73.383251953125 -52.07001953125001, -73.51816406249999 -52.041015625, -73.58232421874999 -51.960351562499994, -73.65029296875 -51.85625000000002, -73.75263671875 -51.795507812500006, -73.81064453124999 -51.801171874999994, -73.857568359375 -51.789941406249994, -73.89443359375 -51.7578125, -73.97324218749999 -51.78447265625002, -74.146435546875 -51.71210937500001, -74.1966796875 -51.680566406249994, -74.069580078125 -51.578710937500006, -73.92978515624999 -51.61787109375001, -73.8958984375 -51.331445312499994, -73.93950195312499 -51.26630859375001, -74.121240234375 -51.195410156250006, -74.21049804687499 -51.20458984375, -74.33232421874999 -51.19501953125001, -74.41435546874999 -51.162499999999994, -74.586865234375 -51.13066406250002, -74.690087890625 -51.086523437500006, -74.81474609374999 -51.062890624999994, -74.98310546875 -50.88105468750001, -75.055322265625 -50.785546874999994, -75.094677734375 -50.681250000000006, -74.83662109375 -50.67890625000001, -74.6857421875 -50.662011718749994, -74.64892578125 -50.61845703125002, -74.70205078125 -50.53535156250001, -74.77587890625 -50.46992187500001, -74.7216796875 -50.40849609375002, -74.644482421875 -50.360937500000006, -74.564111328125 -50.38203125000001, -74.36557617187499 -50.487890625000006, -74.3314453125 -50.5595703125, -74.190185546875 -50.77802734375001, -74.15610351562499 -50.797460937500006, -74.139404296875 -50.817773437499994, -73.84746093749999 -50.940039062500006, -73.80654296875 -50.938378906249994, -73.824609375 -50.835839843749994, -73.74057617187499 -50.696679687499994, -73.65903320312499 -50.65068359375002, -73.6181640625 -50.65117187500002, -73.61396484375 -50.6279296875, -73.69326171875 -50.57001953125001, -73.654443359375 -50.49267578125, -73.679931640625 -50.490234375, -73.7501953125 -50.53984375000002, -73.89150390625 -50.78271484375, -73.97802734375 -50.827050781249994, -74.09672851562499 -50.71708984375002, -74.197216796875 -50.609765624999994, -74.18559570312499 -50.4853515625, -73.950341796875 -50.51054687500002, -74.03105468749999 -50.469824218750006, -74.30556640625 -50.398046875000006, -74.37412109374999 -50.36298828125001, -74.42509765624999 -50.350195312500006, -74.51640624999999 -50.265625, -74.62958984375 -50.19404296875001, -74.434326171875 -50.06523437500002, -74.333740234375 -49.974609375, -74.01943359375 -50.02275390625002, -73.95859374999999 -49.994726562500006, -74.01123046875 -49.92851562500002, -74.07329101562499 -49.94853515625002, -74.171337890625 -49.907324218750006, -74.32392578125 -49.78339843750001, -74.31875 -49.720117187499994, -74.29082031249999 -49.604101562500006, -74.23037109375 -49.57929687500001, -74.102001953125 -49.55537109375001, -73.955517578125 -49.59306640625002, -73.891552734375 -49.62373046875001, -73.836376953125 -49.609375, -73.89248046875 -49.5234375, -73.988037109375 -49.49091796875001, -74.09443359375 -49.4296875, -74.08349609375 -49.36181640625, -74.04921875 -49.3056640625, -74.0234375 -49.244140625, -74.005615234375 -49.15800781250002, -74.015380859375 -49.090917968750006, -73.984765625 -49.059960937499994, -73.937890625 -49.04609375000001, -73.9349609375 -49.020898437499994, -74.027734375 -49.02617187500002, -74.06132812499999 -49.11103515625001, -74.073876953125 -49.188378906249994, -74.139794921875 -49.25048828125, -74.16787109375 -49.32050781250001, -74.1845703125 -49.404394531250006, -74.22128906249999 -49.500585937500006, -74.301513671875 -49.463964843750006, -74.34853515625 -49.42626953125, -74.36655273437499 -49.400488281250006, -74.358154296875 -49.35136718750002, -74.37998046874999 -49.0478515625, -74.38212890624999 -48.79365234375001, -74.341015625 -48.595703125, -74.227685546875 -48.516992187499994, -74.176220703125 -48.494140625, -74.129296875 -48.50419921875002, -74.05693359374999 -48.50361328125001, -74.00908203124999 -48.474999999999994, -74.171533203125 -48.42744140625001, -74.27006835937499 -48.45458984375, -74.34296875 -48.492578124999994, -74.47441406249999 -48.463964843750006, -74.4994140625 -48.3623046875, -74.57719726562499 -48.2744140625, -74.59072265625 -48.16191406250002, -74.58466796875 -47.9990234375, -74.40048828124999 -48.013085937499994, -74.250439453125 -48.044921875, -73.85380859374999 -48.04218750000001, -73.52817382812499 -48.1982421875, -73.38447265625 -48.177343750000006, -73.391064453125 -48.145898437499994, -73.5009765625 -48.10664062500001, -73.569580078125 -48.01933593750002, -73.60991210937499 -47.99394531250002, -73.62890625 -47.941503906250006, -73.63510742187499 -47.88037109375, -73.71586914062499 -47.65546875000001, -73.7482421875 -47.66132812500001, -73.779248046875 -47.73847656250001, -73.8466796875 -47.86699218750002, -73.940869140625 -47.92939453125001, -74.08476562499999 -47.954687500000006, -74.22705078125 -47.96894531250001, -74.3505859375 -47.9443359375, -74.379345703125 -47.891210937500006, -74.376220703125 -47.829687500000006, -74.4296875 -47.79960937500002, -74.56923828125 -47.77294921875, -74.60888671875 -47.75800781250001, -74.654931640625 -47.702246093750006, -74.58842773437499 -47.61796875000002, -74.53378906249999 -47.56767578125002, -74.46689453124999 -47.57763671875, -74.403564453125 -47.60039062500002, -74.32255859374999 -47.66669921875001, -74.24296874999999 -47.679296875000006, -74.15195312499999 -47.62666015625001, -74.13408203124999 -47.5908203125, -74.323681640625 -47.53144531250001, -74.482666015625 -47.43046875000002, -74.403271484375 -47.327539062499994, -74.21567382812499 -47.209570312500006, -74.1583984375 -47.182519531249994, -74.20805664062499 -47.083105468750006, -74.15190429687499 -46.97441406250002, -74.20947265625 -46.884765625, -74.31357421874999 -46.788183593750006, -74.45419921874999 -46.76679687500001, -74.48442382812499 -46.795019531250006, -74.48935546874999 -46.834570312500006, -74.4669921875 -46.864355468750006, -74.48017578125 -46.885839843750006, -74.51225585937499 -46.885156249999994, -74.6908203125 -46.86396484375001, -74.81064453124999 -46.799707031249994, -75.00595703124999 -46.741113281249994, -75.0314453125 -46.6953125, -75.05253906249999 -46.628027343750006, -74.98417968749999 -46.512109374999994, -75.01875 -46.51054687500002, -75.145751953125 -46.60009765625, -75.33740234375 -46.647070312500006, -75.47841796875 -46.66240234375002, -75.54033203124999 -46.69873046875, -75.565087890625 -46.72871093750001, -75.527587890625 -46.74638671875002, -75.44599609375 -46.75078125000002, -75.38642578125 -46.862695312499994, -75.40122070312499 -46.905664062499994, -75.43037109375 -46.9345703125, -75.49663085937499 -46.94013671875001, -75.63525390625 -46.86279296875, -75.70810546874999 -46.775000000000006, -75.70639648437499 -46.70527343750001, -75.65678710937499 -46.6103515625, -75.4369140625 -46.483007812500006, -75.37602539062499 -46.429101562499994, -75.247021484375 -46.36933593750001, -75.074853515625 -46.23457031250001, -74.924462890625 -46.15966796875, -74.99765624999999 -46.09765625, -75.07451171874999 -46.004492187500006, -75.06669921874999 -45.874902343749994, -74.763134765625 -45.823632812499994, -74.63066406249999 -45.8447265625, -74.46279296875 -45.840722656249994, -74.369140625 -45.809667968750006, -74.301171875 -45.80302734375002, -74.157861328125 -45.767187500000006, -74.09619140625 -45.716796875, -74.08183593749999 -45.678320312500006, -74.08251953125 -45.64472656250001, -74.099267578125 -45.603417968749994, -74.122705078125 -45.496191406250006, -74.09892578124999 -45.460351562499994, -74.037548828125 -45.41767578125001, -73.957177734375 -45.404394531250006, -73.9203125 -45.40771484375, -73.82499999999999 -45.446875000000006, -73.844140625 -45.50244140625, -73.88232421875 -45.5693359375, -73.96025390624999 -45.83525390625002, -73.99951171875 -45.89531250000002, -74.06103515625 -45.947363281250006, -74.019921875 -46.05585937500001, -74.08154296875 -46.1318359375, -74.35678710937499 -46.21269531250002, -74.39296875 -46.217382812500006, -74.3724609375 -46.24628906250001, -74.213134765625 -46.23945312500001, -74.08974609375 -46.22236328125001, -73.96757812499999 -46.15410156250002, -73.92919921875 -46.049902343750006, -73.87871093749999 -45.84687500000001, -73.81254882812499 -45.81816406250002, -73.73525390625 -45.81171875000001, -73.69487304687499 -45.85957031250001, -73.70791015625 -45.966699218749994, -73.708154296875 -46.0703125, -73.81064453124999 -46.377343749999994, -73.934814453125 -46.50068359375001, -73.9486328125 -46.533105468749994, -73.94375 -46.57158203125002, -73.845361328125 -46.566015625000006, -73.770263671875 -46.49980468750002, -73.7162109375 -46.41523437500001, -73.662060546875 -46.297460937500006, -73.668212890625 -46.21210937500001, -73.65166015624999 -46.159277343750006, -73.62944335937499 -45.98652343750001, -73.59184570312499 -45.89912109375001, -73.59433593749999 -45.77685546875, -73.66196289062499 -45.73076171875002, -73.756591796875 -45.70283203125001, -73.78037109374999 -45.6279296875, -73.73076171874999 -45.47998046875, -73.54990234374999 -45.483789062499994, -73.378564453125 -45.3828125, -73.26621093749999 -45.34619140625, -73.20234375 -45.35380859375002, -72.978173828125 -45.451171875, -72.933837890625 -45.45234375000001, -72.9408203125 -45.41728515625002, -72.975537109375 -45.392578125, -73.0638671875 -45.359765624999994, -73.22636718749999 -45.25517578125002, -73.444970703125 -45.238183593749994, -73.40488281249999 -45.10234375000002, -73.362451171875 -44.97822265625001, -73.07841796874999 -44.92021484375002, -72.73896484375 -44.73417968750002, -72.680078125 -44.59394531250001, -72.66386718749999 -44.436425781249994, -72.8275390625 -44.395410156249994, -73.00102539062499 -44.292382812499994, -73.14096679687499 -44.23750000000001, -73.265087890625 -44.16865234375001, -73.24072265625 -44.06572265625002, -73.22446289062499 -43.89794921875, -73.068798828125 -43.86201171875001, -72.99658203125 -43.63154296875001, -73.1009765625 -43.455175781250006, -73.07597656249999 -43.323632812499994, -72.93999023437499 -43.211328124999994, -72.87802734374999 -43.04814453125002, -72.7580078125 -43.039453124999994, -72.75537109375 -42.99296875000002, -72.766015625 -42.908203125, -72.844970703125 -42.808007812499994, -72.848046875 -42.66914062500001, -72.77392578125 -42.50517578125002, -72.65483398437499 -42.5166015625, -72.6318359375 -42.509667968749994, -72.71630859375 -42.41044921875002, -72.78515625 -42.30126953125, -72.77324218749999 -42.257714843749994, -72.70737304687499 -42.22050781250002, -72.6310546875 -42.199804687500006, -72.54843749999999 -42.255761718749994, -72.43027343749999 -42.43388671875002, -72.412353515625 -42.38818359375, -72.460107421875 -42.206640625000006, -72.4994140625 -41.980859374999994, -72.623974609375 -42.01054687500002, -72.73818359375 -41.99462890625, -72.781201171875 -41.959570312500006, -72.82407226562499 -41.908789062500006, -72.74370117187499 -41.80058593750002, -72.65986328125 -41.74248046875002, -72.48603515625 -41.722070312499994, -72.36040039062499 -41.64912109375001, -72.31826171875 -41.4990234375, -72.35947265624999 -41.51386718750001, -72.427734375 -41.645898437499994, -72.5423828125 -41.69062500000001, -72.600830078125 -41.68408203125, -72.66977539062499 -41.65937500000001, -72.805126953125 -41.544335937499994, -72.87998046874999 -41.517578125, -72.95283203125 -41.514746093750006, -73.01499023437499 -41.543847656249994, -73.174072265625 -41.74658203125, -73.24179687499999 -41.780859375000006, -73.52128906249999 -41.79707031250001, -73.6240234375 -41.77363281250001, -73.73515624999999 -41.74248046875002, -73.721875 -41.692480468750006, -73.68808593749999 -41.639257812500006, -73.62504882812499 -41.611914062500006, -73.62392578125 -41.58134765625002, -73.71064453125 -41.573632812499994, -73.8107421875 -41.517480468749994, -73.85502929687499 -41.446386718750006, -73.876171875 -41.3193359375, -73.96586914062499 -41.118261718750006, -73.98359375 -40.97431640625001, -73.9203125 -40.87158203125, -73.78403320312499 -40.46845703125001, -73.74248046874999 -40.26298828125002, -73.66943359375 -40.08232421875002, -73.67099609374999 -39.96318359375002, -73.48222656249999 -39.85429687500002, -73.410400390625 -39.789160156250006, -73.24990234375 -39.42236328125, -73.22646484375 -39.22441406250002, -73.48076171874999 -38.6240234375, -73.52021484375 -38.509375000000006, -73.53256835937499 -38.366796875000006, -73.471875 -38.13007812500001, -73.464794921875 -38.04033203125002, -73.516748046875 -37.91054687500001, -73.66181640625 -37.69853515625, -73.66459960937499 -37.590429687500006, -73.60341796875 -37.479101562500006, -73.66240234374999 -37.34101562500001, -73.60166015624999 -37.1884765625, -73.37456054687499 -37.22431640625001, -73.27109374999999 -37.20742187500001, -73.215966796875 -37.16689453125001, -73.1728515625 -37.053515625, -73.11806640625 -36.68837890625001, -73.006591796875 -36.64345703125001, -72.96782226562499 -36.53779296875001, -72.87456054687499 -36.3904296875, -72.77841796874999 -35.978515625, -72.587353515625 -35.75966796875001, -72.62392578125 -35.5857421875, -72.56206054687499 -35.50537109375, -72.50517578124999 -35.44697265625001, -72.45498046875 -35.3408203125, -72.38671875 -35.24042968750001, -72.223779296875 -35.09619140625, -72.18242187499999 -34.92021484375, -72.05595703124999 -34.615820312500006, -72.03076171875 -34.420507812500006, -71.99150390624999 -34.28847656250001, -72.00283203125 -34.16533203125, -71.853955078125 -33.88955078125001, -71.83095703125 -33.81953125000001, -71.66435546874999 -33.65263671875, -71.63627929687499 -33.51923828125001, -71.6955078125 -33.42900390625, -71.69658203124999 -33.2890625, -71.74296874999999 -33.09511718750001, -71.63554687499999 -33.022558593750006, -71.592041015625 -32.96953125, -71.45224609374999 -32.65957031250001, -71.46142578125 -32.537890625, -71.4212890625 -32.386816406250006, -71.51303710937499 -32.20791015625001, -71.52587890625 -31.80585937500001, -71.577294921875 -31.496386718750003, -71.66196289062499 -31.169531250000006, -71.65390624999999 -30.986621093750003, -71.70566406249999 -30.75927734375, -71.708935546875 -30.628027343750006, -71.66948242187499 -30.330371093750003, -71.400390625 -30.14296875000001, -71.348046875 -29.933203125000006, -71.31572265624999 -29.649707031250003, -71.32670898437499 -29.443164062500003, -71.353271484375 -29.350390625000003, -71.48583984375 -29.1982421875, -71.51923828125 -28.92646484375001, -71.493603515625 -28.855273437500003, -71.38408203124999 -28.77871093750001, -71.30673828124999 -28.672460937500006, -71.266845703125 -28.50751953125001, -71.18642578125 -28.37783203125001, -71.1544921875 -28.064062500000006, -71.08652343749999 -27.814453125, -71.05263671875 -27.727343750000003, -70.92578125 -27.588671875000003, -70.90927734374999 -27.505175781250003, -70.9142578125 -27.307910156250003, -70.897900390625 -27.1875, -70.812744140625 -26.95058593750001, -70.8029296875 -26.840917968750006, -70.7083984375 -26.596972656250003, -70.686962890625 -26.42177734375001, -70.64658203124999 -26.329394531250003, -70.662255859375 -26.225390625000003, -70.63544921875 -25.99267578125, -70.699609375 -25.861132812500003, -70.71372070312499 -25.7841796875, -70.6330078125 -25.54560546875001, -70.489501953125 -25.37646484375, -70.45219726562499 -25.25185546875001, -70.44536132812499 -25.172656250000003, -70.55864257812499 -24.77851562500001, -70.57412109375 -24.644335937500003, -70.54643554687499 -24.331640625000006, -70.50742187499999 -24.129687500000003, -70.52006835937499 -23.968554687500003, -70.50742187499999 -23.8857421875, -70.48779296875 -23.78173828125, -70.40996093749999 -23.655566406250003, -70.392333984375 -23.56591796875, -70.41962890625 -23.52851562500001, -70.511962890625 -23.48281250000001, -70.588134765625 -23.36835937500001, -70.59335937499999 -23.255468750000006, -70.56884765625 -23.17333984375, -70.56318359375 -23.05703125000001, -70.449658203125 -23.0341796875, -70.38916015625 -22.96962890625001, -70.331689453125 -22.8486328125, -70.259521484375 -22.55605468750001, -70.228515625 -22.193164062500003, -70.18544921875 -21.974609375, -70.15507812499999 -21.86660156250001, -70.12958984375 -21.64082031250001, -70.087548828125 -21.49306640625001, -70.080029296875 -21.35683593750001, -70.08837890625 -21.253222656250003, -70.197021484375 -20.725390625000003, -70.19365234374999 -20.53144531250001, -70.1474609375 -20.229785156250003, -70.14814453125 -19.80507812500001, -70.157421875 -19.705859375000003, -70.19833984374999 -19.61298828125001, -70.210400390625 -19.486914062500006, -70.27578125 -19.267578125, -70.33486328125 -18.82753906250001, -70.336083984375 -18.59521484375, -70.36162109374999 -18.398046875000006, -70.4916015625 -18.27773437500001, -70.81748046874999 -18.052539062500003, -70.94169921874999 -17.93203125000001, -71.056591796875 -17.87568359375001, -71.33696289062499 -17.68251953125001, -71.36494140625 -17.62050781250001, -71.3994140625 -17.421972656250006, -71.43588867187499 -17.366015625000003, -71.5322265625 -17.29433593750001, -71.77446289062499 -17.198828125000006, -71.868359375 -17.15107421875001, -71.96689453124999 -17.064062500000006, -72.111279296875 -17.002539062500006, -72.26860351562499 -16.87617187500001, -72.3625 -16.775000000000006, -72.46767578125 -16.708105468750006, -72.7939453125 -16.614550781250003, -72.95771484375 -16.52089843750001, -73.26376953124999 -16.38857421875001, -73.400048828125 -16.304296875000006, -73.727685546875 -16.20166015625, -73.824951171875 -16.15283203125, -74.14707031249999 -15.912500000000009, -74.37290039062499 -15.833984375, -74.5548828125 -15.699023437500003, -75.104248046875 -15.411914062500003, -75.19052734374999 -15.320117187500003, -75.274560546875 -15.178125000000009, -75.39658203124999 -15.093554687500003, -75.533642578125 -14.899218750000003, -75.7376953125 -14.784960937500003, -75.93388671874999 -14.633593750000003, -76.006298828125 -14.495800781250011, -76.136474609375 -14.3203125, -76.17514648437499 -14.226660156250006, -76.289013671875 -14.133105468750003, -76.297021484375 -13.948437500000011, -76.37646484375 -13.863085937500003, -76.319482421875 -13.821484375000011, -76.259228515625 -13.802832031250006, -76.18393554687499 -13.515234375000006, -76.2236328125 -13.371191406250006, -76.42734374999999 -13.109960937500006, -76.5021484375 -12.984375, -76.55522460937499 -12.823437500000011, -76.637109375 -12.72802734375, -76.7580078125 -12.527148437500003, -76.83212890624999 -12.348730468750006, -76.994091796875 -12.21923828125, -77.03813476562499 -12.172753906250009, -77.0626953125 -12.106835937500009, -77.152734375 -12.060351562500003, -77.1576171875 -11.923437500000006, -77.22031249999999 -11.663378906250003, -77.30991210937499 -11.532421875000011, -77.633203125 -11.287792968750011, -77.63857421875 -11.193554687500011, -77.664306640625 -11.022070312500006, -77.736083984375 -10.836718750000003, -78.095458984375 -10.260644531250009, -78.18559570312499 -10.089062500000011, -78.2755859375 -9.810351562500003, -78.35649414062499 -9.652050781250011, -78.44565429687499 -9.37060546875, -78.58012695312499 -9.156640625000009, -78.66459960937499 -8.971093750000009, -78.75458984375 -8.740429687500011, -78.76225585937499 -8.616992187500003, -78.92539062499999 -8.404589843750003, -79.01225585937499 -8.210156250000011, -79.16440429687499 -8.047167968750003, -79.31284179687499 -7.9232421875000085, -79.37724609374999 -7.835546875000006, -79.5888671875 -7.4189453125, -79.61772460937499 -7.295605468750011, -79.761962890625 -7.066503906250006, -79.9046875 -6.901660156250003, -79.99497070312499 -6.7689453125000085, -80.11025390625 -6.649609375000011, -80.81162109374999 -6.2822265625, -81.05844726562499 -6.12939453125, -81.142041015625 -6.056738281250006, -81.18051757812499 -5.9423828125, -81.164306640625 -5.875292968750003, -81.09184570312499 -5.8124023437500085, -80.991650390625 -5.860937500000006, -80.9306640625 -5.8408203125, -80.88271484375 -5.758984375000011, -80.88193359374999 -5.635058593750003, -80.943115234375 -5.475390625000003, -81.16767578125 -5.167089843750006, -81.15073242187499 -5.101855468750003, -81.10849609374999 -5.02783203125, -81.195068359375 -4.879492187500006, -81.28940429687499 -4.7607421875, -81.33662109375 -4.669531250000006, -81.283203125 -4.322265625, -81.23203124999999 -4.2342773437500085, -80.89194335937499 -3.881640625000003, -80.798583984375 -3.7310546875000057, -80.652734375 -3.63818359375, -80.503662109375 -3.49609375, -80.303125 -3.374804687500003, -80.15986328125 -3.3243164062500057, -80.100341796875 -3.2740234375000057, -80.02666015624999 -3.2281250000000057, -79.963330078125 -3.15771484375, -79.92158203125 -3.090136718750003, -79.822705078125 -2.7769531250000057, -79.7298828125 -2.5791015625, -79.7455078125 -2.484667968750003, -79.822412109375 -2.3565429687500057, -79.83974609375 -2.1678710937500085, -79.83261718749999 -2.1105468750000114, -79.84213867187499 -2.0673828125, -79.89340820312499 -2.1457031250000114, -79.880322265625 -2.423632812500003, -79.92558593749999 -2.5485351562500114, -79.989013671875 -2.5787109375000057, -80.03017578125 -2.5567382812500057, -80.00664062499999 -2.353808593750003, -80.05307617187499 -2.3907226562500057, -80.1271484375 -2.5284179687500057, -80.24863281249999 -2.6305664062500114, -80.2552734375 -2.6646484375000057, -80.28471679687499 -2.7067382812500114, -80.378564453125 -2.66796875, -80.45009765625 -2.6259765625, -80.68486328124999 -2.3968750000000085, -80.8390625 -2.3490234375000085, -80.93217773437499 -2.2691406250000057, -80.951611328125 -2.2354492187500057, -80.96279296875 -2.189257812500003, -80.867626953125 -2.1412109375000057, -80.77036132812499 -2.07666015625, -80.76059570312499 -1.9345703125, -80.76509258886382 -2, -79.3 -2, -79.3 1.0912212680785047, -79.46538085937499 1.06005859375, -79.22905273437499 1.1045898437499915, -78.899658203125 1.2062499999999972, -78.82705078125 1.2959472656249886, -78.85966796874999 1.4553710937499886, -78.88847656249999 1.5240722656249943, -79.02543945312499 1.6236816406249943, -78.957666015625 1.752197265625, -78.79296875 1.8487304687499915, -78.576904296875 1.7737792968749915, -78.550439453125 1.9236328124999886, -78.62861328125 2.0562499999999915, -78.61704101562499 2.3067871093749943, -78.59169921875 2.356640624999997, -78.53471679687499 2.4236816406249915, -78.46044921875 2.4700683593749915, -78.41689453125 2.4834960937499915, -78.34287109374999 2.4605468749999915, -78.296142578125 2.510498046875, -78.12001953125 2.4881835937499943, -78.066650390625 2.5091308593749915, -78.03017578125 2.5430664062499915, -77.98720703125 2.5689941406249943, -77.932275390625 2.6292480468749915, -77.90078125 2.6988281249999915, -77.87451171875 2.7258789062499886, -77.81357421874999 2.7163574218749886, -77.80795898437499 2.7463867187499886, -77.77666015624999 2.787304687499997, -77.67001953124999 2.878857421874997, -77.67109375 2.9193359374999943, -77.70097656249999 3.007568359375, -77.69365234374999 3.0399414062499943, -77.63203125 3.0511718749999943, -77.55913085937499 3.0759765624999886, -77.520263671875 3.1602539062499915, -77.47221679687499 3.2337890624999943, -77.417138671875 3.341796875, -77.35654296874999 3.348583984374997, -77.3244140625 3.4747558593749943, -77.24277343749999 3.5853515624999943, -77.076806640625 3.913281249999997, -77.12685546875 3.9060546874999886, -77.16660156249999 3.862255859374997, -77.21201171874999 3.867431640625, -77.26352539062499 3.8932128906249943, -77.24838867187499 4.040966796874997, -77.27802734375 4.058496093749994, -77.35820312499999 3.9447265624999943, -77.42729492187499 4.060449218749994, -77.433544921875 4.1309570312499915, -77.4044921875 4.2007812499999915, -77.40874023437499 4.247753906249997, -77.520703125 4.212792968749994, -77.51552734375 4.256298828124997, -77.44584960937499 4.301025390625, -77.4142578125 4.347607421874997, -77.353515625 4.3982910156249915, -77.3283203125 4.474999999999994, -77.313671875 4.5938476562499915, -77.286328125 4.721728515624989, -77.30654296875 4.78466796875, -77.33945312499999 4.838525390624994, -77.36674804687499 5.076562499999994, -77.35917968749999 5.2151855468749915, -77.373291015625 5.323974609375, -77.4017578125 5.416162109374994, -77.534423828125 5.537109375, -77.324609375 5.6756347656249915, -77.249267578125 5.780175781249994, -77.344677734375 5.995361328125, -77.46943359375 6.1767578125, -77.473046875 6.28564453125, -77.440087890625 6.271728515625, -77.39824218749999 6.2749999999999915, -77.35986328125 6.5044921874999915, -77.368798828125 6.575585937499994, -77.4388671875 6.690332031249994, -77.52597656249999 6.693115234375, -77.60214843749999 6.837304687499994, -77.64584960937499 6.86962890625, -77.68095703124999 6.960400390624997, -77.8037109375 7.137255859374989, -77.87011459852201 7.2, -77.3 7.2, -77.0842633063036 8.350595699714146, -76.99228515624999 8.250341796874991, -76.93583984374999 8.146826171874991)), ((-36.285253906250006 -54.288671875000006, -36.23564453124999 -54.360449218750006, -36.172607421875 -54.382226562499994, -36.11689453124998 -54.45830078125002, -36.073144531249994 -54.554101562499994, -36.033105468749994 -54.56767578125002, -35.96464843749999 -54.56806640625001, -35.89531249999999 -54.554785156250006, -35.921533203124994 -54.63750000000002, -35.91328124999998 -54.710839843749994, -35.798583984375 -54.76347656250002, -35.93891601562498 -54.83427734375002, -36.08549804687499 -54.866796875000006, -36.123632812500006 -54.852929687499994, -36.251708984375 -54.779882812500006, -36.31147460937498 -54.693749999999994, -36.44575195312498 -54.570703124999994, -36.472070312499994 -54.53447265625002, -36.50654296874998 -54.51123046875, -36.62812499999998 -54.49609375, -36.734960937500006 -54.46660156250002, -36.823876953124994 -54.404296875, -36.851708984374994 -54.36601562500002, -36.885986328125 -54.339453125000006, -37.006738281249994 -54.340917968750006, -37.08281249999999 -54.3115234375, -37.158105468749994 -54.271484375, -37.497656250000006 -54.155859375000006, -37.63090820312499 -54.16748046875, -37.692285156249994 -54.134765625, -37.68901367187499 -54.076757812500006, -37.61884765624998 -54.042089843750006, -37.91279296874998 -54.028906250000006, -38.017431640625006 -54.00800781250001, -37.94550781249998 -53.99560546875, -37.53583984374998 -53.993750000000006, -37.382226562499994 -53.98408203125001, -37.368750000000006 -54.009179687499994, -37.232812499999994 -54.060546875, -37.10332031249999 -54.06562500000001, -37.00605468749998 -54.1142578125, -36.92890624999998 -54.081152343750006, -36.84892578124999 -54.085058593750006, -36.80517578125 -54.101464843749994, -36.76005859374999 -54.10771484375002, -36.70380859374998 -54.10810546875001, -36.60688476562498 -54.189843749999994, -36.64741210937498 -54.262304687500006, -36.541015625 -54.248046875, -36.448632812499994 -54.30839843750002, -36.40673828125 -54.303320312500006, -36.385839843750006 -54.278906250000006, -36.32646484374999 -54.25117187500001, -36.285253906250006 -54.288671875000006)), ((-38.61455078124999 -12.924023437500011, -38.601171875000006 -12.992578125000009, -38.78300781249999 -13.11865234375, -38.786962890625006 -13.055078125000009, -38.68486328124999 -12.974902343750003, -38.668115234374994 -12.880175781250003, -38.61455078124999 -12.924023437500011)), ((-38.980126953124994 -13.3984375, -38.907128906249994 -13.401074218750011, -38.903564453125 -13.473437500000003, -38.937890624999994 -13.532324218750006, -38.97758789062499 -13.523535156250006, -38.99321289062499 -13.484082031250011, -39.02216796874998 -13.445605468750003, -39.006591796875 -13.41552734375, -38.980126953124994 -13.3984375)), ((-44.320068359375 -23.21230468750001, -44.36015624999999 -23.17207031250001, -44.27412109374998 -23.1162109375, -44.24287109374998 -23.07412109375001, -44.22041015624998 -23.08291015625001, -44.19160156249998 -23.11328125, -44.129296874999994 -23.141894531250003, -44.098046874999994 -23.16933593750001, -44.15576171875 -23.166601562500006, -44.22050781249999 -23.19082031250001, -44.320068359375 -23.21230468750001)), ((-44.501953125 -2.7262695312500114, -44.4814453125 -2.717578125000003, -44.482568359374994 -2.8119140625000085, -44.49931640624999 -2.9396484375000114, -44.597753906250006 -3.03759765625, -44.565332031249994 -2.9239257812500057, -44.581884765625006 -2.8456054687500085, -44.569091796875 -2.784960937500003, -44.501953125 -2.7262695312500114)), ((-44.99560546875 -1.3475585937500085, -44.978662109374994 -1.2672851562500114, -44.888281250000006 -1.27685546875, -44.88310546874999 -1.31787109375, -44.947119140625006 -1.3660156250000028, -44.967871093750006 -1.3908203125000114, -45.020849609375006 -1.3723632812500028, -45.01123046875 -1.3447265625, -44.99560546875 -1.3475585937500085)), ((-45.412841796875 -23.93496093750001, -45.451416015625 -23.895605468750006, -45.302343750000006 -23.7275390625, -45.24907226562499 -23.78261718750001, -45.23310546874998 -23.82539062500001, -45.26025390625 -23.88916015625, -45.260888671874994 -23.94130859375001, -45.30253906249999 -23.91474609375001, -45.412841796875 -23.93496093750001)), ((-48.464746093749994 -27.436328125000003, -48.414892578125006 -27.39960937500001, -48.3779296875 -27.451464843750003, -48.409570312499994 -27.56630859375001, -48.49677734374998 -27.70703125, -48.48588867187499 -27.76699218750001, -48.554589843749994 -27.81220703125001, -48.54218749999998 -27.574804687500006, -48.50517578124999 -27.49550781250001, -48.464746093749994 -27.436328125000003)), ((-48.497460937499994 -0.6649414062500085, -48.523339843749994 -0.69140625, -48.566650390625 -0.6844726562500085, -48.539697265624994 -0.8009765625000114, -48.54951171874998 -0.8475585937500085, -48.62407226562499 -0.9869140625000057, -48.70458984375 -1.1066406250000114, -48.728515625 -1.1317382812500085, -48.78984374999999 -1.17333984375, -48.839697265625006 -1.2265625, -48.829003906249994 -1.2765625000000114, -48.804052734375006 -1.3269531250000028, -48.833593750000006 -1.3900390625000085, -48.92890624999998 -1.4823242187500085, -48.985937500000006 -1.5046875000000028, -49.038476562499994 -1.5140625000000085, -49.08686523437498 -1.5050781250000114, -49.172705078125006 -1.41259765625, -49.18168945312499 -1.4849609375000057, -49.20478515624998 -1.5589843750000085, -49.233984375000006 -1.5995117187500085, -49.344824218750006 -1.59521484375, -49.406591796875006 -1.5555664062500085, -49.50664062499999 -1.5116210937500085, -49.52568359374999 -1.6304687500000057, -49.587890625 -1.71240234375, -49.65058593749998 -1.7380859375000028, -49.748779296875 -1.75537109375, -49.80512695312498 -1.7902343750000114, -49.91132812499998 -1.7629882812500028, -50.00996093749998 -1.70849609375, -50.06572265624999 -1.7038085937500114, -50.109277343749994 -1.7478515625000028, -50.33842773437499 -1.7559570312500057, -50.443457031250006 -1.8006835937500085, -50.50761718749999 -1.7879882812500085, -50.60205078125 -1.69775390625, -50.6171875 -1.6376953125, -50.67338867187499 -1.5160156250000085, -50.72382812499998 -1.3714843750000085, -50.759765625 -1.240234375, -50.7294921875 -1.1267578125000028, -50.668310546875006 -1.1305664062500114, -50.59589843749998 -1.1474609375, -50.58051757812498 -1.1394531250000028, -50.57695312499999 -1.1031250000000057, -50.592919921874994 -1.0729492187500114, -50.709619140624994 -1.0777343750000057, -50.783300781250006 -1.0103515625000057, -50.79609374999998 -0.90625, -50.78095703124998 -0.6898437500000085, -50.771386718749994 -0.6454101562500085, -50.71992187499998 -0.5833984375000085, -50.70307617187498 -0.5285156250000114, -50.7158203125 -0.47021484375, -50.693701171875006 -0.3644531250000114, -50.6455078125 -0.2728515625000085, -50.461572265624994 -0.1574218750000114, -50.24824218749998 -0.1164062500000114, -49.628662109375 -0.2291992187500114, -49.53520507812499 -0.2335937500000114, -49.40288085937499 -0.2146484375000028, -49.31425781249999 -0.1678710937500085, -49.215087890625 -0.15869140625, -49.11699218749999 -0.16357421875, -48.78657226562498 -0.2155273437500114, -48.588037109374994 -0.2316406250000114, -48.51542968749999 -0.2482421875000114, -48.392675781250006 -0.29736328125, -48.37968749999999 -0.3528320312500028, -48.42802734374999 -0.4415039062500057, -48.463964843750006 -0.5347656250000057, -48.497460937499994 -0.6649414062500085)), ((-48.56806640624998 -26.379687500000003, -48.60307617187499 -26.41376953125001, -48.665771484375 -26.289648437500006, -48.53974609374998 -26.17031250000001, -48.49760742187499 -26.21875, -48.531103515625006 -26.31318359375001, -48.56806640624998 -26.379687500000003)), ((-49.712304687499994 0.01513671875, -49.602197265624994 0.0626953124999972, -49.50346679687499 0.0836914062499972, -49.400488281250006 0.0572265624999915, -49.372314453125 0.0010742187499915, -49.380859375 -0.0554687500000028, -49.44389648437499 -0.1124023437500057, -49.708837890625006 -0.1437500000000114, -49.830078125 -0.0938964843750085, -49.80268554687498 -0.0518554687500057, -49.712304687499994 0.01513671875)), ((-49.838964843750006 0.0068847656249886, -49.917089843750006 -0.023193359375, -50.00249023437499 -0.029296875, -50.113134765625006 0.0330078124999886, -50.28559570312498 0.028564453125, -50.339453125000006 0.0433593749999943, -50.345117187499994 0.1344726562499972, -50.27265624999998 0.2317382812499886, -50.12797851562499 0.2265136718749972, -49.879003906250006 0.3045410156249915, -49.73823242187498 0.2681640624999915, -49.697265625 0.2159667968749943, -49.838964843750006 0.0068847656249886)), ((-50.25117187499998 0.58544921875, -50.11279296875 0.604736328125, -50.0986328125 0.625, -50.058837890625 0.6380371093749915, -50.03681640624998 0.5948242187499915, -50.0400390625 0.5228027343749915, -50.152929687500006 0.3930175781249972, -50.261328125000006 0.3591796874999886, -50.28154296874999 0.3908203124999972, -50.28168945312498 0.5165039062499943, -50.25117187499998 0.58544921875)), ((-50.41874999999999 2.1614746093749915, -50.362646484375006 2.1544433593749943, -50.34199218749998 2.1417480468749943, -50.292089843750006 1.9795898437499915, -50.298974609374994 1.9385253906249886, -50.398779296875006 1.8928710937499886, -50.45610351562499 1.9104980468749915, -50.50898437499998 2.029541015625, -50.49101562499999 2.128613281249997, -50.41874999999999 2.1614746093749915)), ((-50.426123046875006 0.1392578124999915, -50.443945312500006 -0.0076660156250057, -50.623925781249994 0.0543945312499972, -50.610449218750006 0.2047851562499972, -50.526220703125006 0.2469238281249915, -50.451562499999994 0.326904296875, -50.42607421874999 0.4249511718749943, -50.424560546875 0.5582519531249943, -50.37275390624998 0.5908691406249886, -50.350976562499994 0.5817382812499972, -50.332275390625 0.259033203125, -50.426123046875006 0.1392578124999915)), ((-51.01899414062498 -0.2630859375000085, -51.0380859375 -0.2258789062500028, -51.022363281249994 -0.1883789062500085, -51.025732421875006 -0.17236328125, -50.99506835937498 -0.1052734375000028, -50.842187499999994 -0.0501953125000085, -50.765283203124994 -0.0408691406250057, -50.6669921875 -0.0580078125000085, -50.65058593749998 -0.1058593750000085, -50.65288085937499 -0.1316406250000028, -50.926367187500006 -0.3273437500000114, -51.01899414062498 -0.2630859375000085)), ((-51.938378906249994 -1.45263671875, -51.80205078124999 -1.2025390625000085, -51.680029296875006 -1.0861328125000114, -51.67827148437499 -0.8550781250000057, -51.546044921874994 -0.6496093750000114, -51.424462890624994 -0.56591796875, -51.254003906250006 -0.5414062500000085, -51.160742187500006 -0.6666992187500114, -51.27631835937498 -1.0217773437500028, -51.31010742187499 -1.0238281250000085, -51.46513671874999 -1.2111328125000114, -51.6376953125 -1.3418945312500057, -51.83251953125 -1.4337890625000114, -51.938378906249994 -1.45263671875)), ((-58.27622070312499 -51.50605468750001, -58.289306640625 -51.45751953125, -58.259228515625 -51.417089843750006, -58.206445312499994 -51.404687499999994, -57.976513671875 -51.384375000000006, -57.922509765624994 -51.40351562500001, -57.808496093749994 -51.517968749999994, -57.915429687499994 -51.533789062500006, -57.96044921875 -51.58320312500001, -57.866357421874994 -51.604589843750006, -57.79179687499999 -51.636132812499994, -57.83115234374999 -51.6845703125, -57.83818359374999 -51.70917968750001, -58.15092773437499 -51.76542968750002, -58.21762695312499 -51.82246093750001, -58.33598632812499 -51.86376953125, -58.683496093749994 -51.93623046875001, -58.64306640625 -51.99482421875001, -58.6376953125 -52.023046875000006, -58.652783203125 -52.099218750000006, -59.131249999999994 -52.007910156250006, -59.19584960937499 -52.017675781250006, -59.068017578124994 -52.17304687500001, -59.16279296875 -52.201757812500006, -59.25634765625 -52.18310546875, -59.34150390625 -52.19599609375001, -59.395654296874994 -52.308007812499994, -59.5322265625 -52.236425781250006, -59.64873046874999 -52.134375000000006, -59.649169921875 -52.077246093750006, -59.53666992187499 -51.970605468749994, -59.57080078125 -51.925390625000006, -59.308740234374994 -51.78046875000001, -59.26176757812499 -51.7373046875, -59.18002929687499 -51.712500000000006, -59.09541015625 -51.7041015625, -59.059521484375 -51.685449218749994, -59.065380859375 -51.65019531250002, -59.09946289062499 -51.589746093749994, -59.096630859375 -51.49140625000001, -58.886669921875 -51.35791015625, -58.91748046875 -51.272070312500006, -58.85019531249999 -51.269921874999994, -58.697509765625 -51.328515624999994, -58.506249999999994 -51.30810546875, -58.42583007812499 -51.32421875, -58.37871093749999 -51.373046875, -58.40673828125 -51.418359374999994, -58.467431640624994 -51.41181640625001, -58.51923828125 -51.423925781250006, -58.508935546874994 -51.48359375000001, -58.47373046874999 -51.50908203125002, -58.27158203124999 -51.57470703125, -58.234521484374994 -51.57861328125, -58.241113281249994 -51.55107421875002, -58.27622070312499 -51.50605468750001)), ((-58.512841796874994 -52.07109375000002, -58.541406249999994 -52.028417968750006, -58.4970703125 -51.999414062499994, -58.46054687499999 -52.001562500000006, -58.43881835937499 -52.01103515625002, -58.43271484374999 -52.099023437499994, -58.512841796874994 -52.07109375000002)), ((-59.39243164062499 -51.55615234375, -59.43701171875 -51.592675781249994, -59.51420898437499 -51.626562500000006, -59.71489257812499 -51.807714843750006, -59.92138671875 -51.96953125000002, -59.98974609375 -51.98408203125001, -60.132275390625 -51.99384765625001, -60.193749999999994 -51.98271484375002, -60.246337890625 -51.986425781250006, -60.28828125 -52.07373046875, -60.353466796875 -52.13994140625002, -60.384228515625 -52.15400390625001, -60.48408203125 -52.170312499999994, -60.50839843749999 -52.194726562499994, -60.68637695312499 -52.188378906249994, -60.81220703125 -52.14775390625002, -60.96142578125 -52.05732421875001, -60.76249999999999 -51.94648437500001, -60.591064453125 -51.951562499999994, -60.44975585937499 -51.87714843750001, -60.33447265625 -51.83955078125001, -60.2384765625 -51.77197265625, -60.23813476562499 -51.733789062499994, -60.276513671874994 -51.71660156250002, -60.3283203125 -51.718359375000006, -60.37958984375 -51.73515625000002, -60.50009765624999 -51.75654296875001, -60.58251953125 -51.71269531250002, -60.528076171875 -51.696386718750006, -60.467236328125 -51.697167968749994, -60.28095703125 -51.65605468750002, -60.24516601562499 -51.63886718750001, -60.302636718749994 -51.580468749999994, -60.414941406249994 -51.545019531250006, -60.505810546875 -51.485449218750006, -60.52275390624999 -51.46318359375002, -60.51826171875 -51.427832031250006, -60.56845703124999 -51.357812499999994, -60.51572265624999 -51.35429687500002, -60.445458984374994 -51.3994140625, -60.28623046874999 -51.4619140625, -60.141552734375 -51.48095703125, -60.008691406249994 -51.410546874999994, -59.91708984374999 -51.388085937499994, -59.84160156249999 -51.4033203125, -59.78842773437499 -51.44599609375001, -59.711328124999994 -51.43925781250002, -59.49345703124999 -51.39570312500001, -59.465087890625 -51.410546874999994, -59.387597656249994 -51.359960937500006, -59.32084960937499 -51.38359375000002, -59.26806640625 -51.42753906250002, -59.2939453125 -51.478515625, -59.35419921875 -51.51093750000001, -59.39243164062499 -51.55615234375)), ((-59.79331054687499 -52.134179687499994, -59.75322265624999 -52.14140625000002, -59.68100585937499 -52.180078124999994, -59.68266601562499 -52.23164062500001, -59.74658203125 -52.250878906249994, -59.76445312499999 -52.2421875, -59.78486328125 -52.204687500000006, -59.79331054687499 -52.134179687499994)), ((-60.111718749999994 -51.395898437499994, -60.24882812499999 -51.39599609375, -60.27587890625 -51.363183593749994, -60.275341796875 -51.28056640625002, -60.17138671875 -51.2734375, -60.06982421875 -51.30791015625002, -60.07646484374999 -51.34257812500002, -60.111718749999994 -51.395898437499994)), ((-60.54648437499999 11.263720703124989, -60.756298828125 11.178515624999989, -60.81064453124999 11.168603515624994, -60.80429687499999 11.208398437499994, -60.708935546875 11.277246093749994, -60.56279296874999 11.323535156249989, -60.52548828124999 11.325390624999997, -60.54648437499999 11.263720703124989)), ((-60.844873046874994 9.191796874999994, -60.82138671874999 9.207666015624994, -60.78159179687499 9.218359374999991, -60.75888671874999 9.216455078124994, -60.73583984375 9.203320312499997, -60.79038085937499 9.177197265624997, -60.821191406249994 9.138378906249997, -60.94140625 9.105566406249991, -60.939453125 9.13232421875, -60.90727539062499 9.1787109375, -60.844873046874994 9.191796874999994)), ((-61.05048828125 8.974365234375, -60.91582031249999 9.0703125, -60.89458007812499 9.053369140624994, -60.89990234375 9.031884765624994, -60.84916992187499 8.995703124999991, -60.86142578124999 8.949609374999994, -60.916406249999994 8.899267578124991, -61.059960937499994 8.847021484374991, -61.06918945312499 8.947314453124989, -61.05048828125 8.974365234375)), ((-61.031982421875 -51.942480468750006, -61.11577148437499 -51.87529296875002, -61.14501953125 -51.839453125000006, -61.051660156249994 -51.81396484375, -61.01875 -51.785742187500006, -60.947265625 -51.79951171875001, -60.8759765625 -51.79423828125002, -60.916162109374994 -51.89697265625, -60.94755859374999 -51.9462890625, -61.031982421875 -51.942480468750006)), ((-61.65117187499999 10.718066406249989, -61.59184570312499 10.747949218749994, -61.46484375 10.764453124999989, -61.370019531249994 10.796826171874997, -61.173730468749994 10.803320312499991, -61.078515624999994 10.831933593749994, -60.917626953124994 10.840234374999994, -61.03374023437499 10.669873046874997, -61.01933593749999 10.55810546875, -61.037499999999994 10.482275390624991, -61.01640624999999 10.386376953124994, -60.96845703125 10.323388671874994, -60.99960937499999 10.261474609375, -61.012109374999994 10.134326171874989, -61.174267578125 10.078027343749994, -61.5966796875 10.064648437499997, -61.7716796875 10.085058593749991, -61.90610351562499 10.069140624999989, -61.66147460937499 10.191699218749989, -61.632714843749994 10.243408203125, -61.52885742187499 10.253124999999997, -61.49931640624999 10.2685546875, -61.464746093749994 10.538964843749994, -61.478271484375 10.603369140624991, -61.49882812499999 10.638867187499997, -61.540917968749994 10.664453124999994, -61.63530273437499 10.699365234374994, -61.65117187499999 10.718066406249989)), ((-62.093017578125 -39.08623046875002, -61.96665039062499 -39.112207031249994, -61.907128906249994 -39.135644531249994, -61.87578124999999 -39.171875, -61.865966796875 -39.23486328125, -61.91801757812499 -39.227441406249994, -62.04160156249999 -39.166894531249994, -62.093017578125 -39.08623046875002)), ((-64.637353515625 -54.90253906250001, -64.7314453125 -54.86298828125001, -64.75732421875 -54.826562499999994, -64.689208984375 -54.77470703125002, -64.62509765624999 -54.77363281250001, -64.58134765624999 -54.75273437500002, -64.54916992187499 -54.716210937499994, -64.43881835937499 -54.739355468750006, -64.22050781249999 -54.72197265625002, -64.10532226562499 -54.7216796875, -64.054931640625 -54.729882812499994, -64.032421875 -54.74238281250001, -63.88193359374999 -54.72294921875002, -63.8154296875 -54.72509765625, -63.83256835937499 -54.767968749999994, -63.97124023437499 -54.810644531250006, -64.0283203125 -54.792578125000006, -64.322900390625 -54.796484375000006, -64.453271484375 -54.84033203125, -64.50869140625 -54.839941406250006, -64.637353515625 -54.90253906250001)), ((-64.21367187499999 11.086132812499997, -64.184814453125 11.04296875, -64.11279296875 11.005664062499989, -64.0283203125 11.001855468749994, -64.00732421875 11.068457031249991, -63.89311523437499 11.167236328125, -63.849365234375 11.131005859374994, -63.817285156249994 11.000341796874991, -63.827099609375 10.975830078125, -63.917626953124994 10.887548828124991, -63.993554687499994 10.881201171874991, -64.0546875 10.884326171874989, -64.10117187499999 10.901416015624989, -64.160888671875 10.958789062499989, -64.2189453125 10.941601562499997, -64.3625 10.961523437499991, -64.40234375 10.981591796874994, -64.3486328125 11.051904296874994, -64.21367187499999 11.086132812499997)), ((-68.5205078125 -53.22187500000001, -68.488525390625 -53.26093750000001, -68.39311523437499 -53.294921875, -68.1611328125 -53.30644531250002, -68.14409179687499 -53.31904296875001, -68.00849609375 -53.564062500000006, -67.94028320312499 -53.618750000000006, -67.861083984375 -53.662207031250006, -67.678125 -53.787109375, -67.502587890625 -53.921972656250006, -67.29423828124999 -54.0498046875, -67.069482421875 -54.148046875000006, -66.86513671875 -54.222558593749994, -66.670068359375 -54.313574218750006, -66.46201171874999 -54.441015625000006, -66.23564453124999 -54.53349609375002, -65.992578125 -54.59892578125002, -65.7470703125 -54.653417968750006, -65.369287109375 -54.63212890625002, -65.251953125 -54.638085937499994, -65.17900390624999 -54.678124999999994, -65.25234375 -54.78886718750002, -65.34599609374999 -54.8779296875, -65.471142578125 -54.914648437500006, -65.60332031249999 -54.928124999999994, -65.72275390624999 -54.926367187500006, -65.8419921875 -54.90996093750002, -65.953759765625 -54.919335937499994, -66.06064453124999 -54.95673828125001, -66.172021484375 -54.97529296875001, -66.286767578125 -54.97773437500001, -66.5111328125 -55.032128906249994, -66.627685546875 -55.013281250000006, -66.93046874999999 -54.924902343750006, -67.127099609375 -54.90380859375, -67.79326171874999 -54.86865234375, -68.00712890624999 -54.84843750000002, -68.2201171875 -54.81757812500001, -68.331689453125 -54.816308593749994, -68.49101562499999 -54.83623046875002, -68.61865234375 -54.83378906250002, -68.65322265625 -54.853613281250006, -68.803857421875 -54.853613281250006, -68.84355468749999 -54.87675781250002, -69.08164062499999 -54.90986328125001, -69.486279296875 -54.85888671875, -69.587548828125 -54.81279296875002, -69.72343749999999 -54.71210937500001, -69.77182617187499 -54.739160156249994, -70.030517578125 -54.815527343750006, -70.1380859375 -54.819238281249994, -70.23779296875 -54.77753906250001, -70.25908203124999 -54.75634765625, -70.28173828125 -54.75175781250002, -70.49716796874999 -54.8095703125, -70.73515624999999 -54.750585937500006, -70.92470703125 -54.71435546875, -71.229248046875 -54.69414062500002, -71.44091796875 -54.61962890625, -71.83154296875 -54.62617187500001, -71.9015625 -54.6015625, -71.927734375 -54.528710937499994, -71.906982421875 -54.49482421875001, -71.8234375 -54.47441406250002, -71.80014648437499 -54.433984374999994, -71.7158203125 -54.44365234375002, -71.60629882812499 -54.497167968750006, -71.57275390625 -54.49531250000001, -71.500390625 -54.444921875000006, -71.39340820312499 -54.40019531250002, -71.355224609375 -54.395410156249994, -71.158837890625 -54.450585937499994, -71.07993164062499 -54.444238281249994, -70.966455078125 -54.419531250000006, -70.94619140625 -54.398046875000006, -70.928173828125 -54.36005859375001, -70.89824218749999 -54.337890625, -70.797265625 -54.327246093750006, -70.69882812499999 -54.34882812500001, -70.68754882812499 -54.41474609375001, -70.701123046875 -54.485449218750006, -70.572998046875 -54.50439453125, -70.417919921875 -54.50224609375002, -70.310986328125 -54.52851562500001, -70.29765624999999 -54.48554687500001, -70.46831054687499 -54.37324218750001, -70.539990234375 -54.30341796875001, -70.6361328125 -54.262304687500006, -70.75986328124999 -54.241308593750006, -70.86308593749999 -54.110449218750006, -70.85673828124999 -53.99580078125001, -70.86772460937499 -53.884179687499994, -70.644482421875 -53.822851562500006, -70.69560546874999 -53.727441406249994, -70.61874999999999 -53.65507812500002, -70.53129882812499 -53.627343749999994, -70.44316406249999 -53.893457031249994, -70.37973632812499 -53.986718749999994, -70.46054687499999 -54.00566406250002, -70.629833984375 -54.00556640625001, -70.535302734375 -54.136132812499994, -70.37998046874999 -54.1806640625, -70.24609375 -54.277441406250006, -70.243359375 -54.34765625, -70.16899414062499 -54.379296874999994, -69.99013671875 -54.38134765625, -69.86699218749999 -54.36748046875002, -69.80908203125 -54.32080078125, -69.741845703125 -54.30585937500001, -69.62167968749999 -54.36406250000002, -69.41928710937499 -54.407128906249994, -69.36479492187499 -54.437597656250006, -69.32509765625 -54.488183593749994, -69.3224609375 -54.54267578125001, -69.31206054687499 -54.57148437500001, -69.253173828125 -54.55742187500002, -69.169189453125 -54.483300781249994, -69.127880859375 -54.457617187500006, -69.04521484374999 -54.42841796875001, -69.0443359375 -54.40673828125, -69.19565429687499 -54.354394531249994, -69.98813476562499 -54.10908203125001, -70.085595703125 -54.011132812499994, -70.151123046875 -53.888085937499994, -70.148828125 -53.761132812499994, -70.09111328124999 -53.721777343750006, -69.94970703125 -53.67158203125001, -69.68974609374999 -53.60087890625002, -69.38994140624999 -53.499414062499994, -69.35244140625 -53.47998046875, -69.35595703125 -53.41630859375002, -69.3935546875 -53.373437499999994, -69.51254882812499 -53.34199218750001, -69.63701171874999 -53.334082031250006, -69.755615234375 -53.33720703125002, -69.87412109374999 -53.350488281249994, -70.09038085937499 -53.41816406250001, -70.212841796875 -53.413964843749994, -70.329296875 -53.37763671875001, -70.415673828125 -53.304785156250006, -70.46025390624999 -53.20625000000001, -70.4599609375 -53.14335937500002, -70.443359375 -53.085546875000006, -70.39067382812499 -53.026464843750006, -70.32001953125 -53.00068359375001, -70.25634765625 -53.00410156250001, -70.196484375 -52.990234375, -70.130615234375 -52.942773437499994, -70.13955078125 -52.919335937499994, -70.162744140625 -52.899023437500006, -70.2591796875 -52.85722656250002, -70.29736328125 -52.816992187500006, -70.380126953125 -52.751953125, -70.334912109375 -52.733789062499994, -70.1896484375 -52.7236328125, -69.9935546875 -52.8212890625, -69.93544921875 -52.82109375000002, -69.76357421875 -52.731347656249994, -69.66328125 -52.64628906250002, -69.57187499999999 -52.54931640625, -69.49838867187499 -52.49140625000001, -69.4140625 -52.486230468749994, -69.16704101562499 -52.667578125000006, -69.07993164062499 -52.67431640625, -68.789794921875 -52.576757812500006, -68.75751953125 -52.58203125, -68.65922851562499 -52.63154296875001, -68.57119140625 -52.694921875000006, -68.33876953125 -52.90009765625001, -68.27822265625 -52.983984375000006, -68.24013671875 -53.08183593750002, -68.3330078125 -53.019628906250006, -68.43115234375 -53.055273437500006, -68.52080078124999 -53.17724609375, -68.5205078125 -53.22187500000001)), ((-65.21249999999999 10.906445312499997, -65.26640624999999 10.883984374999997, -65.365234375 10.906445312499997, -65.41464843749999 10.937890624999994, -65.383203125 10.973828124999997, -65.30234374999999 10.973828124999997, -65.2265625 10.930224609374989, -65.21249999999999 10.906445312499997)), ((-66.63662109375 -55.234375, -66.624755859375 -55.21308593750001, -66.59970703124999 -55.19365234375002, -66.54155273437499 -55.16943359375, -66.52314453125 -55.16552734375, -66.435791015625 -55.18974609375002, -66.472119140625 -55.229101562500006, -66.551708984375 -55.272851562499994, -66.61113281249999 -55.269921874999994, -66.63017578124999 -55.25410156250001, -66.63662109375 -55.234375)), ((-67.69145507812499 -55.24296875000002, -67.7677734375 -55.25957031250002, -68.07001953125 -55.221093749999994, -68.09951171875 -55.20683593750002, -68.13510742187499 -55.17265625000002, -68.17431640625 -55.0712890625, -68.30136718749999 -54.98066406250001, -68.10693359375 -54.92939453125001, -67.87412109374999 -54.9296875, -67.245263671875 -54.977636718750006, -67.10732421875 -55.063574218750006, -67.08549804687499 -55.115234375, -67.07993164062499 -55.15380859375, -67.10947265624999 -55.19208984375001, -67.17255859375 -55.242578124999994, -67.25742187499999 -55.281835937500006, -67.33969726562499 -55.292578125000006, -67.39926757812499 -55.27226562500002, -67.42939453125 -55.23652343750001, -67.44326171875 -55.201171875, -67.46347656249999 -55.181738281250006, -67.49472656249999 -55.17744140625001, -67.53525390624999 -55.17851562500002, -67.585205078125 -55.191992187500006, -67.69145507812499 -55.24296875000002)), ((-67.262451171875 -55.743750000000006, -67.26728515625 -55.762792968750006, -67.28886718749999 -55.77685546875, -67.32529296874999 -55.784765625000006, -67.35224609375 -55.766015624999994, -67.39335937499999 -55.75273437500002, -67.5599609375 -55.72480468750001, -67.5634765625 -55.70781250000002, -67.546142578125 -55.683691406250006, -67.51279296874999 -55.662011718749994, -67.44882812499999 -55.640625, -67.39736328125 -55.58515625000001, -67.37407226562499 -55.58935546875, -67.3505859375 -55.61210937500002, -67.31044921875 -55.68867187500001, -67.262451171875 -55.743750000000006)), ((-67.61142578124999 -55.891699218750006, -67.69951171874999 -55.873144531250006, -67.83154296875 -55.864843750000006, -67.846435546875 -55.85722656250002, -67.84970703124999 -55.84257812500002, -67.83408203124999 -55.827539062499994, -67.76206054687499 -55.81611328125001, -67.54482421875 -55.82597656250002, -67.51728515625 -55.83281250000002, -67.50981445312499 -55.844335937500006, -67.54526367187499 -55.87744140625, -67.5751953125 -55.8896484375, -67.61142578124999 -55.891699218750006)), ((-68.152587890625 -55.436914062499994, -68.08989257812499 -55.47832031250002, -68.05830078125 -55.517968749999994, -68.045556640625 -55.587500000000006, -68.04833984375 -55.643164062500006, -68.082666015625 -55.65058593750001, -68.15708007812499 -55.633691406249994, -68.229638671875 -55.6015625, -68.293359375 -55.521386718749994, -68.338037109375 -55.505273437499994, -68.46669921875 -55.48906250000002, -68.594189453125 -55.45000000000002, -68.6935546875 -55.452246093750006, -68.78500976562499 -55.435644531250006, -68.86704101562499 -55.4501953125, -68.896142578125 -55.423828125, -68.931298828125 -55.37060546875, -68.932080078125 -55.34736328125001, -68.88896484374999 -55.263281250000006, -68.890087890625 -55.2412109375, -68.91264648437499 -55.23857421875002, -69.008203125 -55.255761718749994, -69.046826171875 -55.24433593750001, -69.15078125 -55.18339843750002, -69.192626953125 -55.171875, -69.2970703125 -55.16582031250002, -69.35615234375 -55.27392578125, -69.35922851562499 -55.300683593749994, -69.2990234375 -55.36933593750001, -69.180859375 -55.47480468750001, -69.24082031249999 -55.47675781250001, -69.41181640625 -55.444238281249994, -69.455712890625 -55.42402343750001, -69.50869140625 -55.37089843750002, -69.61025390625 -55.339941406250006, -69.6458984375 -55.320898437500006, -69.65629882812499 -55.298437500000006, -69.657373046875 -55.22900390625, -69.679833984375 -55.21894531250001, -69.82402343749999 -55.23652343750001, -69.8537109375 -55.219824218750006, -69.86577148437499 -55.19062500000001, -69.88676757812499 -55.17412109375002, -69.97978515624999 -55.1474609375, -69.98798828125 -55.130761718749994, -69.946533203125 -55.11103515625001, -69.920849609375 -55.061132812500006, -69.884423828125 -54.88203125000001, -69.70297851562499 -54.919042968750006, -68.90078125 -55.01777343750001, -68.653515625 -54.957910156249994, -68.4580078125 -54.95966796875001, -68.3998046875 -55.0419921875, -68.598095703125 -55.128320312499994, -68.61328125 -55.15556640625002, -68.58554687499999 -55.177734375, -68.38173828125 -55.19160156250001, -68.330078125 -55.21943359375001, -68.282666015625 -55.25517578125002, -68.32275390625 -55.308203125000006, -68.3265625 -55.33271484375001, -68.305419921875 -55.35664062500001, -68.152587890625 -55.436914062499994)), ((-70.55107421874999 -55.111914062500006, -70.59746093749999 -55.08203125, -70.64091796874999 -55.084863281249994, -70.71098632812499 -55.10693359375, -70.74443359374999 -55.10419921875001, -70.81547851562499 -55.07988281250002, -70.93984375 -55.061914062499994, -70.964501953125 -55.039648437500006, -70.96728515625 -55.0068359375, -70.99072265625 -54.99042968750001, -71.120361328125 -54.93779296875002, -71.2033203125 -54.892968749999994, -71.2736328125 -54.88691406250001, -71.29931640625 -54.89228515625001, -71.325341796875 -54.91376953125001, -71.38857421875 -54.93427734375001, -71.406640625 -54.93085937500001, -71.426904296875 -54.91376953125001, -71.43720703125 -54.889257812500006, -71.410546875 -54.83935546875, -71.374267578125 -54.834570312500006, -71.19707031249999 -54.84443359375001, -71.088623046875 -54.86748046875002, -70.9916015625 -54.86796875000002, -70.94511718749999 -54.93134765625001, -70.9279296875 -54.942968750000006, -70.804833984375 -54.967675781249994, -70.74931640624999 -54.952734375000006, -70.61528320312499 -54.94560546875002, -70.53476562499999 -54.921289062499994, -70.41752929687499 -54.90888671875001, -70.28305664062499 -55.06591796875, -70.2978515625 -55.11376953125, -70.40415039062499 -55.165625000000006, -70.4755859375 -55.17705078125002, -70.54345703125 -55.16132812500001, -70.538720703125 -55.13496093750001, -70.55107421874999 -55.111914062500006)), ((-71.76123046875 -54.22978515625002, -71.817578125 -54.276464843750006, -71.94853515624999 -54.300878906250006, -71.97236328125 -54.20722656250001, -72.091552734375 -54.118750000000006, -72.21044921875 -54.047753906249994, -72.14604492187499 -53.938867187499994, -72.06894531249999 -53.921289062499994, -71.996484375 -53.884863281250006, -71.70512695312499 -53.92333984375, -71.554150390625 -53.9560546875, -71.39047851562499 -54.032812500000006, -71.16874999999999 -54.11259765625002, -71.021923828125 -54.11181640625, -71.0228515625 -54.161718750000006, -71.0048828125 -54.246679687500006, -71.02802734375 -54.281152343749994, -71.082958984375 -54.316308593749994, -71.11752929687499 -54.366308593750006, -71.14326171875 -54.3740234375, -71.304638671875 -54.313574218750006, -71.473291015625 -54.23115234375001, -71.55810546875 -54.24560546875, -71.67060546875 -54.22539062500002, -71.76123046875 -54.22978515625002)), ((-72.369140625 -53.98076171875002, -72.562890625 -54.07373046875, -72.67656249999999 -54.07890625000002, -72.78862304687499 -54.103125000000006, -72.84038085937499 -54.125097656250006, -72.87099609375 -54.126562500000006, -72.90727539062499 -54.114648437499994, -72.94609374999999 -54.09208984375002, -72.95859374999999 -54.06591796875, -72.88173828125 -54.041601562500006, -72.781689453125 -53.95478515625001, -72.76376953124999 -53.864843750000006, -72.871728515625 -53.848535156249994, -72.93613281249999 -53.86083984375, -72.98422851562499 -53.86054687500001, -73.039453125 -53.83281250000002, -73.07304687499999 -53.87529296875002, -73.08554687499999 -53.915917968749994, -73.07084960937499 -53.97802734375, -73.08076171875 -53.998046875, -73.11997070312499 -54.009375000000006, -73.21064453125 -53.98583984375, -73.30473632812499 -53.943945312500006, -73.312158203125 -53.91962890625001, -73.29287109375 -53.835839843749994, -73.294921875 -53.792089843750006, -73.31435546875 -53.72919921875001, -73.32480468749999 -53.72265625, -73.360107421875 -53.724023437499994, -73.470947265625 -53.73613281250002, -73.58164062499999 -53.65546875000001, -73.64150390625 -53.5703125, -73.845458984375 -53.545800781249994, -73.6865234375 -53.426855468750006, -73.44707031249999 -53.410058593749994, -73.365869140625 -53.47021484375, -73.099365234375 -53.51191406250001, -73.11533203124999 -53.44804687500002, -73.11088867187499 -53.425195312499994, -73.07431640624999 -53.39677734375002, -73.05361328125 -53.394433593749994, -73.02207031249999 -53.41455078125, -72.970947265625 -53.42304687500001, -72.947265625 -53.442480468750006, -72.9232421875 -53.48164062500001, -72.89628906249999 -53.56279296875002, -72.8822265625 -53.57832031250001, -72.80937499999999 -53.565332031249994, -72.685498046875 -53.55791015625002, -72.48227539062499 -53.58808593750001, -72.459228515625 -53.59882812500001, -72.37290039062499 -53.6875, -72.30668945312499 -53.72539062500002, -72.20541992187499 -53.80742187500002, -72.30624999999999 -53.86210937500002, -72.365966796875 -53.940820312499994, -72.369140625 -53.98076171875002)), ((-73.02841796874999 -44.38408203125002, -72.842431640625 -44.45771484375001, -72.7763671875 -44.50859375000002, -72.7640625 -44.54902343750001, -72.84531249999999 -44.63847656250002, -72.89716796875 -44.712011718750006, -72.98613281249999 -44.78007812500002, -73.228466796875 -44.859960937500006, -73.35 -44.83320312500001, -73.39707031249999 -44.774316406249994, -73.445068359375 -44.641015624999994, -73.40366210937499 -44.596093749999994, -73.31494140625 -44.531347656250006, -73.281982421875 -44.48955078125002, -73.266015625 -44.44023437500002, -73.27158203124999 -44.394140625000006, -73.260009765625 -44.35029296875001, -73.20771484375 -44.3349609375, -73.02841796874999 -44.38408203125002)), ((-73.14335937499999 -53.340917968750006, -73.135205078125 -53.353906249999994, -73.225732421875 -53.3583984375, -73.409375 -53.32050781250001, -73.50102539062499 -53.318457031250006, -73.56728515625 -53.30683593750001, -73.58281249999999 -53.300195312499994, -73.595947265625 -53.2529296875, -73.61708984375 -53.22968750000001, -73.79350585937499 -53.120703125000006, -73.866943359375 -53.09687500000001, -73.99399414062499 -53.075781250000006, -74.13857421875 -53.09052734375001, -74.23637695312499 -53.07646484375002, -74.27021484375 -53.08154296875, -74.41440429687499 -52.99492187500002, -74.55830078125 -52.921875, -74.61992187499999 -52.83476562500002, -74.71152343749999 -52.768164062500006, -74.71201171874999 -52.74873046875001, -74.66997070312499 -52.73388671875, -74.571533203125 -52.77128906250002, -74.474560546875 -52.83564453125001, -74.422265625 -52.86005859375001, -74.3857421875 -52.92236328125, -74.3693359375 -52.93144531250002, -74.32998046875 -52.929296875000006, -74.274609375 -52.94550781250001, -74.06596679687499 -52.96533203125, -73.87919921874999 -53.01220703125, -73.78178710937499 -53.056054687499994, -73.65400390625 -53.06982421875, -73.549267578125 -53.12568359375001, -73.504541015625 -53.140039062499994, -73.4505859375 -53.14433593750002, -73.302490234375 -53.25947265625001, -73.14335937499999 -53.340917968750006)), ((-74.1935546875 -42.43603515625, -74.16435546874999 -42.32548828125002, -74.1703125 -42.268945312499994, -74.16020507812499 -42.216406250000006, -74.07231445312499 -42.105859374999994, -74.05937499999999 -42.056250000000006, -74.0568359375 -42.002343749999994, -74.018798828125 -41.89091796875002, -74.030517578125 -41.85400390625, -74.06303710937499 -41.82275390625, -74.03666992187499 -41.795507812500006, -73.73095703125 -41.87724609375002, -73.52783203125 -41.89628906250002, -73.51694335937499 -41.980859374999994, -73.477783203125 -42.04716796875002, -73.4544921875 -42.165917968749994, -73.42290039062499 -42.19287109375, -73.43925781249999 -42.27783203125, -73.53281249999999 -42.314453125, -73.524560546875 -42.392578125, -73.47080078124999 -42.46630859375, -73.549267578125 -42.492578124999994, -73.63388671874999 -42.508203124999994, -73.653466796875 -42.528710937499994, -73.71474609375 -42.54472656250002, -73.7892578125 -42.58574218750002, -73.766845703125 -42.62187500000002, -73.673046875 -42.70439453125002, -73.56826171875 -42.761621093749994, -73.5107421875 -42.84716796875, -73.43632812499999 -42.9365234375, -73.47265625 -42.993261718750006, -73.54082031249999 -43.07373046875, -73.649609375 -43.12714843750001, -73.749658203125 -43.159082031249994, -73.73789062499999 -43.291406249999994, -73.773388671875 -43.34589843750001, -73.848583984375 -43.366796875000006, -73.918701171875 -43.371972656249994, -73.98994140625 -43.35664062500001, -74.114404296875 -43.35791015625, -74.23857421874999 -43.31884765625, -74.354931640625 -43.263574218749994, -74.387353515625 -43.23164062500001, -74.37314453124999 -43.18574218750001, -74.28935546874999 -43.079492187499994, -74.20947265625 -42.87871093750002, -74.15629882812499 -42.59052734375001, -74.19882812499999 -42.481347656249994, -74.1935546875 -42.43603515625)), ((-73.6166015625 -44.7529296875, -73.63217773437499 -44.82148437500001, -73.66484374999999 -44.832910156249994, -73.694580078125 -44.831152343750006, -73.724755859375 -44.796875, -73.73486328125 -44.75166015625001, -73.80014648437499 -44.68408203125, -73.81845703124999 -44.65214843750002, -73.81699218749999 -44.61396484375001, -73.7794921875 -44.559179687500006, -73.72392578124999 -44.54423828125002, -73.686474609375 -44.546289062499994, -73.64121093749999 -44.61083984375, -73.6166015625 -44.7529296875)), ((-73.7216796875 -45.157617187499994, -73.752099609375 -45.26679687500001, -73.77099609375 -45.27656250000001, -73.82988281249999 -45.28349609375002, -73.83447265625 -45.326562499999994, -73.84897460937499 -45.34062500000002, -74.016259765625 -45.34492187500001, -74.099072265625 -45.32539062500001, -74.0892578125 -45.195703124999994, -74.19521484375 -45.14482421875002, -74.26796875 -45.058984374999994, -74.34990234374999 -44.91083984375001, -74.41874999999999 -44.865234375, -74.49882812499999 -44.748144531250006, -74.61777343749999 -44.64794921875, -74.48051757812499 -44.584570312500006, -74.50180664062499 -44.473535156249994, -74.42167968749999 -44.435449218749994, -74.301220703125 -44.39570312500001, -74.21249999999999 -44.42695312500001, -74.1328125 -44.415917968749994, -74.09721679687499 -44.38935546875001, -74.10810546875 -44.27587890625, -74.08281249999999 -44.186425781249994, -73.99492187499999 -44.140234375000006, -73.90019531249999 -44.134863281250006, -73.8177734375 -44.234960937500006, -73.70322265624999 -44.27412109375001, -73.70371093749999 -44.32539062500001, -73.7353515625 -44.39453125, -73.7845703125 -44.4375, -73.8623046875 -44.44511718750002, -73.98330078125 -44.49482421875001, -74.00205078124999 -44.590917968750006, -73.91855468749999 -44.654687499999994, -73.877392578125 -44.72880859375002, -73.827880859375 -44.83984375, -73.792138671875 -44.94580078125, -73.795361328125 -44.978613281250006, -73.78647460937499 -45.033593749999994, -73.72714843749999 -45.119042968749994, -73.7216796875 -45.157617187499994)), ((-73.78964843749999 -43.87646484375, -73.833642578125 -43.883203124999994, -73.90415039062499 -43.875390624999994, -73.93828124999999 -43.91425781250001, -73.95566406249999 -43.921972656250006, -74.11777343749999 -43.88750000000002, -74.14296875 -43.872167968750006, -74.13994140624999 -43.82099609375001, -73.9671875 -43.816503906250006, -73.85693359375 -43.783789062500006, -73.84140624999999 -43.788964843749994, -73.81064453124999 -43.827246093750006, -73.78964843749999 -43.87646484375)), ((-74.118896484375 -51.9111328125, -74.14218749999999 -51.931054687499994, -74.1720703125 -51.94208984375001, -74.28310546875 -51.91875000000002, -74.33867187499999 -51.89794921875, -74.42363281249999 -51.845117187499994, -74.43710937499999 -51.790625000000006, -74.47539062499999 -51.725683593750006, -74.45078124999999 -51.72490234375002, -74.36210937499999 -51.75068359375001, -74.32568359375 -51.77021484375001, -74.27705078125 -51.811621093750006, -74.13339843749999 -51.87089843750002, -74.1154296875 -51.88847656250002, -74.118896484375 -51.9111328125)), ((-74.285400390625 -45.277246093749994, -74.3154296875 -45.46406250000001, -74.24003906249999 -45.57451171875002, -74.22919921875 -45.611328125, -74.243896484375 -45.65361328125002, -74.312890625 -45.691503906250006, -74.36845703124999 -45.73583984375, -74.46552734375 -45.757226562499994, -74.56162109374999 -45.72246093750002, -74.677734375 -45.73857421875002, -74.68984375 -45.66259765625, -74.646435546875 -45.599999999999994, -74.55839843749999 -45.52558593750001, -74.49467773437499 -45.425878906250006, -74.50234375 -45.28515625, -74.44999999999999 -45.2529296875, -74.421875 -45.203222656250006, -74.310546875 -45.17265625000002, -74.285400390625 -45.277246093749994)), ((-74.76298828124999 -50.01142578125001, -74.81083984374999 -49.9296875, -74.82470703125 -49.879492187500006, -74.821923828125 -49.813867187499994, -74.88041992187499 -49.72587890625002, -74.8822265625 -49.69218750000002, -74.859326171875 -49.634179687499994, -74.81201171875 -49.60527343750002, -74.804833984375 -49.516015624999994, -74.781005859375 -49.4892578125, -74.72705078125 -49.45234375000001, -74.71884765624999 -49.43701171875, -74.723828125 -49.423828125, -74.74384765625 -49.422460937500006, -74.960107421875 -49.53300781250002, -74.98129882812499 -49.56416015625001, -74.99082031249999 -49.60566406250001, -74.99350585937499 -49.75175781250002, -75.03154296874999 -49.83623046875002, -75.06601562499999 -49.85234375000002, -75.166943359375 -49.85595703125, -75.30009765624999 -49.84746093750002, -75.451171875 -49.769921874999994, -75.5498046875 -49.79130859375002, -75.57011718749999 -49.69707031250002, -75.520751953125 -49.621679687500006, -75.337060546875 -49.62822265625002, -75.305859375 -49.494042968749994, -75.364208984375 -49.462500000000006, -75.428857421875 -49.40839843750001, -75.46748046875 -49.35888671875, -75.43315429687499 -49.32207031250002, -75.32666015625 -49.268652343750006, -75.26962890624999 -49.26289062500001, -75.21684570312499 -49.29277343750002, -75.08603515624999 -49.27021484375001, -75.093701171875 -49.18535156250002, -75.21015625 -49.148046875000006, -75.184228515625 -49.083593750000006, -75.037109375 -49.022070312500006, -74.94921875 -48.96015625000001, -74.94521484375 -48.88945312500002, -74.98076171874999 -48.81884765625, -74.96953124999999 -48.79130859375002, -74.896240234375 -48.73320312500002, -74.79345703125 -48.705078125, -74.74667968749999 -48.708886718749994, -74.6515625 -48.749902343749994, -74.5666015625 -48.754785156249994, -74.54609375 -48.76689453125002, -74.5306640625 -48.812597656250006, -74.47617187499999 -49.147851562499994, -74.466796875 -49.294531250000006, -74.48359375 -49.44189453125, -74.52207031249999 -49.622949218749994, -74.515771484375 -49.659570312499994, -74.470849609375 -49.668554687500006, -74.45883789062499 -49.69111328125001, -74.47197265624999 -49.786230468750006, -74.49609375 -49.859472656250006, -74.54257812499999 -49.91914062500001, -74.56982421875 -49.99072265625, -74.5947265625 -50.00664062500002, -74.703369140625 -50.01923828125001, -74.76298828124999 -50.01142578125001)), ((-75.00810546874999 -51.723730468750006, -74.915185546875 -51.73828125, -74.90966796875 -51.650000000000006, -74.82294921875 -51.63017578125002, -74.78012695312499 -51.82470703125, -74.74951171875 -51.85185546875002, -74.6474609375 -51.8662109375, -74.53681640625 -51.96513671875002, -74.53183593749999 -51.99199218750002, -74.665966796875 -52.160058593749994, -74.694482421875 -52.279199218749994, -74.851806640625 -52.27070312500001, -74.917724609375 -52.152246093749994, -75.01713867187499 -52.03789062500002, -75.05068359375 -51.903906250000006, -75.10537109375 -51.78886718750002, -75.00810546874999 -51.723730468750006)), ((-75.2384765625 -51.453515624999994, -75.21000976562499 -51.38330078125, -75.15366210937499 -51.27880859375, -75.04033203124999 -51.31816406250002, -74.88144531249999 -51.27949218750001, -74.73666992187499 -51.207617187500006, -74.611572265625 -51.207128906250006, -74.5705078125 -51.24541015625002, -74.55864257812499 -51.27705078125001, -74.56088867187499 -51.36083984375, -74.59257812499999 -51.38750000000002, -74.620361328125 -51.39570312500001, -74.69072265624999 -51.370214843750006, -74.730908203125 -51.36738281250001, -74.79736328125 -51.411718750000006, -74.85332031249999 -51.434179687500006, -74.936669921875 -51.428320312500006, -75.04736328125 -51.398339843749994, -75.14628906249999 -51.524316406249994, -75.19243164062499 -51.56669921875002, -75.28911132812499 -51.625390624999994, -75.300048828125 -51.55644531250002, -75.2384765625 -51.453515624999994)), ((-74.895654296875 -47.83935546875, -74.82744140624999 -47.85039062500002, -74.84619140625 -48.02080078125002, -74.80522460937499 -48.078222656250006, -74.72929687499999 -48.125878906249994, -74.715234375 -48.1455078125, -74.702392578125 -48.20585937500002, -74.66435546874999 -48.29931640625, -74.61513671875 -48.34306640625002, -74.60244140625 -48.37031250000001, -74.60014648437499 -48.39306640625, -74.61821289062499 -48.425195312499994, -74.56728515625 -48.59199218750001, -74.58627929687499 -48.61572265625, -74.70957031249999 -48.601171875000006, -74.923046875 -48.62646484375, -75.012841796875 -48.535742187500006, -75.0521484375 -48.39140625000002, -75.13193359374999 -48.279296875, -75.212890625 -48.141699218750006, -75.23388671875 -48.05341796875001, -75.247265625 -48.026757812499994, -75.19829101562499 -47.974609375, -74.97509765625 -47.9228515625, -74.895654296875 -47.83935546875)), ((-74.74501953125 -43.53593750000002, -74.6974609375 -43.55302734375002, -74.67265624999999 -43.57744140625002, -74.66874999999999 -43.607812499999994, -74.81044921875 -43.625390624999994, -74.84267578125 -43.59550781250002, -74.8419921875 -43.5703125, -74.81767578124999 -43.549414062500006, -74.74501953125 -43.53593750000002)), ((-74.96337890625 -50.2373046875, -75.05478515624999 -50.29609375000001, -75.250390625 -50.37626953125002, -75.307861328125 -50.34306640625002, -75.44912109375 -50.343359375000006, -75.412109375 -50.25664062500002, -75.3978515625 -50.19267578125002, -75.376708984375 -50.16796875, -75.36884765625 -50.112695312499994, -75.32666015625 -50.011816406250006, -75.20966796875 -50.04541015625, -75.12255859375 -50.055273437500006, -75.00424804687499 -50.08867187500002, -74.8759765625 -50.109960937500006, -74.83857421875 -50.197265625, -74.96337890625 -50.2373046875)), ((-75.26103515624999 -47.76386718750001, -75.203125 -47.72802734375, -75.08984375 -47.69062500000001, -75.00395507812499 -47.694726562499994, -74.92646484375 -47.72314453125, -74.916015625 -47.75664062500002, -75.05126953125 -47.80048828125001, -75.11220703125 -47.83769531250002, -75.18583984374999 -47.850683593750006, -75.1943359375 -47.81806640625001, -75.26103515624999 -47.76386718750001)), ((-75.107421875 -44.79511718750001, -75.0794921875 -44.79511718750001, -75.04843749999999 -44.82392578125001, -75.0322265625 -44.870507812499994, -75.04248046875 -44.89013671875, -75.06748046874999 -44.90654296875002, -75.09873046874999 -44.901757812499994, -75.12421875 -44.86992187500002, -75.14213867187499 -44.81562500000001, -75.107421875 -44.79511718750001)), ((-75.619140625 -48.88593750000001, -75.58310546874999 -48.85888671875, -75.53525390624999 -48.83818359375002, -75.490478515625 -48.850488281249994, -75.297265625 -48.810644531250006, -75.23618164062499 -48.77861328125002, -75.118603515625 -48.77294921875, -75.106689453125 -48.836523437500006, -75.11508789062499 -48.916015625, -75.2626953125 -49.068945312500006, -75.506103515625 -49.23066406250001, -75.58037109374999 -49.22998046875, -75.64116210937499 -49.195410156250006, -75.57285156249999 -49.13886718750001, -75.48764648437499 -49.082421874999994, -75.51455078125 -49.00957031250002, -75.54013671874999 -48.98847656250001, -75.576171875 -48.98076171875002, -75.637841796875 -48.94257812500001, -75.619140625 -48.88593750000001)), ((-75.29233398437499 -50.59687500000001, -75.302001953125 -50.67998046875002, -75.33046875 -50.772363281249994, -75.411376953125 -50.76435546875001, -75.43852539062499 -50.741113281249994, -75.45263671875 -50.682519531249994, -75.47739257812499 -50.654199218749994, -75.44267578124999 -50.59550781250002, -75.41977539062499 -50.530371093750006, -75.42763671875 -50.480566406250006, -75.15615234375 -50.49677734375001, -75.11533203124999 -50.51044921875001, -75.16044921874999 -50.55439453125001, -75.20341796874999 -50.580664062500006, -75.29233398437499 -50.59687500000001)), ((-75.22509765625 -48.67138671875, -75.433984375 -48.72119140625, -75.51025390625 -48.76347656250002, -75.62285156249999 -48.7646484375, -75.65092773437499 -48.586328124999994, -75.51845703125 -48.32880859375001, -75.509033203125 -48.23066406250001, -75.55351562499999 -48.15673828125, -75.571484375 -48.09589843750001, -75.560693359375 -48.070898437500006, -75.39140624999999 -48.01972656250001, -75.33837890625 -48.07402343750002, -75.27548828124999 -48.21845703125001, -75.155517578125 -48.425195312499994, -75.15849609374999 -48.622656250000006, -75.22509765625 -48.67138671875)), ((-78.119140625 2.6036132812499915, -78.113720703125 2.541748046875, -78.1408203125 2.5196777343749943, -78.19248046874999 2.559277343749997, -78.210107421875 2.6091796874999886, -78.17841796875 2.6463378906249915, -78.137646484375 2.6341796874999943, -78.119140625 2.6036132812499915)), ((-78.983349609375 -33.6677734375, -78.989453125 -33.661718750000006, -78.97929687499999 -33.644140625000006, -78.88828124999999 -33.57636718750001, -78.83818359374999 -33.585058593750006, -78.78466796875 -33.61015625, -78.7689453125 -33.62734375000001, -78.77470703124999 -33.6416015625, -78.983349609375 -33.6677734375)), ((-78.8998046875 1.3597656249999943, -78.90922851562499 1.2527832031249915, -78.96562499999999 1.245361328125, -78.99169921875 1.293212890625, -78.8998046875 1.3597656249999943)), ((-80.131591796875 -2.97314453125, -80.15068359374999 -3.01171875, -80.24570312499999 -3.00830078125, -80.27294921875 -2.995898437500003, -80.24980468749999 -2.8119140625000085, -80.22368164062499 -2.7531250000000114, -80.145703125 -2.6962890625, -80.08076171875 -2.6688476562500085, -79.997265625 -2.673828125, -79.90903320312499 -2.7255859375, -80.01323242187499 -2.8195312500000114, -80.093408203125 -2.8458984375000114, -80.131591796875 -2.97314453125)))